title,description,link,pubDate
"진화하는 금융 <b>스팸</b>문자, AI 기술로 잡는다… 차단 효율 80%까지 '쑥'",금융당국과 한국인터넷진흥원이 투자<b>리딩방</b> 가입권유나 불법 대출 <b>스팸</b>문자 대응을 위해 AI를 활용한다. 이미지=금융감독원 투자<b>리딩방</b> 가입 권유나 불법 대출 등 갈수록 교묘해지는 불법금융 <b>스팸</b> 문자를 잡아내기... ,https://www.pinpointnews.co.kr/news/articleView.html?idxno=444284,"Thu, 09 Apr 2026 19:00:00 +0900"
"금감원, '불법금융 <b>스팸</b>' 대응 강화...한국인터넷진흥원과 협력",금융감독원은 한국인터넷진흥원(KISA)과 협력해 불법금융 <b>스팸</b>문자 대응체계를 강화한다고 9일 밝혔다. 투자 <b>리딩방</b> 참여 유도나 불법 사금융 광고 등 사기성 정보를 걸러내 금융소비자 피해를 줄이겠다는 취지다. 양... ,https://n.news.naver.com/mnews/article/014/0005505326?sid=101,"Thu, 09 Apr 2026 17:33:00 +0900"
"금감원, 불법금융 <b>스팸</b> 대응 고도화…AI로 신종 문자 잡는다",금융감독원이 한국인터넷진흥원(KISA)과 손잡고 불법금융 <b>스팸</b>문자 대응 체계를 대폭 강화한다. 투자 <b>리딩방</b> 유인 문자와 불법 사금융 광고 등 갈수록 교묘해지는 <b>스팸</b>문자를 인공지능(AI) 기반 분석으로 걸러내겠다는... ,https://n.news.naver.com/mnews/article/138/0002223932?sid=101,"Thu, 09 Apr 2026 16:21:00 +0900"
"KISA, 금감원과 손잡고 불법 금융 <b>스팸</b> 문자 선제 차단","불법 금융 <b>스팸</b> 문자란 수신자의 사전 동의 없이 불특정 다수에게 일방적으로 전송되는 투자 추천 방(<b>리딩방</b>) 참여 권유, 불법 사금융 등 불법 금융 행위와 관련된 광고성, 사기성 정보를 뜻한다. 양 기관은 2024년... ",https://n.news.naver.com/mnews/article/277/0005747312?sid=105,"Thu, 09 Apr 2026 15:04:00 +0900"
&quot;AI로 진화한 불법금융 <b>스팸</b> 잡는다&quot;…금감원·KISA ‘속도·정밀’ 동시...,"금융감독원은 9일 한국인터넷진흥원(KISA)과 협력해 불법금융 <b>스팸</b>문자 대응체계를 고도화한다고 밝혔다. 투자 <b>리딩방</b> 유도, 불법 사금융 광고 등 사기성 메시지를 조기에 차단해 금융소비자 피해를 줄이겠다는 취지다.... ",http://www.metroseoul.co.kr/article/20260409500347,"Thu, 09 Apr 2026 14:40:00 +0900"
"금감원, KISA와 NLU 기술 활용 불법 <b>스팸</b> 잡는다","불법금융 <b>스팸</b>문자는 투자 <b>리딩방</b> 참여 권유, 불법 사금융 광고 등 불법 금융행위와 관련된 내용을 담아 수신자의 동의 없이 대량 전송되는 광고성·사기성 정보를 말한다. 이번 조치는 최근 개인정보 유출, 국제 정세 등... ",https://www.pointdaily.co.kr/news/articleView.html?idxno=300504,"Thu, 09 Apr 2026 14:16:00 +0900"
"“불법 <b>리딩방</b> 피싱 정조준”… 신·변종 금융 <b>스팸</b>, AI가 걸러낸다","민생을 침해하는 불법 투자 <b>리딩방</b> 및 신·변종 <b>스팸</b> 문자가 날로 교묘해지는 가운데, 한국인터넷진흥원(KISA)과의 협력으로 금융범죄의 접근 경로를 사전에 차단한다는 취지다. 9일 금융감독원(금감원)이 KISA와의... ",https://m.skyedaily.com/news_view.html?ID=302111,"Thu, 09 Apr 2026 12:44:00 +0900"
&quot;AI로 불법 <b>스팸</b>문자 걸러낸다&quot;…금융당국 대응체계 고도화,자연어처리기술 활용…분석 정밀도 향상 금감원-KISA 데이터 교환 주기 3개월로 &quot;키워드 정제 AI 알고리즘 고도화할 것&quot; [아시아타임즈=류홍민 기자] 국제 정세 불안 등을 틈탄 불법 <b>리딩방</b>·고금리 대출 <b>스팸</b>문자가 기승을... ,https://www.asiatime.co.kr/article/20260409500061,"Thu, 09 Apr 2026 12:02:00 +0900"
"“급락장에 물리셨나요”…금감원, 불법금융 <b>스팸</b>문자 AI로 감시한다","불법금융 <b>스팸</b>문자란 투자 <b>리딩방</b> 참여 권유나 불법 사금융 광고처럼 불법 금융행위와 관련된 내용을 담아 수신자의 사전 동의 없이 불특정 다수에게 일방적으로 전송되는 광고성, 사기성 문자메시지다. 금감원은 그간... ",https://n.news.naver.com/mnews/article/018/0006253540?sid=101,"Thu, 09 Apr 2026 12:01:00 +0900"
"금감원·KISA, 불법금융 <b>스팸</b> 대응 강화…키워드 분석에 AI 활용",금감원은 9일 불법 사금융 광고나 투자 <b>리딩방</b> 유도 등 민생침해 금융범죄와 관련된 불법금융 <b>스팸</b>문자에 대해 데이터 기반 분석 체계를 고도화할 예정이라고 밝혔다. 현재 금감원과 KISA는 지난해 12월부터 KISA가... ,https://n.news.naver.com/mnews/article/119/0003078825?sid=101,"Thu, 09 Apr 2026 12:01:00 +0900"
&quot;중동사태 급락장에 물리셨나요?&quot;…신종 <b>스팸</b> 기승에 금감원 나선다,"금융감독원이 한국인터넷진흥원(KISA)과 손잡고 불법금융 <b>스팸</b>문자 차단 체계를 인공지능(AI) 기반으로 고도화한다. 투자 <b>리딩방</b>, 불법 사금융 광고 등에 대응하기 위해 탐지 속도와 정확도를 높이겠다는 구상이다. 9일... ",https://n.news.naver.com/mnews/article/417/0001138219?sid=101,"Thu, 09 Apr 2026 12:00:00 +0900"
"&quot;지능형 <b>스팸</b>, AI가 먼저 잡는다&quot;…KISA·금감원, 금융 <b>스팸</b>문자 차단 총...",불법 금융 <b>스팸</b> 문자는 수신자 동의 없이 투자 <b>리딩방</b> 참여 권유나 불법 사금융 광고 등을 대량 발송하는 메시지를 의미한다. 양 기관은 2024년 12월부터 불법 금융 <b>스팸</b> 데이터를 공유하며 <b>스팸</b> 문자 사전 차단에 협력해... ,https://n.news.naver.com/mnews/article/003/0013877607?sid=105,"Thu, 09 Apr 2026 12:00:00 +0900"
&quot;<b>스팸</b> 분석에 2개월 소요 한계 극복&quot;…AI로 대응 속도 '2배' 키운다,"투자 <b>리딩방</b> 참여 유도나 불법 사금융 광고 등 금융범죄성 <b>스팸</b>문자가 사회적 이슈를 악용해 빠르게 변종돼 기술 기반 대응을 강화하겠다는 취지다. 현재 두 기관은 <b>스팸</b>문자 수집과 키워드 분석, 통신사 공유로 이어지는... ",https://www.newsworks.co.kr/news/articleView.html?idxno=837177,"Thu, 09 Apr 2026 12:00:00 +0900"
"&quot;진화하는 불법<b>스팸</b> 잡는다&quot;…금감원, NLU 기반 대응체계 고도화",금융감독원은 9일 한국인터넷진흥원(KISA)과 협력해 불법금융 <b>스팸</b>문자 대응체계를 한층 강화한다며 이같이 밝혔다. 투자 <b>리딩방</b> 참여 유도나 불법 사금융 광고 등 사기성 정보를 걸러내 금융소비자 피해를 줄이겠다는... ,https://n.news.naver.com/mnews/article/421/0008879895?sid=101,"Thu, 09 Apr 2026 12:00:00 +0900"
"KISA·금감원, AI로 불법 금융 <b>스팸</b> 문자 선제 차단","한국인터넷진흥원(KISA)은 금융감독원과 함께 불법 금융 <b>스팸</b> 문자 대응체계를 강화한다고 9일 밝혔다. 투자 추천방 참여를 유도하는 이른바 <b>리딩방</b> 권유 문자나 불법 사금융 광고처럼, 수신자 동의 없이 대량 발송되는... ",https://byline.network/?p=9004111222598733,"Thu, 09 Apr 2026 10:00:00 +0900"
[썰-스데이] &quot;경찰도 못 믿게 만든다&quot;…피싱 범죄의 진화,"최근 성행하는 '투자 <b>리딩방</b>'은 SNS로 고수익 투자를 유도하는 수법, '로맨스스캠'은 이성 관계를 형성해서... △피싱 범죄 예방법 -추형식 : 먼저 '010' 미끼전화와 문자는 방치마시고 바로 <b>스팸</b>신고, 수신차단 하세요.... ",https://www.iusm.co.kr/news/articleView.html?idxno=1061277,"Thu, 02 Apr 2026 18:36:00 +0900"
나도 모르게 빠져드는 ‘유명인 <b>리딩방</b> 광고’의 늪,"특히 주식투자 열풍을 타고 급증한 ‘주식 <b>리딩방</b>’ 사기 조직들은 피해자를 끌어들이는 주요 통로로 유튜브 광고를 활용하고 있다. 과거 사기꾼들이 <b>스팸</b> 문자나 무작위 전화를 활용했다면, 이제는 유튜브의 정교한... ",https://n.news.naver.com/mnews/article/262/0000019268?sid=102,"Fri, 27 Mar 2026 07:02:00 +0900"
[홍준성의 개념 쌓기] 지능과 능지 그리고 교만한 안도감,곧 대박이 날 주식 정보를 알려주겠다거나 손쉬운 부업을 통해 고수익을 올리게 해주겠다는 등의 온갖 <b>스팸</b>... 또한 회식 자리에서 주식 <b>리딩방</b>에 깜빡 속아 목돈을 급등주에 밀어 넣었다가 큰 손실을 본 교수의 이야기가... ,https://n.news.naver.com/mnews/article/082/0001371838?sid=110,"Thu, 19 Mar 2026 18:03:00 +0900"
방미통위 위원장-이통3사 CEO 회동…무슨 얘기 오갔나,또한 최근 코스피가 6100에 육박하면서 불법 <b>리딩방</b> 같은 <b>스팸</b> 문자가 쏟아지는 상황을 감안해 이통3사에 <b>스팸</b>메세지 근절을 위한 협조를 요청한 것으로 확인됩니다.이번 간담회는 김 위원장의 취임 이후 통신업계와의 첫... ,https://news.mtn.co.kr/news-detail/2026022516195168754,"Wed, 25 Feb 2026 17:58:00 +0900"
"경찰청, 네이버와 손잡고 플랫폼 내 피싱 범죄 '삼중 차단망' 구축","이번 협약은 최근 보이스피싱, 투자<b>리딩방</b> 등 각종 피싱 범죄가 기존 통신망을 넘어 다양한 온라인... 서비스의 <b>스팸</b> 필터링 인공지능에 학습시켜 범죄 의심 게시물 작성 시 내부 기준에 따라 경고 팝업을 노출하거나 피해... ",http://www.lawissue.co.kr/view.php?ud=202602251558418753f4ab64559d_12,"Wed, 25 Feb 2026 16:00:00 +0900"
"&quot;보이스피싱 꼼짝마&quot;…네이버·경찰청, AI 기반 사기 차단 체계 구축","이번 협약은 보이스피싱, 투자<b>리딩방</b> 등 각종 피싱 범죄가 인터넷 플랫폼으로 빠르게 번지는 상황에 선제... 먼저 경찰청이 수사 과정에서 축적한 최신 범죄 데이터를 네이버 밴드 등 플랫폼 <b>스팸</b> 필터링 AI에 학습시킨다.... ",http://www.metroseoul.co.kr/article/20260225500411,"Wed, 25 Feb 2026 13:26:00 +0900"
"경찰-네이버, 피싱 범죄 ‘삼중 차단망’ 구축",경찰청과 네이버가 보이스피싱·투자<b>리딩방</b> 사기 확산에 대응해 플랫폼 기반 ‘삼중 차단망’을 구축한다.... 경찰이 수사 과정에서 확보한 사기 문구와 기관·유명인 사칭 키워드를 제공하면 네이버가 <b>스팸</b> 필터 AI에... ,https://www.naeil.com/news/read/579170?ref=naver,"Wed, 25 Feb 2026 13:06:00 +0900"
"네이버, 경찰청과 MOU…금융사기 피해 예방·근절 '맞손'","네이버와 경찰청은 이번 협약을 통해 보이스피싱, 투자<b>리딩방</b> 등 각종 피싱 범죄가 지능화되며 다양한... 내의 <b>스팸</b> 필터링 AI에 학습시켜 기술 기반 범죄 예방에 협력한다. 플랫폼 내에 범죄 의심 게시물이 작성되면 내부... ",https://www.itbiznews.com/news/articleView.html?idxno=204848,"Wed, 25 Feb 2026 09:46:00 +0900"
"네이버, AI로 피싱 사기 원천 차단…경찰청과 패스트트랙 도입","투자 <b>리딩방</b> 등 지능화하는 전기통신금융사기 원천 차단에 나선다. 네이버는 24일 오후 서울경찰청... 우선 밴드(BAND) 등 플랫폼 내 <b>스팸</b> 필터링 AI를 고도화한다. 경찰청이 수사 과정에서 축적한 사기 기망 문구, 기관... ",https://www.onews.tv/news/articleView.html?idxno=275098,"Tue, 24 Feb 2026 22:58:00 +0900"
"네이버, 경찰청과 AI로 피싱 범죄 선제 대응한다","이번 협약을 통해 양 기관은 보이스피싱, 투자 <b>리딩방</b> 사기 등 지능화된 피싱 범죄 확산에 공동 대응한다.... 경찰이 제공하는 최신 범죄 데이터를 <b>스팸</b> 필터링 AI에 학습시키고, 의심 게시물에는 경고 팝업을 띄워 이용자... ",https://www.straightnews.co.kr/news/articleView.html?idxno=295790,"Tue, 24 Feb 2026 21:48:00 +0900"
"네이버, 경찰청과 '전기통신금융사기 피해예방 및 근절' MOU 체결",네이버와 경찰청은 이번 업무 협약을 통해 보이스피싱·투자<b>리딩방</b> 등 각종 피싱 범죄가 지능화되며 다양한... 내의 <b>스팸</b> 필터링 AI에 학습시켜 기술 기반 범죄 예방에 협력한다. 플랫폼 내에 범죄 의심 게시물이 작성되면... ,http://www.worktoday.co.kr/news/articleView.html?idxno=81641,"Tue, 24 Feb 2026 21:04:00 +0900"
"네이버, 전 국민 안전보호 위해 경찰청과 업무협약 체결","(전편) 네이버와 경찰청은 이번 업무 협약을 통해, 보이스피싱·투자<b>리딩방</b> 등 각종 피싱 범죄가 지능화되며... 내의 <b>스팸</b> 필터링 AI에 학습시켜 기술 기반 범죄 예방에 협력한다. 플랫폼 내에 범죄 의심 게시물이 작성되면... ",https://www.gamevu.co.kr/news/articleView.html?idxno=56098,"Tue, 24 Feb 2026 19:46:00 +0900"
[브리프] SKT KT 네이버 NHN페이코 엔카 SK스피드메이트,"투자 <b>리딩방</b> 등 지능화되는 전기통신금융사기 근절을 위해 전방위 협력에 나선다. 네이버는 자체 AI... 협약에 따라 네이버는 경찰청의 최신 범죄 키워드를 <b>스팸</b> 필터링 AI에 학습시켜 게시물을 사전 차단하고, 사기에... ",http://www.biztribune.co.kr/news/articleView.html?idxno=349361,"Tue, 24 Feb 2026 19:36:00 +0900"
"네이버-경찰청, ‘전기통신금융사기 피해예방 및 근절’ MOU",네이버와 경찰청은 이번 업무 협약을 계기로 보이스피싱·투자<b>리딩방</b> 등 각종 피싱 범죄가 지능화되며... 내의 <b>스팸</b> 필터링 AI에 학습시켜 기술 기반 범죄 예방에 협력한다. 플랫폼 내에 범죄 의심 게시물이 작성되면 내부... ,https://cwn.kr/article/1065595262303954,"Tue, 24 Feb 2026 18:56:00 +0900"
"네이버·경찰청, '전기통신금융사기 피해예방 및 근절' 위한 MOU 체결",네이버와 경찰청은 이번 업무 협약을 통해 보이스피싱·투자<b>리딩방</b> 등 각종 피싱 범죄가 지능화되며 다양한... 내의 <b>스팸</b> 필터링 AI에 학습시켜 기술 기반 범죄 예방에 협력한다. 플랫폼 내에 범죄 의심 게시물이 작성되면... ,https://www.ziksir.com/news/articleView.html?idxno=124905,"Tue, 24 Feb 2026 18:26:00 +0900"
[잇속] SKT·KT·LGU+ 외,네이버와 경찰청은 이번 업무 협약을 통해 보이스피싱·투자<b>리딩방</b> 등 각종 피싱 범죄가 지능화되며... 내의 <b>스팸</b> 필터링 AI에 학습시켜 기술 기반 범죄 예방에 협력한다. 플랫폼 내 범죄 의심 게시물이 작성되면... ,http://www.newsprime.co.kr/news/article.html?no=725245,"Tue, 24 Feb 2026 18:18:00 +0900"
"네이버-경찰청, 금융사기 피해예방 위한 MOU 체결",이번 업무 협약을 통해 보이스피싱·투자<b>리딩방</b> 등 각종 피싱 범죄가 지능화되며 다양한 인터넷 플랫폼으로... 내의 <b>스팸</b> 필터링 AI에 학습시켜 기술 기반 범죄 예방에 협력한다. 플랫폼 내에 범죄 의심 게시물이 작성되면... ,https://www.epnc.co.kr/news/articleView.html?idxno=328999,"Tue, 24 Feb 2026 18:14:00 +0900"
"네이버, 경찰청과 '전기통신금융사기 피해예방 및 근절' 위한 MOU","네이버와 경찰청은 이번 업무 협약을 통해, 보이스피싱·투자<b>리딩방</b> 등 각종 피싱 범죄가 지능화되며 다양한... 내의 <b>스팸</b> 필터링 AI에 학습시켜 기술 기반 범죄 예방에 협력한다. 플랫폼 내에 범죄 의심 게시물이 작성되면... ",https://www.goodkyung.com/news/articleView.html?idxno=283430,"Tue, 24 Feb 2026 18:06:00 +0900"
"네이버, 경찰청과 ‘보이스피싱’ 차단 나선다…AI 기반 ‘3중 예방망’...",네이버가 경찰청과 손잡고 보이스피싱·투자<b>리딩방</b> 등 전기통신금융사기 차단에 나선다. 인공지능(AI)과 보안... 서비스의 <b>스팸</b> 필터링 AI에 학습시킨다. 범죄 의심 게시물이 작성되면 경고 팝업을 노출하거나 내부 기준에... ,https://www.kukinews.com/article/view/kuk202602240298,"Tue, 24 Feb 2026 17:50:00 +0900"
"네이버·경찰청, '전기통신금융사기 피해예방·근절' 맞손",네이버와 경찰청은 업무 협약을 통해 보이스피싱·투자<b>리딩방</b> 등 각종 피싱 범죄가 지능화되며 다양한... 내의 <b>스팸</b> 필터링 AI에 학습시켜 기술 기반 범죄 예방에 협력할 계획이다. 플랫폼 내에 범죄 의심 게시물이 작성되면... ,https://www.datanet.co.kr/news/articleView.html?idxno=209554,"Tue, 24 Feb 2026 17:46:00 +0900"
네이버-경찰청 협력…'3중 예방망'으로 플랫폼 범죄 원천 차단,양 기관은 24일 서울경찰청 통합대응단 회의실에서 협약식을 열고 보이스피싱과 투자<b>리딩방</b> 등 지능화... 서비스의 <b>스팸</b> 필터링 AI에 반영해 범죄성 게시물 탐지 고도화에 협력한다. 특히 범죄 의심 게시물에는 경고... ,https://www.thedailypost.kr/news/articleView.html?idxno=113286,"Tue, 24 Feb 2026 17:46:00 +0900"
"네이버-경찰청, 피싱·사기 예방 '삼중 차단망' 가동",네이버와 경찰청이 보이스피싱과 투자<b>리딩방</b> 등 전기통신금융사기 범죄를 차단하기 위해 본격적인 민관... 자사 <b>스팸</b> 필터링 인공지능(AI)에 학습시킨다. 이후 플랫폼 내에서 범죄 의심 게시물이 작성되면 내부 기준에 따라... ,https://www.mstoday.co.kr/news/articleView.html?idxno=100666,"Tue, 24 Feb 2026 17:32:00 +0900"
"네이버-경찰청, 전기통신금융사기 피해예방 및 근절 업무협약 체결","네이버에 따르면 양측은 업무협약에 따라 보이스피싱·투자<b>리딩방</b> 등 각종 피싱 범죄가 지능화되며 다양한... 내의 <b>스팸</b> 필터링 AI에 학습시켜 기술 기반 범죄 예방에 협력한다. 범죄자의 플랫폼 접근을 감지하고, 범죄에... ",https://n.news.naver.com/mnews/article/076/0004378106?sid=101,"Tue, 24 Feb 2026 17:26:00 +0900"
"경찰청·네이버, 플랫폼 피싱 ‘삼중 차단망’ 구축","최근 보이스피싱과 투자<b>리딩방</b> 사기가 포털, 메신저, 커뮤니티 등 온라인 플랫폼을 매개로 급속히 확산되는... 이를 <b>스팸</b> 필터링 AI에 학습시켜 의심 게시물 작성 단계에서 경고 팝업을 띄우거나 내부 기준에 따라 노출 제한... ",https://vop.co.kr/A00001688440.html,"Tue, 24 Feb 2026 17:10:00 +0900"
"네이버, 경찰청과 피싱 범죄 대응 맞손…AI 기반 ‘3중 예방망’ 가동","네이버와 경찰청은 24일 보이스피싱과 투자<b>리딩방</b> 사기 등 피싱 범죄 확산에 대응하기 위한 업무협약을... 경찰청이 수사 과정에서 확보한 기망 문구, 기관·유명인 사칭 키워드 등을 <b>스팸</b> 필터링 AI에 반영해 의심... ",https://www.dizzotv.com/site/data/html_dir/2026/02/24/2026022480166.html,"Tue, 24 Feb 2026 17:04:00 +0900"
"네이버, 경찰청과 ‘전기통신금융사기 피해예방 및 근절’ 업무협약","네이버와 경찰청은 이번 업무 협약을 통해, 보이스피싱·투자<b>리딩방</b> 등 각종 피싱 범죄가 지능화되며 다양한... 내의 <b>스팸</b> 필터링 AI에 학습시켜 기술 기반 범죄 예방에 협력한다. 플랫폼 내에 범죄 의심 게시물이 작성되면... ",https://www.ceoscoredaily.com/page/view/2026022410044020444,"Tue, 24 Feb 2026 17:02:00 +0900"
"네이버, 경찰청과 '전기통신금융사기 피해예방 및 근절' 위한 업무협약","네이버와 경찰청은 이번 업무 협약을 통해, 보이스피싱·투자<b>리딩방</b> 등 각종 피싱 범죄가 지능화되며 다양한... 내의 <b>스팸</b> 필터링 AI에 학습시켜 범죄를 예방한다. 플랫폼 내에 범죄 의심 게시물이 작성되면 내부 기준에... ",https://www.businesspost.co.kr/BP?command=article_view&num=431005,"Tue, 24 Feb 2026 16:58:00 +0900"
"네이버, 경찰청과 피싱사기 피해예방 협력…플랫폼 범죄시도 원천 차단","네이버와 경찰은 보이스피싱, 투자<b>리딩방</b> 등 지능화되는 각종 피싱 범죄가 인터넷 플랫폼으로 번져가는... 경찰청이 수사 과정에서 축적한 기망 문구, 사칭 키워드 등 최신 범죄 데이터를 밴드 등 플랫폼 내의 <b>스팸</b> 필터링... ",https://n.news.naver.com/mnews/article/029/0003012389?sid=105,"Tue, 24 Feb 2026 16:51:00 +0900"
"네이버-경찰청, '전기통신금융사기 피해예방 및 근절' 위한 MOU 체결","네이버와 경찰청은 이번 업무 협약을 통해, 보이스피싱·투자<b>리딩방</b> 등 각종 피싱 범죄가 지능화되며 다양한... 내의 <b>스팸</b> 필터링 AI에 학습시켜 기술 기반 범죄 예방에 협력한다. 플랫폼 내에 범죄 의심 게시물이 작성되면... ",http://www.efnews.co.kr/news/articleView.html?idxno=127753,"Tue, 24 Feb 2026 16:50:00 +0900"
"네이버, 경찰청과 '전기통신금융사기 피해예방 및 근절' 위한 MOU 체결","네이버와 경찰청은 이번 업무 협약을 통해, 보이스피싱·투자<b>리딩방</b> 등 각종 피싱 범죄가 지능화되며 다양한... 내의 <b>스팸</b> 필터링 AI에 학습시켜 기술 기반 범죄 예방에 협력한다. 플랫폼 내에 범죄 의심 게시물이 작성되면... ",https://www.cstimes.com/news/articleView.html?idxno=694622,"Tue, 24 Feb 2026 16:40:00 +0900"
"네이버, 경찰청과 전기통신금융사기 예방 MOU 체결","네이버와 경찰청이 보이스피싱, 투자<b>리딩방</b> 등 전기통신금융사기 피해 예방과 근절을 위해 협력에 나섰다고... 우선 경찰청이 확보한 기망 문구, 기관·유명인 사칭 키워드 등 데이터를 네이버의 <b>스팸</b> 필터링 AI에... ",https://www.pressman.kr/news/articleView.html?idxno=100261,"Tue, 24 Feb 2026 16:40:00 +0900"
"네이버, 경찰청과 손잡고 보이스피싱 대응 강화…'3중 예방망' 가동",사진=네이버 제공 네이버가 경찰청과 손잡고 보이스피싱·투자<b>리딩방</b> 등 전기통신금융사기 근절에 나선다.... 플랫폼의 <b>스팸</b> 필터링 AI에 학습시켜 범죄 의심 게시물을 사전에 차단한다. 범죄 의심 게시물이 작성될 경우... ,http://www.kdfnews.com/news/articleView.html?idxno=178612,"Tue, 24 Feb 2026 16:38:00 +0900"
"네이버, 경찰청과 AI 및 보안 기술력 활용 보이스피싱 등 지능화되는 피...","네이버와 경찰청은 이번 업무 협약을 통해, 보이스피싱·투자<b>리딩방</b> 등 각종 피싱 범죄가 지능화되며 다양한... 내의 <b>스팸</b> 필터링 AI에 학습시켜 기술 기반 범죄 예방에 협력한다. 플랫폼 내에 범죄 의심 게시물이 작성되면... ",https://www.aitimes.kr/news/articleView.html?idxno=38765,"Tue, 24 Feb 2026 16:26:00 +0900"
"[IT 투데이] 해시드, 153억원 규모 시리즈A 투자 유치 外",투자<b>리딩방</b> 등 지능화되는 피싱 범죄 대응을 위한 3중 예방망을 가동한다고 24일 밝혔다. 이번 협약에 따라 네이버는 경찰청이 제공하는 최신 범죄 키워드를 <b>스팸</b> 필터링 AI에 학습시켜 밴드 등 플랫폼 내 범죄 시도를... ,https://news.dealsitetv.com/articles/165953,"Tue, 24 Feb 2026 16:24:00 +0900"
"네이버, 경찰청과 전기통신금융사기 근절 위해 맞손","24일 네이버에 따르면, 이번 협약은 플랫폼을 매개로 확산하는 보이스피싱과 투자<b>리딩방</b> 등 각종 금융 사기를... 내 <b>스팸</b> 필터링 AI에 학습시켜 범죄 의심 게시물을 걸러낼 계획이다. 범죄용 계정에 대한 신속 처리 제재도... ",https://weekly.cnbnews.com/news/article.html?no=206745,"Tue, 24 Feb 2026 16:24:00 +0900"
"네이버, 경찰청과 피싱 범죄 대응 나선다","네이버와 경찰청은 이번 업무 협약을 통해, 보이스피싱·투자<b>리딩방</b> 등 각종 피싱 범죄가 지능화되며... 내의 <b>스팸</b> 필터링 AI에 학습시켜 기술 기반 범죄 예방에 협력한다. 또 범죄자의 플랫폼 접근을 감지하고, 범죄에... ",https://theviewers.co.kr/View.aspx?No=3982921,"Tue, 24 Feb 2026 16:20:00 +0900"
"네이버, 경찰청과 '전기통신금융사기 피해예방 및 근절' 위한 MOU 체결","네이버와 경찰청은 이번 업무 협약을 통해, 보이스피싱·투자<b>리딩방</b> 등 각종 피싱 범죄가 지능화되며 다양한... 내의 <b>스팸</b> 필터링 AI에 학습시켜 기술 기반 범죄 예방에 협력한다. 플랫폼 내에 범죄 의심 게시물이 작성되면... ",https://www.polinews.co.kr/news/articleView.html?idxno=723757,"Tue, 24 Feb 2026 16:20:00 +0900"
피싱 범죄 플랫폼 확산에 칼 빼든 네이버… 경찰과 공조해 선제 차단,"네이버와 경찰청은 이번 업무 협약을 통해, 보이스피싱·투자<b>리딩방</b> 등 각종 피싱 범죄가 지능화되며 다양한... 내의 <b>스팸</b> 필터링 AI에 학습시켜 기술 기반 범죄 예방에 협력한다. 플랫폼 내에 범죄 의심 게시물이 작성되면... ",https://www.ilyoseoul.co.kr/news/articleView.html?idxno=513431,"Tue, 24 Feb 2026 16:20:00 +0900"
"네이버-경찰청, 보이스피싱·<b>리딩방</b> 등 사이버 범죄 예방 '맞손'",네이버는 플랫폼 내의 <b>스팸</b> 필터링 AI에 학습시켜 기술 기반 범죄 예방에 협력한다. 범죄 의심 게시물이 작성되면 내부 기준에 따라 경고 팝업을 노출하거나 피해 확산을 막기 위한 선제적 조치를 취하게 된다. 이와 함께... ,http://www.sisafocus.co.kr/news/articleView.html?idxno=355974,"Tue, 24 Feb 2026 16:16:00 +0900"
"네이버, 경찰청과 ‘전기통신금융사기 피해예방 및 근절’ 위한 MOU 체결","네이버와 경찰청은 이번 업무 협약을 통해, 보이스피싱·투자<b>리딩방</b> 등 각종 피싱 범죄가 지능화되며 다양한... 내의 <b>스팸</b> 필터링 AI에 학습시켜 기술 기반 범죄 예방에 협력한다. 플랫폼 내에 범죄 의심 게시물이 작성되면... ",https://n.news.naver.com/mnews/article/011/0004592927?sid=105,"Tue, 24 Feb 2026 16:16:00 +0900"
"네이버, 경찰청과 '전기통신금융사기 피해예방·근절' 협력",네이버와 경찰청은 이번 업무 협약을 통해 보이스피싱·투자<b>리딩방</b> 등 각종 피싱 범죄가 지능화되며 다양한... 내의 <b>스팸</b> 필터링 AI에 학습시켜 기술 기반 범죄 예방에 협력한다. 플랫폼 내에 범죄 의심 게시물이 작성되면... ,http://www.ftoday.co.kr/news/articleView.html?idxno=355543,"Tue, 24 Feb 2026 16:10:00 +0900"
"네이버, 경찰청과 '전기통신금융사기 피해예방·근절' 맞손","네이버와 경찰청은 이번 업무 협약을 통해, 보이스피싱·투자<b>리딩방</b> 등 각종 피싱 범죄가 지능화되며 다양한... 내의 <b>스팸</b> 필터링 AI에 학습시켜 기술 기반 범죄 예방에 협력한다. 플랫폼 내에 범죄 의심 게시물이 작성되면... ",http://www.enewstoday.co.kr/news/articleView.html?idxno=2397886,"Tue, 24 Feb 2026 16:07:00 +0900"
"네이버-경찰청, 보이스피싱 근절 맞손...'AI 3중망'으로 범죄 뿌리 뽑는...",플랫폼 내 범죄 시도를 원천 차단하는 '3중 예방망'을 구축해 보이스피싱과 투자<b>리딩방</b> 등 민생 침해 범죄를... 경찰이 제공하는 기망 문구와 기관 및 유명인 사칭 키워드를 밴드(BAND) 등 플랫폼 <b>스팸</b> 필터링 AI에 학습시켜... ,https://www.thelec.kr/news/articleView.html?idxno=52658,"Tue, 24 Feb 2026 16:04:00 +0900"
"[재계는 지금] LG유플, 파주 AI데이터센터에 그룹 역량 집결 外",양측은 이번 업무 협약을 통해 보이스피싱·투자<b>리딩방</b> 등 각종 피싱 범죄가 지능화되며 다양한 인터넷... 내 <b>스팸</b> 필터링 AI에 학습시켜 기술 기반 범죄 예방에 협력한다. 또 범죄자의 플랫폼 접근을 감지하고... ,https://dealsite.co.kr/articles/157388,"Tue, 24 Feb 2026 16:04:00 +0900"
"네이버, 경찰청과 '전기통신금융사기 피해예방 및 근절' MOU","네이버와 경찰청은 이번 협력을 통해, 다양한 플랫폼에서 발생하는 보이스피싱·투자<b>리딩방</b> 등 지능화되는... 내의 <b>스팸</b> 필터링 AI에 학습해 기술 기반 범죄 예방에 협력한다. 플랫폼 내에 범죄 의심 게시물이 작성되면... ",https://www.aitimes.com/news/articleView.html?idxno=207164,"Tue, 24 Feb 2026 16:04:00 +0900"
"네이버·경찰청, ‘전기통신금융사기 피해예방·근절’ MOU 체결",네이버와 경찰청은 이번 업무 협약을 통해 보이스피싱·투자<b>리딩방</b> 등 각종 피싱 범죄가 지능화되며 다양한... 내의 <b>스팸</b> 필터링 AI에 학습시켜 기술 기반 범죄 예방에 협력한다. 플랫폼 내에 범죄 의심 게시물이 작성되면... ,http://www.thebigdata.co.kr/view.php?ud=202602241509025212d92db81c5b_23,"Tue, 24 Feb 2026 16:02:00 +0900"
"네이버, 경찰청과 ‘전기통신금융사기 피해예방’ MOU",보이스피싱·투자<b>리딩방</b> 등 각종 피싱 범죄가 지능화되며 다양한 플랫폼으로 번져가는 상황에 함께 대응해... 내의 <b>스팸</b> 필터링 AI에 학습시켜 기술 기반 범죄 예방에 협력한다. 플랫폼 내에 범죄 의심 게시물이 작성되면... ,https://n.news.naver.com/mnews/article/382/0001257619?sid=105,"Tue, 24 Feb 2026 16:01:00 +0900"
"경찰청, 네이버와 피싱 범죄 예방 위해 맞손...&quot;삼중 차단망 구축&quot;",이번 협약은 보이스피싱과 투자<b>리딩방</b> 등 지능화되는 온라인 플랫폼 기반 피싱 범죄에 대응하기 위해... 서비스의 <b>스팸</b> 필터링 인공지능에 학습시킨다. 이를 통해 범죄 의심 게시물 작성 시 경고 팝업을 노출하거나 선제적... ,https://www.public25.com/news/articleView.html?idxno=40910,"Tue, 24 Feb 2026 15:56:00 +0900"
"네이버-경찰청, ‘전기통신금융사기 피해예방 및 근절’ 위한 업무협약...","24일 네이버에 따르면 양사는 이번 업무 협약을 통해, 보이스피싱·투자<b>리딩방</b> 등 각종 피싱 범죄가... 내의 <b>스팸</b> 필터링를 인공지능(AI)에게 학습시켜 기술 기반 범죄 예방에 협력한다. 플랫폼 내에 범죄 의심 게시물이... ",https://www.g-enews.com/view.php?ud=2026022415334235213d7a510102_1,"Tue, 24 Feb 2026 15:52:00 +0900"
"네이버-경찰청, 전기통신금융사기 근절 MOU 체결",양 기관은 24일 서울시 경찰청 통합대응단 회의실에서 협약식을 열고 보이스피싱과 투자<b>리딩방</b> 등... 첫 번째 축은 AI 기반 <b>스팸</b> 필터링 고도화다. 경찰청이 수사 과정에서 확보한 기망 문구와 기관·유명인 사칭 키워드 등... ,http://www.finomy.com/news/articleView.html?idxno=250187,"Tue, 24 Feb 2026 15:52:00 +0900"
"네이버, AI 기술로 보이스피싱 막는다",네이버와 경찰청은 이번 업무 협약을 통해 보이스피싱·투자<b>리딩방</b> 등 각종 피싱 범죄가 지능화되며 다양한... 내의 <b>스팸</b> 필터링 AI에 학습시켜 기술 기반 범죄 예방에 협력한다. 플랫폼 내에 범죄 의심 게시물이 작성되면... ,http://www.hansbiz.co.kr/news/articleView.html?idxno=819170,"Tue, 24 Feb 2026 15:46:00 +0900"
네이버-경찰청 협력해 플랫폼 내 피싱 잡는다,"양측은 이번 협약을 통해 보이스피싱과 투자<b>리딩방</b> 등 피싱 범죄가 다양한 온라인 플랫폼으로 확산되는... 등)의 <b>스팸</b> 필터링 AI에 반영한다. 이를 통해 의심 게시물이 등록될 경우 경고 안내를 제공하고, 필요 시 노출 제한... ",https://www.insightkorea.co.kr/news/articleView.html?idxno=241695,"Tue, 24 Feb 2026 15:44:00 +0900"
"네이버, 경찰청과 AI 기반 보이스피싱 피해 예방 맞손",네이버㈜와 경찰청이 보이스피싱·투자<b>리딩방</b> 등 각종 피싱 범죄가 지능화되며 다양한 인터넷 플랫폼으로... 내 <b>스팸</b> 필터링 AI에 학습시켜 기술 기반 범죄 예방에 협력한다. 플랫폼 내 범죄 의심 게시물이 작성되면 내부... ,https://www.newscj.com/news/articleView.html?idxno=3378136,"Tue, 24 Feb 2026 15:44:00 +0900"
"네이버, 경찰청과 보이스피싱 등 범죄 예방 협력…'AI 3중 예방망’ 가...",네이버와 경찰청은 이번 업무 협약을 통해 보이스피싱·투자<b>리딩방</b> 등 각종 피싱 범죄가 지능화되며 다양한... 내의 <b>스팸</b> 필터링 AI에 학습시켜 기술 기반 범죄 예방에 협력한다. 플랫폼 내에 범죄 의심 게시물이 작성되면... ,https://www.viva100.com/article/20260224500288,"Tue, 24 Feb 2026 15:42:00 +0900"
"네이버, 경찰청과 ‘전기통신금융사기 피해예방 및 근절’ 위한 협약 체...","네이버와 경찰청은 이번 업무 협약을 통해, 보이스피싱·투자<b>리딩방</b> 등 각종 피싱 범죄가 지능화되며 다양한... 내의 <b>스팸</b> 필터링 AI에 학습시켜 기술 기반 범죄 예방에 협력합니다. 플랫폼 내에 범죄 의심 게시물이... ",https://www.inthenews.co.kr/news/article.html?no=83436,"Tue, 24 Feb 2026 15:42:00 +0900"
"네이버, 경찰청과 '피싱 차단망' 구축…사기 키워드·번호 등 공유","네이버와 경찰청은 이번 업무 협약을 통해, 보이스피싱·투자<b>리딩방</b> 등 각종 피싱 범죄가 지능화되며 다양한... 내의 <b>스팸</b> 필터링 AI에 학습시켜 기술 기반 범죄 예방에 협력한다. 플랫폼 내에 범죄 의심 게시물이 작성되면... ",https://www.getnews.co.kr/news/articleView.html?idxno=862297,"Tue, 24 Feb 2026 15:42:00 +0900"
포털서 범죄 의심 게시물 쓰면 경고 팝업 뜬다…경찰·네이버 ‘삼중 차...,투자<b>리딩방</b> 등 각종 피싱 범죄가 온라인 플랫폼으로 빠르게 침투하면서 경찰이 국내 대형 포털사인 네이버와... 네이버는 이러한 데이터를 <b>스팸</b> 필터링 AI에 학습시켜 누군가가 범죄 의심 게시물을 작성할 경우 경고... ,https://n.news.naver.com/mnews/article/016/0002604371?sid=102,"Tue, 24 Feb 2026 15:42:00 +0900"
"네이버·경찰청, 보이스피싱 근절 맞손…AI 기반 '3중 예방망' 가동",양측은 보이스피싱·투자<b>리딩방</b> 등 피싱 범죄가 지능화되며 다양한 인터넷 플랫폼으로 확산되는 상황에 공동... 내 <b>스팸</b> 필터링 AI에 학습시켜 기술 기반 예방 체계를 강화한다. 범죄 의심 게시물이 작성될 경우 내부... ,http://www.seoulwire.com/news/articleView.html?idxno=708056,"Tue, 24 Feb 2026 15:42:00 +0900"
경찰청 범죄 데이터 네이버 AI가 학습해 통신사기 사전차단한다,네이버와 경찰청은 이번 업무 협약을 통해 보이스피싱·투자<b>리딩방</b> 등 각종 피싱 범죄가 지능화되며 다양한... 내의 <b>스팸</b> 필터링 AI에 학습시켜 기술 기반 범죄 예방에 협력한다. 플랫폼 내에 범죄 의심 게시물이 작성되면... ,http://www.smedaily.co.kr/news/articleView.html?idxno=352086,"Tue, 24 Feb 2026 15:40:00 +0900"
"피싱 범죄 예방 강화…경찰, 네이버와 ‘삼중 차단망’ 구축",보이스피싱과 투자<b>리딩방</b> 사기 등 전기통신금융사기가 온라인 플랫폼을 매개로 빠르게 확산하는 가운데... 이를 <b>스팸</b> 필터링 AI에 학습시켜 사기 의심 게시물을 선제적으로 걸러낸다. 범죄 의심 글 작성 시 경고 팝업을... ,https://n.news.naver.com/mnews/article/011/0004592911?sid=102,"Tue, 24 Feb 2026 15:40:00 +0900"
"방미통위 위원장, 취임 2달만에 이통 3사 대표 만난다","이재명 정부 취임 이후 주가지수가 급격히 오르면서 최근 주식 불법 <b>리딩방</b> 관련 <b>스팸</b>이 늘었다는 이야기가 나오는 만큼, 정부가 통신사에 보다 적극적인 협조를 요청할 가능성이 있다. 방미통위는 통신 분야 정책과... ",https://n.news.naver.com/mnews/article/018/0006223641?sid=105,"Tue, 24 Feb 2026 15:39:00 +0900"
"네이버, 경찰청과 '전기통신금융사기 피해예방 및 근절' MOU","네이버와 경찰청은 이번 업무 협약을 통해, 보이스피싱·투자<b>리딩방</b> 등 각종 피싱 범죄가 지능화되며 다양한... 내의 <b>스팸</b> 필터링 AI에 학습시켜 기술 기반 범죄 예방에 협력한다. 플랫폼 내에 범죄 의심 게시물이 작성되면... ",https://n.news.naver.com/mnews/article/015/0005254501?sid=105,"Tue, 24 Feb 2026 15:39:00 +0900"
"&quot;사기 번호 즉시 정지&quot; 네이버-경찰청, 보이스피싱 근절 '맞손'",네이버가 경찰청과 손잡고 보이스피싱과 투자<b>리딩방</b> 등 지능화되는 전기통신금융사기 범죄 대응에 나선다.... 플랫폼의 <b>스팸</b> 필터링 AI에 학습시켜 기술 기반 사전 차단에 힘을 쏟는다. 범죄 의심 게시물이 작성될 경우... ,https://n.news.naver.com/mnews/article/138/0002218716?sid=105,"Tue, 24 Feb 2026 15:37:00 +0900"
"네이버, 경찰청과 ‘전기통신금융사기 피해예방 및 근절’ 위한 MOU 체결",네이버와 경찰청은 이번 업무 협약을 통해 보이스피싱·투자<b>리딩방</b> 등 각종 피싱 범죄가 지능화되며 다양한... 내의 <b>스팸</b> 필터링 AI에 학습시켜 기술 기반 범죄 예방에 협력한다. 플랫폼 내에 범죄 의심 게시물이 작성되면... ,https://n.news.naver.com/mnews/article/014/0005482052?sid=105,"Tue, 24 Feb 2026 15:37:00 +0900"
"네이버, 경찰청과 전기통신금융사기 피해예방ㆍ근절 맞손",네이버와 경찰청은 이번 업무 협약을 통해 보이스피싱·투자<b>리딩방</b> 등 각종 피싱 범죄가 지능화되며 다양한... 내의 <b>스팸</b> 필터링 AI에 학습시켜 기술 기반 범죄 예방에 협력한다. 플랫폼 내에 범죄 의심 게시물이 작성되면... ,https://www.etoday.co.kr/news/view/2558939,"Tue, 24 Feb 2026 15:36:00 +0900"
"네이버, 경찰청과 '전기통신금융사기 피해예방·근절' 업무협약 체결","네이버와 경찰청은 이번 업무 협약을 통해, 보이스피싱·투자<b>리딩방</b> 등 각종 피싱 범죄가 지능화되며 다양한... 내의 <b>스팸</b> 필터링 AI에 학습시켜 기술 기반 범죄 예방에 협력한다. 플랫폼 내에 범죄 의심 게시물이 작성되면... ",http://www.srtimes.kr/news/articleView.html?idxno=197200,"Tue, 24 Feb 2026 15:18:00 +0900"
"네이버·경찰청, 보이스피싱·<b>리딩방</b> 뿌리 뽑는다...‘3중 예방망’ 구...",이번 협약은 보이스피싱과 투자<b>리딩방</b> 등 각종 피싱 범죄가 다양한 인터넷 플랫폼으로 번지고 있는 상황에... 우선 네이버는 경찰청이 수사 과정에서 축적한 최신 범죄 데이터를 밴드(BAND) 등 플랫폼 내 <b>스팸</b> 필터링 AI에... ,https://n.news.naver.com/mnews/article/009/0005641169?sid=105,"Tue, 24 Feb 2026 15:16:00 +0900"
“잡았다 요놈”… 네이버-경찰청 ‘보이스피싱·투자<b>리딩방</b> 사기’ 척...,보이스피싱·투자<b>리딩방</b> 등 각종 피싱 범죄가 지능화되며 인터넷 플랫폼으로 퍼지는 가운데 양 측은 함께... 내의 <b>스팸</b> 필터링 AI에 학습시켜 기술 기반 범죄 예방에 협력한다. 플랫폼 내에 범죄 의심 게시물이 작성되면... ,http://www.segyebiz.com/newsView/20260224512372?OutUrl=naver,"Tue, 24 Feb 2026 15:14:00 +0900"
"네이버, 경찰청과 ‘피싱 예방’ 협력…사기 키워드・범죄 번호 공유",네이버와 경찰청은 이번 업무 협약을 통해 보이스피싱·투자<b>리딩방</b> 등 각종 피싱 범죄가 지능화되며 다양한... 내의 <b>스팸</b> 필터링 AI에 학습시킬 예정이다. 플랫폼 내에 범죄 의심 게시물이 작성되면 내부 기준에 따라 경고... ,http://www.fntimes.com/html/view.php?ud=2026022415101289537fd637f543_18,"Tue, 24 Feb 2026 15:14:00 +0900"
"네이버, 경찰청과 피싱 범죄 차단 맞손…AI·보안 기술로 전방위 대응",핵심요약 수사 데이터 기반 <b>스팸</b> AI 학습…사칭 키워드·기망 문구 선제 차단 '사기 이용 전화번호' 실시간... 양 기관은 보이스피싱과 투자<b>리딩방</b> 사기 등 피싱 범죄가 지능화하면서 다양한 인터넷 플랫폼으로 확산하는... ,https://n.news.naver.com/mnews/article/079/0004118407?sid=105,"Tue, 24 Feb 2026 15:13:00 +0900"
"네이버, 경찰청과 '전기통신금융사기 피해예방 및 근절' MOU","네이버와 경찰청은 이번 업무 협약을 통해, 보이스피싱·투자<b>리딩방</b> 등 각종 피싱 범죄가 지능화되며 다양한... 내의 <b>스팸</b> 필터링 AI에 학습시켜 기술 기반 범죄 예방에 협력한다. 플랫폼 내에 범죄 의심 게시물이 작성되면... ",https://www.megaeconomy.co.kr/news/newsview.php?ncode=1065581348274707,"Tue, 24 Feb 2026 15:06:00 +0900"
네이버·경찰 &quot;피싱범죄 선제대응으로 안전확보&quot;,보이스피싱·투자<b>리딩방</b> 등 고도화되고 있는 피싱 범죄에 대응하기 위해 네이버와 경찰청이 손을 잡았다.... 네이버는 자체 AI와 보안 기술력을 활용해 플랫폼 범죄를 선제적으로 억제하는 3중 예방망(<b>스팸</b> 필터링 강화... ,https://www.safetimes.co.kr/news/articleView.html?idxno=239882,"Tue, 24 Feb 2026 15:02:00 +0900"
"&quot;피싱 범죄 막아라&quot;…경찰, 네이버와 '삼중 차단망' 구축","이번 협약은 최근 보이스피싱, 투자<b>리딩방</b> 등 각종 피싱 범죄가 기존 통신망을 넘어 다양한 온라인... 서비스의 <b>스팸</b> 필터링 인공지능에 학습시켜 범죄 의심 게시물 작성 시 내부 기준에 따라 경고 팝업을 노출하거나 피해... ",https://n.news.naver.com/mnews/article/018/0006223614?sid=102,"Tue, 24 Feb 2026 15:02:00 +0900"
"네이버-경찰청, '전기통신금융사기 근절' 위한 MOU 체결",네이버와 경찰청은 이번 업무 협약을 통해 보이스피싱·투자<b>리딩방</b> 등 각종 피싱 범죄가 지능화되며 다양한... 내의 <b>스팸</b> 필터링 인공지능(AI)에 학습시켜 기술 기반 범죄 예방에 협력한다. 플랫폼 내에 범죄 의심 게시물이... ,https://www.sentv.co.kr/article/view/sentv202602240037,"Tue, 24 Feb 2026 15:02:00 +0900"
"네이버·경찰청, 전기통신금융사기 근절 맞손…AI 기반 ‘3중 예방망’...","양측은 보이스피싱, 투자<b>리딩방</b> 등 지능화된 피싱 범죄가 다양한 인터넷 플랫폼으로 확산되는 상황에 공동... 네이버의 <b>스팸</b> 필터링 AI에 학습시켜 기술 기반 차단 체계를 강화한다. 범죄 의심 게시물이 작성될 경우 경고... ",https://n.news.naver.com/mnews/article/018/0006223613?sid=105,"Tue, 24 Feb 2026 15:01:00 +0900"
"네이버·경찰청, 보이스피싱·투자<b>리딩방</b> 선제 대응…'3중 예방망' 가동",네이버가 경찰청과 협력해 플랫폼 내 보이스피싱·투자<b>리딩방</b> 등 피싱 범죄에 선제 대응한다. 양 기관은 24일... 우선 플랫폼 내 <b>스팸</b> 필터링 AI에 경찰청이 수사 과정에서 축적한 범죄 데이터를 학습시킨다. 플랫폼 내 범죄... ,https://n.news.naver.com/mnews/article/030/0003401513?sid=101,"Tue, 24 Feb 2026 15:01:00 +0900"
"네이버-경찰청, 보이스피싱 피해 예방 힘 모은다",네이버와 경찰청은 이번 업무 협약을 통해 보이스피싱·투자<b>리딩방</b> 등 각종 피싱 범죄가 지능화되며 다양한... 내의 <b>스팸</b> 필터링 AI에 학습시켜 기술 기반 범죄 예방에 협력한다. 플랫폼 내에 범죄 의심 게시물이 작성되면... ,https://n.news.naver.com/mnews/article/092/0002411624?sid=105,"Tue, 24 Feb 2026 15:01:00 +0900"
"피싱 범죄 대응⋯네이버, 경찰청과 전기통신금융사기 피해 예방·근절 ...",투자<b>리딩방</b>(매수·매도 시점이나 투자 정보를 알려준다며 사람들을 모아 운영하는 단체 채팅방) 등 각종 피싱... 내 <b>스팸</b> 필터링 AI에 학습시켜 기술 기반 범죄 예방에 협력한다. 플랫폼 내 범죄 의심 게시물이 작성되면 내부... ,https://n.news.naver.com/mnews/article/031/0001007852?sid=105,"Tue, 24 Feb 2026 15:01:00 +0900"
"네이버, 경찰청과 ‘전기통신금융사기 피해예방 및 근절’ 위한 업무협...","네이버의 AI 및 보안 기술력 활용해 보이스피싱, 투자<b>리딩방</b> 등 지능화되는 피싱 범죄 함께 대응 네이버와... 내의 <b>스팸</b> 필터링 AI에 학습시켜 기술 기반 범죄 예방에 협력한다. 플랫폼 내에 범죄 의심 게시물이 작성되면... ",https://n.news.naver.com/mnews/article/366/0001144086?sid=105,"Tue, 24 Feb 2026 15:01:00 +0900"
"네이버-경찰청, ‘전기통신금융사기 피해예방·근절’ 업무협약 체결","네이버와 경찰청은 보이스피싱·투자<b>리딩방</b> 등 각종 피싱 범죄가 지능화되고, 다양한 인터넷 플랫폼으로... 내의 <b>스팸</b> 필터링 AI에 학습시킬 예정이다. 플랫폼 내 범죄 의심 게시물이 작성되면, 내부 기준에 따라 경고... ",https://n.news.naver.com/mnews/article/016/0002604342?sid=105,"Tue, 24 Feb 2026 15:01:00 +0900"
"네이버, 경찰청과 피싱 예방 협력…AI·보안 기술력 활용",네이버와 경찰청은 이번 협약을 통해 보이스피싱과 투자<b>리딩방</b> 등 각종 피싱 범죄가 지능화하며 다양한... 내 <b>스팸</b> 필터링 AI에 학습시킬 예정이다. 플랫폼 내에 범죄 의심 게시물이 작성되면 내부 기준에 따라 경고 팝업을... ,https://n.news.naver.com/mnews/article/421/0008790273?sid=101,"Tue, 24 Feb 2026 15:00:00 +0900"
"네이버-경찰청, '전기통신금융사기 피해예방 · 근절'  MOU","네이버와 경찰청은 이번 업무 협약을 통해, 보이스피싱·투자<b>리딩방</b> 등 각종 피싱 범죄가 지능화되며 다양한... 내의 <b>스팸</b> 필터링 AI에 학습시켜 기술 기반 범죄 예방에 협력한다. 플랫폼 내에 범죄 의심 게시물이 작성되면... ",https://www.newsfreezone.co.kr/news/articleView.html?idxno=676368,"Tue, 24 Feb 2026 15:00:00 +0900"
"네이버-경찰청, '보이스피싱·투자<b>리딩방</b> 근절' 공동 전선 구축",네이버와 경찰청이 보이스피싱·투자<b>리딩방</b> 등 지능화되는 피싱 범죄에 공동 대응한다. 네이버는 24일 서울시... 내의 <b>스팸</b> 필터링 AI에 학습시켜 기술 기반 범죄 예방에 협력한다. 플랫폼 내에 범죄 의심 게시물이 작성되면... ,https://n.news.naver.com/mnews/article/119/0003062420?sid=105,"Tue, 24 Feb 2026 15:00:00 +0900"
"네이버-경찰청, AI 기술로 보이스피싱 잡는다…사기 근절 MOU",사진=네이버 제공 매일일보 = 권선형 기자  |  네이버와 경찰청이 날로 지능화되는 보이스피싱과 투자<b>리딩방</b>... 내의 <b>스팸</b> 필터링 AI에 학습시켜 기술 기반 범죄 예방에 협력한다. 플랫폼 내에 범죄 의심 게시물이 작성되면... ,https://www.m-i.kr/news/articleView.html?idxno=1339758,"Tue, 24 Feb 2026 15:00:00 +0900"
"네이버, 경찰청과 금융사기 예방 업무협약…'3중 예방망' 구축","네이버와 경찰청은 이번 업무 협약을 통해, 보이스피싱·투자<b>리딩방</b> 등 각종 피싱 범죄가 지능화되며 다양한... 내의 <b>스팸</b> 필터링 AI에 학습시켜 기술 기반 범죄 예방에 협력한다. 플랫폼 내에 범죄 의심 게시물이 작성되면... ",https://www.digitaltoday.co.kr/news/articleView.html?idxno=633525,"Tue, 24 Feb 2026 15:00:00 +0900"
"네이버, 경찰청과 피싱 예방 협력…AI·보안 기술력 활용",네이버와 경찰청은 이번 협약을 통해 보이스피싱과 투자<b>리딩방</b> 등 각종 피싱 범죄가 지능화하며 다양한... 내 <b>스팸</b> 필터링 AI에 학습시킬 예정이다. 플랫폼 내에 범죄 의심 게시물이 작성되면 내부 기준에 따라 경고 팝업을... ,https://n.news.naver.com/mnews/article/421/0008790273?sid=101,"Tue, 24 Feb 2026 15:00:00 +0900"
"네이버-경찰청, '전기통신금융사기 피해예방 · 근절'  MOU","네이버와 경찰청은 이번 업무 협약을 통해, 보이스피싱·투자<b>리딩방</b> 등 각종 피싱 범죄가 지능화되며 다양한... 내의 <b>스팸</b> 필터링 AI에 학습시켜 기술 기반 범죄 예방에 협력한다. 플랫폼 내에 범죄 의심 게시물이 작성되면... ",https://www.newsfreezone.co.kr/news/articleView.html?idxno=676368,"Tue, 24 Feb 2026 15:00:00 +0900"
"사기 글 올리면 경고 뜬다…경찰·네이버, 피싱 삼중 차단","보이스피싱과 투자<b>리딩방</b> 사기가 온라인 플랫폼으로 확산하는 상황에 대응해 키워드 필터링, 범죄 연동 계정... 이를 <b>스팸</b> 필터링 인공지능(AI)에 학습시켜 범죄 의심 게시물 작성 시 경고 팝업을 노출하거나 선제적 제한... ",https://n.news.naver.com/mnews/article/003/0013785157?sid=102,"Tue, 24 Feb 2026 15:00:00 +0900"
"네이버·경찰청, 전기통신금융사기 예방 업무협약...AI 기반 '3중 예방망...","네이버와 경찰청은 이번 업무 협약을 통해, 보이스피싱·투자<b>리딩방</b> 등 각종 피싱 범죄가 지능화되며 다양한... 내의 <b>스팸</b> 필터링 AI에 학습시켜 기술 기반 범죄 예방에 협력한다. 플랫폼 내에 범죄 의심 게시물이 작성되면... ",https://www.womentimes.co.kr/news/articleView.html?idxno=100682,"Tue, 24 Feb 2026 15:00:00 +0900"
"플랫폼 피싱 사전에 막는다…경찰, 네이버와 '삼중 차단망' 가동",최근 보이스피싱과 투자<b>리딩방</b> 사기 등이 온라인 플랫폼을 매개로 빠르게 확산되면서 사후 수사 중심... 네이버는 이를 인공지능(AI) <b>스팸</b> 필터링 시스템에 반영해 의심 게시물 작성 시 경고 팝업을 노출하거나 게시를... ,https://n.news.naver.com/mnews/article/629/0000475182?sid=102,"Tue, 24 Feb 2026 15:00:00 +0900"
"네이버·경찰청, 전기통신금융사기 근절 맞손…‘3중 예방망’ 가동","양 기관은 보이스피싱, 투자<b>리딩방</b> 사기 등 피싱 범죄가 다양한 인터넷 플랫폼으로 확산되는 상황에 공동... 네이버 <b>스팸</b> 필터링 AI에 학습시킨다. 범죄 의심 게시물이 작성되면 경고 팝업을 노출하거나 내부 기준에 따라... ",https://n.news.naver.com/mnews/article/117/0004038157?sid=105,"Tue, 24 Feb 2026 15:00:00 +0900"
"네이버-경찰청, 피싱 범죄 근절 맞손… AI 기술로 '3중 예방망' 가동","네이버와 경찰청이 보이스피싱, 투자<b>리딩방</b> 등 지능화되는 전기통신금융사기를 예방하고 근절하기 위해... 플랫폼의 <b>스팸</b> 필터링 AI에 학습시킨다. 이를 통해 범죄 의심 게시물이 작성될 경우 경고 팝업을 노출하는 등... ",https://www.pointe.co.kr/news/articleView.html?idxno=72820,"Tue, 24 Feb 2026 15:00:00 +0900"
"네이버, 경찰청과 전기통신금융사기 피해 예방 협약",투자<b>리딩방</b> 등 지능화되는 피싱 범죄에 공동 대응하기로 했다. 네이버는 AI와 보안 기술을 활용해 플랫폼 내 범죄 시도를 억제하는 3중 예방망을 운영할 예정이다. 경찰청이 제공하는 최신 범죄 데이터를 바탕으로 <b>스팸</b>... ,https://www.webeconomy.co.kr/news/articleView.html?idxno=2085014,"Tue, 24 Feb 2026 15:00:00 +0900"
"네이버·경찰청, 보이스피싱 등 범죄 예방 위한 MOU 체결","네이버와 경찰청은 이번 업무협약을 통해 보이스피싱·투자<b>리딩방</b> 등 각종 피싱 범죄를 함께 대응해... 내의 <b>스팸</b> 필터링 AI에 학습시킬 예정이다. 플랫폼 내에 범죄 의심 게시물이 작성되면, 내부 기준에 따라 경고 팝업을... ",https://n.news.naver.com/mnews/article/215/0001242862?sid=105,"Tue, 24 Feb 2026 15:00:00 +0900"
"네이버, 경찰청과 전기통신 금융사기 피해예방 업무협약 체결",네이버 사옥 [사진=네이버] 네이버와 경찰청은 이번 업무 협약을 통해 보이스피싱·투자<b>리딩방</b> 등 각종 피싱... 내의 <b>스팸</b> 필터링 AI에 학습시켜 기술 기반 범죄 예방에 협력한다. 플랫폼 내에 범죄 의심 게시물이 작성되면... ,https://www.newspim.com/news/view/20260224000484,"Tue, 24 Feb 2026 15:00:00 +0900"
"플랫폼 내 피싱 범죄 원천 차단 … 경찰청, 네이버와 업무협약 체결",서비스의 <b>스팸</b> 필터링 AI에 학습시켜 범죄 의심 게시물 작성 시 내부 기준에 따라 경고 팝업을 노출하거나... 신효섭 경찰청 전기통신금융사기 통합대응단장은 &quot;보이스피싱과 투자<b>리딩방</b> 사기가 플랫폼을 매개로 확산하는... ,https://www.newdaily.co.kr/site/data/html/2026/02/24/2026022400135.html,"Tue, 24 Feb 2026 15:00:00 +0900"
"네이버, 경찰청과 전기통신금융사기 피해예방·근절 맞손",네이버와 경찰청은 이번 업무 협약을 통해 보이스피싱·투자<b>리딩방</b> 등 각종 피싱 범죄가 지능화되며 다양한... 내의 <b>스팸</b> 필터링 AI에 학습시켜 기술 기반 범죄 예방에 협력한다. 플랫폼 내에 범죄 의심 게시물이 작성되면... ,https://www.pointdaily.co.kr/news/articleView.html?idxno=293978,"Tue, 24 Feb 2026 15:00:00 +0900"
"&quot;AI로 피싱 범죄 예방한다&quot; 네이버-경찰청, 플랫폼 사기 근절 위해 '맞손...",네이버와 경찰청은 이번 업무 협약을 통해 보이스피싱·투자<b>리딩방</b> 등 각종 피싱 범죄가 지능화되며 다양한... 내의 <b>스팸</b> 필터링 AI에 학습시켜 기술 기반 범죄 예방에 협력한다. 플랫폼 내에 범죄 의심 게시물이 작성되면... ,https://www.techm.kr/news/articleView.html?idxno=149638,"Tue, 24 Feb 2026 15:00:00 +0900"
"네이버 앱 켜면 피싱 자동 사냥, 생태계 방어 사활",네이버가 경찰청과 손잡고 보이스피싱과 투자<b>리딩방</b> 등 플랫폼을 매개로 번지는 지능형 사기 범죄를 원천... 폐쇄형 커뮤니티 밴드 내 <b>스팸</b> 필터링 AI에는 경찰청이 축적한 기망 문구와 유명인 사칭 키워드를 집중적으로... ,https://www.econovill.com/news/articleView.html?idxno=730658,"Tue, 24 Feb 2026 15:00:00 +0900"
"네이버, 경찰청과 맞손...AI '3중 예방망'으로 플랫폼 범죄 차단","네이버와 경찰청은 이번 업무 협약을 통해, 보이스피싱·투자<b>리딩방</b> 등 각종 피싱 범죄가 지능화되며 다양한... 내의 <b>스팸</b> 필터링 AI에 학습시켜 기술 기반 범죄 예방에 협력한다. 플랫폼 내에 범죄 의심 게시물이 작성되면... ",https://www.pinpointnews.co.kr/news/articleView.html?idxno=431728,"Tue, 24 Feb 2026 15:00:00 +0900"
"경찰청 범죄 데이터, 네이버 AI 기술과 결합…네이버-경찰청, 피싱 방지...",네이버와 경찰청은 이번 업무 협약을 통해 보이스피싱·투자<b>리딩방</b> 등 각종 피싱 범죄가 지능화되며 다양한... 내의 <b>스팸</b> 필터링 AI에 학습시켜 기술 기반 범죄 예방에 협력합니다. 플랫폼 내에 범죄 의심 게시물이... ,https://n.news.naver.com/mnews/article/374/0000494061?sid=101,"Tue, 24 Feb 2026 15:00:00 +0900"
"경찰, 네이버와 손잡고 피싱 범죄 '삼중 차단망' 구축","이번 협약은 최근 보이스피싱, 투자<b>리딩방</b> 등 각종 피싱 범죄가 온라인 플랫폼으로 빠르게 침투하며... 서비스의 <b>스팸</b> 필터링 AI에 학습시켜 범죄 의심 게시물 작성 시 경고 팝업을 노출하거나 피해 확산을 막기 위한... ",https://n.news.naver.com/mnews/article/421/0008790274?sid=102,"Tue, 24 Feb 2026 15:00:00 +0900"
플랫폼 사기 '3중 방어망' 구축···네이버·경찰청 협력,"이번 협약은 보이스피싱, 투자<b>리딩방</b> 등 지능화되는 전기통신금융사기에 공동 대응하고, 피해 확산을... 우선 경찰청이 수집한 사기 관련 키워드와 기관·유명인 사칭 문구를 <b>스팸</b> 필터링 AI에 학습시켜 범죄 시도를... ",https://www.thereport.co.kr/news/articleView.html?idxno=84596,"Tue, 24 Feb 2026 15:00:00 +0900"
"네이버, 경찰청과 손잡고 'AI 기반 보이스피싱 차단' 협력",양 기관은 이번 업무 협약을 통해 보이스피싱·투자<b>리딩방</b> 등 지능화되는 피싱 범죄에 공동 대응하기로 하고... 플랫폼의 <b>스팸</b> 필터링 AI에 학습시켜 기술 기반 범죄 예방에 협력한다. 범죄 의심 게시물이 게시되면 내부... ,https://n.news.naver.com/mnews/article/417/0001131204?sid=105,"Tue, 24 Feb 2026 15:00:00 +0900"
"&quot;사기 꼼짝마&quot; 네이버-경찰청, '3중 예방망'으로 피싱 사기 원천 봉쇄",네이버와 경찰청은 이번 업무 협약을 통해 보이스피싱·투자 <b>리딩방</b> 등 각종 피싱 범죄가 지능화되며 다양한... 내 <b>스팸</b> 필터링 AI에 학습시켜 기술 기반 범죄 예방에 협력한다. 플랫폼 내에 범죄 의심 게시물이 작성되면... ,https://www.financialpost.co.kr/news/articleView.html?idxno=248995,"Tue, 24 Feb 2026 15:00:00 +0900"
"네이버, 경찰청과 보이스피싱·투자리딩 사기 예방 나선다…MOU 체결",네이버와 경찰청은 이번 MOU를 통해 보이스피싱과 투자<b>리딩방</b> 등 각종 피싱 범죄가 다양한 인터넷... 내의 <b>스팸</b> 필터링 AI에 학습시켜 범죄 예방에 협력한다. 플랫폼 내에 범죄 의심 게시물이 작성되면 내부 기준에 따라... ,https://n.news.naver.com/mnews/article/277/0005725198?sid=105,"Tue, 24 Feb 2026 15:00:00 +0900"
"네이버, 경찰청과 전기통신금융사기 근절 MOU…AI 기반 '3중 예방망' 가...",보이스피싱·투자<b>리딩방</b> 등 지능화 범죄에 민관 공동 대응 악성앱 자동 탐지·사기 이용 전화번호 실시간... 네이버의 <b>스팸</b> 필터링 AI에 학습시켜 기술 기반 대응력을 높인다. 밴드 등 플랫폼에서 범죄가 의심되는... ,https://www.ajunews.com/view/20260224093912366,"Tue, 24 Feb 2026 15:00:00 +0900"
&quot;코스피 5000 호재? MZ조폭도 같이 웃는다&quot;,"<b>스팸</b>메일을 보낸 뒤 연락이 오는 피해자와 통화하며 투자를 유도하거나, 중계기를 써서 번호를 바꾼 뒤 불특정다수에게 전화를 걸어 접근하는 일, <b>리딩방</b>에서 트레이더를 사칭하는 것 등이다. 그렇게 밑바닥에서 리딩... ",https://www.m-joongang.com/news/articleView.html?idxno=402157,"Thu, 19 Feb 2026 11:16:00 +0900"
"설 명절 보이스피싱·스미싱 주의보···“명절 선물, 택배 링크 함부로...","기관이나 가족·지인 사칭, 대출을 미끼로 한 사기, 카드·등기 배송 안내, 투자 <b>리딩방</b>과 관련한 피해 사례도... 불법<b>스팸</b> 간편신고 앱, 휴대전화 간편신고(삼성 단말기), 불법<b>스팸</b> 대응센터(118) 등에도 신고가 가능하다.... ",https://n.news.naver.com/mnews/article/032/0003428064?sid=102,"Mon, 16 Feb 2026 13:44:00 +0900"
&quot;택배 주소 확인하세요&quot; 명절 스미싱 기승…내 폰 지킬 방법은?,"'익시오'는 <b>스팸</b> 전화 AI 자동 받기와 문자 내 악성 URL 탐지 기능을 제공한다. 디지털 기기 사용이 서툰... 최근에는 택배 사칭을 넘어 '투자 <b>리딩방</b>' 유입이나 '노쇼 사기', '팀미션 아르바이트 사기' 등 수법이... ",https://n.news.naver.com/mnews/article/629/0000473093?sid=105,"Sat, 14 Feb 2026 00:01:00 +0900"
'설 선물 배송 문자' 함부로 누르지 마세요...스미싱 주의보,"설 연휴 기간에는 투자 <b>리딩방</b> 사기, 노쇼 사기, 이른바 '팀 미션' 아르바이트 사기 등 다양한 유형의 신종... 카카오톡 '보호나라' 채널의 스미싱 확인 서비스와 불법<b>스팸</b> 간편 신고 앱, 휴대전화 신고 기능, 불법<b>스팸</b>... ",https://n.news.naver.com/mnews/article/052/0002313634?sid=102,"Wed, 11 Feb 2026 16:38:00 +0900"
“설날 앞두고 200만원 드릴게요”…명절 노린 스미싱·사기 문자 기승,‘투자<b>리딩방</b> 사기’ ▲‘예약·구매 완료’를 알린 뒤 대리구매를 요구하는 ‘노쇼 사기’ ▲‘미션 수행... 불법 <b>스팸</b>으로 의심되는 문자는 카카오톡 ‘보호나라’ 채널 내 ‘스미싱 확인서비스’에서 확인할 수 있다.... ,https://n.news.naver.com/mnews/article/662/0000088451?sid=102,"Wed, 11 Feb 2026 16:01:00 +0900"
‘설 선물 배송’ 문자 눌렀다가 낭패…명절 앞두고 스미싱 주의보,"방미통위는 “설 연휴 기간에는 투자 <b>리딩방</b>, 노쇼 사기, 팀 미션 아르바이트 사기 등 다양한 신종 사기... 방미통위 관계자는 “나의 작은 주의가 가족 전체의 큰 피해를 막을 수 있다”며 “불법 <b>스팸</b>이 의심되면... ",https://n.news.naver.com/mnews/article/023/0003958581?sid=105,"Wed, 11 Feb 2026 13:33:00 +0900"
‘설날 200만 원’ 문자 눌렀다간 통장 ‘텅텅’,"방미통위는 “설 연휴 기간에는 투자<b>리딩방</b>, 노쇼 사기, 팀미션 아르바이트 사기 등 다양한 신종 사기... 또 불법<b>스팸</b> 간편신고 앱, 휴대전화 간편신고(삼성 단말기), 불법<b>스팸</b> 대응센터(118)를 통해 신고 가능하다.... ",https://m.skyedaily.com/news_view.html?ID=298171,"Wed, 11 Feb 2026 11:48:00 +0900"
설 연휴 앞두고 ‘설 선물 배송’ 스미싱 급증…URL 클릭 한 번에 금융피...,"안내 문자에는 택배 배송 조회, 결제 확인, 명절 인사를 가장한 스미싱과 함께 투자 <b>리딩방</b>, 노쇼 사기... 불법<b>스팸</b> 간편신고 앱이나 휴대전화 간편신고 기능, 불법<b>스팸</b>대응센터(118)를 통해 신고할 수 있다. 피싱이나... ",https://www.daily365.news/2026/02/11/%ec%84%a4-%ec%97%b0%ed%9c%b4-%ec%95%9e%eb%91%90%ea%b3%a0-%ec%84%a4-%ec%84%a0%eb%ac%bc-%eb%b0%b0%ec%86%a1-%ec%8a%a4%eb%af%b8%ec%8b%b1-%ea%b8%89%ec%a6%9durl-%ed%81%b4%eb%a6%ad/,"Wed, 11 Feb 2026 10:54:00 +0900"
설 선물 문자 함부로 눌렀다간 '계좌 순삭'…명절 노린 스미싱 비상,"불법<b>스팸</b>대응센터(118)를 통한 신고도 가능하다. 피싱·스미싱이 의심되는 경우 112 또는 1394를 통해 상담받을 수 있다. 방미통위 관계자는 &quot;설 연휴 기간에는 투자<b>리딩방</b>, 명절 인사, 택배 배송 조회 등을 가장한 신종... ",https://n.news.naver.com/mnews/article/079/0004114786?sid=101,"Wed, 11 Feb 2026 10:26:00 +0900"
&quot;설 선물 왔나?&quot; 무심코 누른 문자 재앙으로…명절 스미싱 '주의보',"■ &quot;수익 보장&quot; 유혹 뒤엔 '입금 늪' 신종 사기 활개 최근 가장 위험한 유형은 이른바 '투자<b>리딩방</b>'과 '팀미션... 피해가 의심되거나 발생한 경우에는 지체 없이 경찰청(112)이나 불법<b>스팸</b>대응센터(118), 또는 1394로 연락해... ",https://www.thedailypost.kr/news/articleView.html?idxno=113134,"Tue, 10 Feb 2026 14:10:00 +0900"
2.6만명 '철컹'..피싱 범죄와의 전쟁 5개월,"충남·형사기동대는 캄보디아에 거점을 두고 연애 빙자 사기, 투자<b>리딩방</b>, 검찰 사칭 보이스피싱, 예약부도... 검거된 피의자 조사 과정에서 지난해 7월부터 통신사와 휴대전화 제조사가 운영한 <b>스팸</b> 등 필터링 서비스가... ",http://www.00news.co.kr/news/articleView.html?idxno=101720,"Thu, 05 Feb 2026 18:06:00 +0900"
경찰 &quot;피싱과 전쟁 5개월&quot; … 2만6000여명 검거,"충남경찰청 형사기동대는 캄보디아를 거점으로 연애 빙자 사기와 투자 <b>리딩방</b>, 검찰 사칭 보이스피싱, 노쇼... 검거된 피의자 조사 과정에서 지난해 7월부터 통신사와 휴대전화 제조사가 운영한 <b>스팸</b> 등 필터링... ",https://www.newdaily.co.kr/site/data/html/2026/02/05/2026020500302.html,"Thu, 05 Feb 2026 14:10:00 +0900"
보이스피싱 특별단속 2만 6000여명 검거…127명 강제송환,"충남경찰청 형사기동대는 연애 빙자 사기와 투자 <b>리딩방</b>, 검찰 사칭 보이스피싱, 노쇼 사기 등을 병행해... 특히 검거된 피의자 조사 과정에서 작년 7월부터 통신사와 휴대전화 제조사가 운영한 <b>스팸</b> 등 필터링... ",https://n.news.naver.com/mnews/article/011/0004587024?sid=102,"Thu, 05 Feb 2026 12:03:00 +0900"
"'피싱과의 전쟁' 5개월, 2만6000명 잡혔다…&quot;특별단속 무기한 연장&quot;","이외 투자<b>리딩방</b> 3134명, 노쇼사기 539명, 메신저피싱 529명 등의 순으로 집계됐다. 경찰은 피싱범 검거와... 특히 검거된 피의자 조사 과정에서 작년 7월부터 통신사와 휴대전화 제조사가 운영한 <b>스팸</b> 등 필터링 서비스가... ",https://n.news.naver.com/mnews/article/018/0006213868?sid=102,"Thu, 05 Feb 2026 12:02:00 +0900"
유튜브 <b>리딩방</b>·초단위 시세조종까지 다 잡아낸다…‘AI 감시망’ 시동,"AI가 과거 불공정거래 판명 데이터와 <b>스팸</b>문자, 유튜브 영상 등을 종합적으로 학습해 상장 종목별 위험도를 점수화하고 이상 징후가 포착되면 담당자에게 실시간으로 알리는 방식이다. 이를 통해 방대한 정보를 사람이... ",https://n.news.naver.com/mnews/article/009/0005631217?sid=101,"Mon, 02 Feb 2026 20:53:00 +0900"
주가조작 잡는 'AI 파수꾼' 뜬다 … 유튜브·<b>스팸</b>문자 실시간 탐지,"뉴데일리 김병욱 기자 = 한국거래소가 온라인 게시판과 유튜브, <b>스팸</b>문자 등 사이버 공간에서 이뤄지는... 최근 소셜네트워크서비스(SNS)나 유튜브 등에서 허위 사실을 유포하거나, 미리 주식을 매수한 뒤 <b>리딩방</b> 등을 통해... ",https://biz.newdaily.co.kr/site/data/html/2026/02/02/2026020200156.html,"Mon, 02 Feb 2026 12:02:00 +0900"
"“비공개 밴드는 사칭 사이트” 키움증권, 영웅문S# 경고 띄웠다","등 <b>리딩방</b> 가입 유도와 입금 요구 시 거절 △의심 시 키움금융 고객센터 문의 등을 강조했다. 피해가 발생했을 경우 경찰청 112와 금융사, 키움증권 1544-9000로 신고하고, <b>스팸</b>(사칭) 문자 신고나 인증서 효력 정지는... ",https://m.skyedaily.com/news_view.html?ID=296443,"Fri, 23 Jan 2026 15:26:00 +0900"
보이스피싱,"<b>스팸</b> 전화일 것이라 짐작하고 받지 않았다. 몇 차례의 부재중 전화가 이어진 뒤 상황을 설명하는 문자가... 금융기관을 사칭하는 것은 물론, 가족과 지인을 가장한 메시지, 투자 <b>리딩방</b>을 통한 접근, 미상장 코인이나... ",http://www.samdailbo.com/news/articleView.html?idxno=257150,"Tue, 23 Dec 2025 18:30:00 +0900"
<b>리딩방</b> 문자 그만!…오늘부터 불법<b>스팸</b> 발송부터 막는다,"피싱 범죄의 통로로 활용된 불법<b>스팸</b> 문자가 줄어들 전망입니다. 정부와 이동통신사 등이 불법<b>스팸</b> 발신번호를 실시간으로 검증하고 발송을 차단하는 시스템을 구축해, 오늘(17일)부터 시범 운영에 들어가는데요.... ",https://n.news.naver.com/mnews/article/374/0000481104?sid=101,"Wed, 17 Dec 2025 15:23:00 +0900"
"“<b>스팸</b> 쏟아진다”…‘쿠팡 사태’ 불안 계속, 과거 유출 때도 <b>스팸</b> 증...",그는 이날도 “주식 추천 종목 확인하세요”라며 ‘투자 <b>리딩방</b>’ 입장을 유도하는 웹 발신 <b>스팸</b> 문자를 받았다고 한다. ━ “쿠팡 공식 이벤트” 사칭 전화도 쿠팡을 사칭해서 2차 피해를 유도하는 것으로 의심되는... ,https://n.news.naver.com/mnews/article/025/0003486987?sid=102,"Tue, 02 Dec 2025 16:48:00 +0900"
“벌써부터 <b>스팸</b> 전화 4~5통씩 와요”...내 쿠팡 계정 더 털리지 않으려...,"주식 <b>리딩방</b> 사기, 온라인 계정 탈취 신용 사기 및 명의 도용 등의 유형이 있을 수 있다. 이미 쿠팡으로부터 개인정보 유출 안내 문자를 받은 이후 <b>스팸</b>으로 의심되는 전화번호로 벌써 4~5통의 전화를 받았다는 소비자들이... ",https://n.news.naver.com/mnews/article/009/0005599093?sid=102,"Mon, 01 Dec 2025 17:29:00 +0900"
[솔깃한 유혹] ⑦ 주식<b>리딩방</b> 투자,"오늘의 종목은 XX전자입니다.&quot; 처음엔 <b>스팸</b>이라 여겨 무시했다. 하지만 이튿날, 실제로 그 종목이 급등한... 이 소중한 자금을 <b>리딩방</b>이 안내한 계좌로 송금했을 때, 그녀는 이미 성공한 투자자의 대열에 합류했다고... ",http://www.hansbiz.co.kr/news/articleView.html?idxno=790124,"Wed, 19 Nov 2025 05:00:00 +0900"
[단독] 피싱범죄에 칼 빼든 경찰…'다중피해사기수사대' 221명 투입,"경찰은 특히 보이스피싱·투자<b>리딩방</b> 등 다중피해사기 범죄에 대응할 전담 인력 221명을 새로 충원한다.... 차단팀은 불법 웹사이트·SNS를 모니터링 및 차단하고, <b>스팸</b> 메시지 발송 네트워크와 전화번호 이용 정지 등을... ",https://n.news.naver.com/mnews/article/015/0005209295?sid=105,"Mon, 10 Nov 2025 15:23:00 +0900"
"“불법<b>스팸</b> 대응 시스템, 제도·물적 인프라 보완 시급”",금융사기 및 범죄 유인 창구로 지목된 불법<b>스팸</b>에 대한 정부 대응 시스템 재정비가 시급하다는 지적이... 이용자를 불법 주식 정보를 유포하는 ‘<b>리딩방</b>’으로 유인하거나 불법 대출 및 도박 등 내용이 무분별하게... ,https://n.news.naver.com/mnews/article/138/0002208250?sid=105,"Thu, 30 Oct 2025 16:31:00 +0900"
[신면주 칼럼]&quot;살려주세요&quot;,"도착하자 중국계 범죄조직에서 여권, 휴대폰 등을 압수하고 현지에서 운영 중인 '<b>스팸</b> 콜센터' '보이스 피싱 조직' '가짜투자 <b>리딩방</b> 조직' 등에 투입했다고 한다. 거부하거나 반항하면 폭행과 고문을 가해 사망하는 사례도... ",https://www.ksilbo.co.kr/news/articleView.html?idxno=1039438,"Tue, 21 Oct 2025 00:02:00 +0900"
[#통신 풍향계] KT-팔란티어 'CEO 회동'·LGU+ '소아암 환아 사생대회'·...,"이후 불법 주식 <b>리딩방</b> 가입 권유 등 <b>스팸</b>이 사회적 문제로 부각되자 여야 합의로 올해 3월 18일 전송자격인증의 법정 의무화를 골자로 한 전기통신사업법 개정안이 통과됐고 9월 19일부터 시행됐다. ◆최형두, 외국인... ",https://www.newsworks.co.kr/news/articleView.html?idxno=814362,"Tue, 14 Oct 2025 19:06:00 +0900"
"'<b>스팸</b>방지' 대량문자 자격 인증, 10곳 중 4곳은 안 받아&quot;","이후 불법 주식 '<b>리딩방</b>' 가입 권유 등 <b>스팸</b>이 사회적 문제로 부각되자 여야 합의로 올해 3월 전기통신사업법이 개정되면서 해당 제도가 법정 의무화됐고, 9월 19일부터 시행됐다. 김 의원은 &quot;방통위가 사실상... ",https://n.news.naver.com/mnews/article/003/0013532601?sid=105,"Tue, 14 Oct 2025 09:57:00 +0900"
[단독] 불법 <b>스팸</b> 대책 마련됐지만…시행령·예산 공백 '관리 사각지대...,하지만 지난해 ‘주식 <b>리딩방</b>’ 가입 권유 등 불법 <b>스팸</b>이 사회 문제로 부상하며 올해 3월 전송자격인증제 법정 의무화를 골자로 하는 전기통신사업법 개정안이 여야 합의로 처리됐다. 문제는 법 시행 주체인... ,https://n.news.naver.com/mnews/article/011/0004541300?sid=100,"Wed, 08 Oct 2025 08:01:00 +0900"
국내 안드로이드폰 3500만대에 보이스피싱 ‘자동 차단’ 프로그램 적용,"최근 보이스피싱 등 다중피해사기(보이스피싱·투자<b>리딩방</b>·로맨스스캠·노쇼사기 등) 피해는 급증하고... 문자사업자, 이동통신사, 단말기에 이르는 ‘불법<b>스팸</b>-악성앱 3중 차단’이 핵심인데, 이번 구글과의... ",https://www.viva100.com/article/20250904501508,"Thu, 04 Sep 2025 16:52:00 +0900"
"과기정통부, 보이스피싱 근절 위해 구글 악성앱 방지 ‘EFP’ 도입",최근 보이스피싱 등 다중피해사기(보이스피싱/투자<b>리딩방</b>/로맨스스캠/노쇼사기 등 불특정 다수를... 15대 실천과제 중 하나인 불법<b>스팸</b>악성앱 3중 차단은 통신이용자의 휴대전화에 악성앱이 설치되지 않도록... ,http://www.boannews.com/media/view.asp?idx=139073&kind=1,"Thu, 04 Sep 2025 16:02:00 +0900"
&quot;문자에 포함된 인터넷주소 누르지 마세요&quot;,"(투자<b>리딩방</b>), 이성적 호감을 가장해 접근한 후 금전적 이득을 취하는 금융사기(로맨스스캠), 대리 구매를 요구하며 비용을 지불하지 않는 예약어김(노쇼) 등 불특정 대상을 상대로 한 사기를 말한다. 불법<b>스팸</b>을 통한... ",https://www.ibabynews.com/news/articleView.html?idxno=138214,"Fri, 29 Aug 2025 11:30:00 +0900"
"“보이스피싱·투자<b>리딩방</b>·로맨스스캠 주의”…방통위, 불법<b>스팸</b> 다중...","(투자<b>리딩방</b>), 이성적 호감을 가장해 접근한 후 금전적 이득을 취하는 금융사기(로맨스스캠), 대리 구매를 요구하며 비용을 지불하지 않는 예약어김(노쇼) 등 불특정 대상을 상대로 한 사기를 말한다. 불법<b>스팸</b>을 통한... ",https://n.news.naver.com/mnews/article/119/0002996333?sid=105,"Thu, 28 Aug 2025 18:22:00 +0900"
"방통위, 불특정 다수 대상 ‘불법<b>스팸</b> 온라인 사기 피해’ 이용자 주의...","(투자<b>리딩방</b>), 이성적 호감을 가장해 접근한 후 금전적 이득을 취하는 금융사기(로맨스스캠), 대리 구매를 요구하며 비용을 지불하지 않는 예약어김(노쇼) 등 불특정 대상을 상대로 한 사기를 말한다. 불법<b>스팸</b>을 통한... ",https://idsn.co.kr/news/view/1065601261478283,"Thu, 28 Aug 2025 17:50:00 +0900"
문자 속 인터넷주소 클릭 금지... 불법<b>스팸</b> 사기 주의 당부,"다중피해사기는 전화금융사기(보이스피싱), 금융투자사기(투자<b>리딩방</b>), 로맨스 스캠, 예약어김(노쇼) 등 불특정 다수를 대상으로 한 다양한 사기 행위를 말한다. 방통위는 이 같은 범죄 예방을 위해 불법<b>스팸</b> 신고, 번호... ",https://www.public25.com/news/articleView.html?idxno=30800,"Thu, 28 Aug 2025 16:32:00 +0900"
방통위 &quot;문자 속 인터넷주소 누르지 마세요&quot;…'<b>스팸</b> 사기' 주의 당부,<b>리딩방</b>) ▲이성적 호감을 가장해 접근한 후 금전적 이득을 취하는 금융사기(로맨스스캠) ▲대리 구매를 요구하며 비용을 지불하지 않는 예약어김(노쇼) 등 불특정 대상을 상대로 한 사기를 말한다. 방통위는 불법<b>스팸</b>을... ,https://n.news.naver.com/mnews/article/448/0000552981?sid=100,"Thu, 28 Aug 2025 16:08:00 +0900"
방통위 &quot;문자에 포함된 인터넷주소 누르지 마세요&quot;,"방송통신위원회(위원장 이진숙)는 28일 &quot;최근 불법<b>스팸</b>을 통해 기관이나 온라인 대출 사칭 유인 등으로 고액... (투자<b>리딩방</b>), 이성적 호감을 가장해 접근한 후 금전적 이득을 취하는 금융사기(로맨스스캠) 등 불특정 대상을... ",https://n.news.naver.com/mnews/article/031/0000960784?sid=105,"Thu, 28 Aug 2025 15:57:00 +0900"
"&quot;문자에 포함된 URL 조심해야&quot;…방통위, '온라인 사기 피해' 주의 당부","(투자<b>리딩방</b>), 이성적 호감을 가장해 접근한 후 금전적 이득을 취하는 금융사기(로맨스스캠), 대리 구매를 요구하며 비용을 지불하지 않는 예약어김(노쇼) 등 불특정 대상을 상대로 한 사기를 말한다. 불법<b>스팸</b>을 통한... ",https://n.news.naver.com/mnews/article/138/0002203641?sid=105,"Thu, 28 Aug 2025 15:50:00 +0900"
&quot;고수익 알바&quot; 혹해서 문자속 링크 눌렀다간…금융 피해,"(투자<b>리딩방</b>), 이성적 호감을 가장해 접근한 후 금전적 이득을 취하는 금융사기(로맨스스캠), 대리 구매를 요구하며 비용을 지불하지 않는 예약어김(노쇼) 등 불특정 대상을 상대로 한 사기를 말한다. 불법<b>스팸</b>을 통한... ",https://n.news.naver.com/mnews/article/003/0013447910?sid=105,"Thu, 28 Aug 2025 15:13:00 +0900"
방통위 &quot;불법<b>스팸</b> 통한 다중피해사기 주의&quot;...예방수칙 6가지 안내,"(투자<b>리딩방</b>), 이성적 호감을 가장해 접근한 후 금전적 이득을 취하는 금융사기(로맨스스캠), 대리 구매를 요구하며 비용을 지불하지 않는 예약어김(노쇼) 등 불특정 대상을 상대로 한 사기를 말한다. 불법<b>스팸</b>을 통한... ",https://n.news.naver.com/mnews/article/008/0005242390?sid=105,"Thu, 28 Aug 2025 15:08:00 +0900"
"방통위, 불법<b>스팸</b> 주의보 &quot;문자에 포함된 인터넷주소(URL) 누르지 말라&quot;","(투자<b>리딩방</b>), 이성적 호감을 가장해 접근한 후 금전적 이득을 취하는 금융사기(로맨스스캠), 대리 구매를 요구하며 비용을 지불하지 않는 예약어김(노쇼) 등 불특정 대상을 상대로 한 사기를 말한다. 불법<b>스팸</b>을 통한... ",https://www.techm.kr/news/articleView.html?idxno=143814,"Thu, 28 Aug 2025 15:04:00 +0900"
방통위 &quot;문자에 포함된 URL 누르지 마세요&quot;…이용자 주의 당부,"[사진 : 연합뉴스] 불특정 다수를 대상으로 한 불법<b>스팸</b> 사기에 대한 이용자 주의가 요구된다. 28일... 다중피해사기는 보이스피싱, 높은 수익률 보장 등 과장·허위 광고로 유인하는 투자<b>리딩방</b>, 이성적 호감을 가장해... ",https://www.digitaltoday.co.kr/news/articleView.html?idxno=588117,"Thu, 28 Aug 2025 15:04:00 +0900"
&quot;문자에 포함된 인터넷주소 누르지 마세요&quot;,"(투자<b>리딩방</b>), 이성적 호감을 가장해 접근한 후 금전적 이득을 취하는 금융사기(로맨스스캠), 대리 구매를 요구하며 비용을 지불하지 않는 예약어김(노쇼) 등 불특정 대상을 상대로 한 사기를 말한다. 불법<b>스팸</b>을 통한... ",https://www.newspim.com/news/view/20250828000749,"Thu, 28 Aug 2025 14:57:00 +0900"
"방통위, '불법<b>스팸</b> 온라인 사기 피해' 이용자 주의 당부","(투자<b>리딩방</b>), 이성적 호감을 가장해 접근한 후 금전적 이득을 취하는 금융사기(로맨스스캠), 대리 구매를 요구하며 비용을 지불하지 않는 예약어김(노쇼) 등 불특정 대상을 상대로 한 사기를 말한다. 불법<b>스팸</b>을 통한... ",http://www.m-i.kr/news/articleView.html?idxno=1275639,"Thu, 28 Aug 2025 14:56:00 +0900"
&quot;모르는 번호 문자 '인터넷주소' 절대 누르지 마세요&quot;,"(투자<b>리딩방</b>), 이성적 호감을 가장해 접근한 후 금전적 이득을 취하는 금융사기(로맨스스캠), 대리 구매를 요구하며 비용을 지불하지 않는 예약어김(노쇼) 등 불특정 대상을 상대로 한 사기를 뜻한다. 불법<b>스팸</b>을 통한... ",https://n.news.naver.com/mnews/article/092/0002388092?sid=105,"Thu, 28 Aug 2025 14:45:00 +0900"
&quot;문자에 포함된 인터넷주소 누르지 마세요&quot;,"(투자<b>리딩방</b>), 이성적 호감을 가장해 접근한 후 금전적 이득을 취하는 금융사기(로맨스스캠), 대리 구매를 요구하며 비용을 지불하지 않는 예약어김(노쇼) 등 불특정 대상을 상대로 한 사기를 말한다. 정부는 불법<b>스팸</b>을... ",http://www.enewstoday.co.kr/news/articleView.html?idxno=2321526,"Thu, 28 Aug 2025 14:45:00 +0900"
"금감원-플랫폼 간담회 &quot;불법 금융투자사기 차단, 자율규제 확산&quot;",카카오는 불법 <b>리딩방</b> 차단을 위해 <b>스팸</b> 문자·SNS 신고 시스템을 강화해 제재 건수를 94% 줄였다고 밝혔다. 구글은 금융서비스 광고 인증제 운영 성과를 소개하며 업계 전체 협력이 필요하다고 강조했다. 네이버는... ,http://www.mhj21.com/168902,"Fri, 22 Aug 2025 13:36:00 +0900"
"작년 '불법리딩' 피해 7000억 원… 금감원, 플랫폼사에 &quot;강한 책임감&quot; 당...",금감원에 따르면 사회관계망서비스(SNS)를 통해 거짓 정보로 투자를 유도하는 불법<b>리딩방</b>으로 인한 피해액이... 카카오는 채팅방 링크나 카카오톡 ID가 포함된 불법 <b>스팸</b> 문자에 대한 신고가 들어오면 이용제한을 하고... ,https://n.news.naver.com/mnews/article/469/0000882811?sid=101,"Thu, 21 Aug 2025 18:30:00 +0900"
"금감원, 플랫폼 업계와 간담회... “금융투자 사기 근절”",금감원은 24년 기준 불법<b>리딩방</b>으로 인한 총 피해액이 7104억원으로 보이스피싱 피해액(8545억원)의 83% 수준에... 불법 <b>스팸</b> 문자와 SNS 광고에 대한 신고에 대해 강화된 운영정책을 도입했다고 밝혔다. 정책 강화 이후... ,https://n.news.naver.com/mnews/article/119/0002993570?sid=101,"Thu, 21 Aug 2025 16:55:00 +0900"
"금감원-온라인 플랫폼, 현장간담회 개최",'24년 기준 불법<b>리딩방</b>으로 인한 총 피해액는 7104억원으로 보이스피싱 피해액(8545억원)의 83% 수준에 달하는 등... 카카오톡 채팅방을 악용한 불법 리딩 행위 차단을 위해 채팅방 링크 또는 카카오톡 ID가 포함된 불법 <b>스팸</b>... ,http://www.intn.co.kr/news/articleView.html?idxno=2045451,"Thu, 21 Aug 2025 16:28:00 +0900"
"온라인 금융사기 '주의보'...금감원, 플랫폼과 예방 대책 논의","금감원은 이 자리에서 불법 <b>리딩방</b>으로 인한 총 피해액이 2024년 기준 7104억 원에 달해 보이스피싱 피해액의 83... 카카오는 불법 <b>스팸</b> 문자에 대한 강화된 운영정책으로 제재 건수가 약 94% 감소했다고 밝혔고, 구글은... ",http://www.newsprime.co.kr/news/article.html?no=701106,"Thu, 21 Aug 2025 15:34:00 +0900"
금감원-온라인 플랫폼 &quot;금융투자사기 근절 위해 자율규제 확대 필요&quot;,"불법 <b>리딩방</b> 등으로 발생한 피해 규모는 7,104억원으로 이는 보이스피싱 피해액의 83% 수준에 달하는 수치다. 이날 플랫폼사들은 자율규제 추진 성과와 애로사항을 공유했다. 카카오는 채팅방 링크·ID가 포함된 불법 <b>스팸</b>... ",http://www.srtimes.kr/news/articleView.html?idxno=184076,"Thu, 21 Aug 2025 15:14:00 +0900"
금감원 금융투자사기 대응 현장 간담회 개최,지난해 불법<b>리딩방</b> 피해액 7104억원 온라인 플랫폼⋯자율규제 성과 공유 업계와의 소통 강화⋯제도 내실화... 카카오는 카카오톡 채팅방을 통한 불법 리딩 행위 차단을 위해 <b>스팸</b>문자·소셜네트워크서비스(SNS) 광고에 대한... ,https://www.asiatime.co.kr/article/20250821500203,"Thu, 21 Aug 2025 15:02:00 +0900"
"금감원, 온라인 플랫폼 자율규제 법제화 추진",그동안 자율 규제를 통해 카카오는 카카오톡을 활용한 불법 <b>리딩방</b> 차단·<b>스팸</b> 문자·SNS 광고 내 채팅방 링크와 ID 제재 정책을 강화해 제재 건수를 94% 줄였다. 구글은 금융 광고 인증 제도를 성공적으로 도입했다.... ,https://n.news.naver.com/mnews/article/031/0000958940?sid=101,"Thu, 21 Aug 2025 15:01:00 +0900"
"금감원-온라인 플랫폼 현장간담회…“불법 <b>리딩방</b> 피해, 보이스피싱 수...",불법 <b>리딩방</b> 피해 규모가 보이스피싱에 버금가는 수준으로 불어난 상황에서 금융투자사기 및 불법금융정보... 카카오는 카카오톡 채팅방을 악용한 불법 리딩 행위 차단을 위해 <b>스팸</b> 문자·SNS 광고 제재 정책을... ,https://www.etoday.co.kr/news/view/2498873,"Thu, 21 Aug 2025 15:00:00 +0900"
플랫폼업계 만난 금감원…금융투자사기 자율규제 당부,"이날 카카오는 불법 <b>리딩방</b> 차단을 위해 <b>스팸</b> 문자 및 SNS 광고에 포함된 카카오톡 채팅방 링크·ID 제재를 강화한 결과, 제재 건수가 정책 도입 당시(2023년 11월) 대비 2025년 7월 현재 약 94% 감소했다고 설명했다. 금감원과... ",https://www.newsway.co.kr/news/view?ud=2025082109124859499,"Thu, 21 Aug 2025 15:00:00 +0900"
금감원. 온라인 플랫폼 및 관계기관 현장간담회,지난해 불법<b>리딩방</b>으로 인한 총 피해액는 7104억원으로 보이스피싱 피해액(8545억원)의 83% 수준에 달하는 등... 불법 <b>스팸</b> 문자(SMS)‧SNS 광고에 대한 신고에 대해서도 강화된 운영정책에 따라 이용 제한 조치를 시행중이다.... ,https://www.newspim.com/news/view/20250821000714,"Thu, 21 Aug 2025 15:00:00 +0900"
"금감원 &quot;플랫폼, 금융투자사기 자율규제 성과…업계 확산해야&quot;","불법<b>리딩방</b> 운영을 금지하고, 금융 서비스 광고 시 인증을 실시하는 등의 자율규제를 도입했다. 김 처장은 &quot;각... 이날 간담회에서 카카오는 채팅방 링크나 카카오톡 ID가 포함된 불법 <b>스팸</b> 문자나 광고 신고에 이용 제한... ",https://n.news.naver.com/mnews/article/001/0015578811?sid=101,"Thu, 21 Aug 2025 15:00:00 +0900"
온라인 플랫폼 만난 금감원 &quot;자율규제 넘는 강한 책임감 가져야&quot;,실제로 지난해 불법<b>리딩방</b>으로 인한 총 피해액는 7104억 원으로 보이스피싱 피해액(8545억 원)의 83% 수준에... 불법 <b>스팸</b> 문자(SMS)·SNS 광고에 대한 신고에 대해서도 강화된 운영정책에 따라 이용 제한 조치 시행 중이다. 정책... ,https://n.news.naver.com/mnews/article/421/0008440478?sid=101,"Thu, 21 Aug 2025 15:00:00 +0900"
지능화·디지털화 되는 금융투자사기···금감원 “자율규제 확대”,"불법<b>리딩방</b> 운영 금지, 금융서비스광고 시 인증 규제 등을 일컫는다. 금감원은 또 범정부 태스크포스(TF) 등... 불법 <b>스팸</b> 문자·SNS 광고에 대한 신고에 대해서도 강화된 운영정책에 따라 이용 제한 조치를 시행하고 있다”... ",https://n.news.naver.com/mnews/article/014/0005394792?sid=101,"Thu, 21 Aug 2025 15:00:00 +0900"
"'카카오·구글·네이버' 한자리에…금감원 &quot;온라인 금융사기, 업계 책임...",금감원은 이 자리에서 불법 <b>리딩방</b>과 불법 금융광고 등 최근 급증하는 온라인 금융사기 수법과 감독당국... 카카오는 카카오톡 채팅방을 악용한 불법 리딩행위를 차단하기 위해 <b>스팸</b> 문자·SNS 광고를 포함한 링크 및 ID... ,https://www.ebn.co.kr/news/articleView.html?idxno=1675331,"Thu, 21 Aug 2025 15:00:00 +0900"
보이스피싱 맞먹는 불법<b>리딩방</b> 피해…금감원 차단 강화,불법 <b>리딩방</b>과 금융광고를 통한 피해액이 보이스피싱에 맞먹을 정도로 급증하자 감독당국과 플랫폼 업계가... 카카오는 카카오톡 채팅방을 악용한 불법 리딩 행위를 차단하기 위해 <b>스팸</b> 문자·SNS 광고에 포함된 채팅방... ,https://n.news.naver.com/mnews/article/018/0006095183?sid=101,"Thu, 21 Aug 2025 15:00:00 +0900"
&quot;대출금만 1억&quot; 복권 사기에 다단계·<b>리딩방</b>까지…아내 사고에 남편은 ...,"당시 아내는 복권 분석을 해준다는 <b>스팸</b> 문자를 받았다고. 메시지에 첨부된 링크를 누른 아내는 사이트 가입... 240만 원 정도, 4~5개월 밖에 안 했다&quot;고 말했고, 이어 아이스크림 가게와 주식 <b>리딩방</b> 관련 사고도 밝혀졌다.... ",https://m.entertain.naver.com/article/311/0001884191,"Fri, 27 Jun 2025 10:20:00 +0900"
"‘이숙캠’ 국과수 소환 충격, 다단계→대출→복권 사기에 “돌반지 네...","아내는 다단계, 주식 <b>리딩방</b> 등으로 계속 돈을 잃었다는 게 드러나 충격을 더했다. 아내는 무직임에도 일을 한다고 남편을 속였다. 뿐만 아니라 복권 번호를 알려주겠다는 <b>스팸</b> 사기에 돈을 보내 사기를 당하기도 했다.... ",https://m.entertain.naver.com/article/609/0001003011,"Fri, 27 Jun 2025 08:16:00 +0900"
"복권 1등 노리다가…팔랑귀 아내, <b>스팸</b> 사기→다단계 피해 고백 (이숙캠...","당시 이혼까지 생각했다는 것. 또한 아내는 다단계, 주식 <b>리딩방</b> 등으로 계속 돈을 잃었다고 밝혀 충격을 안겼다. 한편, 부부 관찰 리얼리티 프로그램 ‘이혼숙려캠프’는 매주 목요일 오후 10시 10분에 방송된다.",https://m.entertain.naver.com/article/408/0000271023,"Fri, 27 Jun 2025 02:06:00 +0900"
&quot;생활비 달라더니 도박 사이트에?&quot; 남편 빚이 1억원이 된 이유는…,"아내는 복권 번호를 알려주겠다는 <b>스팸</b> 사기에 돈을 보내 약 천만 원, 식품 다단계로 240만원, 주식 <b>리딩방</b>에서도 천만 원 등을 한순간에 날렸다. 남편은 &quot;(아내가) 주변에서 돈을 쉽게 벌 수 있는 기회가 있다고 들으면 좀... ",https://m.entertain.naver.com/article/008/0005213437,"Fri, 27 Jun 2025 00:07:00 +0900"
'이혼숙려캠프' 아내 &quot;복권 번호 분석 사기에 1000만 원 날려&quot;,"아내는 우연히 복권 3등에 당첨된 이후, 복권 번호를 분석해 준다는 <b>스팸</b> 문자를 받고, 한 사이트에 가입 후... 더불어 아내는 복권 사기 외에도 다단계, 아이스크림 가게, 주식 <b>리딩방</b> 등으로 돈을 잃었고, 남편은 이로... ",https://m.entertain.naver.com/article/421/0008336197,"Thu, 26 Jun 2025 22:56:00 +0900"
[여의도 단상 - 장경순] 디지털 시대의 그림자,"신청하지도 않은 신용카드를 배달해 주겠다는 전화를 받기도 하고, 부고를 가장한 피싱 문자부터 <b>리딩방</b>으로 유인하는 <b>스팸</b>까지 줄기차게 온다. 이런 걸 보면 이미 개인정보는 유출된 걸로 보이는데, 이런 것들과 유심... ",http://www.kbiznews.co.kr/news/articleView.html?idxno=110925,"Mon, 09 Jun 2025 10:20:00 +0900"
"KISA, 금감원과 공조 확대...금융범죄 목적 <b>스팸</b>문자 차단도 맞손","양 기관은 지난해 12월 주식 <b>리딩방</b> 등 불법금융투자 유형의 <b>스팸</b>문자 차단에 협력한 것에 이어, 이번에는 불법사금융 유형으로 협력 범위를 확대했다 이번 협력의 주요 내용은 ▲불법사금융 유형 <b>스팸</b>문자 신규 차단... ",https://n.news.naver.com/mnews/article/092/0002375795?sid=105,"Tue, 27 May 2025 08:30:00 +0900"
[핀테크핫이슈] 비전 안 보이는 대선 금융공약...소상공인·청년 지원 초...,"⦁ KISA-금감원, 민생침해 금융범죄 목적 <b>스팸</b>문자 차단 강화 두 기관은 지난해 12월 주식 <b>리딩방</b> 등 불법금융투자 유형의 <b>스팸</b>문자 차단에 협력한 것에 이어, 이번에는 불법사금융 유형으로 협력 범위를 확대했다.... ",https://www.digitaltoday.co.kr/news/articleView.html?idxno=567844,"Tue, 27 May 2025 07:30:00 +0900"
"KISA, 금감원과 '민생침해 금융범죄 목적 <b>스팸</b>문자 차단' 강화",양 기관은 지난해 12월 주식 <b>리딩방</b> 등 불법금융투자 유형의 <b>스팸</b>문자 차단에 협력한 것에 이어 이번에는 불법사금융 유형으로 협력 범위를 확대했다. 이번 협력의 주요 내용은 △불법사금융 유형 <b>스팸</b>문자 신규 차단... ,https://www.cstimes.com/news/articleView.html?idxno=648796,"Tue, 27 May 2025 01:56:00 +0900"
금감원 “불법 대출·추심 <b>스팸</b>문자 사전 차단”,"사전에 걸러내는 방식으로 <b>스팸</b> 문자 차단을 확대할 방침이라고 밝혔습니다. 금감원 등은 지난해 12월부터 '주식 <b>리딩방</b>' 등 불법 금융 투자와 관련한 문자를 사전에 걸러내, 5개월간 20만 건 이상 <b>스팸</b> 문자를 차단했습니다.",https://n.news.naver.com/mnews/article/056/0011958714?sid=101,"Mon, 26 May 2025 19:21:00 +0900"
"KISA-금감원, 불법대부·불법추심 <b>스팸</b>문자 차단 위해 맞손","양 기관은 지난해 12월 주식 <b>리딩방</b> 등 불법 금융투자 관련 <b>스팸</b>문자 차단 협력에 이어 이번에는 불법대출, 불법추심 등 불법사금융 유형까지 협력 범위를 확대했다고 26일 밝혔다. 이번 협력의 주요 내용은 △불법사금융... ",http://www.newsprime.co.kr/news/article.html?no=690024,"Mon, 26 May 2025 16:48:00 +0900"
"KISA·금감원, 금융 <b>스팸</b>문자 차단 강화","이들 기관은 지난해 12월 주식 <b>리딩방</b> 등 불법금융투자 유형의 <b>스팸</b>문자 차단에 협력한 것에 이어, 이번에는 불법사금융 유형으로 협력 범위를 확대했다. 이번 협력의 주요 내용은 ▲불법사금융 유형 <b>스팸</b>문자 신규 차단... ",https://n.news.naver.com/mnews/article/003/0013266133?sid=105,"Mon, 26 May 2025 16:32:00 +0900"
"KISA-금융감독원, 민생침해 금융범죄 목적 <b>스팸</b>문자 차단 강화","양 기관은 지난해 12월 주식 <b>리딩방</b> 등 불법금융투자 유형의 <b>스팸</b>문자 차단에 협력한 것에 이어, 이번에는 불법사금융 유형으로 협력 범위를 확대했다. 이번 협력의 주요 내용은 ◇불법사금융 유형 <b>스팸</b>문자 신규 차단... ",https://www.dailysecu.com/news/articleView.html?idxno=166422,"Mon, 26 May 2025 16:26:00 +0900"
"KISA-금감원, 민생침해 금융범죄 목적 <b>스팸</b>문자 차단 강화","두 기관은 지난해 12월 주식 <b>리딩방</b> 등 불법금융투자 유형의 <b>스팸</b>문자 차단에 협력한 것에 이어, 이번에는 불법사금융 유형으로 협력 범위를 확대했다. 이번 협력의 주요 내용은 ▲불법사금융 유형 <b>스팸</b>문자 신규 차단... ",https://www.digitaltoday.co.kr/news/articleView.html?idxno=568002,"Mon, 26 May 2025 16:20:00 +0900"
"KISA·금감원, 민생침해 금융범죄 대응 협력","양 기관은 지난해 12월 주식 <b>리딩방</b> 등 불법금융투자 유형의 <b>스팸</b>문자 차단에 협력한 것에 이어, 이번에는 불법사금융 유형으로 협력 범위를 확대했다. 이번 협력의 주요 내용은 ▲불법사금융 유형 <b>스팸</b>문자 신규 차단... ",https://www.datanet.co.kr/news/articleView.html?idxno=202334,"Mon, 26 May 2025 16:20:00 +0900"
"선거철 노린 <b>리딩방</b>·대출 문자, 정부가 직접 막는다",특히 주식 <b>리딩방</b> 유도형 <b>스팸</b>은 '수익 인증'과 '무료 리딩' 등을 앞세워 이용자를 특정 오픈채팅방으로 유도하고 이후 고수익 투자를 빌미로 개인정보 및 금전을 갈취하는 방식이다. 기존에는 수신자 측에서의 차단에만... ,https://www.epnc.co.kr/news/articleView.html?idxno=317063,"Mon, 26 May 2025 16:00:00 +0900"
"불법대부·추심 문자도 사전 차단…금감원, <b>스팸</b> 발송 단계부터 '원천봉...",불법사금융 <b>스팸</b>까지 적용 확대…1만건 키워드 신규 도입 수신 아닌 '발송' 단계부터 차단…이통3사와 시스템 연계 불법금융사기(예시 : 주식<b>리딩방</b>) 관련 <b>스팸</b>문자 유형/금융감독원 금융감독원이 <b>스팸</b>문자 차단 방식을... ,http://www.metroseoul.co.kr/article/20250526500454,"Mon, 26 May 2025 15:28:00 +0900"
"KISA-금감원, 민생침해 금융범죄 목적 <b>스팸</b>문자 차단 강화",양 기관은 지난해 12월 주식 <b>리딩방</b> 등 불법금융투자 유형의 <b>스팸</b>문자 차단에 협력한 것에 이어 이번에는 불법사금융 유형으로 협력 범위를 확대했습니다. 이번 협력의 주요 내용은 불법사금융 유형 <b>스팸</b>문자 신규 차단... ,https://news.bbsi.co.kr/news/articleView.html?idxno=4031761,"Mon, 26 May 2025 15:06:00 +0900"
"KISA-금감원, 민생침해 금융범죄 목적 <b>스팸</b>문자 차단 강화",양 기관은 지난해 12월 주식 <b>리딩방</b> 등 불법금융투자 유형의 <b>스팸</b>문자 차단에 협력한 것에 이어 이번에는 불법사금융 유형으로 협력 범위를 확대했다. 이번 협력의 주요 내용은 ▲불법사금융 유형 <b>스팸</b>문자 신규 차단... ,http://www.newsworker.co.kr/news/articleView.html?idxno=380433,"Mon, 26 May 2025 14:42:00 +0900"
6월 중 민생 침해 금융범죄 목적 '<b>스팸</b>문자 차단' 강화,"양 기관은 지난해 12월 주식 <b>리딩방</b> 등 불법금융투자 유형의 <b>스팸</b>문자 차단에 협력한 것에 이어, 이번에는 불법사금융 유형으로 협력 범위를 확대했다. 이동연 KISA 국민피해대응단장은 &quot;이번 협력 강화로 민생침해... ",https://n.news.naver.com/mnews/article/047/0002474826?sid=101,"Mon, 26 May 2025 14:30:00 +0900"
금감원 &quot;불법대출·추심 <b>스팸</b>문자 발송 전 원천 차단&quot;,"다음 달부터는 <b>스팸</b>문자 차단을 수신 단계뿐 아니라 발송 단계까지 확대 시행하기로 했습니다. 적용 범위도 기존의 고수익 투자, 주식 <b>리딩방</b> 등 불법 투자 유도 문자에서 고금리 불법대출 광고나 협박성 추심 문자까지... ",https://n.news.naver.com/mnews/article/422/0000743863?sid=101,"Mon, 26 May 2025 14:28:00 +0900"
"KISA-금감원, 민생침해 금융범죄 목적 <b>스팸</b>문자 차단 강화","양 기관은 지난해 12월 주식 <b>리딩방</b> 등 불법금융투자 유형의 <b>스팸</b>문자 차단에 협력한 것에 이어, 이번에는 불법사금융 유형으로 협력 범위를 확대했다. 이번 협력의 주요 내용은 ▲불법사금융 유형 <b>스팸</b>문자 신규 차단... ",http://www.newsdream.kr/news/articleView.html?idxno=85175,"Mon, 26 May 2025 14:28:00 +0900"
"KISA·금감원, 민생침해 금융범죄 목적 <b>스팸</b>문자 차단 강화","양 기관은 지난해 12월 주식 <b>리딩방</b> 등 불법금융투자 유형의 <b>스팸</b>문자 차단에 협력한 데 이어, 이번에는 협력 범위를 불법사금융 유형으로 확대했다. 이번 협력의 주요 내용은 △불법사금융 유형 <b>스팸</b>문자 신규 차단... ",https://www.ngetnews.com/news/articleView.html?idxno=527309,"Mon, 26 May 2025 14:24:00 +0900"
"KISA-금감원, 민생침해 금융범죄 예방 협력 확대",앞서 양 기관은 지난해 12월 주식 <b>리딩방</b> 등 불법금융투자 유형의 <b>스팸</b>문자 차단을 위해 협력한 바 있다. 이번에 불법사금융 유형으로 협력 범위를 넓혔다. 구체적으로 △불법사금융 유형 <b>스팸</b>문자 신규 차단... ,https://n.news.naver.com/mnews/article/030/0003315802?sid=105,"Mon, 26 May 2025 14:17:00 +0900"
"아무리 막아도 집요하게 파고드는 피싱 범죄, 피해 막으려면 어떻게? [이...","저금리 대출 대환, 주식 <b>리딩방</b>, 입회비 반환 등 금융 관련 사기 등이 대표적입니다. 이성이 우연을 빙자해... 해외 메신저 서비스는 로맨스 스캠, <b>스팸</b> 메시지를 신고해도 대응이 늦거나 차단이 안 됩니다. 사용자가... ",https://it.donga.com/107007/,"Mon, 26 May 2025 14:10:00 +0900"
"KISA-금감원, 민생침해 금융범죄 목적 <b>스팸</b>문자 차단 강화","양 기관은 지난해 12월 주식 <b>리딩방</b> 등 불법금융투자 유형의 <b>스팸</b>문자 차단에 협력한 것에 이어, 이번에는 불법사금융 유형으로 협력 범위를 확대했다. 이번 협력의 주요 내용은 ▲불법사금융 유형 <b>스팸</b>문자 신규 차단... ",https://n.news.naver.com/mnews/article/119/0002960940?sid=105,"Mon, 26 May 2025 14:07:00 +0900"
"금감원 “불법 대출 <b>스팸</b> 문자, 발송부터 차단”","금감원은 지난해 12월부터 불법금융투자 문자에 대해 약 5개월간 20만 건 이상의 <b>스팸</b> 문자를 차단했는데, 다음 달부터는 차단 범위를 불법사금융까지 넓히기로 했습니다. 지금까지는 고수익 투자나 주식<b>리딩방</b> 등 불법... ",https://n.news.naver.com/mnews/article/056/0011958487?sid=102,"Mon, 26 May 2025 12:43:00 +0900"
금감원 “강달러 수혜주 입장하세요” 문자 20만 건 걸러냈다,"텔레그램, 카카오톡 등으로 유도하는 투자사기 <b>리딩방</b> 문자도 주요 차단 대상이다. 금감원 관계자는 &quot;<b>스팸</b>문자 차단 강화 방안은 민생침해 금융범죄의 접근 경로를 사전적으로 원천 차단해 금융소비자의 피해 예방에... ",https://n.news.naver.com/mnews/article/011/0004489676?sid=101,"Mon, 26 May 2025 12:06:00 +0900"
고금리 덫 놓는 문자사기 … 이젠 '발송'부터 막는다,"◇<b>스팸</b> 지능화 대응 … “주식<b>리딩방</b>·대선테마주 문자도 주의” 불법 문자 유형도 진화하고 있다. 단순 고금리 대출 광고뿐 아니라 “○○○ 대선후보 테마주 공개”, “미국 관세 수혜주 공유” 등의 문구로... ",https://biz.newdaily.co.kr/site/data/html/2025/05/26/2025052600153.html,"Mon, 26 May 2025 12:02:00 +0900"
"금감원 “불법 대출·추신 <b>스팸</b>문자, 발송부터 차단”","이상의 <b>스팸</b>문자를 차단했습니다. 다음 달부터는 차단 범위를 불법사금융으로까지 넓힙니다. 지금까지는 고수익 투자나 주식<b>리딩방</b> 등 불법투자 유도 문자가 중심이었지만, 앞으로는 고금리 불법대출 광고나 협박성... ",https://n.news.naver.com/mnews/article/056/0011958460?sid=101,"Mon, 26 May 2025 12:00:00 +0900"
이정엽 변호사 “<b>리딩방</b> 범죄 형태 정교화… 유통 경로 원천 차단해야”...,"주식 <b>리딩방</b>이 성행했다면, 최근에는 가상자산이 뜨면서 가상자산 <b>리딩방</b> 사기 사건이 늘고 있습니다. 기획... 젊은층은 <b>스팸</b>전화를 무시하는 경우가 많지만, 고령층은 전화를 받을 확률이 높아 말벗을 가장한 접근이 더... ",https://n.news.naver.com/mnews/article/022/0004036453?sid=102,"Sun, 18 May 2025 19:15:00 +0900"
[발언대] 투지<b>리딩방</b> 주의를,<b>리딩방</b>은 메신저를 통해 주식이나 코인 등의 종목을 추천하는 불법 유사투자자문 행위를 말한다. 투자를... 사기나 <b>스팸</b> 문자를 받았다면 한국인터넷진흥원 홈페이지나 불법<b>스팸</b> 대응센터(118)를 통해 신고하면 다른... ,http://www.mdilbo.com/detail/NBZ4Lp/742640,"Tue, 13 May 2025 17:40:00 +0900"
&quot;투자자문받고 투자했는데 연락두절&quot;... 상담원이 꼽은 온라인 피해 주...,"ⓒ방송통신위원회 #SNS 주식투자 <b>리딩방</b>에서 투자 자문을 받고 투자했는데, 이후 연락이 되지 않고 있습니다. 어떻게 해야 할까요? #제 번호가 <b>스팸</b> 문자 발송에 이용되었다는 것을 알게 되었습니다. 추후 한 번 더... ",https://www.ibabynews.com/news/articleView.html?idxno=129072,"Tue, 01 Apr 2025 11:10:00 +0900"
&quot;자문 받고 투자했는데 연락두절&quot;…온라인 피해상담 '재화' 많아,"#주식투자 <b>리딩방</b>에서 투자 자문 받고 투자했는데, 연락이 안돼요. 어떻게 해야 해요? #제 번호가 <b>스팸</b> 문자에 활용됐어요. 한 번 더 <b>스팸</b> 문자를 발송하면 자동으로 번호가 정지된다고 하는데, 영업을 하고 있어 번호... ",https://n.news.naver.com/mnews/article/003/0013152575?sid=105,"Mon, 31 Mar 2025 10:46:00 +0900"
<b>스팸</b> 확 줄까…내달부터 구형 삼성폰도 AI 차단 기능 쓴다,"1%로 전반기 23.6% 대비 22.5%p 증가했다. 삼성전자 관계자는 “AI를 통한 메시지 차단 기능으로 <b>리딩방</b>, 로또 등 불특정 다수에게 허가되지 않은 <b>스팸</b> 메시지를 보다 광범위하게 차단할 수 있을 것”이라고 설명했다．",https://n.news.naver.com/mnews/article/003/0013151022?sid=105,"Sun, 30 Mar 2025 06:30:00 +0900"
삶 팍팍한데 민생 위협하는 사기 범죄 작년 40만건 넘었다[세쓸통],"하지만 최근에는 개인의 일상이 정보통신망 중심으로 바뀌다보니 '보이스피싱', '투자 <b>리딩방</b> 사기... 불법 <b>스팸</b>과 대포폰 등 범행 수단 차단에 나섰습니다. 우선 불법 <b>스팸</b>을 방치한 사업자에 대한 과징금을... ",https://n.news.naver.com/mnews/article/003/0013122663?sid=102,"Mon, 17 Mar 2025 08:07:00 +0900"
"[팩플] ‘챗GPT가 20초 만에 개인정보 찾아 피싱’...KAIST, AI 악용 가능...","https://www.joongang.co.kr/article/25295374 ②“나 뽑아줘” 총선 좀비 문자…폰에서 이거 치면 싹 거른다 주식, 코인 <b>리딩방</b> 광고는 물론 대출, 도박, 택배 사칭까지. 온종일 <b>스팸</b> 전화와 문자가 이어진다면. 원치 않는... ",https://n.news.naver.com/mnews/article/025/0003422671?sid=105,"Mon, 24 Feb 2025 13:26:00 +0900"
'<b>스팸</b>문자 3000만건 뿌려 주가조작'…<b>리딩방</b> 일당에 징역·벌금형,코스닥 상장사 주가를 끌어올리기 위해 허위 <b>스팸</b> 메시지 약 3000만 건을 발송한 혐의로 기소된 <b>리딩방</b> 업체 일당이 1심에서 무더기 징역형과 벌금형을 받았다. 서울남부지법 형사합의13부(부장판사 김상연)는 18일... ,https://n.news.naver.com/mnews/article/448/0000509199?sid=102,"Wed, 19 Feb 2025 13:37:00 +0900"
[와글와글 플러스] '<b>스팸</b> 문자 뿌려 주가조작' 징역형,"주가를 띄우기 위해 3천만 건 넘는 <b>스팸</b> 문자를 살포한, 이른바 <b>리딩방</b> 업체 직원들이 1심에서 징역형을 선고받았습니다. 범행은 지난 2022년 8월부터 5개월간 일어났는데요. 한 코스닥 상장사의 주가를 띄우기 위해... ",https://n.news.naver.com/mnews/article/214/0001406389?sid=102,"Wed, 19 Feb 2025 07:30:00 +0900"
‘주가조작 <b>스팸</b> 문자’ <b>리딩방</b> 일당 징역형,[경상매일신문=안종규기자]코스닥 상장사 주가를 끌어올리기 위해 허위 풍문성 <b>스팸</b> 메시지 약 3000만 건을 발송한 혐의로 재판에 넘겨진 <b>리딩방</b> 업체 일당들이 1심에서 징역형과 벌금형을 받았다.서울남부지법... ,http://www.ksmnews.co.kr/news/view.php?idx=525366,"Tue, 18 Feb 2025 20:44:00 +0900"
<b>스팸</b> 문자 3000만건 뿌려 주가 부양…<b>리딩방</b> 직원 1심서 징역형,3000만건이 넘는 <b>스팸</b> 문자 살포로 주가를 띄워 거액을 챙긴 <b>리딩방</b> 업체 직원들이 1심에서 징역형과 벌금형을 선고받았다. 서울남부지법 형사합의13부(김상연 부장판사)는 18일 자본시장법 위반 혐의로 기소된 박모씨... ,https://n.news.naver.com/mnews/article/014/0005310136?sid=102,"Tue, 18 Feb 2025 18:00:00 +0900"
<b>스팸</b> 문자 3000만건으로 주가조작 <b>리딩방</b> 직원들 실형,3000만건이 넘는 <b>스팸</b> 문자 메시지를 보내 부실기업 주가를 띄운 주식 <b>리딩방</b> 업체 직원들이 1심에서 실형을 선고받았다. 서울남부지법 형사합의13부(재판장 김상연)는 18일 자본시장법 위반 혐의로 기소된 <b>리딩방</b> 업체... ,https://n.news.naver.com/mnews/article/028/0002731782?sid=102,"Tue, 18 Feb 2025 17:32:00 +0900"
'<b>스팸</b>문자 3천만건' 뿌려 주가 띄운 <b>리딩방</b> 일당 징역·벌금형,3000만건이 넘는 <b>스팸</b> 문자 살포로 주가를 띄워 거액을 챙긴 <b>리딩방</b> 업체 직원들이 1심에서 징역형과 벌금형을 선고받았다. 서울남부지법 형사합의13부(김상연 부장판사)는 18일 자본시장법 위반·전기통신사업법 위반... ,https://n.news.naver.com/mnews/article/011/0004451989?sid=102,"Tue, 18 Feb 2025 17:07:00 +0900"
<b>스팸</b>문자 3000만건 뿌려 주가조작한 <b>리딩방</b> 일당 1심서 징역형,<b>리딩방</b> 업체 대표 박씨와 운영팀장 정씨는 2022년 8~12월 A사 주가 부양을 위해 근거 없는 호재성 풍문이 포함된 주식 <b>스팸</b> 문자 메시지 약 3000만 건을 불특정 다수에게 대량으로 살포한 혐의를 받는다. 당시 A사 주식... ,https://n.news.naver.com/mnews/article/023/0003888776?sid=102,"Tue, 18 Feb 2025 16:46:00 +0900"
<b>스팸</b> 보낸 뒤 18억 `꿀꺽`…주가조작 <b>리딩방</b> 일당 실형,불특정 다수에게 <b>스팸</b> 문자 3000만건을 보내 주가를 올리고 부당이익을 챙긴 일당이 1심에서 징역형과 벌금을 선고받았다. 서울남부지법(사진=뉴스1) 서울남부지법 형사합의 13부(재판장 김상연)는 18일 자본시장법 위반... ,https://n.news.naver.com/mnews/article/018/0005946270?sid=102,"Tue, 18 Feb 2025 16:22:00 +0900"
<b>스팸</b> 문자 3천만 건 뿌려 18억 원 챙긴 <b>리딩방</b> 일당 1심 실형,3천만 건 넘는 <b>스팸</b> 문자를 뿌려 18억여 원에 달하는 부당 이득을 챙긴 <b>리딩방</b> 일당이 1심에서 실형을 선고받았습니다. 서울남부지방법원은 자본시장법 위반 혐의로 기소된 박 모 씨에게 징역 2년 6개월과 벌금 3억3천만... ,https://n.news.naver.com/mnews/article/052/0002154871?sid=102,"Tue, 18 Feb 2025 15:58:00 +0900"
"'주가조작 <b>스팸</b>문자 3000만건' <b>리딩방</b> 일당, 징역형…실사주는 '도피'",코스닥 상장사 주가를 끌어올리기 위해 허위 풍문성 <b>스팸</b> 메시지 약 3000만 건을 발송한 혐의로 재판에 넘겨진 <b>리딩방</b> 업체 일당들이 1심에서 징역형과 벌금형을 받았다. 서울남부지법 형사합의13부(부장판사 김상연)는... ,https://n.news.naver.com/mnews/article/421/0008083565?sid=102,"Tue, 18 Feb 2025 15:16:00 +0900"
'<b>스팸</b>문자 3천만건 뿌려 주가조작' <b>리딩방</b> 직원들 징역형,3천만건이 넘는 <b>스팸</b> 문자 살포로 주가를 띄워 거액을 챙긴 <b>리딩방</b> 업체 직원들이 1심에서 징역형과 벌금형을 선고받았습니다. 서울남부지법 형사합의13부(김상연 부장판사)는 오늘(18일) 자본시장법 위반 혐의로... ,https://n.news.naver.com/mnews/article/422/0000714494?sid=102,"Tue, 18 Feb 2025 15:06:00 +0900"
'<b>스팸</b>문자 3천만 건 뿌려 주가조작' <b>리딩방</b> 직원들 징역형,3천만 건이 넘는 <b>스팸</b> 문자 살포로 주가를 띄워 거액을 챙긴 <b>리딩방</b> 업체 직원들이 1심에서 징역형과 벌금형을 선고받았습니다. 서울남부지법 형사합의 13부는 자본시장법 위반 혐의로 기소된 박 모(31) 씨에게 징역 2년... ,https://n.news.naver.com/mnews/article/055/0001232839?sid=102,"Tue, 18 Feb 2025 15:05:00 +0900"
'<b>스팸</b>문자 3천만건 뿌려 주가조작' <b>리딩방</b> 직원들 징역형,3천만건이 넘는 <b>스팸</b> 문자 살포로 주가를 띄워 거액을 챙긴 <b>리딩방</b> 업체 직원들이 1심에서 징역형과 벌금형을 선고받았다. 서울남부지법 형사합의13부(김상연 부장판사)는 18일 자본시장법 위반 혐의로 기소된 박모(31)... ,https://n.news.naver.com/mnews/article/001/0015220052?sid=102,"Tue, 18 Feb 2025 14:51:00 +0900"
&quot;이 주식 뜬다&quot; 허위 <b>스팸</b>문자 3000만건 뿌린 <b>리딩방</b> 직원 징역 2년6개월,3000만건이 넘는 주식 <b>스팸</b> 문자메시지를 대량 유포해 주가를 띄운 주식<b>리딩방</b> 업체 직원들이 재판에 넘겨진 일당이 1심에서 실형을 선고받았다. 서울남부지법 형사합의13부(부장판사 김상연)는 18일 자본시장법상... ,https://n.news.naver.com/mnews/article/003/0013074155?sid=102,"Tue, 18 Feb 2025 14:44:00 +0900"
"'<b>스팸</b> 문자 3000만건' 주가 띄운 <b>리딩방</b> 일당, 징역형 선고",3000만건이 넘는 주식 <b>스팸</b> 문자를 뿌려 주가를 띄운 혐의로 재판에 넘겨진 <b>리딩방</b> 직원들이 징역형을 선고받았다. 사진은 서울남부지법 [사진=뉴스핌DB] 이들은 주범 김모 씨와 결탁해 2022년 8월부터 12월까지 코스닥... ,https://www.newspim.com/news/view/20250218000691,"Tue, 18 Feb 2025 14:36:00 +0900"
&quot;명절 택배입니다&quot;…링크 함부로 누르면 정보 다 털린다,"스미싱은 <b>스팸</b>문자를 통해 휴대폰에 악성앱 설치를 유도하고 일단 설치되면 사기범은 피해자의 개인정보... 불법<b>리딩방</b> 등 사기 행태가 다양해지고 있다. 금감원 관계자는 “사회관계망서비스(SNS), 오픈채팅 등 전화번호를... ",https://n.news.naver.com/mnews/article/011/0004440698?sid=101,"Thu, 16 Jan 2025 17:12:00 +0900"
"금융당국, 설 명절 전후 불법사금융‧보이스피싱 등 민생침해 금융범죄...","스미싱은 <b>스팸</b> 문자를 통해 휴대폰에 악성앱 설치를 유도하고, 일단 설치되면 사기범은 피해자의 개인정보... 불법 <b>리딩방</b> 등 사기 행태가 다양해지고 있으며 SNS, 오픈채팅 등 전화번호를 식별할 수 없는 수단을 통해... ",https://idsn.co.kr/news/view/1065589236790817,"Thu, 16 Jan 2025 14:56:00 +0900"
"금감원, &quot;설 명절 전후 불법사금융‧보이스피싱 등 민생침해 금융범죄 ...","스미싱은 <b>스팸</b>문자를 통해 휴대폰에 악성앱 설치를 유도하고 일단 설치되면 사기범은 피해자의 개인정보... 불법<b>리딩방</b> 등 사기 행태가 다양해지고 있으며, SNS, 오픈채팅 등 전화번호를 식별할 수 없는 수단을 통해 연락할... ",http://www.intn.co.kr/news/articleView.html?idxno=2041255,"Thu, 16 Jan 2025 14:34:00 +0900"
설 명절 더 극성…&quot;금융범죄 주의하세요&quot;,"스미싱은 <b>스팸</b>문자를 통해 휴대폰에 악성앱 설치를 유도하고 일단 설치되면 사기범은 피해자의 개인정보... 불법<b>리딩방</b> 등 사기 행태가 다양해지고 있다. SNS, 오픈채팅 등 전화번호를 식별할 수 없는 수단을 통해 연락할... ",https://www.asiatime.co.kr/article/20250116500211,"Thu, 16 Jan 2025 13:28:00 +0900"
"설 명절 택배 배송실패 문자, 잘못 열었다가 '큰일'","스미싱은 <b>스팸</b> 문자를 통해 휴대폰에 악성앱 설치를 유도하고, 일단 설치되면 사기범은 피해자의 개인정보... 불법 <b>리딩방</b> 등 사기 행태가 다양해지고 있으며 SNS, 오픈채팅 등 전화번호를 식별할 수 없는 수단을 통해... ",https://n.news.naver.com/mnews/article/018/0005926353?sid=101,"Thu, 16 Jan 2025 12:01:00 +0900"
설 대목 준비에 '연 3000%' 급전 빌렸다가… 불법 추심 낭패,"스미싱은 <b>스팸</b> 문자로 휴대폰에 악성 앱(어플리케이션) 설치를 유도한다. 일단 설치되면 사기범은 피해자... 사칭', '불법<b>리딩방</b>' 등 다양한 사기 형태가 등장했다. SNS나 오픈채팅 등 전화번호를 식별할 수 없는 수단으로... ",https://n.news.naver.com/mnews/article/008/0005142064?sid=101,"Thu, 16 Jan 2025 12:00:00 +0900"
&quot;가짜 카드까지 발급&quot;…신종 보이스피싱 주의하세요,스미싱은 <b>스팸</b> 문자를 통해 휴대전화에 악성 앱 설치를 유도하고 일단 설치되면 사기범은 피해자의 개인정보... 불법<b>리딩방</b> 등 사기 행태가 다양해지고 있습니다. 특히 SNS와 오픈 채팅 등 전화번호를 식별할 수 없는 수단을... ,https://n.news.naver.com/mnews/article/374/0000421121?sid=101,"Thu, 16 Jan 2025 12:00:00 +0900"
80대 노인이 '수십억' 이체할 동안…&quot;은행은 뭐했냐&quot; 분노,"따르면 <b>스팸</b> 문자 유형 중 금융권 사칭은 전체의 10분의 1 수준에 불과했다. 은행, 피해자 '직접이체'로 거래... 때문에 <b>리딩방</b> 투자 사기, 중고나라 사기, 로맨스 스캠 같은 경우 사각지대가 존재한다&quot;며 &quot;정부도 보이스... ",https://n.news.naver.com/mnews/article/015/0005079934?sid=105,"Wed, 08 Jan 2025 20:31:00 +0900"
삼성전자 사칭한 신종 스미싱 유포...경품이벤트 설문조사 주의!,"<b>스팸</b> 신고 및 차단 애플리케이션에 등록됐으며, 4건의 신고 이력이 있다. 누리랩 최원혁 대표는 “요즘 금전 갈취 목적의 범죄자들은 이러한 유형의 스미싱, 유튜브를 통해 코인 <b>리딩방</b>으로 유도한다”며 “사용자가... ",http://www.boannews.com/media/view.asp?idx=135369&kind=,"Sun, 29 Dec 2024 11:42:00 +0900"
불법 <b>스팸</b>과의 전쟁…탄핵정국에 제도화 지연 우려,LG유플러스는 KISA의 <b>스팸</b> 신고 데이터를 학습한 'ixi <b>스팸</b>필터' 시스템을 도입해 기존 <b>스팸</b> 외에도 주식 <b>리딩방</b>과 같은 유사 투자 <b>스팸</b>을 차단하고 있다. KT는 9월 KISA와 MOU를 체결하고 'AI클린메시징' 기술을 통해 <b>스팸</b>... ,https://www.ntoday.co.kr/news/articleView.html?idxno=111833,"Tue, 17 Dec 2024 11:02:00 +0900"
"시도 때도 없이 ‘웅웅' 불법<b>스팸</b>, 올해 최다 기록","열어보니 또 주식투자 <b>스팸</b>이더라고요” 광고성 <b>스팸</b>문자로 인해 스트레스를 호소하는 직장인 김모(35)씨의 이야기다. 김씨의 스마트폰에는 <b>리딩방</b> 가입을 권하는 문자부터 불건전 만남 광고, 도박 사이트 홍보까지... ",http://sjbnews.com/news/news.php?number=835722,"Wed, 11 Dec 2024 19:37:00 +0900"
휴대전화·이메일 불법 <b>스팸</b> 역대 최대,지난 8월 개정 자본시장법 시행 전 다량의 투자유도 <b>스팸</b>(주식<b>리딩방</b> 등)이 발송돼 전체<b>스팸</b> 증가에 영향을 준 것으로 방통위는 분석하고 있다. 개정 법은 정식 투자자문업자에게만 주식<b>리딩방</b> 등 양방향 채널을... ,https://www.ggilbo.com/news/articleView.html?idxno=1063280,"Sun, 08 Dec 2024 14:02:00 +0900"
&quot;급등주 알려드립니다&quot; <b>스팸</b>문자 역대 최다,방송통신위원회는 불법<b>리딩방</b> 규제를 강화하는 자본시장법 개정안이 시행되기 전 주식<b>리딩방</b> 투자 유도 <b>스팸</b>이 늘어난 것으로 분석했다. 6일 방송통신위원회와 한국인터넷진흥원이 발표한 '2024년 상반기 <b>스팸</b>... ,https://n.news.naver.com/mnews/article/648/0000031353?sid=105,"Fri, 06 Dec 2024 15:42:00 +0900"
1인당 월평균 불법 <b>스팸</b> 16통 받았다… 역대 최다,주식<b>리딩방</b> 등 투자 유도 <b>스팸</b>이 급증한 점도 주요 원인으로 꼽았다. 이날 함께 발표된 한국인터넷진흥원(KISA)의 <b>스팸</b> 신고·탐지 분석 결과에 따르면 올해 상반기 휴대전화 문자<b>스팸</b> 신고·탐지 건은 총 2억1150만... ,https://n.news.naver.com/mnews/article/020/0003602677?sid=101,"Fri, 06 Dec 2024 15:33:00 +0900"
&quot;어쩐지 너무 오더라&quot; 月평균 12통 쏟아진 <b>스팸</b> 문자 '역대 최고',실제 8월 개정된 자본시장법 시행 전 주식<b>리딩방</b> 등 다량의 투자유도 <b>스팸</b>이 크게 늘었다. 이에 방통위는 불법<b>스팸</b> 발송자가 거둔 범죄수익을 몰수·추징하는 내용의 정보통신망법 개정안을 내년 상반기까지... ,https://n.news.naver.com/mnews/article/469/0000837336?sid=105,"Fri, 06 Dec 2024 15:00:00 +0900"
"&quot;수익 300% 보장, 종목 추천&quot;…상반기 月 <b>스팸</b>문자 11.6통 역대 최대",◆주식<b>리딩방</b> 등 투자유도 <b>스팸</b>이 급증세 견인…&quot;해킹 아닌 문자사업자 일탈·묵인이 원인&quot; 방통위는 올 8월 개정된 자본시장법 시행 전 주식<b>리딩방</b> 등 다량의 투자유도 <b>스팸</b>이 발송돼 전체<b>스팸</b> 증가에 영향을 준... ,https://www.widedaily.com/news/articleView.html?idxno=253247,"Fri, 06 Dec 2024 11:34:00 +0900"
1인당 월 평균 <b>스팸</b> 수신량 16.34통...역대 최다 수치,"방통위는 8월부터 시행된 개정 자본시장법 적용 전에 주식<b>리딩방</b> 등 투자유도 <b>스팸</b>이 다량으로 발송된 점을 증가 원인으로 꼽았다. 올해 상반기 투자 유도 불법 <b>스팸</b>신고는 6067만건, 지난해 하반기(673만건) 대비 801... ",https://n.news.naver.com/mnews/article/031/0000891079?sid=105,"Fri, 06 Dec 2024 11:23:00 +0900"
상반기 국민 1명당 한달에 불법<b>스팸</b> 16통 수신…역대 최다,방통위와 KISA는 상반기 불법 <b>스팸</b>급증 원인에대해 개정 자본시장법 시행 전 다량의 투자유도 <b>스팸</b>(주식<b>리딩방</b> 등)이 발송돼 전체<b>스팸</b> 증가에 영향을 준 것으로 판단했습니다. 또한 대량문자 전송자격인증 도입... ,http://www.newstomato.com/ReadNews.aspx?no=1247273&inflow=N,"Fri, 06 Dec 2024 10:54:00 +0900"
1인당 한달에 불법 <b>스팸</b> 16통 받았다… 역대 최다,방통위는 상반기 <b>스팸</b> 문자가 급증한 이유로 크게 두 가지를 꼽는다. 우선 지난 8월 자본시장법 개정으로 정식 투자 자문 업자가 아니면 ‘주식 <b>리딩방</b>(투자 종목을 추천해 주는 메신저 대화방)’을 운영할 수 없게... ,https://n.news.naver.com/mnews/article/023/0003874804?sid=101,"Fri, 06 Dec 2024 10:50:00 +0900"
자본시장법 시행이 주식<b>리딩방 스팸</b> 규모 키웠다,오히려 개정 자본시장법 시행을 앞두고 주식<b>리딩방 스팸</b>이 증가했다는 분석이 힘을 얻는다. 8월부터 아무나 카카오톡으로 투자자문을 할 수 없는 법이 시행됨에 따라 그 이전에 투자 유도 주식<b>리딩방 스팸</b>이... ,https://n.news.naver.com/mnews/article/092/0002355423?sid=105,"Fri, 06 Dec 2024 10:44:00 +0900"
"&quot;수익 300% 보장, 종목 추천&quot;…상반기 月 <b>스팸</b>문자 11.6통 역대 최대",주식<b>리딩방</b> 등 투자유도 <b>스팸</b>이 급증세 견인…&quot;해킹 아닌 문자사업자 일탈·묵인이 원인&quot; 방통위는 올 8월 개정된 자본시장법 시행 전 주식<b>리딩방</b> 등 다량의 투자유도 <b>스팸</b>이 발송돼 전체<b>스팸</b> 증가에 영향을 준... ,https://n.news.naver.com/mnews/article/003/0012945329?sid=105,"Fri, 06 Dec 2024 10:35:00 +0900"
"지긋지긋한 <b>스팸</b>, 이틀에 한 번꼴로 늘었다…왜?","방통위는 8월부터 시행된 개정 자본시장법 적용 전에 주식<b>리딩방</b> 등 투자유도 <b>스팸</b>이 다량으로 발송된 점을 증가 원인으로 꼽았다. 올해 상반기 투자 유도 불법 <b>스팸</b>신고는 6067만건, 지난해 하반기(673만건) 대비 801... ",https://n.news.naver.com/mnews/article/005/0001744003?sid=102,"Fri, 06 Dec 2024 09:50:00 +0900"
올 상반기 1인당 <b>스팸</b>문자 月 11.59통 ‘역대최대’…투자유도가 1위,"금융 관련 스팸은 지난 8월 자본시장법 시행을 앞두고, 주식 <b>리딩방 스팸</b> 발송이 증가한 것이 원인으로 추정된다. 올해 상반기 투자유도 불법스팸신고는 6067만건으로 작년 하반기(673만건) 대비 801% 늘었다.... ",https://n.news.naver.com/mnews/article/018/0005900283?sid=105,"Fri, 06 Dec 2024 09:45:00 +0900"
"&quot;상한가 종목 알려드려요&quot; 이 문자 사라질까…정부, 13년 만에 칼 뺐다","주식 <b>리딩방</b>, 대출·도박 광고 등으로 국민 피해를 양산하는 불법<b>스팸</b>을 근절하기 위해 정부가 종합대책을 내놓았다. 불법<b>스팸</b> 유통을 방치하는 문자중계사·재판매사뿐만 아니라 이통사에까지 과징금을 부과하는 고강도... ",https://n.news.naver.com/mnews/article/008/0005120991?sid=105,"Fri, 29 Nov 2024 04:42:00 +0900"
불법<b>스팸</b> 발송 방치한 통신사에 과징금 부과키로,"정부가 주식 <b>리딩방</b>, 대출·도박 광고 등 기승을 부리는 불법 <b>스팸</b>에 대한 제도적·기술적 대책을 내놨다. 28일 과학기술정보통신부와 방송통신위원회는 ‘불법 <b>스팸</b> 방지 종합대책’을 발표했다. 대량 문자를 발송하는... ",https://n.news.naver.com/mnews/article/025/0003404074?sid=105,"Fri, 29 Nov 2024 00:02:00 +0900"
[포인트뉴스] 청라 전기차 화재 끝내 '미궁'…보상책임 누구에게? 外,주식<b>리딩방</b> 등의 <b>스팸</b> 문자를 막기 위해 대책을 내놓은 건데요. 불법 <b>스팸</b>을 방치하는 이동통신사와 문자중계사 등에 과징금을 부과하기로 했습니다. 보도에 문형민 기자입니다. &lt;3&gt; 다음 소식입니다. 디도스 공격이 가능한... ,https://n.news.naver.com/mnews/article/422/0000695224?sid=102,"Thu, 28 Nov 2024 23:06:00 +0900"
불법 <b>스팸</b> 범죄수익 몰수…방치한 이동통신사엔 과징금,주식<b>리딩방</b> 등의 <b>스팸</b> 문자를 막기 위해 대책을 내놓은 건데요. 불법 <b>스팸</b>을 방치하는 이동통신사와 문자중계사 등에 과징금을 부과하기로 했습니다. 보도에 문형민 기자입니다. [기자] 국토교통부 민원 콜센터... ,https://n.news.naver.com/mnews/article/422/0000695220?sid=101,"Thu, 28 Nov 2024 23:00:00 +0900"
"정부, 불법 <b>스팸</b> 근절 위한 ‘<b>스팸</b> 방지 종합대책’ 발표","이는 개정 자본시장법(자본시장과 금융투자업에 관한 법률, 법률 제20305호)가 8월에 시행되기 전에 주식<b>리딩방</b> 등에서 다량의 투자유도 <b>스팸</b>이 발송되어 전체 <b>스팸</b>문자 증가에 영향을 준 것으로 보인다. 이에 대응하기... ",http://www.boannews.com/media/view.asp?idx=134744&kind=,"Thu, 28 Nov 2024 20:20:00 +0900"
'규제 직전 막판 대량 발송'이 6월 불법 <b>스팸</b> 폭탄 불러왔다,"이날 두 부처가 공개한 조사 내용에 따르면, 상반기 불법 <b>스팸</b> 폭증 원인은 ①8월 개정 자본시장법 시행 전 '주식<b>리딩방</b>' 등을 홍보하는 투자 유도 <b>스팸</b>이 급증했기 때문이다. &quot;스마트폰에 '해외문자함' 만들고 스미싱 방지... ",https://n.news.naver.com/mnews/article/469/0000835825?sid=105,"Thu, 28 Nov 2024 16:31:00 +0900"
불법 <b>스팸</b>문자로 벌어들인 부당이익 몰수… 사업자는 퇴출,"주식 <b>리딩방</b>, 성인물 등 <b>스팸</b> 문자를 막기 위해 이를 방치하는 이동통신사와 문자 중계사, 재판매사 등에 과징금을 부과하고 불법 스패머의 부당 이익을 몰수한다. 1168개에 달하는 문자 재판매사 가운데 부적격 사업자를... ",https://n.news.naver.com/mnews/article/417/0001041525?sid=105,"Thu, 28 Nov 2024 16:07:00 +0900"
"'불법<b>스팸</b>' 칼 뺀 정부…&quot;방치하는 통신사, 문자 재판매사도 제재&quot;(종합...","&quot;(김태규 방송통신위원회(방통위) 부위원장 겸 위원장 직무대행) 주식 <b>리딩방</b>, 대출·도박 광고 등으로 국민 피해를 양산하는 불법<b>스팸</b>을 근절하기 위해 정부가 종합대책을 내놓았다. 불법<b>스팸</b> 유통을 방치하는 문자중계사... ",https://n.news.naver.com/mnews/article/008/0005120787?sid=105,"Thu, 28 Nov 2024 15:56:00 +0900"
"[팩플] “친구할래요?” 불법 <b>스팸</b>, 방치하면...이통사·문자사업자에 ...","정부가 주식 <b>리딩방</b>, 대출·도박 광고 등 기승을 부리는 불법 <b>스팸</b>에 대한 제도적·기술적 대책을 내놨다. 아무리 차단해도 좀비처럼 날아오는 <b>스팸</b> 문자로 인한 불편함을 막을 수 있을지 관심을 모은다. 무슨 일이야 28일... ",https://n.news.naver.com/mnews/article/025/0003403922?sid=105,"Thu, 28 Nov 2024 14:43:00 +0900"
‘불법<b>스팸</b> 방치’ 이통사 등에 과징금… 발송자 범죄 수익은 몰수한다,■ 과기부·방통위 대책 발표 대량문자 전송 인증 의무화 최근 주식 <b>리딩방</b>을 통한 종목 추천이나 해외발(發) 성매매 유도 <b>스팸</b> 문자가 폭증하고 있는 가운데 정부가 이 같은 불법<b>스팸</b>을 방치하는 이동통신사·문자중계사... ,https://n.news.naver.com/mnews/article/021/0002674784?sid=101,"Thu, 28 Nov 2024 12:04:00 +0900"
5G보다 비싼 LTE 요금제 사라진다…“내년 통합 요금제 출시”,"https://www.joongang.co.kr/article/25240299 ③“나 뽑아줘” 총선 좀비 문자…폰에서 이거 치면 싹 거른다 코인 <b>리딩방</b> 광고는 물론 대출, 도박, 택배 사칭까지. 온종일 오는 <b>스팸</b> 전화와 문자에서 해방되고 싶다면. https... ",https://n.news.naver.com/mnews/article/025/0003400314?sid=105,"Wed, 13 Nov 2024 18:11:00 +0900"
&quot;코인 사면 300%&quot;‥뒤에선 시세 조종 100억 챙겨,일당은 주식<b>리딩방</b> 회원들에게 &quot;알려준 코인에 투자하면 즉시 300% 이상 벌 수 있다&quot;며 코인 투자를 유도한 걸로 드러났습니다. [투자 사기 피해자 (음성변조)] &quot;처음에는 문자메시지로 <b>스팸</b> 비슷하게 이렇게 왔었거든요.... ,https://n.news.naver.com/mnews/article/214/0001386212?sid=102,"Wed, 13 Nov 2024 06:48:00 +0900"
&quot;V.V.I.P. 정보 제공?&quot;…투자리딩사기 '미끼 문자' 기승,"com 투자리딩사기주의보 [사진=경찰청] 주식, 가상자산, 선물 등 금융 상품에 대한 투자리딩사기 <b>스팸</b>... 친구 등 지인들로 구성된 일당은 투자 <b>리딩방</b> 사기 범죄 단체를 조직한 뒤 총책, 콜센터 팀장, 피해자 모집... ",https://www.ajunews.com/view/20241112173836401,"Tue, 12 Nov 2024 17:44:00 +0900"
[우보세] 위반이 득 되는 맹탕 규제,불법<b>스팸</b>에 따른 주식<b>리딩방</b> 피해가 2000억원을 웃돈다는 지적(한민수 의원) 등이 잇따랐다. 법규위반으로 얻을 수 있는 이익이 제재에 따른 불이익을 현저히 웃돌기 때문이라는 지적이 나온다. 정보통신망법은... ,https://n.news.naver.com/mnews/article/008/0005106619?sid=110,"Tue, 29 Oct 2024 04:20:00 +0900"
'<b>스팸</b>문자' 지옥에 대한 우리의 대응 [기고],"불법<b>스팸</b>의 대표 유형은 가족 사칭, 주식 <b>리딩방</b>, 대출 및 금융기관 사칭 등인데, 여기에 URL을 첨부하는 방식의 스미싱 문자와 카카오톡, 텔레그램 메시지들도 기승을 부리고 있다. 범죄 조직들이 과거에 유행했던 방식을... ",https://n.news.naver.com/mnews/article/469/0000829983?sid=110,"Mon, 28 Oct 2024 04:31:00 +0900"
2024 과방위 국감…불법 <b>스팸</b> 종합대책·AI 예산 확대 의지 확인,한 의원은 올해 1분기에만 주식 <b>리딩방</b> 안내와 같은 불법 <b>스팸</b> 문자에 따른 피해액이 2000억원에 달한다고 강조했다. 이를 비롯해 불법 <b>스팸</b>에 따른 피해가 불어나는 가운데 정부 종합대책이 필요하다는 의견이 대두되고... ,https://byline.network/?p=9004111222547087,"Fri, 25 Oct 2024 17:50:00 +0900"
[2024국감] 유상임 과기부 장관 “불법 <b>스팸</b> 종합대책 다음 달 발표 계획...,한 의원은 “올해 1분기에만 불법 <b>스팸</b>으로 발생한 주식<b>리딩방</b> 피해액이 2000억원을 넘었다”며 “과기정통부가 지난 6월부터 현장 점검을 진행했으나 5개월째 종합대책이 나오지 않고 있다”고 지적했다. 그러면서... ,https://n.news.naver.com/mnews/article/117/0003882750?sid=103,"Fri, 25 Oct 2024 15:45:00 +0900"
유상임 과기정통부 장관 &quot;불법 <b>스팸</b> 종합대책 11월 안팎 발표&quot;,한 의원은 &quot;올해 1분기에만 불법 <b>스팸</b>으로 발생한 주식<b>리딩방</b> 피해액이 2000억원을 넘었다&quot;며 &quot;과기정통부가 지난 6월부터 현장 점검을 진행했으나 5개월째 종합대책이 나오지 않고 있다&quot;고 지적했다. 그러면서 &quot;지난... ,https://n.news.naver.com/mnews/article/008/0005105519?sid=105,"Fri, 25 Oct 2024 13:10:00 +0900"
(2024 국감)&quot;10말11초 <b>스팸</b> 종합대책 발표&quot;,"한민수 의원은 &quot;1분기 주식 <b>리딩방</b> 등 불법 <b>스팸</b>으로 인한 피해가 2000억원에 달했다&quot;며 &quot;정보통신망법에 근거해서 범정부 <b>스팸</b> 종합대책은 방송통신위원회가 주관하고 있지만, 과학기술정보통신부는 대량 문자 중개사... ",http://www.newstomato.com/ReadNews.aspx?no=1243345&inflow=N,"Fri, 25 Oct 2024 11:32:00 +0900"
&quot;불법스패머·문자재판매사 결탁 불법<b>스팸</b> 발송 확인 안돼&quot;,"전날 김장겸 의원실이 방통위로부터 받은 '불법<b>스팸</b> 발생 원인 및 대책 설명 자료'를 근거로, 방통위가 올해 상반기 주식<b>리딩방</b> 등 국민 경제에 피해를 끼치는 불범<b>스팸</b> 신고 급증으로 주요 발송처인 대량문자발송서비스... ",https://www.mediapen.com/news/view/963246,"Thu, 24 Oct 2024 10:42:00 +0900"
"&quot;차단해도 소용없어&quot;…'주식 대박' <b>스팸</b> 급증한 이유, 해킹 아니었다",김장겸 국민의힘 의원실이 24일 방송통신위원회로부터 받은 '불법<b>스팸</b> 발생원인 및 대책 설명 자료'에 따르면 방통위는 올해 상반기 주식<b>리딩방</b> 등 국민 경제에 피해를 끼치는 불범<b>스팸</b> 신고 급증으로 주요 발송처인... ,https://n.news.naver.com/mnews/article/008/0005104651?sid=100,"Thu, 24 Oct 2024 01:05:00 +0900"
[단독] 해킹 때문인줄 알았던 '주식대박' <b>스팸</b> 폭탄...알고보니 '결탁',김장겸 국민의힘 의원실이 23일 방송통신위원회로부터 받은 '불법<b>스팸</b> 발생원인 및 대책 설명 자료'에 따르면 방통위는 올해 상반기 주식<b>리딩방</b> 등 국민 경제에 피해를 끼치는 불범<b>스팸</b> 신고 급증으로 주요 발송처인... ,https://n.news.naver.com/mnews/article/008/0005104544?sid=100,"Wed, 23 Oct 2024 17:19:00 +0900"
"위기 속 베일 벗은 '나나'와 '카나'…대화형 새 병기, 카카오 구할까","최근 문제가 됐던 불법 투자 <b>리딩방</b> 초대나 <b>스팸</b> 메시지 발송 등을 막기 위한 조치로도 해석된다. 전략 수정한 카카오…증권가 &quot;별도 앱 카나나, 한계 있어&quot; 카카오는 그동안 AI 부문에서 뒤처졌다는 평가를 받아왔다.... ",https://n.news.naver.com/mnews/article/586/0000089141?sid=101,"Wed, 23 Oct 2024 13:22:00 +0900"
"[더벨]카나나, AI메이트·대화 허들 상향 '카톡과 차별화'","<b>스팸</b>, 불법 투자<b>리딩방</b> 같은 문제가 대두됨에 따라 카카오는 최근 친구 자동 추가 여부 설정 기능 도입, <b>스팸</b> 전송 시 영구제재 등 조치를 취한 바 있다. 정확한 초개인화 반영을 위한 선택으로도 보여진다. 특히 AI메이트... ",https://www.thebell.co.kr/free/content/ArticleView.asp?key=202410220950065400106670,"Wed, 23 Oct 2024 07:48:00 +0900"
대형 로펌 ‘사칭 주의보’,투자<b>리딩방</b>에서 도용된 사례도 있었다. 대형 로펌별 대응 현황 로펌 사칭 메일이 유포된 곳은 총 5곳이다.... 제목의 <b>스팸</b>메일이 회신됐다”며 “사용자 주의환기를 위한 공지와 주기적인 업데이트를 하고 있다”고... ,https://www.lawtimes.co.kr/news/202258,"Wed, 23 Oct 2024 05:08:00 +0900"
"이동통신 3사, 불법 <b>스팸</b>과 전쟁 선포…AI 활용해 고객 보호 나선다","이 밖에도 LG유플러스는 관리 대상인 대량 발송 악성 메시지의 유형을 기존 △불법대출 △스미싱 △도박 △성인 △불법의약품에서 주식 <b>리딩방</b> 등 '유사 투자' <b>스팸</b>까지 확대하고, 이 같은 유형의 <b>스팸</b> 메시지를 단... ",https://n.news.naver.com/mnews/article/629/0000331044?sid=101,"Tue, 22 Oct 2024 11:10:00 +0900"
<b>스팸</b>·스미싱 문자 폭증에 'AI' 통신 히든카드 역할 톡톡,여기에 LG유플러스는 관리 대상인 대량 발송 악성 메시지의 유형을 기존 ▲불법대출 ▲스미싱 ▲도박 ▲성인 ▲불법의약품에서 주식 <b>리딩방</b> 등 '유사 투자' <b>스팸</b>까지 확대했다. 이 같은 유형의 <b>스팸</b> 메시지를 단... ,https://it.chosun.com/news/articleView.html?idxno=2023092125318,"Tue, 22 Oct 2024 07:00:00 +0900"
‘<b>스팸</b>재난’ 피해…안일한 대처로는 막지 못한다,"결혼식이나 부고를 가장한 피싱문자와 도박, 주식투자를 권유하는 <b>리딩방</b>, 대출, 심지어 성매매 관련 <b>스팸</b>문자까지, 이를 신고하고 삭제하는 것도 일상이 돼버렸다. <b>스팸</b>문자 중 상당수는 사용자로 하여금 악성 URL을... ",https://www.junggi.co.kr/article/articleView.html?no=32967,"Sat, 19 Oct 2024 00:00:00 +0900"
&quot;택배 반품 예정입니다&quot;…깜짝 놀라 클릭 했더니 '아뿔싸',이와 함께 대량 발송 악성 메시지의 유형을 기존 △불법 대출 △스미싱 △도박 △성인 △불법 의약품에서 주식 <b>리딩방</b> 등 '유사 투자' <b>스팸</b>까지 확대했다. 다만 이통3사의 이러한 AI <b>스팸</b> 필터링 기술은 이미 URL을 눌러... ,https://n.news.naver.com/mnews/article/015/0005044797?sid=105,"Wed, 16 Oct 2024 14:31:00 +0900"
"[잇피플] 손영규 SK텔레콤 CISO &quot;보이스피싱 잡는 온디바이스AI, 내년 상...",이어 “송수신 문자에 대한 필터링 정책을 1일 1회에서 10분당 1회로 단축하면서 주식 <b>리딩방</b> 관련 불법 <b>스팸</b> 문자의 차단율이 지난 달 기준 2배가량 높아졌다&quot;고 덧붙였다. 끝으로 손 담당은 아파트 청약 등 사회적... ,https://n.news.naver.com/mnews/article/011/0004403047?sid=105,"Tue, 15 Oct 2024 17:48:00 +0900"
금융투자사기 미끼 ‘불법금융 광고’…‘구글’은 막고 ‘메타’는 방...,"경찰청에 따르면 올해 들어 투자<b>리딩방</b> 사기는 8월말까지 6143건, 피해규모는 5340억원에 달한다. 올해 들어... 이밖에도 <b>스팸</b>문자(15.6%), 국내 게시글(14.1%), 인터넷 허위기사(6.3%) 등의 방식을 활용하고 있다. 국내... ",https://www.naeil.com/news/read/525495?ref=naver,"Mon, 14 Oct 2024 13:06:00 +0900"
'하나라도 걸려라'…시도 때도 없이 날아드는 <b>스팸</b> 문자,정원기 KISA 디지털이용자보호단장은 &quot;9월에 접수된 <b>스팸</b> 신고 약 2500만 건 중 약 80만건이 로맨스 스캠 형태의 문자&quot;라며 &quot;이 같은 문자는 계속해서 느는 추세&quot;라고 설명했다. 지난 8월 '투자 <b>리딩방</b>'에 대한 규제를 강화한... ,https://www.newsgn.com/news/articleView.html?idxno=443349,"Sun, 13 Oct 2024 14:32:00 +0900"
시도 때도 없이 날아드는 <b>스팸</b>…범죄자는 '하나라도 걸려라',정원기 KISA 디지털이용자보호단장은 &quot;9월에 접수된 <b>스팸</b> 신고 약 2천500만 건 중 약 80만건이 로맨스 스캠 형태의 문자&quot;라며 &quot;이 같은 문자는 계속해서 느는 추세&quot;라고 설명했다. 지난 8월 '투자 <b>리딩방</b>'에 대한 규제를... ,https://n.news.naver.com/mnews/article/001/0014979422?sid=102,"Sun, 13 Oct 2024 08:03:00 +0900"
"이통 3사, AI로 금융피해 막는다…보이스피싱·<b>스팸</b> 차단 서비스 강화","또한 LG유플러스는 8월부터 <b>스팸</b> 메시지 차단 범위를 확대하여 기존의 불법 대출, 스미싱, 도박, 성인물, 불법 의약품 외에도 주식 <b>리딩방</b> 등 ‘유사 투자’ <b>스팸</b>까지 포함시켰다. 이달 출시 예정인 통화 에이전트... ",https://www.ceoscoredaily.com/page/view/2024101115433171816,"Sun, 13 Oct 2024 07:00:00 +0900"
스미싱 예방 어딜 의지해야 하나…KISA 대국민 서비스도 글쎄,LG유플러스는 지난달 ‘ixi <b>스팸</b>필터’ 기술을 활용해 자동으로 스미싱 메시지를 걸러내는 시스템을... 불법대출을 비롯해 ▲도박 ▲성인 ▲불법의약품 광고에 더해 최근에는 주식 <b>리딩방</b>과 같은 ‘유사 투자’... ,https://byline.network/?p=9004111222545660,"Fri, 11 Oct 2024 17:52:00 +0900"
“당하는 사람이 조심해야 하나”…범죄 고도화에 사각지대 여전[진화하...,"이투데이=윤혜원 기자 | “당하는 사람이 조심해야 하나”…범죄 고도화에 사각지대 여전[진화하는 <b>리딩방 스팸</b>③] 정부, ‘스팸 사전 규제·사후 처벌’ 강화…업계도 나섰지만 감시 사각지대에 범죄 경로 우회까지... ",https://www.etoday.co.kr/news/view/2407334,"Thu, 10 Oct 2024 07:02:00 +0900"
[단독] &quot;내 정보가 단돈 '10원'에 해외로 팔렸다&quot;…올해만 '1047만 건' 개...,"사칭한 '<b>리딩방</b>' 조직의 사기 행각에 한국 투자자들은 피눈물을 흘렸다. 특히 경찰청 조사에 따르면... 이처럼 사기는 물론, <b>스팸</b> 폭탄 문자와 딥페이크 성범죄 등 각종 사회문제의 원인으로 꼽히는 '국내외 개인정보... ",https://n.news.naver.com/mnews/article/586/0000088136?sid=102,"Tue, 08 Oct 2024 17:54:00 +0900"
‘코인 고수익’ 미끼로 금전 편취…사기 피해액 3년 연속 1조↑,"해당 사기행위는 인터넷과 사회관계망서비스(SNS) 광고, <b>스팸</b> 문자와 메일 등을 통해 ‘고수익’을 미끼로... 올해 1월부터 8월 말까지 접수된 사기 유형별로는 △온라인 스캠 196건 △주식 <b>리딩방</b> 194건 △로맨스스캠... ",https://n.news.naver.com/mnews/article/082/0001291865?sid=101,"Tue, 08 Oct 2024 15:56:00 +0900"
"“불법 <b>스팸</b>, 1분기 2000억 피해… 사업자 등록제 허술한 탓”",한민수 더불어민주당 의원은 8일 국회 과학기술정보방송통신위원회 국정감사에서 “투자 <b>리딩방</b>에 들어올 것을 유도하는 <b>스팸</b> 문자가 기승을 부리고 있다”며 “경찰청은 올해 1분기에만 <b>스팸</b> 관련 피해액이 2000억원을... ,https://n.news.naver.com/mnews/article/366/0001022642?sid=105,"Tue, 08 Oct 2024 13:47:00 +0900"
[2024국감]한민수 &quot;불법<b>스팸</b> 문제 심각…'떴다방' 문자재판매사 막아야...,"한 의원은 이날 국회 과학기술정보방송통신위원회 국감에서 &quot;<b>스팸</b>문자가 늘어나면서 지난 1분기 투자<b>리딩방</b> 사기 사건이 2100건, 피해 금액이 2000억원에 달한다&quot;고 말했다. 문자재판매사의 사업자 등록은... ",https://n.news.naver.com/mnews/article/277/0005481395?sid=105,"Tue, 08 Oct 2024 12:28:00 +0900"
[아주경제 코이너스 브리핑] 미 증시 하락에도 비트코인 6만3000달러대,"가상자산 사기 피해액 1조원···<b>리딩방</b>·스캠 주의 지난해 가상자산 관련 사기 피해가 1조원에 달하는... 사기는 인터넷과 SNS 광고, <b>스팸</b> 문자, 메일 등을 통해 발생하고 있었다. 가상자산 불법행위 피해액은 지난... ",https://www.ajunews.com/view/20241008071802845,"Tue, 08 Oct 2024 07:22:00 +0900"
'<b>리딩방</b> 주의보 발령'…지난해 가상자산 사기 피해액 1조415억원,"주로 <b>리딩방</b>(유망 자산을 추천하며 수익 보장), 온라인스캠(온라인 사기) 등이 골자다. 국회 정무위원회... 해당 사기행위는 인터넷 및 SNS 광고, <b>스팸</b> 문자와 메일 등을 통해 '고수익'을 보장한다며 이미 많은... ",https://n.news.naver.com/mnews/article/243/0000065754?sid=101,"Mon, 07 Oct 2024 16:32:00 +0900"
[국정감사] 과방위 국정감사 시작…이진숙‧방통위 놓고 여야 격돌,"한 의원은 “올해 8월까지 불법 <b>스팸</b> 신고 문자가 2억 7,000만 건이 된다고 하는데 상반기 최다 신고 건을 분석했더니 모두 투자 유도로 금융감독원에 따르면 올해 분기당 약 2,000억 원의 <b>리딩방</b> 피해가 발생하고 있다”면서... ",http://journal.kobeta.com/?post_type=post&p=57111,"Mon, 07 Oct 2024 16:28:00 +0900"
투자<b>리딩방</b> 보이스피싱 사안 특징 감안한 조력 활용 필수,실제 투자 <b>리딩방</b> 관련 <b>스팸</b> 문자에 혹해 연락했다가 초기 수익을 믿고 여기저기 돈을 빌리거나 투자를 소개했다가 공범으로 몰리는 일도 적지 않다. 더군다나 이런 사기에 이용된 계좌는 보이스피싱처럼 즉시 계좌를... ,http://www.beyondpost.co.kr/view.php?ud=2024100713583548019aeda69934_30,"Mon, 07 Oct 2024 14:28:00 +0900"
“주식 강의 안 듣는다고요“…문자·전화·SNS 안전지대 없다[진화하는...,"지인들은 ‘<b>리딩방</b>’ 참여를 권하는 <b>스팸</b> 전화가 아니냐고 했다. 하루 두세 개꼴로 ‘교수 주식 강의’, ‘교재 무료 나눔’, ‘치킨 쿠폰 증정’ 등을 앞세운 주식, 해외선물, 코인 종목 추천 문자를 받던 김 씨에게... ",https://www.etoday.co.kr/news/view/2407038,"Mon, 07 Oct 2024 10:32:00 +0900"
"&quot;AI로 불법 <b>스팸</b> 잡는다&quot;…통신 3사, <b>스팸</b> 차단 총력전","앞서 LG유플러스는 8월부터 <b>스팸</b>메시지를 기존 ▲불법대출 ▲스미싱 ▲도박 ▲성인 ▲불법의약품에서 주식 <b>리딩방</b> 등 '유사 투자' <b>스팸</b>까지 확대하고, 이 같은 유형의 <b>스팸</b> 메시지를 단 1건만 발송해도 발신번호를... ",https://www.lcnews.co.kr/news/articleView.html?idxno=85380,"Sun, 06 Oct 2024 06:00:00 +0900"
"불법 <b>스팸</b> 몸살…통신사, 강력 조치 나서",이와 함께 LG유플러스는 관리 대상인 대량 발송 악성 메시지의 유형을 기존 ▲불법대출 ▲스미싱 ▲도박 ▲성인 ▲불법의약품에서 주식 <b>리딩방</b> 등 '유사 투자' <b>스팸</b>까지 확대했다. 이 같은 유형의 <b>스팸</b> 메시지를 단... ,http://www.womentimes.co.kr/news/articleView.html?idxno=79876,"Thu, 03 Oct 2024 13:39:00 +0900"
"LG유플러스, AI 적용한 ‘익시 <b>스팸</b>필터’로 불법 <b>스팸</b> 문자 피해 막는...",LG유플러스는 관리 대상인 대량 발송 악성 메시지의 유형을 기존 △불법대출 △스미싱 △도박 △성인 △불법의약품에서 주식 <b>리딩방</b> 등 ‘유사투자’ <b>스팸</b>까지 확대했다. 이와 함께 비슷한 유형의 <b>스팸</b> 메시지를 단... ,http://www.boannews.com/media/view.asp?idx=133261&kind=,"Mon, 30 Sep 2024 17:42:00 +0900"
통신 3사 '보이스피싱·<b>스팸</b>' AI로 원천 차단,"앞서 LG유플러스는 지난달부터 불법 대출, 스미싱, 도박, 성인, 불법 의약품, 주식 <b>리딩방</b>과 관련된 <b>스팸</b> 메시지를 단 1건만 발송해도 발신번호 차단 후 메시지발송 사업자에 소명을 요청하는 제재 정책도 운영 중이다.",http://www.wsobi.com/news/articleView.html?idxno=255164,"Mon, 30 Sep 2024 17:16:00 +0900"
"LG유플러스, AI 기술로 불법 <b>스팸</b> 메시지 대응 강화","LG유플러스는 <b>스팸</b> 메시지 발송 패턴이 점점 교묘해지는 추세에 맞춰 기존 불법 대출, 스미싱, 도박, 성인, 불법 의약품 메시지 외에도 주식 <b>리딩방</b> 등 유사 투자 <b>스팸</b>까지 차단 대상으로 확장했다. 이 같은 불법 <b>스팸</b>... ",https://www.dailysecu.com/news/articleView.html?idxno=159811,"Mon, 30 Sep 2024 10:50:00 +0900"
"LG유플러스, AI로 불법 <b>스팸</b> 메시지 막는다···'ixi <b>스팸</b>필터' 개발","LG유플러스는 관리 대상인 대량 발송 악성 메시지의 유형을 기존 △불법대출 △스미싱 △도박 △성인 △불법의약품에서 주식 <b>리딩방</b> 등 '유사 투자' <b>스팸</b>까지 확대하고, 이 같은 유형의 <b>스팸</b> 메시지를 단 1건만... ",http://www.seoulfn.com/news/articleView.html?idxno=533971,"Mon, 30 Sep 2024 09:48:00 +0900"
"LG유플러스, AI로 불법 <b>스팸</b>메시지 피해 막는다","이와 함께 LG유플러스는 관리 대상인 대량 발송 악성 메시지의 유형을 기존 ▲불법대출 ▲스미싱 ▲도박 ▲성인 ▲불법의약품에서 주식 <b>리딩방</b> 등 '유사 투자' <b>스팸</b>까지 확대하고, 이 같은 유형의 <b>스팸</b> 메시지를 단... ",https://www.megaeconomy.co.kr/news/newsview.php?ncode=1065572134057958,"Mon, 30 Sep 2024 09:18:00 +0900"
"LG유플러스, AI로 불법 <b>스팸</b>메시지 피해 막는다","이와 함께 LG유플러스는 관리 대상인 대량 발송 악성 메시지의 유형을 기존 ▲불법대출 ▲스미싱 ▲도박 ▲성인 ▲불법의약품에서 주식 <b>리딩방</b> 등 '유사 투자' <b>스팸</b>까지 확대하고, 이 같은 유형의 <b>스팸</b> 메시지를 단... ",https://www.geconomy.co.kr/news/article.html?no=289581,"Mon, 30 Sep 2024 08:42:00 +0900"
"LG유플러스, AI로 <b>스팸</b>메시지 피해 막는다..자체 개발 ‘ixi <b>스팸</b>필터’...",주식 <b>리딩방</b> 등 ‘유사 투자’ <b>스팸</b>이 포함됐으며 이 같은 유형의 <b>스팸</b> 메시지를 단 1건만 발송해도 발신번호를 차단한 후 메시지발송 사업자에게 소명을 요청하고 있다. 자사망을 사용하는 대량 문자메시지 발송... ,http://kpenews.com/View.aspx?No=3382684,"Mon, 30 Sep 2024 07:28:00 +0900"
"LG유플러스, 불법 <b>스팸</b> 근절 위한 'ixi <b>스팸</b>필터' 개발","이와 함께 LG유플러스는 관리 대상인 대량 발송 악성 메시지의 유형을 기존 ▲불법대출 ▲스미싱 ▲도박 ▲성인 ▲불법의약품에서 주식 <b>리딩방</b> 등 '유사 투자' <b>스팸</b>까지 확대하고, 이 같은 유형의 <b>스팸</b> 메시지를 단 1건만... ",http://www.betanews.net:8080/article/1475994.html,"Sun, 29 Sep 2024 19:04:00 +0900"
"LG유플, AI로 불법 <b>스팸</b>메시지 피해 막는다","관리 대상인 대량 발송 악성 메시지의 유형을 기존 불법대출, 스미싱, 도박, 성인, 불법의약품에서 주식 <b>리딩방</b> 등 ‘유사 투자’ <b>스팸</b>까지 확대하고, 이 같은 유형의 <b>스팸</b> 메시지를 단 1건만 발송해도 발신번호를 차단 후... ",https://n.news.naver.com/mnews/article/018/0005846697?sid=105,"Sun, 29 Sep 2024 18:10:00 +0900"
LG유플러스 &quot;AI로 <b>스팸</b>메시지 피해 예방…ixi <b>스팸</b>필터 개발&quot;,"이와 함께 LG유플러스는 관리 대상인 대량 발송 악성 메시지의 유형을 기존 ▲불법대출 ▲스미싱 ▲도박 ▲성인 ▲불법의약품에서 주식 <b>리딩방</b> 등 '유사 투자' <b>스팸</b>까지 확대하고, 이 같은 유형의 <b>스팸</b> 메시지를 단... ",https://www.youthdaily.co.kr/news/article.html?no=166294,"Sun, 29 Sep 2024 17:10:00 +0900"
"LG유플러스, AI 기반 <b>스팸</b> 탐지 시스템 'ixi <b>스팸</b>필터' 도입",LG유플러스는 관리 대상인 대량 발송 악성 메시지의 유형을 기존 ▲ 불법대출 ▲ 스미싱 ▲ 도박 ▲ 성인 ▲ 불법의약품에서 주식 <b>리딩방</b> 등 '유사 투자' <b>스팸</b>까지 확대했다. 또 이 같은 유형의 <b>스팸</b> 메시지를 단 1건만... ,https://www.hellot.net/news/article.html?no=93984,"Sun, 29 Sep 2024 16:16:00 +0900"
"금융 사기 막는다… LGU+, 불법 <b>스팸</b> 근절 'ixi <b>스팸</b>필터' 개발","이와 함께 LG유플러스는 관리 대상인 대량 발송 악성 메시지의 유형을 기존 ▲불법대출 ▲스미싱 ▲도박 ▲성인 ▲불법의약품에서 주식 <b>리딩방</b> 등 '유사 투자' <b>스팸</b>까지 확대하고, 이 같은 유형의 <b>스팸</b> 메시지를 단 1건만... ",https://www.newscj.com/news/articleView.html?idxno=3183616,"Sun, 29 Sep 2024 16:04:00 +0900"
"LGU+, AI로 불법 <b>스팸</b>메시지 피해 막는다","이와 함께 LG유플러스는 관리 대상인 대량 발송 악성 메시지의 유형을 기존 △불법대출 △스미싱 △도박 △성인 △불법의약품에서 주식 <b>리딩방</b> 등 '유사 투자' <b>스팸</b>까지 확대하고, 이 같은 유형의 <b>스팸</b> 메시지를 단... ",http://www.shinailbo.co.kr/news/articleView.html?idxno=1938246,"Sun, 29 Sep 2024 16:00:00 +0900"
"LG유플러스 AI 기반 <b>스팸</b>필터 서비스 도입, &quot;고객안전 조치 강화&quot;","이에 LG유플러스는 관리 대상에 들어가는 대량 발송 악성 메시지 유형을 불법대출, 스미싱, 도박, 성인물, 불법의약품 등에서 주식 <b>리딩방</b> 등 유사 투자 <b>스팸</b>까지 확대했다. 이같은 유형을 가진 <b>스팸</b> 메시지를 단 1건만... ",https://www.businesspost.co.kr/BP?command=article_view&num=367274,"Sun, 29 Sep 2024 15:56:00 +0900"
"&quot;AI로 불법 <b>스팸</b> 근절&quot;…LG유플러스, '익시 <b>스팸</b>필터' 개발","이와 함께 LG유플러스는 관리 대상인 대량 발송 악성 메시지의 유형을 기존 △불법대출 △스미싱 △도박 △성인 △불법의약품에서 주식 <b>리딩방</b> 등 '유사 투자' <b>스팸</b>까지 확대하고, 이 같은 유형의 <b>스팸</b> 메시지를 단... ",https://www.pointdaily.co.kr/news/articleView.html?idxno=220385,"Sun, 29 Sep 2024 15:02:00 +0900"
"LG유플러스, AI로 불법 <b>스팸</b>메시지 걸러낸다",LG유플러스는 관리 대상인 대량 발송 악성 메시지의 유형을 기존 ▲불법대출 ▲스미싱 ▲도박 ▲성인 ▲불법의약품에서 주식 <b>리딩방</b> 등 ‘유사 투자’ <b>스팸</b>까지 확대했다. 이 같은 유형의 <b>스팸</b> 메시지를 단 1건만... ,http://www.segyebiz.com/newsView/20240929507810?OutUrl=naver,"Sun, 29 Sep 2024 14:32:00 +0900"
LG유플러스 “AI로 불법 <b>스팸</b>메시지 피해 예방”,LG유플러스는 관리 대상인 대량 발송 악성 메시지의 유형을 기존 ▲불법대출 ▲스미싱 ▲도박 ▲성인 ▲불법의약품에서 주식 <b>리딩방</b> 등 ‘유사 투자’ <b>스팸</b>까지 확대했다. 나아가 이 같은 유형의 <b>스팸</b> 메시지를 단... ,https://n.news.naver.com/mnews/article/009/0005371749?sid=105,"Sun, 29 Sep 2024 14:03:00 +0900"
"LG유플러스, AI 활용 <b>스팸</b> 근절 'ixi 필터' 개발 &quot;고객 안전 보호 노력&quot;","LG유플러스는 관리 대상인 대량 발송 악성 메시지의 유형을 기존 불법대출, 스미싱, 도박, 성인, 불법의약품에서 주식 <b>리딩방</b> 등 '유사 투자' <b>스팸</b>까지 확대하고, <b>스팸</b> 메시지를 단 1건만 발송해도 발신번호를 차단 후... ",https://n.news.naver.com/mnews/article/076/0004198360?sid=101,"Sun, 29 Sep 2024 13:47:00 +0900"
"LG유플러스, AI 기반 'ixi <b>스팸</b>필터'로 불법 <b>스팸</b> 피해 예방","또 LG유플러스는 불법 대출, 스미싱, 도박, 성인, 불법의약품 <b>스팸</b>뿐만 아니라 최근 문제가 되는 주식 <b>리딩방</b> 등 '유사 투자' <b>스팸</b>까지 관리 대상을 확장했습니다. 이 유형의 <b>스팸</b> 메시지를 단 1건만 발송해도 발신번호를... ",http://www.paxetv.com/news/articleView.html?idxno=213249,"Sun, 29 Sep 2024 13:00:00 +0900"
"LG유플러스, AI로 불법 <b>스팸</b>메시지 피해 막는다",이와 함께 LG유플러스는 관리 대상인 대량 발송 악성 메시지의 유형을 기존 ▲불법대출 ▲스미싱 ▲도박 ▲성인 ▲불법의약품에서 주식 <b>리딩방</b> 등 '유사 투자' <b>스팸</b>까지 확대했다. 위의 유형의 <b>스팸</b> 메시지를 단 1건만... ,https://n.news.naver.com/mnews/article/082/0001290454?sid=105,"Sun, 29 Sep 2024 12:57:00 +0900"
LG유플러스 “AI로 <b>스팸</b>메시지 피해 예방”···탐지 시스템 ‘ixi <b>스팸</b>...,LG유플러스는 관리 대상인 대량 발송 악성 메시지의 유형을 기존 ▲ 불법대출 ▲ 스미싱 ▲ 도박 ▲ 성인 ▲ 불법의약품에서 주식 <b>리딩방</b> 등 ‘유사 투자’ <b>스팸</b>까지 확대했다. 또 이 같은 유형의 <b>스팸</b> 메시지를 단... ,https://n.news.naver.com/mnews/article/144/0000991420?sid=105,"Sun, 29 Sep 2024 12:49:00 +0900"
"LG유플러스, 'ixi <b>스팸</b>필터' 개발... &quot;AI로 불법<b>스팸</b> 막는다&quot;","이와 함께 LG유플러스는 관리 대상인 대량 발송 악성 메시지의 유형을 기존 ▲불법대출 ▲스미싱 ▲도박 ▲성인 ▲불법의약품에서 주식 <b>리딩방</b> 등 '유사 투자' <b>스팸</b>까지 확대하고, 이 같은 유형의 <b>스팸</b> 메시지를 단... ",http://www.biztribune.co.kr/news/articleView.html?idxno=322073,"Sun, 29 Sep 2024 12:32:00 +0900"
"LGU+, AI 기반 'ixi <b>스팸</b>필터'로 로 <b>스팸</b>문자 피해 막는다",또 LG유플러스는 관리 대상인 대량 발송 악성 메시지의 유형을 기존 ▲불법대출 ▲스미싱 ▲도박 ▲성인 ▲불법의약품에서 주식 <b>리딩방</b> 등 '유사 투자' <b>스팸</b>까지 확대했다. 이 같은 유형의 <b>스팸</b> 메시지를 단 1건만... ,http://www.metroseoul.co.kr/article/20240929500061,"Sun, 29 Sep 2024 11:22:00 +0900"
"LG유플러스, AI로 불법 <b>스팸</b>메시지 예방","이와 함께 LG유플러스는 관리 대상인 대량 발송 악성 메시지의 유형을 기존 불법대출, 스미싱,도박, 성인, 불법의약품에서 주식 <b>리딩방</b> 등 '유사 투자' <b>스팸</b>까지 확대하고, 이 같은 유형의 <b>스팸</b> 메시지를 단 1건만... ",http://www.wsobi.com/news/articleView.html?idxno=254962,"Sun, 29 Sep 2024 11:20:00 +0900"
"LG유플러스, AI 기술로 불법 <b>스팸</b>메시지 잡는다",이와 함께 LG유플러스는 관리 대상인 대량 발송 악성 메시지의 유형을 기존 △불법 대출 △스미싱 △도박 △성인 △불법 의약품에서 주식 <b>리딩방</b> 등 유사 투자 <b>스팸</b>까지 확대하고 이 같은 유형의 <b>스팸</b> 메시지를 단... ,https://m.skyedaily.com/news_view.html?ID=247744,"Sun, 29 Sep 2024 11:10:00 +0900"
"&quot;AI로 불법 <b>스팸</b> 차단&quot;…LGU+, 'ixi <b>스팸</b>필터' 적용",이와 함께 LG유플러스는 관리 대상인 대량 발송 악성 메시지의 유형을 기존 ▲불법대출 ▲스미싱 ▲도박 ▲성인 ▲불법의약품에서 주식 <b>리딩방</b> 등 '유사 투자' <b>스팸</b>까지 확대했다. 이 같은 유형의 <b>스팸</b> 메시지를 단... ,https://n.news.naver.com/mnews/article/138/0002183356?sid=105,"Sun, 29 Sep 2024 10:49:00 +0900"
"LGU+, AI로 불법 <b>스팸</b>메시지 탐지·차단","이와 함께 관리 대상인 대량 발송 악성 메시지의 유형을 기존 불법대출·스미싱·도박·성인·불법의약품에서 주식 <b>리딩방</b> 등 '유사 투자' <b>스팸</b>까지 확대하고, 이 같은 유형의 <b>스팸</b> 메시지를 단 1건만 발송해도... ",https://n.news.naver.com/mnews/article/011/0004397336?sid=105,"Sun, 29 Sep 2024 10:19:00 +0900"
"LG유플러스, AI 기반 'ixi <b>스팸</b> 필터' 시스템 적용",이와 함께 LG유플러스는 관리 대상인 대량 발송 악성 메시지의 유형을 기존 ▲불법 대출 ▲스미싱(문자 결제 사기) ▲도박 ▲성인 ▲불법 의약품에서 주식 <b>리딩방</b>(추천 방) 등 '유사 투자' <b>스팸</b>까지 확대하고 이 같은... ,http://www.ftoday.co.kr/news/articleView.html?idxno=329492,"Sun, 29 Sep 2024 10:16:00 +0900"
LGU+ &quot;AI로 <b>스팸</b>메시지 예방…&quot;필터링 정확도 95% 이상&quot;,이와 함께 LG유플러스는 관리 대상인 대량 발송 악성 메시지 유형을 기존 △불법대출 △스미싱 △도박 △성인 △불법의약품에서 주식 <b>리딩방</b> 등 '유사 투자' <b>스팸</b>까지 확대했다. 또 이런 유형의 <b>스팸</b> 메시지를 단 1건만... ,https://n.news.naver.com/mnews/article/008/0005094937?sid=105,"Sun, 29 Sep 2024 10:11:00 +0900"
LG유플 &quot;키워드 찾는 AI로 <b>스팸</b> 즉각 차단&quot;,아울러 LG유플러스는 관리 대상인 대량 발송 악성 메시지의 유형을 기존 △불법대출 △스미싱 △도박 △성인 △불법의약품에서 주식 <b>리딩방</b> 등 '유사 투자' <b>스팸</b>까지 확대했다. 이 유형의 <b>스팸</b> 메시지를 단 1건만... ,https://n.news.naver.com/mnews/article/029/0002905325?sid=105,"Sun, 29 Sep 2024 10:08:00 +0900"
"LG유플러스, 통신망서 <b>스팸</b> 메시지 걸러낸다…'익시 <b>스팸</b>필터' 적용","관리 대상인 대량 발송 악성 메시지의 유형도 기존 불법 대출, 스미싱, 도박, 성인, 불법 의약품에서 주식 <b>리딩방</b> 등 유사 투자 <b>스팸</b>까지 확대했다. 이 같은 유형의 <b>스팸</b> 메시지를 1건만 발송해도 발신 번호를 차단 후... ",https://n.news.naver.com/mnews/article/015/0005038287?sid=105,"Sun, 29 Sep 2024 10:08:00 +0900"
&quot;<b>스팸</b>메시지 퇴출&quot; … LGU+ 'ixi <b>스팸</b>필터' 시스템 적용,이와 함께 LG유플러스는 관리 대상인 대량 발송 악성 메시지의 유형을 기존 ▲불법대출 ▲스미싱 ▲도박 ▲성인 ▲불법의약품에서 주식 <b>리딩방</b> 등 '유사 투자' <b>스팸</b>까지 확대했다. 이 같은 유형의 <b>스팸</b> 메시지를 단... ,https://biz.newdaily.co.kr/site/data/html/2024/09/29/2024092900006.html,"Sun, 29 Sep 2024 10:02:00 +0900"
"AI로 주식<b>리딩방 스팸</b>도 차단...LG유플러스, '익시 스팸필터' 시스템 적...",아울러 관리 대상인 대량 발송 악성 메시지의 유형을 기존 ▲불법대출 ▲스미싱 ▲도박 ▲성인 ▲불법의약품에서 주식 <b>리딩방</b> 등 '유사 투자' <b>스팸</b>까지 확대했다. 이 같은 유형의 <b>스팸</b> 메시지를 단 1건만 발송해도... ,https://www.techm.kr/news/articleView.html?idxno=130536,"Sun, 29 Sep 2024 09:46:00 +0900"
"LG유플러스, AI로 불법 <b>스팸</b>메시지 피해 막는다",LG유플러스는 관리 대상인 대량 발송 악성 메시지의 유형을 기존 △불법대출 △스미싱 △도박 △성인 △불법의약품에서 주식 <b>리딩방</b> 등 '유사 투자' <b>스팸</b>까지 확대하기로 했다. 앞서 지난 8월부터 이 같은 유형의 <b>스팸</b>... ,https://n.news.naver.com/mnews/article/014/0005246644?sid=105,"Sun, 29 Sep 2024 09:40:00 +0900"
LG유플러스 &quot;AI로 불법 <b>스팸</b>메시지 피해 예방,LG유플러스는 관리 대상인 대량 발송 악성 메시지의 유형을 기존 ▲ 불법대출 ▲ 스미싱 ▲ 도박 ▲ 성인 ▲ 불법의약품에서 주식 <b>리딩방</b> 등 ‘유사 투자’ <b>스팸</b>까지 확대했다. 또 이 같은 유형의 <b>스팸</b> 메시지를 단... ,https://n.news.naver.com/mnews/article/366/0001020906?sid=105,"Sun, 29 Sep 2024 09:38:00 +0900"
"LGU+, AI로 불법 <b>스팸</b> 막는다··· 전사 협의체도 가동","이와 함께 LG유플러스는 관리 대상인 대량 발송 악성 메시지의 유형을 기존 ▲불법대출 ▲스미싱 ▲도박 ▲성인 ▲불법의약품에서 주식 <b>리딩방</b> 등 '유사 투자' <b>스팸</b>까지 확대하고, 이 같은 유형의 <b>스팸</b> 메시지를 단... ",https://www.getnews.co.kr/news/articleView.html?idxno=694645,"Sun, 29 Sep 2024 09:34:00 +0900"
LG유플러스 &quot;AI로 불법 <b>스팸</b>메시지 피해 예방&quot;,LG유플러스는 관리 대상인 대량 발송 악성 메시지의 유형을 기존 ▲ 불법대출 ▲ 스미싱 ▲ 도박 ▲ 성인 ▲ 불법의약품에서 주식 <b>리딩방</b> 등 '유사 투자' <b>스팸</b>까지 확대했다. 또 이 같은 유형의 <b>스팸</b> 메시지를 단 1건만... ,https://n.news.naver.com/mnews/article/001/0014954142?sid=105,"Sun, 29 Sep 2024 09:30:00 +0900"
"LG유플러스, AI로 주식 <b>리딩방</b> 등 유사 <b>스팸</b> 거른다","이와 함께 LG유플러스는 관리 대상인 대량 발송 악성 메시지의 유형을 기존 △불법대출 △스미싱 △도박 △성인 △불법의약품에서 주식 <b>리딩방</b> 등 유사 투자 <b>스팸</b>까지 확대하고, 이 같은 유형의 <b>스팸</b> 메시지를 단 1건만... ",https://www.dnews.co.kr/uhtml/view.jsp?idxno=202409282209038350498,"Sun, 29 Sep 2024 09:20:00 +0900"
"LG유플러스, 전사협의체 가동해 'ixi <b>스팸</b>필터' 개발","이와 함께 LG유플러스는 관리 대상인 대량 발송 악성 메시지의 유형을 기존 ▲불법대출 ▲스미싱 ▲도박 ▲성인 ▲불법의약품에서 주식 <b>리딩방</b> 등 '유사 투자' <b>스팸</b>까지 확대하고, 이 같은 유형의 <b>스팸</b> 메시지를 단... ",https://www.dailysmart.co.kr/news/articleView.html?idxno=93207,"Sun, 29 Sep 2024 09:16:00 +0900"
"LG유플러스, AI로 불법 <b>스팸</b>메시지 피해 막는다","이와 함께 LG유플러스는 관리 대상인 대량 발송 악성 메시지의 유형을 기존 △불법대출 △스미싱 △도박 △성인 △불법의약품에서 주식 <b>리딩방</b> 등 '유사 투자' <b>스팸</b>까지 확대하고, 이 같은 유형의 <b>스팸</b> 메시지를 단... ",https://www.newstree.kr/newsView/ntr202409270015,"Sun, 29 Sep 2024 09:02:00 +0900"
"LGU+, 불법 <b>스팸</b> 원천 차단…‘ixi <b>스팸</b>필터’로 재판매사업자 관리·감...",더불어 관리 대상인 대량 발송 악성 메시지의 유형을 기존 ▲불법 대출 ▲스미싱 ▲도박 ▲성인 ▲불법 의약품에서 주식 <b>리딩방</b> 등 ▲유사 투자 <b>스팸</b>까지 확대한다. 이 같은 유형의 <b>스팸</b>메시지를 단 1건만 발송해도 발신... ,https://n.news.naver.com/mnews/article/468/0001096250?sid=101,"Sun, 29 Sep 2024 09:02:00 +0900"
"LG유플러스, 불법 <b>스팸</b> 근절 위한 전사협의체 가동해 'ixi <b>스팸</b>필터' 개...","이와 함께 LG유플러스는 관리 대상인 대량 발송 악성 메시지의 유형을 기존 불법대출, 스미싱, 도박, 성인, 불법의약품에서 주식 <b>리딩방</b> 등 '유사 투자' <b>스팸</b>까지 확대하고 이 같은 유형의 <b>스팸</b> 메시지를 단 1건만... ",https://www.epnc.co.kr/news/articleView.html?idxno=306778,"Sun, 29 Sep 2024 09:02:00 +0900"
"LGU+, ixi <b>스팸</b>필터로 사기 문자 거른다","이와 함께 LG유플러스는 관리 대상인 대량 발송 악성 메시지의 유형을 기존 ▲불법대출 ▲스미싱 ▲도박 ▲성인 ▲불법의약품에서 주식 <b>리딩방</b> 등 '유사 투자' <b>스팸</b>까지 확대하고, 이 같은 유형의 <b>스팸</b> 메시지를 단... ",https://n.news.naver.com/mnews/article/092/0002347003?sid=105,"Sun, 29 Sep 2024 09:01:00 +0900"
"LGU+, AI 기술로 '불법 <b>스팸</b>메시지 피해' 막는다","LG유플러스는 관리 대상인 대량 발송 악성 메시지의 유형을 불법대출, 스미싱, 도박, 성인, 불법의약품에서 주식 <b>리딩방</b> 등 '유사 투자' <b>스팸</b>까지 확대했다. 이같은 유형의 <b>스팸</b> 메시지를 단 1건만 발송해도 발신번호를... ",https://n.news.naver.com/mnews/article/031/0000872681?sid=105,"Sun, 29 Sep 2024 09:01:00 +0900"
"AI로 불법 <b>스팸</b>메시지 피해 막는다...LG유플러스, 'ixi <b>스팸</b>필터' 개발",이와 함께 LG유플러스는 8월부터 관리 대상인 대량 발송 악성 메시지의 유형을 기존 ▲불법대출 ▲스미싱 ▲도박 ▲성인 ▲불법의약품에서 주식 <b>리딩방</b> 등 '유사 투자' <b>스팸</b>까지 확대했다. 이 같은 유형의 <b>스팸</b> 메시지를... ,http://www.4th.kr/news/articleView.html?idxno=2070318,"Sun, 29 Sep 2024 09:00:00 +0900"
"LGU+, AI로 불법 <b>스팸</b>메시지 피해 막는다",이와 함께 LG유플러스는 관리 대상인 대량 발송 악성 메시지의 유형을 기존 ▲불법대출 ▲스미싱 ▲도박 ▲성인 ▲불법의약품에서 주식 <b>리딩방</b> 등 '유사 투자' <b>스팸</b>까지 확대했다. 또 LG유플러스는 자사망을 사용하는... ,https://www.newspim.com/news/view/20240928000054,"Sun, 29 Sep 2024 09:00:00 +0900"
"LG유플러스, AI로 불법 <b>스팸</b>메시지 피해 막는다","이와 함께 LG유플러스는 관리 대상인 대량 발송 악성 메시지의 유형을 기존 ▲불법대출 ▲스미싱 ▲도박 ▲성인 ▲불법의약품에서 주식 <b>리딩방</b> 등 유사 투자 <b>스팸</b>까지 확대하고, 이 같은 유형의 <b>스팸</b> 메시지를 1건만... ",http://www.datanews.co.kr/news/article.html?no=134820,"Sun, 29 Sep 2024 09:00:00 +0900"
"LG유플러스, '익시 <b>스팸</b>필터' 적용해 불법 <b>스팸</b> 잡는다",또 회사는 관리 대상인 대량 발송 악성 메시지의 유형을 기존 ▲불법대출 ▲스미싱 ▲도박 ▲성인 ▲불법의약품에서 주식 <b>리딩방</b> 등 유사 투자 <b>스팸</b>까지 확대하고 이 같은 유형 <b>스팸</b> 메시지를 단 1건만 발송해도... ,https://www.goodkyung.com/news/articleView.html?idxno=247565,"Sun, 29 Sep 2024 09:00:00 +0900"
"LG유플러스, AI로 불법 <b>스팸</b>메시지 피해 막는다","이와 함께 LG유플러스는 관리 대상인 대량 발송 악성 메시지의 유형을 기존 △불법대출 △스미싱 △도박 △성인 △불법의약품에서 주식 <b>리딩방</b> 등 '유사 투자' <b>스팸</b>까지 확대하고, 이같은 유형의 <b>스팸</b> 메시지를 단 1건만... ",https://www.businessplus.kr/news/articleView.html?idxno=70645,"Sun, 29 Sep 2024 09:00:00 +0900"
"LG유플러스, AI로 불법 <b>스팸</b>메시지 피해 막는다","이와 함께 LG유플러스는 관리 대상인 대량 발송 악성 메시지의 유형을 기존 ▲불법대출 ▲스미싱 ▲도박 ▲성인 ▲불법의약품에서 주식 <b>리딩방</b> 등 '유사 투자' <b>스팸</b>까지 확대하고, 이 같은 유형의 <b>스팸</b> 메시지를 단 1건만... ",https://www.digitaltoday.co.kr/news/articleView.html?idxno=535316,"Sun, 29 Sep 2024 09:00:00 +0900"
"&quot;AI가 <b>스팸</b> 문자 사전 차단&quot;…LGU+, '익시 <b>스팸</b>필터' 개발","LG유플러스는 불법 대출, 스미싱, 도박, 성인, 불법 의약품, 주식 <b>리딩방</b>과 관련된 <b>스팸</b> 메시지를 단 1건만 발송해도 발신번호 차단 후 메시지발송 사업자에 소명을 요청하는 제재 정책도 지난달부터 운영하고 있다. 또... ",https://n.news.naver.com/mnews/article/421/0007814120?sid=105,"Sun, 29 Sep 2024 09:00:00 +0900"
"LG유플러스, 불법 <b>스팸</b> 근절에 총력전 ..... 전사협의체 가동해 'ixi <b>스팸</b>...","이와 함께 LG유플러스는 관리 대상인 대량 발송 악성 메시지의 유형을 기존 △불법대출 △스미싱 △도박 △성인 △불법의약품에서 주식 <b>리딩방</b> 등 '유사 투자' <b>스팸</b>까지 확대하고, 이 같은 유형의 <b>스팸</b> 메시지를 단... ",http://www.worktoday.co.kr/news/articleView.html?idxno=58243,"Sun, 29 Sep 2024 09:00:00 +0900"
"LG유플러스, AI로 불법 <b>스팸</b>메시지 피해 막는다","이와 함께 LG유플러스는 관리 대상인 대량 발송 악성 메시지의 유형을 기존 △불법대출 △스미싱 △도박 △성인 △불법의약품에서 주식 <b>리딩방</b> 등 '유사 투자' <b>스팸</b>까지 확대하고, 이 같은 유형의 <b>스팸</b> 메시지를 단... ",http://www.asiaa.co.kr/news/articleView.html?idxno=188089,"Sun, 29 Sep 2024 09:00:00 +0900"
"LG유플러스, 'ixi <b>스팸</b>필터' 적용… &quot;AI로 <b>스팸</b>메시지 피해 막는다&quot;","이와 함께 LG유플러스는 관리 대상인 대량 발송 악성 메시지의 유형을 기존 △불법대출 △스미싱 △도박 △성인 △불법의약품에서 주식 <b>리딩방</b> 등 ‘유사 투자’ <b>스팸</b>까지 확대하고, 이 같은 유형의 <b>스팸</b> 메시지를 단... ",https://www.viva100.com/main/view.php?key=20240929010007807,"Sun, 29 Sep 2024 09:00:00 +0900"
"LGU+, AI로 불법 <b>스팸</b>문자 걸러낸다",또 관리 대상인 대량 발송 악성 메시지가 ▲불법대출 ▲스미싱 ▲도박 ▲성인 ▲불법의약품 등 기존 유형에서 주식 <b>리딩방</b> 등 '유사 투자' <b>스팸</b>으로 확대했다. 이 같은 유형의 <b>스팸</b> 메시지를 단 1건만 발송해도... ,https://n.news.naver.com/mnews/article/003/0012809887?sid=105,"Sun, 29 Sep 2024 09:00:00 +0900"
"LGU+, AI로 <b>스팸</b> 피해 막는다…'ixi 필터' 시스템 적용","이와 함께, LG유플러스는 관리 대상인 대량 발송 악성 메시지의 유형을 기존 ▲불법대출 ▲스미싱 ▲도박 ▲성인 ▲불법의약품에서 주식 <b>리딩방</b> 등 '유사 투자' <b>스팸</b>까지 확대하고, 이 같은 유형의 <b>스팸</b> 메시지를 단... ",https://www.apnews.kr/news/articleView.html?idxno=3025176,"Sun, 29 Sep 2024 09:00:00 +0900"
"LGU+, AI로 이동통신망서부터 <b>스팸</b> 메시지 막는다",LG유플러스는 관리 대상인 대량 발송 악성 메시지의 유형을 기존 ▲불법 대출 ▲스미싱 ▲도박 ▲성인 ▲불법 의약품에서 주식 <b>리딩방</b> 등 '유사 투자'까지 확대했다. 지난달부터 이 유형의 <b>스팸</b> 메시지를 1건만 발송해도... ,https://n.news.naver.com/mnews/article/277/0005477799?sid=105,"Sun, 29 Sep 2024 09:00:00 +0900"
"LG유플러스, AI로 불법 <b>스팸</b> 피해 막는다…'익시 <b>스팸</b>필터' 개발",이와 함께 LG유플러스는 관리 대상인 대량 발송 악성 메시지의 유형을 기존 ▲불법대출 ▲스미싱 ▲도박 ▲성인 ▲불법의약품에서 주식 <b>리딩방</b> 등 '유사 투자' <b>스팸</b>까지 확대했다. 이 같은 유형의 <b>스팸</b> 메시지를 단 1건만... ,http://www.womentimes.co.kr/news/articleView.html?idxno=79746,"Sun, 29 Sep 2024 09:00:00 +0900"
"LG유플러스, AI로 불법 <b>스팸</b>메시지 피해 막는 'ixi <b>스팸</b>필터' 개발","이와 함께 LG유플러스는 관리 대상인 대량 발송 악성 메시지의 유형을 기존 ▲불법대출 ▲스미싱 ▲도박 ▲성인 ▲불법의약품에서 주식 <b>리딩방</b> 등 '유사 투자' <b>스팸</b>까지 확대하고, 이 같은 유형의 <b>스팸</b> 메시지를 단... ",http://www.newstnt.com/news/articleView.html?idxno=415544,"Sat, 28 Sep 2024 04:56:00 +0900"
"[동십자각] 진화하는 <b>스팸</b>, 알아야 막는다",인증을 받지 못할 것으로 예상되는 업체들이 규제 강화 직전 대량으로 <b>스팸</b> 문자를 발송했다는 것이다. 또한 지난달 자본시장법 개정으로 주식 <b>리딩방</b> 운영이 제한되면서 유사투자자문업체들이 법 개정 전 최대한 많은... ,https://n.news.naver.com/mnews/article/011/0004394409?sid=110,"Sun, 22 Sep 2024 13:51:00 +0900"
투자<b>리딩방</b> 통한 보이스피싱 급증...정용균 형사전문변호사 &quot;범죄 조직...,최근 누구나 한 번쯤은 투자 <b>리딩방</b> 관련 <b>스팸</b> 문자를 받아본 경험이 있을 것이다. 문제는 이러한 투자 <b>리딩방</b>을 통해 발생하는 사기 피해가 점차 심각해지고 있다는 점이다. 특히 투자 <b>리딩방</b>을 가장한 보이스피싱... ,https://www.getnews.co.kr/news/articleView.html?idxno=693307,"Fri, 20 Sep 2024 13:32:00 +0900"
"매일 “오빠, 데리러 와” 문자 오더니…올해 ‘이것’ 역대 최고치 경...","이처럼 최근 지인을 사칭한 불법 스미싱을 비롯해 택배 사칭, 주식 <b>리딩방</b> 홍보, 코인 거래소 사칭, 기업 아르바이트 사칭 등 <b>스팸</b>문자 방식이 날로 다양해지고 있다. <b>스팸</b>문자(Spam SMS)는 아무 관련 없는 수신자에게... ",https://n.news.naver.com/mnews/article/662/0000052437?sid=105,"Thu, 19 Sep 2024 14:39:00 +0900"
"상반기에만 2억건… 폭증한 <b>스팸</b>, 규제 강화 전 막판 폭탄?",불법 <b>스팸</b>에 이용되고 있음에도 필요 조치를 하지 않는 경우 최대 3000만원 이하의 과태료가 부과되는 데 그친다. 자본시장법 개정으로 등록된 투자자문업체가 아니면 주식 <b>리딩방</b> 운영이 불가능해진 점도 문자 사기가... ,https://n.news.naver.com/mnews/article/005/0001725608?sid=101,"Thu, 19 Sep 2024 02:02:00 +0900"
"&quot;오빠, 이 계정으로 연락 줘&quot;…요즘 너도나도 받았단 '이 문자' 정체","최근에는 추석 선물 배송을 가장한 택배 사칭, 삼성전자 등 기업 사칭, 지인 부고 사칭, 주식 <b>리딩방</b> 홍보 등 방식도 다양해지고 있다. 정부는 <b>스팸</b> 문자가 급증한 주 요인으로 △문자재전송사(문자재판매사) 등록 수가... ",https://n.news.naver.com/mnews/article/011/0004393154?sid=105,"Wed, 18 Sep 2024 14:17:00 +0900"
&quot;라인 ID로 연락주세요&quot;…외국인 관광객 사칭 등 스미싱 급증하는 이유...,올해 상반기 집계된 <b>스팸</b> 문자 2억 1750만 건 대량 문자 전송 사업자 전송 자격 인증제 등 이유 &quot;시간 되면... 자본시장법 개정으로 등록된 투자전문업체가 아니면 주식 <b>리딩방</b> 운영이 불가능해진 것도 문자 사기가 늘어난... ,https://www.kgnews.co.kr/news/article.html?no=810008,"Wed, 18 Sep 2024 12:00:00 +0900"
"&quot;우리 가입자는 안전하다&quot;...SKT, 불법<b>스팸</b>과 전쟁 선포","가족 사칭 문자부터 대출 및 금융기관 사칭, 주식 <b>리딩방</b> 등 불법 <b>스팸</b>은 조직적으로 발전해 나가고 있습니다. SK텔레콤 고객은 안전할 수 있도록, 전사 차원으로 대응해 보자는 마음으로 태스크포스(TF)를 구성하게... ",https://n.news.naver.com/mnews/article/092/0002345807?sid=105,"Wed, 18 Sep 2024 09:33:00 +0900"
"“오빠, 라인 ID로 연락주세요” 이 <b>스팸</b>이 급증한 이유",과학기술정보통신부는 2024년 상반기 민간분야 주요 사이버 위협 동향 보고서에서 올해 상반기 <b>스팸</b> 문자가... 자본시장법 개정으로 등록된 투자자문업체가 아니면 주식 <b>리딩방</b> 운영이 불가능해진 것도 문자 사기가... ,https://n.news.naver.com/mnews/article/005/0001725453?sid=101,"Wed, 18 Sep 2024 05:58:00 +0900"
&quot;이런 문자 받으면 의심부터&quot;...추석 '피싱 범죄' 주의보,[오정우 / 국무조정실 일반행정정책관실 과장 : (추석 연휴 동안) 불법 <b>스팸</b>과 스미싱 문자를 24시간 탐지하는... 정부는 추석 연휴 기간을 포함해 앞으로 2달 동안 보이스피싱과 불법 투자 <b>리딩방</b> 등에 대한 특별 자수... ,https://n.news.naver.com/mnews/article/052/0002087957?sid=100,"Sun, 15 Sep 2024 23:05:00 +0900"
SM엔터 일당 80만 원? 엔터사 사기에 제니父·덱스 사칭도,지난해부터 '주식투자 <b>리딩방</b>'에 참가시키는 목적의 연예인 사칭광고가 기승을 부렸는데 최근엔 엔터사... JYP엔터테인먼트에서 일하는 김지아로 소개한 <b>스팸</b> 문자는 &quot;영화 음악사를 도와 사실적인 평가를 진행하는데... ,https://n.news.naver.com/mnews/article/006/0000125996?sid=102,"Sun, 15 Sep 2024 14:38:00 +0900"
&quot;이런 문자 받으면 의심부터&quot;...추석 '피싱 범죄' 주의보,[오정우 / 국무조정실 일반행정정책관실 과장 : (추석 연휴 동안) 불법 <b>스팸</b>과 스미싱 문자를 24시간 탐지하는... 정부는 추석 연휴 기간을 포함해 앞으로 2달 동안 보이스피싱과 불법 투자 <b>리딩방</b> 등에 대한 특별 자수... ,https://n.news.naver.com/mnews/article/052/0002087744?sid=100,"Sun, 15 Sep 2024 05:58:00 +0900"
&quot;오랜만&quot; 중국어 문자에 '아! 그 친구' 톡 했더니…또 바뀐 낚시 수법,"'국제 발신' 미끼 문자… 범죄 당하기 전까지 특정 어렵다 국제 발신 <b>스팸</b> 문자는 계속해서 증가하고 있다.... '국제 발신' 미끼 문자는 로맨스스캠, 투자 <b>리딩방</b> 사기 등 범죄 피해로 이어질 가능성이 높다. 지난해 통합... ",https://n.news.naver.com/mnews/article/008/0005088910?sid=102,"Wed, 11 Sep 2024 15:00:00 +0900"
[초동시각]편하게 돈버는 방법은 없다,불특정 다수에게 수천만건에 달하는 <b>스팸</b> 문자를 보내고 나면 한두 사람 관심을 표현한다. 의심하던 이들조차 완벽한 대본에 속아 자금을 맡기게 된다. 실제로 경찰청이 지난해 9월부터 <b>리딩방</b> 사기 피해액 집계를... ,https://n.news.naver.com/mnews/article/277/0005471329?sid=110,"Wed, 11 Sep 2024 13:38:00 +0900"
"정부, 범정부 TF 실무회의 개최해 보이스피싱 대응체계 점검","31)’을 운영해 보이스피싱·투자<b>리딩방</b>·대포통장 등 유통행위자가 자수하거나 범죄조직에 관한 제보를... △통신당국, 불법 <b>스팸</b> 차단 기간 연장 및 스미싱 예방 예·경보 발송과기정통부는 8월 금감원이 보유한... ",http://www.boannews.com/media/view.asp?idx=132717&kind=,"Tue, 10 Sep 2024 13:46:00 +0900"
보이스피싱 자수·신고 기간 운영···추석 연휴 24시간 대응,"경찰청은 이 기간에 보이스피싱과 투자<b>리딩방</b>, 로맨스 스캠 등 조직적 사기 범죄를 위해 해외에 체류하는... 경찰은 112 상황실을 중심으로 범죄 신고에 대응하고, 한국인터넷진흥원은 불법 <b>스팸</b>과 스미싱 문자에 대한... ",https://www.ktv.go.kr/content/view?content_id=709628,"Sun, 08 Sep 2024 17:00:00 +0900"
"정부, 추석 연휴기간 보이스피싱 '24시간' 대응",불법 <b>스팸</b>과 스미싱 문자 등 24시간 탐지에 돌입한다. 검찰과 경찰은 2개월간 특별 자수시간을 운영할... 보이스피싱이나 투자<b>리딩방</b>·대포통장 등 유통행위자가 자수하거나 범죄조직에 관한 제보를 하는 경우 양형에 적극... ,https://www.asiatime.co.kr/article/20240908500016,"Sun, 08 Sep 2024 15:38:00 +0900"
"정부, 추석명절 보이스피싱 등 금융사기 피해 예방 강화",아울러 이달 9일부터 다음 달 31일까지 두 달간 특별 자수 기간을 운영해 보이스피싱·투자<b>리딩방</b>·대포통장... 통신당국은 불법<b>스팸</b> 차단기간을 연장하고 스미싱 예방 문자를 발송한다. 방통위는 지난 7월 불법<b>스팸</b> 차단... ,http://www.segyebiz.com/newsView/20240908506705?OutUrl=naver,"Sun, 08 Sep 2024 14:30:00 +0900"
"정부, 추석연휴 보이스피싱 특별대응…피해 최소화 총력","보이스피싱·투자<b>리딩방</b>·대포통장 등 유통행위자가 자수하거나 범죄조직에 관한 제보를 하는 경우, 양형에... 방통위는 지난 7월부터 불법<b>스팸</b>의 차단 기간을 6개월로 연장하고, 기존 하루 1회 실시하던 블랙리스트 추출... ",http://www.sisafocus.co.kr/news/articleView.html?idxno=324196,"Sun, 08 Sep 2024 14:08:00 +0900"
보이스피싱 특별 자수기간 운영…해외거점까지 파헤친다,이번 특별자수기간에서 보이스피싱·투자<b>리딩방</b>·대포통장 등 유통행위자가 자수하거나 범죄조직에 관한... 통신당국은 불법<b>스팸</b> 차단기간 연장 및 스미싱 예방 예·경보 발송하고 경찰은 신고 활성화를 위해 예산을... ,https://n.news.naver.com/mnews/article/029/0002900920?sid=101,"Sun, 08 Sep 2024 12:29:00 +0900"
"정부, 추석 연휴 기간 대비 ‘보이스피싱 대응체계’ 점검",이번 추석 기간에는 약 2개월 간 '특별 자수기간(9.9~10.31)'을 운영해 보이스피싱·투자<b>리딩방</b>·대포통장 등... 방통위는 지난 7월부터 불법<b>스팸</b>의 차단 기간을 6개월로 연장하고 기존 하루 1회 실시하던 블랙리스트 추출... ,https://n.news.naver.com/mnews/article/123/0002342078?sid=101,"Sun, 08 Sep 2024 12:05:00 +0900"
추석 전후 2개월간 보이스피싱 특별 자수기간 운영,"특별 자수 기간에 보이스피싱·투자<b>리딩방</b>·대포통장 등 유통행위자가 자수하거나 범죄조직에 관한 제보를... 경찰은 112 상황실을 중심으로 범죄 신고에 대응하고, 한국인터넷진흥원(KISA)은 불법<b>스팸</b>과 스미싱 문자에... ",https://n.news.naver.com/mnews/article/030/0003238205?sid=101,"Sun, 08 Sep 2024 12:01:00 +0900"
"정부, 추석 연휴 기간 대비 보이스피싱 대응체계 점검","이번 추석 기간에는 9월 9일부터 10월 31일까지 약 2개월간 특별 자수기간을 운영, 보이스피싱·투자<b>리딩방</b>... 방통위는 지난 7월부터 불법<b>스팸</b>의 차단 기간을 6개월로 연장하고 기존 하루 1회 실시하던 블랙리스트 추출... ",https://www.newsway.co.kr/news/view?ud=2024090617042309738,"Sun, 08 Sep 2024 12:00:00 +0900"
"정부, 추석 연휴 앞두고 보이스피싱 대응체계 점검","이번 추석 기간에는 약 2개월 간 특별 자수기간(9월9일~10월31일)을 운영해 보이스피싱·투자<b>리딩방</b>·대포통장... 방송통신위원회는 지난 7월부터 불법<b>스팸</b>의 차단 기간을 6개월로 연장하고, 기존 하루 1회 실시하던... ",http://www.seoulfn.com/news/articleView.html?idxno=532091,"Sun, 08 Sep 2024 12:00:00 +0900"
추석 연휴 '보이스피싱' 범부처 특별대응…내달까지 특별 자수기간 운영,"31)'을 운영해 보이스피싱·투자<b>리딩방</b>·대포통장 등 유통행위자가 자수하거나 범죄조직에 관해 제보하는... 경찰은 112 상황실을 중심으로 범죄 신고에 대응하고, 한국인터넷진흥원(KISA)은 불법<b>스팸</b>과 스미싱 문자에... ",https://www.newspim.com/news/view/20240908000061,"Sun, 08 Sep 2024 12:00:00 +0900"
"정부, 추석 연휴 보이스피싱 24시간 신고체계 운영","정부는 10월까지 보이스피싱·투자<b>리딩방</b>·대포통장 등 특별 자수기간을 운영한다. 이 기간 자수하거나... 또한 정부는 112 상황실을 중심으로 범죄 신고에 대응하고, 한국인터넷진흥원(kISA)은 불법 <b>스팸</b>과 스미싱 문자에... ",https://n.news.naver.com/mnews/article/003/0012774711?sid=100,"Sun, 08 Sep 2024 12:00:00 +0900"
추석 맞아 보이스피싱 특별자수기간 운영…24시간 신고체계 유지,"보이스피싱·투자<b>리딩방</b>·대포통장 등 유통행위자가 자수하거나 범죄조직에 관한 제보하는 경우, 양형에... 방송통신위원회는 지난 7월부터 불법<b>스팸</b>의 차단 기간을 6개월로 연장했으며, 기존 하루 1회 실시하던... ",https://n.news.naver.com/mnews/article/421/0007777653?sid=100,"Sun, 08 Sep 2024 12:00:00 +0900"
"&quot;2억원어치 코인 곧 소각…찾으려면 현금 선입금&quot; 문자, 사기입니다","내용의 <b>스팸</b> 문자를 발송하고 있는 것으로 보인다. 실제 금감원이 지난 4월 발표한 1월부터 4월까지의 가상자산 투자 피해사례(중복집계)를 유형별로 분석한 결과, '<b>리딩방</b>' 사기가 26.5%로 가장 많았다. 이어 미신고거래소... ",https://n.news.naver.com/mnews/article/421/0007775515?sid=101,"Fri, 06 Sep 2024 14:12:00 +0900"
"압타바이오, CB 전환 시점 쏟아진 호재…‘오버행’ 주의","중심으로 <b>리딩방</b>이 개입하거나 CB 털이를 위한 주가 부양이 이뤄지는 것도 사실”이라고 밝혔습니다.... 압타바이오는 ‘소수계좌 매수관여 과다’로 4차례, ‘<b>스팸</b>관여 과다’로 2차례 해당했습니다. 한국거래소... ",http://www.newstomato.com/ReadNews.aspx?no=1239540&inflow=N,"Thu, 05 Sep 2024 06:02:00 +0900"
광고 하나 클릭했을 뿐인데...핸드폰 열어보기가 겁난다 [프리스타일],한번 사기에 당한 그는 여전히 투자를 권하는 <b>스팸</b> 메시지에 시달리고 있을 것이다. 취재 당시 그가 “핸드폰을 열어보기도 겁이 날 정도”라고 말한 일이 생각났다. 경찰에 따르면 투자 <b>리딩방</b> 사기 피해 접수는 올해... ,https://n.news.naver.com/mnews/article/308/0000035398?sid=110,"Thu, 29 Aug 2024 06:51:00 +0900"
당신의 전화번호는 안전한가요?,"‘주식<b>리딩방</b> 소개드립니다’ 등의 문자가 와서 링크를 클릭해야 하는지, 말아야 하는지 고민해 본 적이 있을 것이다. 최근 스미싱, <b>스팸</b>문자 등의 사례가 지속적으로 발생하고 있고, 기법도 고도화하고 있다. 불법... ",https://kookbang.dema.mil.kr/newsWeb/20240827/3/ATCE_CTGR_0050010000/view.do,"Mon, 26 Aug 2024 14:58:00 +0900"
<b>스팸</b>문자 3040만 건 뿌려 주가 조작…<b>리딩방</b> 업체 직원들 구속기소,서울남부지검 금융조사제1부(부장검사 김수홍)는 전날(22일) 코스닥 상장사인 A사와 관련한 허위 <b>스팸</b> 문자 메시지를 대량 유포한 발송책인 <b>리딩방</b> 업체 대표 B(30)씨를 자본시장법 위반(사기적부정거래 등)... ,https://n.news.naver.com/mnews/article/021/0002656130?sid=102,"Sat, 24 Aug 2024 15:51:00 +0900"
<b>스팸</b>문자 3천만 건 뿌려 주가 띄운 <b>리딩방</b> 직원 2명 기소,"3천만 건이 넘는 주식 <b>스팸</b> 문자를 대량으로 살포해 주가를 띄운 <b>리딩방</b> 업체 직원들이 재판에 넘겨졌습니다. 서울남부지방검찰청 금융조사1부(부장검사 김수홍)는 자본시장법, 전기통신사업법 위반 등 혐의로 <b>리딩방</b>... ",https://n.news.naver.com/mnews/article/056/0011786749?sid=102,"Fri, 23 Aug 2024 16:06:00 +0900"
"&quot;대박 난다, 매수해&quot; 주가 띄우려 3000만건 문자폭탄 쏜 <b>리딩방</b> 일당 재...","불특정 다수를 대상으로 근거 없는 내용의 <b>스팸</b> 문자를 수천만 건 이상 살포, 주가를 띄워 부당 이익을 취한 주식 <b>리딩방</b>(종목 추천방) 업체 직원들이 재판에 넘겨졌다. 23일 서울남부지검 금융조사1부(부장 김수홍)는... ",https://n.news.naver.com/mnews/article/469/0000819261?sid=102,"Fri, 23 Aug 2024 13:49:00 +0900"
"검찰, '<b>스팸</b>문자 3000만건 뿌려 주가 부양' 일당 기소",주식 <b>리딩방</b>(종목 추천방)을 운영하면서 허위 사실이나 풍문이 담긴 <b>스팸</b> 문자를 약 3000만건 발송해 주가 부양을 도모한 일당이 재판에 넘겨졌다. 23일 검찰에 따르면 서울남부지검 금융조사1부(부장 김수홍)는 전날... ,https://n.news.naver.com/mnews/article/366/0001013432?sid=102,"Fri, 23 Aug 2024 11:43:00 +0900"
“이 주식 뜬다”… 허위 <b>스팸</b>문자 ‘3000만건’ 뿌린 일당 기소,<b>리딩방</b> 업체 대표 박씨와 운영팀장 정씨는 2022년 8월~12월 A사 주가 부양을 위해 근거 없는 호재성 풍문이 포함된 주식 <b>스팸</b> 문자 메시지 약 3000만 건을 불특정 다수에게 대량으로 살포한 것으로 조사됐다. 당시 A사 주식... ,https://n.news.naver.com/mnews/article/023/0003854253?sid=102,"Fri, 23 Aug 2024 11:08:00 +0900"
"&quot;주식 곧 뜬다&quot; 3000만 건 '<b>스팸</b>' 뿌린 일당, 재판 간다","코스닥 상장사 주가를 끌어올리기 위해, 허위 풍문성 <b>스팸</b> 메시지 약 3000만 건을 발송한 <b>리딩방</b> 업체 관계자들이 재판에 넘겨졌다. 서울남부지검 금융조사 제1부(부장검사 김수홍)는 전날 자본시장법상 사기적 부정거래... ",http://www.queen.co.kr/news/articleView.html?idxno=417651,"Fri, 23 Aug 2024 11:06:00 +0900"
"&quot;이 주식 뜬다&quot; <b>스팸</b>문자 3천만 건 살포…檢, <b>리딩방</b> 직원 2명 기소","3천만 건이 넘는 주식 <b>스팸</b> 문자를 살포해 주가를 띄우려고 시도한 <b>리딩방</b> 업체 직원들이 재판에 넘겨졌다. 서울남부지검 금융조사1부(김수홍 부장검사)는 23일 자본시장법, 전기통신사업법 위반 등 혐의로 <b>리딩방</b> 업체... ",https://n.news.naver.com/mnews/article/448/0000473398?sid=102,"Fri, 23 Aug 2024 11:02:00 +0900"
&quot;<b>스팸</b> 문자 3천만 건 뿌려 주가 부양&quot;…<b>리딩방</b> 직원 2명 기소,"3천만 건이 넘는 주식 <b>스팸</b> 문자를 대량으로 살포해 주가를 띄운 <b>리딩방</b> 업체 직원들이 재판에 넘겨졌습니다. 서울남부지검 금융조사1부(김수홍 부장검사)는 자본시장법, 전기통신사업법 위반 등 혐의로 <b>리딩방</b> 업체... ",https://n.news.naver.com/mnews/article/055/0001183970?sid=102,"Fri, 23 Aug 2024 10:56:00 +0900"
&quot;이 주식 뜬다&quot;… 허위 <b>스팸</b>문자 '3000만건' 뿌린 일당 재판행,주식 관련 <b>스팸</b> 문자 메시지를 약 3000만건이나 발송해 1600억원의 피해를 입게 한 <b>리딩방</b> 업체 관계자들이 재판에 넘겨졌다. 23일 뉴스1에 따르면 서울남부지검 금융조사제1부(김수홍 부장검사)는 지난 22일 <b>리딩방</b>... ,https://n.news.naver.com/mnews/article/417/0001022653?sid=102,"Fri, 23 Aug 2024 10:56:00 +0900"
대규모 주식 <b>스팸</b> 문자 뿌린 <b>리딩방</b> 일당 기소,근거 없는 호재성 풍문을 담은 주식 <b>스팸</b> 문자 메시지를 대량으로 뿌린 <b>리딩방</b> 업체 대표 등 일당이 재판에 넘겨졌습니다. 서울남부지방검찰청은 어제(22일) 자본시장법 위반 등 혐의로 <b>리딩방</b> 업체 운영팀장 박 모 씨를... ,https://n.news.naver.com/mnews/article/052/0002077755?sid=102,"Fri, 23 Aug 2024 10:52:00 +0900"
"검찰, ‘주식 <b>스팸</b>문자’ 대량 살포 주가 띄운 <b>리딩방</b> 직원 2명 기소",3000만건에 달하는 허위 호재성 주식 추천 <b>스팸</b> 문자를 대량으로 살포해 특정 코스닥상장사의 주가를 띄운 혐의를 받는 <b>리딩방</b> 업체 직원들이 재판에 넘겨졌다. 서울남부지검 금융조사1부(김수홍 부장검사)는 지난 22일... ,https://n.news.naver.com/mnews/article/016/0002353291?sid=102,"Fri, 23 Aug 2024 10:32:00 +0900"
'허위호재 <b>스팸</b>' 3천만건 무차별 살포…'<b>리딩방</b>' 일당 재판행,특정 코스닥 상장사 주가 부양을 위해 허위사실 및 풍문을 담은 문자메시지 3000만 건을 무차별 배포한 <b>리딩방</b> 업체 대표와 운영팀장 등이 재판에 넘겨졌다. 서울남부지검 금융조사1부(부장 김수홍)는 문자메시지 대량... ,https://n.news.naver.com/mnews/article/031/0000864189?sid=102,"Fri, 23 Aug 2024 10:18:00 +0900"
<b>스팸</b>문자 3천만건 뿌려 주가 띄운 <b>리딩방</b> 직원 2명 기소,"3천만건이 넘는 주식 <b>스팸</b> 문자를 대량으로 살포해 주가를 띄운 <b>리딩방</b> 업체 직원들이 재판에 넘겨졌다. 서울남부지검 금융조사1부(김수홍 부장검사)는 자본시장법, 전기통신사업법 위반 등 혐의로 <b>리딩방</b> 업체 관계자... ",https://n.news.naver.com/mnews/article/001/0014889245?sid=102,"Fri, 23 Aug 2024 10:12:00 +0900"
&quot;이 회사 오른다&quot; '주식<b>스팸</b>' 3천만건 뿌린 <b>리딩방</b> 일당 재판행,주식<b>리딩방</b> 업체 관계자들이 재판에 넘겨졌습니다. 서울남부지검 금융조사1부는 어제(22일) 자본시장법상... 주식 <b>스팸</b> 문자 메시지 3000만 건을 불특정 다수에게 보낸 혐의를 받습니다. 해당 문자가 대량으로 살포될... ,https://n.news.naver.com/mnews/article/437/0000407382?sid=102,"Fri, 23 Aug 2024 10:10:00 +0900"
&quot;이 주식 뜬다&quot; <b>스팸</b> 문자 3000만건 보낸 일당 재판행,코스닥 상장사 주가를 끌어올리기 위해 허위 <b>스팸</b> 메시지 약 3000만건을 발송한 <b>리딩방</b> 업체 관계자들이 재판에 넘겨졌다. 23일 검찰에 따르면 서울남부지검 금융조사 제1부(김수홍 부장검사)는 전날 자본시장법상... ,https://n.news.naver.com/mnews/article/014/0005231548?sid=102,"Fri, 23 Aug 2024 10:08:00 +0900"
&quot;이 주식 곧 뜬다&quot;…'<b>스팸</b> 3000만건' 허위호재 뿌린 <b>리딩방</b> 일당,코스닥 상장사의 주가를 띄우기 위해 허위사실이 담긴 대량의 <b>스팸</b> 문자를 살포한 <b>리딩방</b> 일당이 재판에 넘겨졌다. 23일 서울남부지검 금융조사제1부(부장검사 김수홍)는 자본시장법 위반(사기적 부정거래)... ,https://n.news.naver.com/mnews/article/015/0005024871?sid=102,"Fri, 23 Aug 2024 10:03:00 +0900"
&quot;호재요&quot; <b>스팸</b> 날려 주가 띄웠다.. 18억 번 <b>리딩방</b> 일당 재판행,"앞서 금융감독원 자본시장특별사법경찰(특사경)은 지난 7일 A사에 대한 허위 <b>스팸</b> 문자메시지를 대량 유포한 <b>리딩방</b> 업체 직원을 서울남부지검에 구속 송치하고, 공범 2명도 불구속 송치했다고 밝혔다. 검찰 관계자는... ",https://n.news.naver.com/mnews/article/018/0005817966?sid=102,"Fri, 23 Aug 2024 09:58:00 +0900"
<b>스팸</b>문자 3000만건 뿌려 '주가조작'…<b>리딩방</b> 업체 직원들 재판행,3000만 건이 넘는 주식 <b>스팸</b> 문자를 대량으로 살포해 주가를 띄운 <b>리딩방</b> 업체 직원들이 재판에 넘겨졌다. 23일 서울남부지검 금융조사 제1부(부장검사 김수홍)는 전날 자본시장법상 사기적 부정거래 등 혐의로 <b>리딩방</b>... ,https://n.news.naver.com/mnews/article/011/0004383407?sid=102,"Fri, 23 Aug 2024 09:54:00 +0900"
<b>스팸</b>문자 3천만건 살포해 주가 띄운 <b>리딩방</b> 직원들 재판행,"서울남부지검 금융조사제1부(부장검사 김수홍)는 지난 22일 코스닥 상장사인 A사에 대한 허위 <b>스팸</b> 문자 메시지를 대량 유포한 발송책인 <b>리딩방</b> 업체 대표 B(30)씨를 자본시장법 위반(사기적부정거래 등), 전기통신사업법... ",https://n.news.naver.com/mnews/article/003/0012744037?sid=102,"Fri, 23 Aug 2024 09:49:00 +0900"
&quot;이 종목 곧 뜬다&quot; '주식 <b>스팸</b>' 3000만건 뿌린 <b>리딩방</b> 일당 재판행,코스닥 상장사 주가를 끌어올리기 위해 허위 풍문성 <b>스팸</b> 메시지 약 3000만 건을 발송한 <b>리딩방</b> 업체 관계자들이 재판에 넘겨졌다. 서울남부지검 금융조사 제1부(부장검사 김수홍)는 전날 자본시장법상 사기적 부정거래... ,https://n.news.naver.com/mnews/article/421/0007746177?sid=102,"Fri, 23 Aug 2024 09:41:00 +0900"
'<b>스팸</b> 3000만개' 허위 호재 대량 살포한 주식 <b>리딩방</b> 일당 재판行,이른바 '주식 <b>리딩방</b>' 일당이 재판에 넘겨졌다. 23일 서울남부지검 금융조사제1부(부장검사 김수홍)는... 주식 <b>스팸</b> 문자메시지 약 3000만건을 불특정 다수에게 대량으로 살포한 혐의를 받는다. 특히 A사와 관련한 광바이오... ,https://n.news.naver.com/mnews/article/277/0005462625?sid=102,"Fri, 23 Aug 2024 09:31:00 +0900"
"김태규 &quot;방통위, 민생현안 처리 중단…5인체제 완성 도와달라&quot;",김태규 방송통신위원장 직무대행(부위원장)이 “특별재난지역 수신료 면제나 불법 <b>스팸</b>·<b>리딩방</b> 문제 등 민생과 관련된 현안 처리가 모두 중단된 상태”라고 말했다. 김 직무대행은 14일 국회... ,https://n.news.naver.com/mnews/article/018/0005811591?sid=105,"Wed, 14 Aug 2024 19:58:00 +0900"
"[손에잡히는경제] 황세운 &quot;유사투자자문업자들, 자격요건 없이 금전적 ...","하는 <b>스팸</b> 문자, 심지어는 문자로 알려주는 문자 메시지 받아보는 경험 받아보신 경험들 꽤 있으실 겁니다.... 그래서 이런 불법 <b>리딩방</b>에 대한 규제가 오늘부터 강화될 예정이라는데 자세한 이야기를 자본시장연구원의... ",https://n.news.naver.com/mnews/article/214/0001367870?sid=100,"Wed, 14 Aug 2024 09:55:00 +0900"
[공시학개론] &quot;300% 더 오르니 지금 매수하세요&quot;…투자권고 문자 실체는...,허위사실로 유료 <b>리딩방</b> 가입 유도 '<b>스팸</b>관여과다' 지정여부 확인해야 카인드 '투자주의종목조회'서 가능 아주경제=최연재 기자 ch0221@ajunews.com [사진=게티이미지뱅크] “지금 사야 한다” “앞으로 300% 더 오르니 지금이... ,https://www.ajunews.com/view/20240812160925855,"Tue, 13 Aug 2024 11:02:00 +0900"
[fn사설] 사이버 범죄 날뛰는데 무기력에 빠진 수사력,문자 재전송사를 해킹해 탈취한 계정으로 대량의 <b>스팸</b>·스미싱 문자를 보내 스미싱과 보이스피싱 범죄로... 사이버 범죄의 대표적인 것은 <b>리딩방</b>을 통한 주식사기다. 최근에는 신용카드 발급을 미끼로 피해자에게 접근... ,https://n.news.naver.com/mnews/article/014/0005226651?sid=110,"Mon, 12 Aug 2024 18:06:00 +0900"
&quot;주식<b>리딩방</b> 신고하세요&quot; 카카오 '원천봉쇄',"전문가, 유명인, 금융기관, 투자회사 직원 등을 사칭하거나 수익 보장 등 광고 문구 사용, 다른 이용자의 <b>리딩방</b> 초대, <b>스팸</b> 메시지 전송 등도 금지 항목으로 명시했다. 이 정책은 주식 투자 상품뿐 아니라 코인 등 가상자산... ",http://www.m-i.kr/news/articleView.html?idxno=1148263,"Thu, 08 Aug 2024 15:16:00 +0900"
방통위 번호로 <b>스팸</b> 문자가? “문자재판매사 해킹 추정”,"<b>스팸</b> 증가 원인은 여러가지로 추정된다. 먼저 이달 ‘주식 <b>리딩방</b>(투자 종목을 추천해 주는 메신저 대화방)’ 규제를 강화한 자본시장법 개정안이 시행됐는데, 규제 전 마지막까지 고객을 끌어들이려고 대량 광고 문자를... ",https://n.news.naver.com/mnews/article/023/0003851314?sid=101,"Thu, 08 Aug 2024 11:29:00 +0900"
“이 주식 곧 뜬다”며…국민 절반에 ‘<b>스팸</b> 문자’ 뿌린 <b>리딩방</b> 일당 ...,3000만건이 넘는 주식 <b>스팸</b> 문자를 대량 살포한 <b>리딩방</b> 업체 직원들이 검찰에 넘겨졌다. 금융감독원 자본시장특별사법경찰(특사경)은 7일 허위 <b>스팸</b> 메시지를 대량으로 무작위 살포한 <b>리딩방</b> 업체 운영팀장 A씨를... ,https://n.news.naver.com/mnews/article/011/0004377423?sid=102,"Thu, 08 Aug 2024 00:10:00 +0900"
3000만건 넘는 <b>스팸</b>문자로 주가 띄운 '<b>리딩방</b>' 일당 검찰 송치,/유토이미지 개인투자자를 유인하는 주식 <b>스팸</b> 문자메시지를 대량 유포한 주식<b>리딩방</b> 업체 직원이 구속됐다. 이들은 근거없는 주식 '호재' 풍문을 담은 <b>스팸</b> 문자메시지 3040만건을 대량 살포한 것으로 확인됐다. 30일... ,http://www.metroseoul.co.kr/article/20240807500599,"Wed, 07 Aug 2024 23:32:00 +0900"
"금감원, '주식 <b>스팸</b> 문자' 살포해 18억원 챙긴 <b>리딩방</b> 직원 검찰 송치",7일 금융감독원 자본시장특별사법경찰(특사경)은 한 상장사에 대한 허위 <b>스팸</b> 문자 메시지를 대량 유포한 혐의로 <b>리딩방</b> 업체 직원 P씨 서울남부지검에 이날 구속 송치했다고 밝혔다. P씨와 공모한 일당 2명은... ,https://www.ajunews.com/view/20240807192303012,"Wed, 07 Aug 2024 19:36:00 +0900"
<b>스팸</b> 3000만건 발송해 18억 부당이득 취득...<b>리딩방</b> 직원 구속,전 국민을 상대로 코스닥 상장사에 대한 허위 <b>스팸</b> 문자 메시지를 대량 발송해 부당이득을 챙긴 <b>리딩방</b> 일당이 구속됐다. 7일 금융감독원 자본시장특별사법경찰(특사경)은 코스닥 상장사 두 곳에 대한 허위 문자를 대량... ,https://www.newspim.com/news/view/20240807001085,"Wed, 07 Aug 2024 18:47:00 +0900"
<b>스팸</b>문자 3000만건 뿌려 코스닥 주식 띄운 <b>리딩방</b> 일당…구속 송치,코스닥 상장사 주가를 띄우기 위해 전국민을 상대로 <b>스팸</b> 문자메시지를 무려 3000만건 뿌려 약 18억원의 부당이득을 챙긴 <b>리딩방</b> 업체 일당이 구속 상태로 검찰에 넘겨졌다. 금융감독원 자본시장특별사법경찰(특사경)은... ,https://n.news.naver.com/mnews/article/008/0005074354?sid=101,"Wed, 07 Aug 2024 18:05:00 +0900"
"금감원 특사경, <b>리딩방</b> 팀장 구속 이어 공모자 2명 불구속 송치",전국민 상대 주식 <b>스팸</b> 문자메시지 대량 유포 사건 금융감독원 자본시장특별사법경찰(이하 특사경)은 7일 전국민 상대 주식 <b>스팸</b> 문자메시지 대량 유포 사건 피의자인 <b>리딩방</b> 운영팀장 A씨와 공모한 2명을 불구속... ,https://www.dnews.co.kr/uhtml/view.jsp?idxno=202408071749025930701,"Wed, 07 Aug 2024 18:02:00 +0900"
"<b>스팸</b> 문자 3000만개 뿌려 주가 띄운 <b>리딩방</b> 직원 3명, 검찰 송치",7일 금융감독원 자본시장특별사법경찰은 코스닥 상장사와 관련된 허위 <b>스팸</b> 문자메시지를 3040만건 유포한 <b>리딩방</b> 업체 운영팀장 A씨를 서울남부지방검찰청에 구속 송치했다. A씨와 공모한 일당 2명은 불구속... ,https://www.newsway.co.kr/news/view?ud=2024080717571092499,"Wed, 07 Aug 2024 18:00:00 +0900"
“이 주식 오른다” 전국민 상대 <b>스팸</b> 3000만 건 보낸 주식 <b>리딩방</b> 직원...,금융감독원 자본시장특별사법경찰(특사경)은 7일 상장사 A사에 대한 허위 <b>스팸</b> 문자 메시지를 대량 유포한 발송책인 <b>리딩방</b> 업체 직원 P씨를 서울남부지검에 구속 송치했다고 밝혔다.P씨와 공모한 일당 2명도 함께... ,https://n.news.naver.com/mnews/article/022/0003958014?sid=102,"Wed, 07 Aug 2024 17:47:00 +0900"
'허위 호재성 문자' 3천만건 발송 <b>리딩방</b> 직원 구속송치,금융감독원 자본시장특별사법경찰(특사경)은 코스닥 상장사 A사와 관련한 허위 <b>스팸</b>문자메세지를 대량 유포한 발송책이자 <b>리딩방</b> 업체 운영팀장인 P씨를 서울남부지검에 구속 송치했다고 오늘(7일) 밝혔습니다. P씨와... ,https://n.news.naver.com/mnews/article/374/0000396530?sid=101,"Wed, 07 Aug 2024 17:30:00 +0900"
"금융감독원 자본시장특별사법경, <b>스팸</b>문자 3천만건 뿌려 주가 띄운 리딩...","금융감독원 자본시장특별사법경찰(특사경)은 7일, 허위 <b>스팸</b> 메시지를 대량으로 무작위 살포한 <b>리딩방</b> 업체 운영팀장 A씨를 자본시장법 위반 혐의로 서울남부지검에 구속 송치했다고 밝혔다. A씨와 공모한 일단 2명도... ",http://www.lawissue.co.kr/view.php?ud=202408071638248153b50722e900_12,"Wed, 07 Aug 2024 17:24:00 +0900"
"허위 호재성 정보 뿌린 '무자본 M&amp;A' 세력 3명, 검찰 송치",금융감독원 자본시장특별사법경찰(특사경)은 7일 코스닥 상장사 A사와 관련한 허위 <b>스팸</b> 문자메세지를 대량 유포한 발송책인 <b>리딩방</b> 업체 운영팀장 P씨를 서울남부지검에 구속 송치했다고 밝혔다. 앞서 지난달 30일... ,https://n.news.naver.com/mnews/article/648/0000028020?sid=101,"Wed, 07 Aug 2024 17:17:00 +0900"
“호재요” 허위 <b>스팸</b> 3040만건 보낸 <b>리딩방</b> 직원 송치,7일 금융감독원 자본시장특별사법경찰(특사경)에 따르면 코스닥 상장사에 관한 허위 <b>스팸</b> 문자메시지를 유포한 <b>리딩방</b> 업체 직원 A씨가 구속 송치됐다. 범행에 가담한 2명은 불구속 송치됐다. 이들은 불법 취득한... ,https://n.news.naver.com/mnews/article/005/0001716370?sid=102,"Wed, 07 Aug 2024 17:10:00 +0900"
"금감원, '허위 <b>스팸</b>문자 3천만건 살포해 주가 부양' <b>리딩방</b> 3명 검찰 송...","금융감독원 자본시장특별사법경찰은 한 상장사에 대한 허위 <b>스팸</b> 문자 메시지를 대량 유포한 혐의로 <b>리딩방</b> 업체 직원 1명을 서울남부지검에 오늘(7일) 구속 송치했습니다. 또, 해당 직원과 공모한 일당 2명을 함께... ",https://n.news.naver.com/mnews/article/214/0001366413?sid=101,"Wed, 07 Aug 2024 17:07:00 +0900"
허위 문자 3000만건 유포해 부당이익 취득한 피의자 3명 송치,"피의자 3명, 부당이익 18억원 상당 취득 운영팀장 구속, 공모자 2명 불구속 송치 금융감독원 자본시장특별사법경찰(특사경)이 코스닥 상장 A사에 대한 허위 <b>스팸</b> 메시지를 다량 유포한 <b>리딩방</b> 업체 운영팀장과 공모자... ",https://www.asiatoday.co.kr/view.php?key=20240807010004128,"Wed, 07 Aug 2024 17:00:00 +0900"
"<b>스팸</b> 문자 3000만개 보내 주가 띄운 <b>리딩방</b> 직원 3명, 검찰 송치",7일 금융감독원 자본시장특별사법경찰은 코스닥 상장사와 관련된 허위 <b>스팸</b> 문자메시지를 3040만건 유포한 <b>리딩방</b> 업체 운영팀장 A씨를 서울남부지방검찰청에 구속 송치했다. A씨와 공모한 일당 2명은 불구속 송치했다.... ,https://n.news.naver.com/mnews/article/366/0001010483?sid=101,"Wed, 07 Aug 2024 16:59:00 +0900"
<b>스팸</b>문자 3천만건 뿌려 주가 띄운 <b>리딩방</b> 직원 3명 검찰송치,금융감독원 자본시장특별사법경찰(특사경)은 7일 허위 <b>스팸</b> 메시지를 대량으로 무작위 살포한 <b>리딩방</b> 업체 운영팀장 A씨를 자본시장법 위반 혐의로 서울남부지검에 구속 송치했다고 밝혔다. A씨와 공모한 일단 2명도... ,http://www.fntoday.co.kr/news/articleView.html?idxno=329712,"Wed, 07 Aug 2024 16:50:00 +0900"
허위 <b>스팸</b> 3000만건 뿌려 주가 띄운 <b>리딩방</b> 3인 검찰송치,금융감독원 자본시장특별사법경찰(특사경)은 7일 상장사 A사에 대한 허위 <b>스팸</b> 문자 메시지를 대량 유포한 발송책인 <b>리딩방</b> 업체 직원 A씨를 서울남부지검에 구속 송치했다고 밝혔다. 함께 범죄를 공모한 일당 2명도... ,http://www.jnilbo.com/74462870721,"Wed, 07 Aug 2024 16:31:00 +0900"
"금감원, 주식 <b>스팸</b> 문자 3040만 건 발송 <b>리딩방</b> 직원 구속 송치","7일 금융감독원 자본시장특별사법경찰(특사경)은 코스닥 상장사 A사에 대한 허위 <b>스팸</b>문자메세지를 대량 유포한 발송책인, <b>리딩방</b> 업체 운영팀장 P씨를 서울남부지검에 구속 송치했다. P씨와 공모한 일당 2명도 함께... ",https://n.news.naver.com/mnews/article/119/0002859817?sid=101,"Wed, 07 Aug 2024 16:30:00 +0900"
3천만건 <b>스팸</b> 뿌려 '불기둥' 세운 <b>리딩방</b> 직원,7일 금융감독원 자본시장특별사법경찰(특사경)은 허위 <b>스팸</b> 메시지를 대량으로 무작위 살포한 <b>리딩방</b> 업체 운영팀장 A씨를 자본시장법 위반 혐의로 서울남부지검에 구속 송치했다고 밝혔다. A씨와 공모한 일당 2명은... ,https://n.news.naver.com/mnews/article/215/0001174304?sid=102,"Wed, 07 Aug 2024 16:18:00 +0900"
3천만 건 넘는 <b>스팸</b>문자 뿌려 주가 띄운 <b>리딩방</b> 일당 검찰 송치,금융감독원 자본시장특별사법경찰(특사경)은 오늘(7일) 코스닥 상장사 A사에 대한 허위 <b>스팸</b> 문자 메시지를 대량 유포한 발송책인 <b>리딩방</b> 업체 운영팀장 P씨를 자본시장법 위반 혐의로 서울 남부지검에 구속 송치했다고... ,https://n.news.naver.com/mnews/article/056/0011776693?sid=101,"Wed, 07 Aug 2024 16:15:00 +0900"
3040만 <b>스팸</b> 뿌린 <b>리딩방</b> 팀장···결국 구속송치,전 국민을 상대로 3000만건 넘는 허위 <b>스팸</b> 문자메시지를 발송한 <b>리딩방</b> 업체 직원이 결국 검찰에 구속 송치됐다. 금융감독원 자본시장특별사법경찰(특사경)은 7일 코스닥 상장사 A사 관련 허위 <b>스팸</b> 문자를 대량 유포한... ,https://n.news.naver.com/mnews/article/014/0005224635?sid=101,"Wed, 07 Aug 2024 16:14:00 +0900"
허위 <b>스팸</b> 3000만건 살포해 주가 띄워…<b>리딩방</b> 3인 檢 송치,금융감독원 자본시장특별사법경찰(특사경)은 7일 상장사 A사에 대한 허위 <b>스팸</b> 문자 메시지를 대량 유포한 발송책인 <b>리딩방</b> 업체 직원 P씨를 서울남부지검에 구속 송치했다고 밝혔다.P씨와 공모한 일당 2명도 함께... ,https://n.news.naver.com/mnews/article/003/0012715565?sid=101,"Wed, 07 Aug 2024 16:14:00 +0900"
'이 주식 오른다' <b>스팸</b> 3000만건 보낸 <b>리딩방</b> 직원 구속,개인투자자의 주식 매수를 유인하기 위해 근거없는 주식 '호재' 풍문을 담아 <b>스팸</b> 문자메시지 3040만건을 대량 살포한 주식 <b>리딩방</b> 업제 직원이 구속됐다. 30일 금융감독원 자본시장특별사법경찰(특사경)은 이날 서울... ,https://n.news.naver.com/mnews/article/015/0005019182?sid=101,"Wed, 07 Aug 2024 16:14:00 +0900"
국민 절반이상에 <b>스팸</b>문자 뿌려 주가 띄운 <b>리딩방</b> 직원들 檢송치 [투자...,금융감독원 자본시장특별사법경찰(특사경)은 7일 허위 <b>스팸</b> 메시지를 대량으로 무작위 살포한 <b>리딩방</b> 업체 운영팀장 A씨를 자본시장법 위반 혐의로 서울남부지검에 구속 송치했다고 밝혔다. A씨와 공모한 일단 2명도... ,https://n.news.naver.com/mnews/article/016/0002346760?sid=101,"Wed, 07 Aug 2024 16:13:00 +0900"
코스닥 상장사 허위정보 <b>스팸</b>문자 뿌린 <b>리딩방</b> 일당 덜미,"금감원 특사경, 남부지검에 구속 송치 전국민을 상대로 코스닥 상장사에 대한 허위 <b>스팸</b> 문자 메시지를 발송해 부당이득을 챙긴 <b>리딩방</b> 일당이 적발됐다. 7일 금융감독원 자본시장특별사법경찰(특사경)은 코스닥 상장사... ",https://n.news.naver.com/mnews/article/009/0005346761?sid=101,"Wed, 07 Aug 2024 16:03:00 +0900"
주식<b>스팸</b>으로 1600억 피해…<b>리딩방</b> 팀장 등 3명 검찰 송치,금융감독원 자본시장특별사법경찰(특사경)은 이날 코스닥 상장사 A사에 대한 허위 <b>스팸</b> 문자 메시지를 대량 유포한 발송책인 <b>리딩방</b> 업체 운영팀장 P씨와 더불어 공모한 일당 2명을 서울남부지검에 구속 송치했다고... ,https://n.news.naver.com/mnews/article/277/0005456341?sid=101,"Wed, 07 Aug 2024 16:00:00 +0900"
&quot;이 회사 대박&quot;…코스닥 허위 <b>스팸</b>문자 유포한 <b>리딩방</b> 직원 구속 송치,코스닥 상장사 관련 허위사실을 담은 주식 <b>스팸</b> 문자메시지를 대량 유포한 <b>리딩방</b> 업체 직원이 구속 상태로 송치됐다. 7일 금융감독원 자본시장특별사법경찰(특사경)은 <b>리딩방</b> 업체 운영팀장 A씨를 서울남부지검으로... ,https://n.news.naver.com/mnews/article/421/0007716529?sid=101,"Wed, 07 Aug 2024 16:00:00 +0900"
<b>스팸</b>문자 3천만건 뿌려 주가 띄운 <b>리딩방</b> 직원 3명 검찰송치,금융감독원 자본시장특별사법경찰(특사경)은 7일 허위 <b>스팸</b> 메시지를 대량으로 무작위 살포한 <b>리딩방</b> 업체 운영팀장 A씨를 자본시장법 위반 혐의로 서울남부지검에 구속 송치했다고 밝혔다. A씨와 공모한 일단 2명도... ,https://n.news.naver.com/mnews/article/001/0014860976?sid=101,"Wed, 07 Aug 2024 15:59:00 +0900"
<b>스팸</b> 문자 3천만건 뿌려 돈 챙긴 <b>리딩방</b> 운영자 구속,7일 금융감독원에 따르면 금감원 자본시장특별사법경찰은 코스닥 상장사 A사에 대한 허위 <b>스팸</b>문자메세지 대량 유포한 발송책인 <b>리딩방</b> 업체 운영팀장 P씨를 서울남부지검에 구속 송치했다. P씨와 공모한 일당 2명도... ,https://www.etoday.co.kr/news/view/2388447,"Wed, 07 Aug 2024 15:54:00 +0900"
'불법 <b>리딩방</b>' 활개에 국민동의청원 등장…눈덩이 피해에도 정치권은 '...,"[그래픽=굿모닝경제] ◇ &quot;<b>리딩방</b> 사기 사용된 은행계좌 지급 정지, 법적 근거 마련해야&quot; &quot;<b>스팸</b> 문자 링크 가짜 투자 <b>리딩방</b>으로 연결, 당장 근절돼야&quot; 현행 전기통신금융사기 피해 방지 및 피해금 환급에 관한 특별법... ",http://www.goodkyung.com/news/articleView.html?idxno=243700,"Mon, 05 Aug 2024 20:56:00 +0900"
[내일의 눈] 유출 우려에도 쇼핑정보 모으겠다고?,"휴대전화번호 등 개인정보를 탈취해 발송한 불법 <b>스팸</b>문자 신고가 올해 상반기에만 2억건을 넘어섰다. 지난해의 3억건 기록 초과는 불문가지다. 또 보이스피싱, 주식 <b>리딩방</b> 등 피해사례도 끊이지 않고 있다. 이런 피해는... ",https://www.naeil.com/news/read/518814?ref=naver,"Fri, 02 Aug 2024 13:08:00 +0900"
"[기획] 이진숙 취임 하루 만에 민주 '또 탄핵', 끔찍한 '방송 권력' 쟁탈...",특히 그는 자신이 중점적으로 추진할 과제에 대해 ▲공영방송 이사회 구성 ▲공영방송 수신료 분리징수 제도 정착 ▲거대 포털 사이트의 신뢰성 회복 ▲주식 <b>리딩방</b> 및 악성 <b>스팸</b> 등 이용자 피해 방지... ,http://www.sisafocus.co.kr/news/articleView.html?idxno=322025,"Thu, 01 Aug 2024 20:28:00 +0900"
이진숙 방송통신위원장 &quot;공영방송 이사회 구성 조속히 완료할 것&quot;,"이 위원장은 이 밖에도 주식 <b>리딩방</b>과 악성 <b>스팸</b> 등으로 인한 이용자 피해 방지, 장애인 등 소외계층의 미디어 이용 불편 문제 개선, 온라인동영상서비스(OTT) 등을 고려한 통합미디어법제 마련 등도 언급했다. 한편, 이날... ",http://www.fntoday.co.kr/news/articleView.html?idxno=328812,"Thu, 01 Aug 2024 09:16:00 +0900"
"방통위, 공영방송 이사 선임…&quot;국민 신뢰 회복&quot;","&quot; 이밖에도 이 위원장은 주식 <b>리딩방</b>과 악성 <b>스팸</b> 등 피해 방지, 장애인 등 소외계층의 미디어 이용 불편 개선, 온라인동영상서비스 등을 고려한 통합미디어법제 마련에 대한 의지도 밝혔습니다. 더불어민주당은 이... ",https://n.news.naver.com/mnews/article/422/0000673992?sid=101,"Wed, 31 Jul 2024 23:16:00 +0900"
"이진숙 방통위원장, 공영방송 이사 선임안 의결...野 탄핵소추안 발의","이 위원장은 이 밖에도 주식 <b>리딩방</b>과 악성 <b>스팸</b> 등으로 인한 이용자 피해 방지, 장애인 등 소외계층의 미디어 이용 불편 문제 개선, 온라인동영상서비스(OTT) 등을 고려한 통합미디어법제 마련 등도 언급했다. 이날... ",https://www.polinews.co.kr/news/articleView.html?idxno=659203,"Wed, 31 Jul 2024 23:03:00 +0900"
이진숙 방통위원장 취임...&quot;거대 포털에 공적 책임 부여할 것&quot;,"이외에도 이진숙 위원장은 주식 <b>리딩방</b>과 악성 <b>스팸</b> 등으로 인한 이용자 피해 방지, 장애인 등 소외계층 미디어 이용 불편 문제 새건, 국내 OTT(온라인동영상서비스) 해외 진출 지원, 미디어·콘텐츠 혁신성장 기반 마련... ",https://n.news.naver.com/mnews/article/243/0000062657?sid=101,"Wed, 31 Jul 2024 19:44:00 +0900"
방통위 2인 체제로…공영방송 이사 선임 속도낼듯,"&quot; 이밖에 주식 <b>리딩방</b>과 악성 <b>스팸</b> 등 피해 방지, 장애인 등 소외계층의 미디어 이용 불편 개선, 온라인동영상서비스 등을 고려한 통합미디어법제 마련에 대한 의지도 밝혔습니다. 공영방송 이사 선임 의결을 위한... ",https://n.news.naver.com/mnews/article/422/0000673935?sid=101,"Wed, 31 Jul 2024 18:20:00 +0900"
[피플] 이진숙 신임 방통위원장 &quot;공영방송 이사회 구성 조속히 완료할 ...,"이 위원장은 이 밖에도 주식 <b>리딩방</b>과 악성 <b>스팸</b> 등으로 인한 이용자 피해 방지, 장애인 등 소외계층의 미디어 이용 불편 문제 개선, 온라인동영상서비스(OTT) 등을 고려한 통합미디어법제 마련 등도 언급했다. 한편, 이날... ",https://www.ebn.co.kr/news/view/1631817/?sc=Naver,"Wed, 31 Jul 2024 14:36:00 +0900"
이진숙 &quot;공영방송 이사회 구성 조속히 완료하겠다&quot;,"이 위원장은 이 밖에도 주식 <b>리딩방</b>과 악성 <b>스팸</b> 등으로 인한 이용자 피해 방지, 장애인 등 소외계층의 미디어 이용 불편 문제 개선, 온라인동영상서비스(OTT) 등을 고려한 통합미디어법제 마련 등도 언급했다. 한편, 이날... ",http://www.biztribune.co.kr/news/articleView.html?idxno=317849,"Wed, 31 Jul 2024 14:30:00 +0900"
이진숙 “전임 위원장 희생 헛되지 않도록 책무 수행”,"이 위원장은 이 밖에도 주식 <b>리딩방</b>과 악성 <b>스팸</b> 등으로 인한 이용자 피해 방지, 장애인 등 소외계층의 미디어 이용 불편 문제 개선, 온라인동영상서비스(OTT) 등을 고려한 통합미디어법제 마련 등도 언급했다.",https://n.news.naver.com/mnews/article/082/0001281907?sid=105,"Wed, 31 Jul 2024 13:56:00 +0900"
이진숙 방통위원장 취임 일성 “공영방송 이사회 구성 조속히 완료”,"이 밖에도 주식 <b>리딩방</b>과 악성 <b>스팸</b> 등으로 인한 이용자 피해 방지, 장애인 등 소외계층의 미디어 이용 불편 문제 개선, 온라인동영상서비스(OTT) 등을 고려한 통합미디어법제 마련 등도 언급했다.",https://n.news.naver.com/mnews/article/030/0003228085?sid=105,"Wed, 31 Jul 2024 13:43:00 +0900"
이진숙 “거대 포털 공적책임 부여해 신뢰성 높일 것”,"이외에도 이진숙 위원장은 주식 <b>리딩방</b>과 악성 <b>스팸</b> 등으로 인한 이용자 피해 방지, 장애인 등 소외계층 미디어 이용 불편 문제 새건, 국내 OTT(온라인동영상서비스) 해외 진출 지원, 미디어·콘텐츠 혁신성장 기반 마련 제도... ",https://m.entertain.naver.com/article/144/0000979059,"Wed, 31 Jul 2024 13:37:00 +0900"
이진숙 &quot;공영방송 공정성 위해 이사회 구성 조속히 완료할 것&quot;,"이 위원장은 이 밖에도 주식 <b>리딩방</b>과 악성 <b>스팸</b> 등으로 인한 이용자 피해 방지, 장애인 등 소외계층의 미디어 이용 불편 문제 개선, 온라인동영상서비스(OTT) 등을 고려한 통합미디어법제 마련 등도 언급했습니다. 앞서... ",https://n.news.naver.com/mnews/article/437/0000404091?sid=100,"Wed, 31 Jul 2024 13:25:00 +0900"
"이진숙 방통위원장 취임 첫날…민주당, 탄핵소추안 발의","아울러 주식 <b>리딩방</b>과 악성 <b>스팸</b> 등 이용자 피해 방지, 장애인 등 소외계층의 미디어 이용 불편 문제 개선, 그리고 온라인동영상서비스(OTT)를 고려한 통합미디어법제 마련 등의 과제도 언급했다. 한편, 이 위원장의 취임... ",https://www.gokorea.kr/news/articleView.html?idxno=801769,"Wed, 31 Jul 2024 13:22:00 +0900"
"<b>스팸</b> 문자 신고, 올 상반기만 2억건 넘어서",A씨는 <b>리딩방</b> 업체의 운영팀장으로 일하는 동안 불법적으로 취득한 개인정보를 이용해 코스닥 상장사 B사에 대한 주식 <b>스팸</b> 문자메시지를 대량 살포했다. 이들이 보낸 문자 메시지는 2320만여건에 달한다. 한 휴대전화에... ,https://www.naeil.com/news/read/518581?ref=naver,"Wed, 31 Jul 2024 13:06:00 +0900"
"합수단 &quot;24시간 가능해진 보이스피싱…사회초년생, 적극 가담&quot;[일문일답...","카카오톡이나 SNS 수단을 사용해 문서를 받는다면 100% 허위라고 보면 된다.&quot; -<b>리딩방</b>, 로맨스캠은... &quot; -<b>스팸</b> 문자가 급격하게 늘어났는데, 이에 대한 수사도 진행되는지. &quot;늘어난 배경이 범죄 고도화와 연결이 된다. 예전에는... ",https://n.news.naver.com/mnews/article/003/0012700407?sid=102,"Wed, 31 Jul 2024 12:38:00 +0900"
이진숙 방통위원장 &quot;공영방송 이사회 구성 조속히 완료&quot;,"이 밖에 이 위원장은 주식 <b>리딩방</b>과 악성 <b>스팸</b> 등으로 인한 '이용자 피해 방지', 소외계층의 '미디어 이용 불편 문제 개선', 온라인동영상서비스(OTT) 등을 고려한 '통합미디어법제 마련' 등을 주요 과제로 제시했다.... ",https://n.news.naver.com/mnews/article/092/0002340366?sid=105,"Wed, 31 Jul 2024 12:24:00 +0900"
이진숙 &quot;공영방송 이사회 구성 조속히 완료…국민 신뢰 회복할 것&quot;,"아울러 이 위원장은 주식 <b>리딩방</b>과 악성 <b>스팸</b> 등으로 인한 이용자 피해 방지, 장애인 등 소외계층의 미디어 이용 불편 문제 개선, 온라인동영상서비스(OTT) 등을 고려한 통합미디어법제 마련 등도 제시했다. 한편 이날... ",https://n.news.naver.com/mnews/article/586/0000083896?sid=100,"Wed, 31 Jul 2024 12:20:00 +0900"
"이진숙 &quot;공영방송 공공성·공정성 재정립, 이사회 구성 조속히 완료할 ...","이 위원장은 이어 주식 <b>리딩방</b>과 악성 <b>스팸</b> 등으로 인한 이용자 피해 방지, 장애인 등 소외계층의 미디어 이용 불편 문제 개선, 온라인동영상서비스(OTT) 등을 고려한 통합미디어법제 마련 등도 추진하겠다고 밝혔다. 이날... ",https://www.ngonews.kr/news/articleView.html?idxno=154440,"Wed, 31 Jul 2024 12:14:00 +0900"
"이진숙 &quot;공영방송, 공공성・공정성 확보위해 '이사회 구성' 조속히 완료...","[연합뉴스] 이 밖에도 주식 <b>리딩방</b>과 악성 <b>스팸</b> 등으로 인한 이용자 피해 방지, 장애인 등 소외계층의 미디어 이용 불편 문제 개선, 온라인동영상서비스(OTT) 등을 고려한 통합미디어법제 마련 등도 언급했다. 한편, 이날... ",https://www.jeonmae.co.kr/news/articleView.html?idxno=1061156,"Wed, 31 Jul 2024 12:04:00 +0900"
[현장연결] 이진숙 신임 방통위원장 &quot;공영방송 이사회 구성 조속히 완료...,"아울러 AI 등 새로운 디지털 서비스의 급속 성장 이면에 허위 조작 정보와 불법 유해 정보의 확산으로 건전한 미디어 생태계가 위협받는 등 다양한 역기능도 나타나고 있으며 최근에는 주식 <b>리딩방</b>, 악성 문자 등 <b>스팸</b>으로... ",https://n.news.naver.com/mnews/article/422/0000673871?sid=100,"Wed, 31 Jul 2024 12:03:00 +0900"
[취임사 전문] 이진숙 방송통신위원회 위원장,"주식<b>리딩방</b>, 악성문자 등 <b>스팸</b>으로 인한 이용자 피해도 계속되고 있습니다. 또한 장애인 등 소외계층의 미디어 이용 불편 문제도 지속적인 개선을 필요로 하고 있습니다. 저는 이러한 현안들을 해결하기 위해서 다음의... ",https://n.news.naver.com/mnews/article/119/0002857024?sid=105,"Wed, 31 Jul 2024 11:57:00 +0900"
이진숙 방통위원장 “공영방송 공정성 확보 위해 이사회 구성 조속히 완...,"아울러, AI 등 새로운 디지털 서비스의 급속 성장 이면에 허위조작정보와 불법유해정보의 확산으로 건전한 미디어 생태계가 위협받는 등 다양한 역기능도 나타나고 있으며, 최근에는 주식<b>리딩방</b>, 악성문자 등 <b>스팸</b>으로 인한... ",https://n.news.naver.com/mnews/article/366/0001008868?sid=105,"Wed, 31 Jul 2024 11:52:00 +0900"
"방통위 첫 출근 이진숙 &quot;목숨 걸고 전장 누볐다, 공영방송 공정성 재정...",AI의 급격한 성장 이면에 불법 유해 정보 확산으로 건전한 미디어 생태계가 위협받는 등 역기능이 나타나고 최근 주식<b>리딩방</b> 악성문자 등 <b>스팸</b>으로 인한 이용자 피해도 계속되고 있다. 장애인 소외계층 미디어 이용 불편... ,https://n.news.naver.com/mnews/article/006/0000125250?sid=100,"Wed, 31 Jul 2024 11:46:00 +0900"
이진숙 “공영방송 이사회 구성 조속히 완료할 것”,"이 위원장은 이 밖에도 주식 <b>리딩방</b>과 악성 <b>스팸</b> 등으로 인한 이용자 피해 방지, 장애인 등 소외계층의 미디어 이용 불편 문제 개선, 온라인동영상서비스(OTT) 등을 고려한 통합미디어법제 마련 등도 언급했다. 한편 이날... ",https://n.news.naver.com/mnews/article/119/0002857017?sid=105,"Wed, 31 Jul 2024 11:43:00 +0900"
이진숙 방통위원장 &quot;공영방송 이사회 구성 조속히 완료&quot;,"이 위원장은 이 밖에도 방송사 소유규제 등 낡은 규제 개선과 주식 <b>리딩방</b>과 악성 <b>스팸</b> 등으로 인한 이용자 피해 방지, 장애인 등 소외계층의 미디어 이용 불편 문제 개선, 온라인동영상서비스(OTT) 등을 고려한... ",https://n.news.naver.com/mnews/article/055/0001177236?sid=100,"Wed, 31 Jul 2024 11:42:00 +0900"
이진숙 &quot;공영방송 이사회 구성 조속히 완료하겠다&quot;,"이 위원장은 이 밖에도 주식 <b>리딩방</b>과 악성 <b>스팸</b> 등으로 인한 이용자 피해 방지, 장애인 등 소외계층의 미디어 이용 불편 문제 개선, 온라인동영상서비스(OTT) 등을 고려한 통합미디어법제 마련 등도 언급했습니다. 한편... ",https://n.news.naver.com/mnews/article/055/0001177234?sid=101,"Wed, 31 Jul 2024 11:39:00 +0900"
이진숙 &quot;공영방송 이사회 구성 조속히 완료하겠다&quot;,"이 위원장은 이 밖에도 주식 <b>리딩방</b>과 악성 <b>스팸</b> 등으로 인한 이용자 피해 방지, 장애인 등 소외계층의 미디어 이용 불편 문제 개선, 온라인동영상서비스(OTT) 등을 고려한 통합미디어법제 마련 등도 언급했다. 한편, 이날... ",https://n.news.naver.com/mnews/article/001/0014843217?sid=100,"Wed, 31 Jul 2024 11:30:00 +0900"
[명재곤의 증시산책] 애널리스트와 기자를 믿는가,"<b>리딩방</b>은 개미핥기의 개미굴이라고 봐도 무방하다. <b>스팸</b> 문자 메시지 수 천만 건을 살포한 다음 개미핥기들은 부당이득을 취하고 사라진다. 최악의 경우, 이런 종목은 상장폐지가 되면서 하소연할 곳도 없다. 거짓 호재성... ",https://www.viva100.com/main/view.php?key=20240731010009499,"Wed, 31 Jul 2024 11:04:00 +0900"
"[굿모닝경제] 4년 만에 동결 / 연금 고령층 800만 돌파 / <b>스팸</b> 문자 2,30...",===================== 주식 <b>스팸</b> 문자를 대량으로 뿌려 부실기업의 주가를 띄운 <b>리딩방</b> 업체 직원 A씨가 구속됐습니다. A씨는 코스닥 상장사인 한 업체의 주가 부양을 위해 근거 없는 호재성 풍문이 담긴 주식 <b>스팸</b> 문자... ,https://n.news.naver.com/mnews/article/057/0001832937?sid=101,"Wed, 31 Jul 2024 07:58:00 +0900"
코스피 2730대로 후퇴…19만닉스도 깨졌다 [한강로 경제브리핑],사진=연합뉴스 ◆ 주식 <b>스팸</b> 대량 배포 <b>리딩방</b> 운영자 구속 코스피 상장사와 관련한 <b>스팸</b> 문자를 대량으로 배포해 부당이득을 챙긴 <b>리딩방</b> 운영자가 구속됐다. 금융감독원 자본시장특별사법경찰(특사경)은 이날... ,https://n.news.naver.com/mnews/article/022/0003955771?sid=101,"Wed, 31 Jul 2024 07:02:00 +0900"
<b>스팸</b>문자 2320만건 뿌리고 주가 띄우더니 상폐…<b>리딩방</b> 팀장 '구속',코스닥 상장사 주가를 띄우기 위해 전국민을 상대로 <b>스팸</b> 문자메시지를 무려 2300만건 뿌려 17억원의 부당이득을 챙긴 <b>리딩방</b> 업체 관계자가 구속됐다. 금융감독원 자본시장특별사법경찰(특사경)은 서울남부지법이... ,https://n.news.naver.com/mnews/article/008/0005070891?sid=101,"Tue, 30 Jul 2024 21:06:00 +0900"
<b>스팸</b> 메시지로 '상장폐지 기업' 주가 띄운 '<b>리딩방</b>' 발송책 구속,"A 씨는 주식 종목을 추천하는 이른바 '<b>리딩방</b>' 업체의 운영팀장으로, 모 코스닥 상장사 주가를 띄우기 위해 사실이 아니거나 근거가 없는 호재성 풍문이 담긴 <b>스팸</b> 문자 메시지 2300만 건을 발송한 혐의를 받고 있다. 이... ",https://www.delighti.co.kr/news/articleView.html?idxno=84095,"Tue, 30 Jul 2024 17:26:00 +0900"
"<b>스팸</b> 2300만건 살포하고 매수 유인…금감원 특사경, <b>리딩방</b> 직원 구속",/사진=뉴스1주가 부양을 위해 <b>스팸</b> 문자메시지를 살포하고 부당이득을 취득한 <b>리딩방</b> 업체 운영팀장이 구속됐다.금융감독원 자본시장특별사법경찰(특사경)은 <b>리딩방</b> 업체 운영팀장 P씨에 대해 구속영장 신청했으며... ,https://news.mtn.co.kr/news-detail/2024073015402647775,"Tue, 30 Jul 2024 16:08:00 +0900"
상장사 허위 <b>스팸</b> 문자 보내 17억 챙긴 <b>리딩방</b> 직원 구속,상장사에 대한 허위 사실 등이 포함된 <b>스팸</b> 문자를 대량 살포해 부당이득을 챙긴 <b>리딩방</b> 업체 직원이 구속됐다. 금융감독원 자본시장특별사법경찰(특사경)은 30일 코스닥에 상장된 A사에 대한 허위 사실과 매수 유인... ,https://n.news.naver.com/mnews/article/215/0001173107?sid=101,"Tue, 30 Jul 2024 14:18:00 +0900"
<b>리딩방</b> 주범 마침내 구속...문자 2300만건 뿌려 주가 띄워,전국민을 상대로 주식 <b>스팸</b> 문자 메시지를 대량으로 살포한 <b>리딩방</b> 업체 직원이 구속됐다. 30일 금융감독원에 따르면 전날 서울남부지방법원은 자본시장법 위반 혐의로 <b>리딩방</b> 업체 운영팀장 A씨에 대한 구속영장을... ,https://www.newspim.com/news/view/20240730000460,"Tue, 30 Jul 2024 14:09:00 +0900"
'매수 유인 허위 <b>스팸</b> 문자 대량 살포' <b>리딩방</b> 운영팀장 구속,주식 매수를 유인하기 위해 허위 내용을 담은 <b>스팸</b> 문자메시지를 대량으로 살포한 <b>리딩방</b> 업체 직원이 구속됐다. 금융감독원(금감원) 자본시장특별사법경찰(특사경)은 자본시장법 위반 혐의로 리당방 업체 운영팀장... ,http://www.industrynews.co.kr/news/articleView.html?idxno=54310,"Tue, 30 Jul 2024 13:58:00 +0900"
"금감원, 주식 <b>스팸</b> 문자 뿌리고 17억 챙긴 <b>리딩방</b> 팀장 구속",주식 <b>스팸</b> 문자 메시지를 대량으로 살포해 부당이익 17억원을 얻은 <b>리딩방</b> 업체 직원이 구속됐다. 30일 금융감독원 자본시장특별사법경찰(특사경)에 따르면 전날 서울 남부지방법원은 자본시장법 위반 혐의로 <b>리딩방</b>... ,https://www.ekn.kr/web/view.php?key=20240730029065267,"Tue, 30 Jul 2024 13:56:00 +0900"
코스닥 <b>스팸</b> 2천만건 뿌려 돈 챙긴 <b>리딩방</b> 팀장 구속,주식 종목을 추천해주는 이른바 '<b>리딩방</b>'을 운영하며 주식 <b>스팸</b> 문자 메시지를 대량 살포한 팀장이 구속됐습니다. 금융감독원 자본시장특별사법경찰은 <b>리딩방</b> 업체 운영팀장 A씨에 대해 자본시장법 위반 혐의로... ,https://n.news.naver.com/mnews/article/422/0000673680?sid=101,"Tue, 30 Jul 2024 12:55:00 +0900"
“주식 <b>스팸</b> 2320만건 발송-상폐..1600억 피해 <b>리딩방</b> 구속”,주식 <b>스팸</b> 메시지로 대량의 매수세가 유입된 직후 감사보고서 의견거절로 상장폐지 절차가 진행 중이다. 금감원 특사경은 “시가총액상 1600억원 상당 피해가 발생했다”고 전했다. #금감원 #구속 #특사경 #<b>스팸</b> #<b>리딩방</b>,https://n.news.naver.com/mnews/article/014/0005220600?sid=101,"Tue, 30 Jul 2024 11:29:00 +0900"
<b>스팸</b> 2300만 건 보내고 주가조작 후 상폐...<b>리딩방</b> 관계자 구속,주식 <b>스팸</b> 문자를 대량으로 뿌려 부실기업의 주가를 인위적으로 띄운 <b>리딩방</b>(메신저 등을 통해 특정 주식 종목을 추천하는 행위) 업체 직원이 구속됐다. 금융감독원 자본시장특별사법경찰(특사경)은 자본시장법 위반... ,https://n.news.naver.com/mnews/article/469/0000815047?sid=101,"Tue, 30 Jul 2024 11:23:00 +0900"
"금감원, '코스닥사 거짓 호재 대량 살포' <b>리딩방</b> 운영팀장 구속",금감원 (CG)[연합뉴스TV 제공] 주식 <b>스팸</b> 문자 메시지를 대량으로 살포한 <b>리딩방</b> 업체 직원이 구속됐다. 금융감독원 자본시장특별사법경찰(특사경)은 30일 자본시장법 위반 혐의로 리당방 업체 운영팀장 A씨를... ,http://www.fntoday.co.kr/news/articleView.html?idxno=328522,"Tue, 30 Jul 2024 11:18:00 +0900"
주식 <b>스팸</b> 문자 2300만건 발송해 시세조작한 <b>리딩방</b> 운영자 구속,코스피 상장사와 관련한 <b>스팸</b> 문자를 대량으로 배포해 부당이득을 챙긴 <b>리딩방</b> 운영자가 구속됐다. 금융감독원. 뉴시스 금융감독원 자본시장특별사법경찰(특사경)은 30일 자본시장법 위반 혐의로 <b>리딩방</b> 업체 운영팀장... ,https://n.news.naver.com/mnews/article/022/0003955493?sid=101,"Tue, 30 Jul 2024 11:10:00 +0900"
<b>스팸</b> 2300만건으로 주가 띄우고 17억 챙겨…배후엔 무자본 M&amp;A 세력(종합...,전국민을 상대로 2300만여건의 주식 <b>스팸</b> 문자메시지를 유포해 코스닥 상장사 A사의 주가를 띄우려던 주식 <b>리딩방</b> 업체 직원에 구속영장이 발부됐다. 이번 사건의 배후엔 무자본 인수합병(M&amp;A) 불공정거래를 둘러싼 여러... ,https://n.news.naver.com/mnews/article/003/0012697152?sid=101,"Tue, 30 Jul 2024 10:51:00 +0900"
"금감원, '코스닥 상장사 허위 <b>스팸</b> 유포' <b>리딩방</b> 운영팀장 구속",금융감독원이 코스닥 상장사와 관련해 주식 <b>스팸</b> 메시지를 대량으로 유포한 <b>리딩방</b> 업체 운영팀장 A씨를 적발했다. 30일 금융감독원 자본시장특별사법경찰(특사경)은 서울남부지법이 자본시장법 위반 혐의를 받는... ,https://www.newsway.co.kr/news/view?ud=2024073010225880346,"Tue, 30 Jul 2024 10:30:00 +0900"
&quot;이 종목에 '호재' 있어요&quot;…거짓 <b>스팸</b> 문자 대량 살포한 <b>리딩방</b> 운영자...,/유토이미지 불법으로 얻은 개인정보로 근거 없는 호재성 풍문이 담긴 <b>스팸</b> 메시지를 유포한 <b>리딩방</b> 운영자가 구속됐다. 30일 금융감독원 자본시장특별사법경찰(특사경)은 자본시장법 위반 혐의로 <b>리딩방</b> 업체... ,http://www.metroseoul.co.kr/article/20240730500137,"Tue, 30 Jul 2024 10:26:00 +0900"
<b>스팸</b> 2300만건으로 주가 띄우고 17억 챙겨…<b>리딩방</b> 직원 구속,전국민을 상대로 주식 <b>스팸</b> 문자메시지를 대량 유포해 주가를 띄운 주식 <b>리딩방</b> 업체 직원에 구속영장이 발부됐다. 피의자 P씨는 코스닥 상장사 A사에 대한 허위 사실을 담은 <b>스팸</b> 메시지 2300만여건을 대량 유포하고 약... ,https://www.widedaily.com/news/articleView.html?idxno=241006,"Tue, 30 Jul 2024 10:24:00 +0900"
&quot;수익성 높은 종목 찍어드려요&quot;…17억 뜯은 <b>리딩방</b> 운영팀장 구속,"편취한 <b>리딩방</b> 업체 직원이 구속됐습니다. 오늘(30일) 금융감독원 자본시장특별사법경찰(특사경)에 따르면, 서울남부지법은 어제(29일) 한 코스닥 업체에 대한 허위사실이 포함된 매수 유인 <b>스팸</b> 문자메시지를 살포한... ",https://n.news.naver.com/mnews/article/057/0001832739?sid=101,"Tue, 30 Jul 2024 10:11:00 +0900"
'주식 매수 권유' <b>스팸</b> 뿌리고 17억 챙긴 <b>리딩방</b> 운영팀장 구속,거짓 내용이 담긴 <b>스팸</b> 문자메시지를 배포해 17억원을 챙긴 <b>리딩방</b> 운영자가 구속됐다. 대량 매수세가 감지된 직후 해당 종목은 상장폐지 절차가 진행되면서 1600억원의 피해가 발생했다. 30일 금융감독원... ,http://www.newsfc.co.kr/news/articleView.html?idxno=65797,"Tue, 30 Jul 2024 10:10:00 +0900"
"금감원, '코스닥사 <b>스팸</b> 대량 살포' <b>리딩방</b> 운영팀장 구속",주식 <b>스팸</b> 문자 메시지를 대량으로 살포한 <b>리딩방</b> 업체 직원이 구속됐습니다. 금융감독원 자본시장특별사법경찰은 자본시장법 위반 혐의로 한 <b>리딩방</b> 업체의 운영팀장을 구속했다고 밝혔습니다. 서울남부지방법원은... ,https://n.news.naver.com/mnews/article/214/0001364400?sid=101,"Tue, 30 Jul 2024 10:09:00 +0900"
상폐 위기 종목에 ‘호재’?…<b>스팸</b> 문자 뿌려 17억원 챙긴 <b>리딩방</b> 팀장...,주식 <b>스팸</b> 문자 메시지를 대량 살포한 <b>리딩방</b> 업체 직원이 구속됐다. 이 직원은 코스닥 특정 종목에 호재가 있다는 거짓 메시지 2300만건을 보내 약 17억원의 부당 이득을 챙긴 혐의를 받는다. 금융감독원... ,https://n.news.naver.com/mnews/article/032/0003311680?sid=101,"Tue, 30 Jul 2024 10:07:00 +0900"
"금감원, 전 국민 상대 허위 <b>스팸</b> 문자 뿌린 운영팀장 구속",전 국민을 상대로 허위사실이 담긴 <b>스팸</b> 문자메시지를 배포해 17억원을 편취한 <b>리딩방</b> 운영팀장이 구속됐다. 30일 금융감독원 자본시장특별사법경찰에 따르면 서울남부지법은 전날 코스닥 상장사 A사에 대한 허위사실... ,http://www.seoulwire.com/news/articleView.html?idxno=617016,"Tue, 30 Jul 2024 10:04:00 +0900"
'거짓 호재 대량 살포' <b>리딩방</b> 운영팀장 구속,근거 없는 호재성 풍문이 담긴 주식 <b>스팸</b> 문자를 대량으로 뿌린 <b>리딩방</b> 업체 직원이 구속됐습니다. 금융감독원 자본시장특별사법경찰은 자본시장법 위반 혐의를 받는 <b>리딩방</b> 업체 운영팀장 A 씨에 대한 구속영장이... ,https://n.news.naver.com/mnews/article/052/0002067753?sid=101,"Tue, 30 Jul 2024 10:02:00 +0900"
&quot;바로 매수하세요&quot; 문자 대량살포 <b>리딩방</b> 팀장 구속,코스닥 상장사에 대한 거짓 호재를 담은 <b>스팸</b> 문자 메시지를 대량으로 살포한 <b>리딩방</b> 업체 직원이 구속됐다. 금융감독원 자본시장특별사법경찰(특사경)은 30일 자본시장법 위반 혐의로 리당방 업체 운영팀장 A씨를... ,https://n.news.naver.com/mnews/article/079/0003922343?sid=101,"Tue, 30 Jul 2024 09:58:00 +0900"
&quot;고급 정보 드립니다&quot;…<b>스팸</b> 문자로 17억 챙긴 <b>리딩방</b> 팀장 구속,전 국민을 대상으로 주식 <b>스팸</b> 문자메시지 2320만건을 뿌린 <b>리딩방</b> 운영팀장이 구속됐다. <b>스팸</b> 문자로 매수세가 유입된 해당 종목은 상장폐지 절차가 진행되면서 시가총액 기준 1600억원의 피해가 발생했다. 30일... ,https://n.news.naver.com/mnews/article/015/0005015875?sid=101,"Tue, 30 Jul 2024 09:55:00 +0900"
<b>스팸</b>문자 2320만개 뿌리고 '상폐'…17억 챙긴 <b>리딩방</b> 직원,개인투자자의 주식 매수를 유인하기 위해 근거없는 주식 '호재' 풍문을 담아 <b>스팸</b> 문자메시지 2320만건을 대량 살포한 주식 <b>리딩방</b> 업제 직원에 구속 영장이 발부됐다. 30일 금융감독원 자본시장특별사법경찰(특사경)은... ,https://n.news.naver.com/mnews/article/015/0005015867?sid=101,"Tue, 30 Jul 2024 09:51:00 +0900"
"“전 국민이 받았다, 그많은 번호는 어떻게 입수?”…주식<b>스팸</b>문자 2320...",주식 <b>스팸</b> 문자 메시지를 대량으로 살포한 <b>리딩방</b> 업체 직원이 구속됐다. 금융감독원 자본시장특별사법경찰(특사경)은 30일 자본시장법 위반 혐의로 리당방 업체 운영팀장 A씨를 구속했다고 밝혔다.... ,https://n.news.naver.com/mnews/article/016/0002342634?sid=101,"Tue, 30 Jul 2024 09:46:00 +0900"
"금감원, 허위사실 담긴 매수 유인 <b>스팸</b> 문자 살포한 피의자 적발",서울남부지방법원은 이날 해당 피의자에 대한 구속영장을 발부했다.앞서 <b>리딩방</b> 업체 운영팀장인 피의자는 A사 주식의 주가 부양을 위해 허위 또는 근거없는 호재성 풍문이 담긴 주식 <b>스팸</b> 문자메시지를 유포했다.... ,https://www.asiatoday.co.kr/view.php?key=20240730010018501,"Tue, 30 Jul 2024 09:44:00 +0900"
전 국민 상대 주식 <b>스팸</b> 2320만건 뿌린 운영팀장 구속…1600억원 피해 발...,<b>리딩방</b> 업체 운영팀장인 피의자 P씨는 A사 주식의 주가 부양을 위해 허위 또는 근거 없는 호재성 풍문이 담긴 주식 <b>스팸</b> 문자메시지 2320만건을 불법 취득한 개인정보를 이용해 대량 살포했다. 조사 결과 피의자는... ,https://www.ajunews.com/view/20240730093720447,"Tue, 30 Jul 2024 09:44:00 +0900"
&quot;고급 정보랬는데&quot;…코스닥 허위 <b>스팸</b> 문자 뿌린 <b>리딩방</b> 팀장 구속,코스닥 상장사 허위사실을 담은 주식 <b>스팸</b> 문자 메시지를 대량으로 유포한 <b>리딩방</b> 업체 직원이 구속됐다. 금융감독원 자본시장특별사법경찰(특사경)은 서울남부지법이 자본시장법 위반 혐의를 받는 <b>리딩방</b> 업체... ,https://n.news.naver.com/mnews/article/421/0007696059?sid=101,"Tue, 30 Jul 2024 09:43:00 +0900"
<b>스팸</b> 2300만건으로 주가 띄우고 17억 챙겨…<b>리딩방</b> 직원 구속,전국민을 상대로 주식 <b>스팸</b> 문자메시지를 대량 유포해 주가를 띄운 주식 <b>리딩방</b> 업체 직원에 구속영장이 발부됐다. 피의자 P씨는 코스닥 상장사 A사에 대한 허위 사실을 담은 <b>스팸</b> 메시지 2300만여건을 대량 유포하고 약... ,https://n.news.naver.com/mnews/article/003/0012696898?sid=101,"Tue, 30 Jul 2024 09:43:00 +0900"
감사의견 거절 직전 호재성 문자 살포한 <b>리딩방</b> 팀장 구속,유발한 <b>리딩방</b> 운영팀장에 대한 구속영장이 발부됐다. 금융감독원은 30일 전국민 상대 주식 <b>스팸</b> 문자메시지 대량 유포 사건 피의자 구속 관련 내용을 안내했다. 금감원 자본시장특별사법경찰(이하 특사경)은 한... ,https://www.dnews.co.kr/uhtml/view.jsp?idxno=202407300937034940737,"Tue, 30 Jul 2024 09:42:00 +0900"
'주식 매수 권유' <b>스팸</b> 뿌리고 17억 챙긴 <b>리딩방</b> 운영팀장 구속,허위사실이 담긴 주식 매수 권유 <b>스팸</b>문자를 전국에 뿌려  17억원의 부당이득을 챙긴 <b>리딩방</b> 운영팀장이 구속됐다. 30일 금융감독원 자본시장특별사법경찰(특사경)에 따르면 서울남부지방법원은 전날 코스닥 상장사... ,https://n.news.naver.com/mnews/article/648/0000027742?sid=101,"Tue, 30 Jul 2024 09:41:00 +0900"
“수익성 높은 종목이에요” 문자 2000만개 보낸 <b>리딩방</b> 운영팀장 구속,근거 없는 호재성 풍문이 담긴 <b>스팸</b> 메시지 2000만건을 넘게 살포한 <b>리딩방</b> 업체 운영팀장이 구속됐다. 30일 금감원 자본시장특별사법경찰은 한 코스닥 업체에 대한 허위사실이 포함된 문자메시지 2320만건을 살포해... ,https://n.news.naver.com/mnews/article/366/0001008550?sid=101,"Tue, 30 Jul 2024 09:36:00 +0900"
"금감원, <b>스팸</b> 문자 2천만건 뿌려 돈 챙긴 <b>리딩방</b> 운영자 적발",이투데이=정성욱 기자 | 불법으로 얻은 개인정보로 가짜 뉴스 <b>스팸</b> 문자 메시지를 2000만건 이상 뿌려 부당이득 17억 원을 챙긴 <b>리딩방</b> 운영자가 금감원에 덜미를 잡혔다. 30일 금융감독원에 따르면 금감원... ,https://www.etoday.co.kr/news/view/2385449,"Tue, 30 Jul 2024 09:36:00 +0900"
2320만건 허위문자로 17억 부당이득…<b>리딩방</b> 운영팀장 구속,"전 국민을 대상으로 무작위로 허위 <b>스팸</b> 매수 유인 문자메시지를 보내 1천600억 원의 대규모 피해를 야기하고, 십수억 원의 부당이득을 챙긴 <b>리딩방</b> 업체 운영팀장이 구속됐습니다. 오늘(30일) 금융감독원... ",https://n.news.naver.com/mnews/article/374/0000395175?sid=101,"Tue, 30 Jul 2024 09:33:00 +0900"
“호재 있으니 매수해야”…<b>스팸</b> 메시지로 ‘상폐 기업’ 주가 띄운 발...,"A 씨는 주식 종목을 추천하는 이른바 ‘<b>리딩방</b>’ 업체의 운영팀장으로, 모 코스닥 상장사 주가를 띄우기 위해 사실이 아니거나 근거가 없는 호재성 풍문이 담긴 <b>스팸</b> 문자 메시지 2,300만 건을 발송한 혐의를 받고... ",https://n.news.naver.com/mnews/article/056/0011771923?sid=101,"Tue, 30 Jul 2024 09:32:00 +0900"
"금감원, '코스닥사 거짓 호재 대량 살포' <b>리딩방</b> 운영팀장 구속",문자 2천320만건 뿌려…이후 상장폐지 진행으로 1천600억 피해 주식 <b>스팸</b> 문자 메시지를 대량으로 살포한 <b>리딩방</b> 업체 직원이 구속됐다. 금융감독원 자본시장특별사법경찰(특사경)은 30일 자본시장법 위반 혐의로 리당방... ,https://n.news.naver.com/mnews/article/001/0014839773?sid=101,"Tue, 30 Jul 2024 09:27:00 +0900"
전 국민에 <b>스팸</b> 2320만 건 뿌려 17억 원 챙겨…<b>리딩방</b> 운영팀장 구속,<b>리딩방</b> 업체 운영팀장인 피의자는 A사 주가를 부양하기 위해 허위 또는 근거 없는 호재성 풍문이 담긴 주식 <b>스팸</b> 문자메시지 2320만 건을 불법적으로 취득한 개인정보를 이용해 대량 살포했다. 조사 결과 피의자는 17억... ,https://n.news.naver.com/mnews/article/011/0004373433?sid=101,"Tue, 30 Jul 2024 09:13:00 +0900"
"[아는기자]멈춰 선 방통위…연이은 초유의 상황, 왜?","요새 논란되고 있는 주식 <b>리딩방</b> 문제도 들여다 봐야 하고, 시민들 짜증지수를 높이는 <b>스팸</b> 문자관련해서도 조사를 마치고 결과 발표를 앞두고 있었다고 합니다. 이런 모든 업무들이 올스톱 될 위기에 처한 겁니다. 방통위... ",https://n.news.naver.com/mnews/article/449/0000281030?sid=100,"Fri, 26 Jul 2024 19:13:00 +0900"
"'자본시장법 개정' 준비됐나…금감원 유의사항 공유, 네카오는 '셀프단...",카카오는 지난 15일 '카카오톡 운영정책 개정'을 통해 주식·가상자산 등 투자 관련 <b>리딩방</b> 운영 및 홍보 행위 금지하고 불법 <b>스팸</b> 대량 발송에 대한 제재를 강화한다고 밝혔다. 카카오는 유료·무료 구별 없이 이와 같은... ,http://www.metroseoul.co.kr/article/20240722500350,"Mon, 22 Jul 2024 14:46:00 +0900"
[데스크칼럼] 불법<b>리딩방</b>과 시그니엘,카카오톡이 불법 투자 <b>리딩방</b> 개설을 금지하는 조치를 시행하고 <b>스팸</b>을 보내면 영구 제재하겠다지만 이미 텔레그램으로 옮겨간 지 오래다. 따라서 현행 보이스피싱만 규제하는 법이 문제라는 지적이 나온다.... ,https://www.ajunews.com/view/20240721160537006,"Mon, 22 Jul 2024 11:06:00 +0900"
[금주 IT·게임 주요기사] MS發 글로벌 'IT 대란'…&quot;게임이용장애 질병코...,"주식 <b>리딩방</b> 운영 및 홍보행위, 가상자산 등 기타 투자상품에 대한 <b>리딩방</b> 운영 및 홍보행위를 금지한다고 공지. 또한, 불법 <b>스팸</b> 대량 발송에 대한 제재도 강화. ◆ 카카오톡, 두 달 만에 또 '접속 장애' 지난 18일... ",http://www.youthdaily.co.kr/news/article.html?no=159949,"Sat, 20 Jul 2024 08:02:00 +0900"
[단독]'불법 거래소 차단' 손놓은 FIU-방심위…'테러 막듯' 법제도 시급...,카카오 역시 지난 15일 '카카오톡' 운영정책 개정을 통해 △주식 <b>리딩방</b> 운영 및 홍보 행위 금지 △가상자산 등 기타 투자상품에 대한 <b>리딩방</b> 운영 및 홍보행위 금지 △불법 <b>스팸</b> 대량 발송에 대한 제재 강화 등 내용을... ,https://n.news.naver.com/mnews/article/277/0005447847?sid=101,"Fri, 19 Jul 2024 06:10:00 +0900"
&quot;저 다음주에 한국가요. 라인 ID 추가해주세요.&quot;...급증한 국외발신 '사...,다만 최근 주식 <b>리딩방</b> 불법 초대 메시지와 같은 <b>스팸</b> 메시지 급증의 원인으로 지목된 대량문자전송사업자의 고객 전호번호 해킹 등이 동일한 원인으로도 추정된다. 이같은 메시지는 현행 법상 '<b>스팸</b> 메시지'로 분류되지... ,https://www.greened.kr/news/articleView.html?idxno=316594,"Wed, 17 Jul 2024 22:56:00 +0900"
"네이버·카카오, 불법 <b>리딩방</b> 근절 나선다",카카오 측은 운영정책 개정 이유에 대해 &quot;불법 투자 <b>리딩방</b>으로 인한 금융 피해가 지속적으로 사회 문제가 되고 있다&quot;며 &quot;이용자 보호를 강화하기 위해 개정하게 됐다&quot;고 설명했다. 한편 카카오는 운영정책에 불법<b>스팸</b> 대량... ,http://www.g-enews.com/ko-kr/news/article/news_all/202407171453455841edf69f862c_1/article.html,"Wed, 17 Jul 2024 16:02:00 +0900"
"개정 자본시장법, 불법 <b>리딩방</b> 잡을까","카카오는 더 나아가 전문가나 유명인, 금융기관, 투자회사 직원 사칭, 수익보장 등 광고 문구, 사설 홈트레이딩 시스템 가입 유도, <b>스팸</b>메시지 전송 등도 금지 항목에 넣었다. 불법 <b>리딩방</b> 정책은 주식 투자 외에 부동산... ",https://www.naeil.com/news/read/517112?ref=naver,"Wed, 17 Jul 2024 13:08:00 +0900"
"개정 자본시장법 시행에…네카오, '불법 투자 <b>리딩방</b>' 단속 강화","앞서 카카오는 지난 15일 카카오톡 운영정책을 개정하고 주식 <b>리딩방</b> 운영 및 홍보 행위, 가상자산 등 기타 투자상품에 대한 <b>리딩방</b> 운영 및 홍보 행위를 금지한다고 밝혔다. 또한, 불법 <b>스팸</b> 대량 발송에 대한 제재도... ",https://www.youthdaily.co.kr/news/article.html?no=159584,"Wed, 17 Jul 2024 08:50:00 +0900"
개정 자본시장법 시행에 촘촘해지는 '<b>리딩방</b> 그물망',앞서 카카오는 지난 15일 카카오톡 운영정책을 개정하고 ▲ 주식 <b>리딩방</b> 운영 및 홍보 행위 금지 ▲ 가상자산 등 기타 투자상품에 대한 <b>리딩방</b> 운영 및 홍보행위 금지 ▲ 불법 <b>스팸</b> 대량 발송에 대한 제재 강화 등 내용을... ,https://n.news.naver.com/mnews/article/001/0014810654?sid=105,"Wed, 17 Jul 2024 06:01:00 +0900"
"“한국에 갈거야, 라인 추가해 줘” 문자 받으셨나요? [해시태그]","현재 포털과 SNS 등에는 라인 <b>스팸</b> 문자, 라인 스미싱, 라인 스캠 등 다양한 문구로 검색되고 있는데요. 모두... 이렇게 라인에 가입하게 되면 사칭한 투자 매니저를 통해 투자 <b>리딩방</b> 가입을 유도하는 것으로 확인됐죠.... ",https://www.etoday.co.kr/news/view/2380777,"Tue, 16 Jul 2024 16:30:00 +0900"
카카오 다음달부터 무료 투자 <b>리딩방</b>도 개설 금지,다음 달 14일부 시행 예정인 카카오톡 운영정책에는 주식 <b>리딩방</b> 운영과 홍보 행위 금지 등 조항이 신설되고 불법<b>스팸</b> 대량 발송에 대한 제재 정책 강화 조항 등도 포함됐다. 카카오는 불법 또는 규제 상품·서비스 관련... ,https://www.safetimes.co.kr/news/articleView.html?idxno=216731,"Tue, 16 Jul 2024 16:02:00 +0900"
"&quot;수익률 200% 보장&quot;…카카오, 불법 투자<b>리딩방</b> 개설 금지","다음 달 14일부터 개정된 운영정책이 시행되며, 주식 <b>리딩방</b>과 가상자산 등 기타 투자상품에 대한 <b>리딩방</b> 운영과 홍보 행위가 금지된다. 또 불법<b>스팸</b> 대량 발송에 대한 제재 정책도 강화된다. 카카오는 최근 SNS를... ",https://n.news.naver.com/mnews/article/079/0003916516?sid=105,"Tue, 16 Jul 2024 11:27:00 +0900"
다시 고개드는 보이스피싱 대포폰·<b>스팸</b> 원천 차단하고 국제공조로 조직...,이에 따라 정부는 보이스피싱 집중 수사와 불법 <b>스팸</b> 발송 업체에 대한 제재를 강화하기로 했다.... 정부합동수사단을 중심으로 유관기관과의 협력을 강화하고 피싱뿐 아니라 투자<b>리딩방</b> 등을 통한 신종수법으로까지... ,https://www.korea.kr/news/policyNewsView.do?newsId=148931421&call_from=naver_news,"Tue, 16 Jul 2024 10:26:00 +0900"
다음달 14일부터 카카오톡서 불법 ‘주식<b>리딩방</b>’ 금지,"이 밖에도 카카오는 운영정책에 ‘전문가, 유명인, 금융기관, 투자회사 직원 사칭, 수익 보장 등 광고 문구, 사설 홈트레이딩 시스템 가입 유도, 다른 이용자의 <b>리딩방</b> 초대, <b>스팸</b> 메시지 전송’ 등의 세부적인 금지 항목을... ",https://n.news.naver.com/mnews/article/028/0002698206?sid=105,"Mon, 15 Jul 2024 19:52:00 +0900"
"카카오톡, 불법 투자<b>리딩방</b> 개설·운영 막는다","카카오는 전문가, 유명인, 금융기관, 투자회사 직원 사칭, 수익 보장 등 광고 문구, 사설 홈트레이딩 시스템 가입 유도, 다른 이용자의 <b>리딩방</b> 초대, <b>스팸</b> 메시지 전송 등을 금지 항목 예시로 들었다. 또 불법 <b>리딩방</b> 관련... ",https://n.news.naver.com/mnews/article/277/0005445960?sid=105,"Mon, 15 Jul 2024 18:44:00 +0900"
"카카오톡, 불법 투자<b>리딩방</b> 개설 금지‥<b>스팸</b>보내면 영구제재","이외에도 전문가나 유명인, 금융기관, 투자회사 직원 사칭, 수익 보장 등 광고 문구, 사설 홈트레이딩 시스템 가입 유도, 다른 이용자의 <b>리딩방</b> 초대, <b>스팸</b> 메시지 전송 등 세부적인 금지 항목도 명시했습니다. 불법 <b>스팸</b>... ",https://n.news.naver.com/mnews/article/214/0001361237?sid=101,"Mon, 15 Jul 2024 18:11:00 +0900"
"카카오, 주식 불법 투자 <b>리딩방</b> 개설·운영 막는다","전문가, 유명인, 금융기관, 투자회사 직원 등을 사칭하거나 수익 보장 등 광고 문구 사용, 다른 이용자의 <b>리딩방</b> 초대, <b>스팸</b> 메시지 전송 등도 금지 항목으로 명시했다. 특히 카카오는 &quot;불법 <b>리딩방</b> 관련 정책은 주식 투자... ",https://n.news.naver.com/mnews/article/469/0000812360?sid=105,"Mon, 15 Jul 2024 18:01:00 +0900"
"&quot;투자 피해, 멈춰!&quot; 카카오 &quot;불법 투자 <b>리딩방</b> 개설 금지&quot;","이외 전문가, 유명인, 금융기관, 투자회사 직원 사칭, 수익 보장 등 광고 문구, 사설 홈트레이딩 시스템 가입 유도, 다른 이용자의 <b>리딩방</b> 초대, <b>스팸</b> 메시지 전송 등 세부적인 금지 항목을 명시했다. 불법 <b>리딩방</b> 관련... ",https://n.news.naver.com/mnews/article/014/0005213691?sid=105,"Mon, 15 Jul 2024 17:41:00 +0900"
"카카오, 내달부터 불법 투자 <b>리딩방</b> 금지","“불법 <b>리딩방</b> 등으로부터 이용자 보호를 강화하기 위해 운영 정책을 개정하게 됐다”고 설명했다. 한편, 카카오는 운영 정책에 불법<b>스팸</b> 대량 발송에 대한 제재 조항도 포함했다. 불법행위 관련 광고성 정보를 반복적으로... ",https://biz.newdaily.co.kr/site/data/html/2024/07/15/2024071500389.html,"Mon, 15 Jul 2024 17:28:00 +0900"
카카오톡 불법 투자<b>리딩방</b> 개설 전면금지,"이외 전문가, 유명인, 금융기관, 투자회사 직원 사칭, 수익 보장 등 광고 문구, 사설 홈트레이딩 시스템 가입 유도, 다른 이용자의 <b>리딩방</b> 초대, <b>스팸</b> 메시지 전송 등 세부적인 금지 항목을 명시했다. 이러한 불법 <b>리딩방</b>... ",https://n.news.naver.com/mnews/article/654/0000081109?sid=101,"Mon, 15 Jul 2024 17:25:00 +0900"
카톡에도 판치는 '불법 투자 <b>리딩방</b>'…카카오 &quot;개설 금지령&quot;,불법 <b>리딩방</b> 관련 정책에 적용된다. 불법<b>스팸</b> 대량 발송에 대한 제재 정책도 강화한다. 복수 계정을 이용해 불법 음란·도박 사이트 등 불법행위 관련 광고성 정보를 동일·유사한 내용을 반복적으로 전송한 점이 이용자... ,https://n.news.naver.com/mnews/article/586/0000082811?sid=101,"Mon, 15 Jul 2024 17:22:00 +0900"
"카카오톡, 불법 투자 <b>리딩방</b> 개설 금지한다","이 외 전문가·유명인·금융기관이나 투자회사 직원 사칭, 수익 보장 등 광고 문구, 사설 홈트레이딩 시스템 가입 유도, 다른 이용자의 <b>리딩방</b> 초대, <b>스팸</b> 메시지 전송 등 세부적인 금지 항목을 명시했다. 이 같은 불법... ",https://n.news.naver.com/mnews/article/032/0003308581?sid=105,"Mon, 15 Jul 2024 17:16:00 +0900"
"카카오톡, 불법 투자 <b>리딩방</b> 전면 금지로 금융사기 차단 나선다","또한 전문가, 유명인, 금융기관, 투자회사 직원 사칭, 수익 보장 광고 문구, 사설 홈트레이딩 시스템 가입 유도, 다른 이용자의 <b>리딩방</b> 초대, <b>스팸</b> 메시지 전송 등 세부적인 금지 항목이 명시됐다. 이러한 불법 <b>리딩방</b> 관련... ",https://www.gokorea.kr/news/articleView.html?idxno=800889,"Mon, 15 Jul 2024 17:06:00 +0900"
"카카오톡, 주식·코인·부동산 불법 투자<b>리딩방</b> 개설 금지","8월 14일부터 주식, 코인, 부동산 등 유사투자자문 행위 금지 불법 <b>스팸</b> 대량 발송에 대한 제재 정책도 앞으로 특정 주식을 추천하는 등 유사 투자 자문을 진행하는 <b>리딩방</b> 운영이 카카오톡에서 금지된다. 코인과 같은 가상... ",https://n.news.naver.com/mnews/article/366/0001004788?sid=105,"Mon, 15 Jul 2024 17:05:00 +0900"
"카카오톡, 가상자산 <b>리딩방</b> 운영 금지한다...&quot;위반 시 영구 이용 제한&quot;","구체적인 금지 행위 사례로, <b>리딩방</b>의 생성·운영 및 초대, 관련 <b>스팸</b> 메시지 전송, 광고성 게시물 등록, 투자종목 추천, 전문가·유명인·금융기관·투자회사 직원 사칭, 원금·수익 보장, 손실 보전·복구 언급 등을 통한... ",https://www.tokenpost.kr/article-186982,"Mon, 15 Jul 2024 17:04:00 +0900"
앞으로 카톡서 불법 투자 <b>리딩방</b> 개설 안된다... 8월 14일 시행,투자 <b>리딩방</b>으로 인한 금융 피해가 지속적으로 사회 문제가 되고 있다&quot;며 &quot;이용자 보호를 강화하기 위해 개정하게 됐다&quot;고 설명했다. 한편 카카오는 이날 운영정책에 불법<b>스팸</b> 대량 발송 제재 개정 조항도 포함했다. 복수... ,https://www.widedaily.com/news/articleView.html?idxno=239633,"Mon, 15 Jul 2024 17:00:00 +0900"
"카카오톡, 다음달부터 주식 <b>리딩방</b> 개설·운영 금지",다음 달 14일 시행되는 개정 카카오톡 운영정책에는 주식 <b>리딩방</b> 운영과 홍보 행위 금지 등 조항이 신설되고 불법<b>스팸</b> 대량 발송에 대한 제재 정책 강화 조항 등이 포함됐습니다. 카카오는 '불법 또는 규제 상품·서비스... ,https://n.news.naver.com/mnews/article/374/0000392726?sid=101,"Mon, 15 Jul 2024 16:55:00 +0900"
카카오톡 운영 정책 개정…&quot;불법 투자 <b>리딩방</b> 개설 금지&quot;,"이외 전문가, 유명인, 금융기관, 투자회사 직원 사칭, 수익 보장 등 광고 문구, 사설 홈트레이딩 시스템 가입 유도, 다른 이용자의 <b>리딩방</b> 초대, <b>스팸</b> 메시지 전송 등 세부적인 금지 항목을 명시했습니다. 이런 불법 <b>리딩방</b>... ",https://n.news.naver.com/mnews/article/055/0001172140?sid=101,"Mon, 15 Jul 2024 16:43:00 +0900"
"카카오, 카톡서 불법 투자<b>리딩방</b> 개설·운영 못하게 막는다","동시에 전문가·유명인·금융기관·투자회사 직원 사칭, 수익 보장 등 광고 문구, 사설 홈트레이딩 시스템 가입 유도, 다른 이용자의 <b>리딩방</b> 초대, <b>스팸</b> 메시지 전송 등 세부적인 금지 항목을 명시했다. 이는 주식 투자... ",https://n.news.naver.com/mnews/article/011/0004366762?sid=105,"Mon, 15 Jul 2024 16:36:00 +0900"
"카카오톡, 주식 <b>리딩방</b> 개설·운영 금지한다","카카오, 다음 달 운영정책 개정 예고 가상 자산 등 기타 투자 상품 <b>리딩방</b>도 금지 주식 종목을 추천하는 등... 불법 <b>스팸</b> 대량 발송에 대한 제재 정책도 강화한다. 불법 음란 · 도박 사이트 등 불법행위를 위한 광고성 정보... ",https://n.news.naver.com/mnews/article/009/0005334832?sid=105,"Mon, 15 Jul 2024 16:29:00 +0900"
"카카오, 내달 카톡서 불법 투자 <b>리딩방</b> 개설 금지",투자 <b>리딩방</b>으로 인한 금융 피해가 지속적으로 사회 문제가 되고 있다&quot;며 &quot;이용자 보호를 강화하기 위해 개정하게 됐다&quot;고 설명했다. 한편 카카오는 이날 운영정책에 불법<b>스팸</b> 대량 발송 제재 개정 조항도 포함했다. 복수... ,https://n.news.naver.com/mnews/article/003/0012667592?sid=105,"Mon, 15 Jul 2024 16:28:00 +0900"
"카카오톡, '불법 투자<b>리딩방</b>' 개설·운영 금지…개정 운영정책 내달 적...","행위 ▲<b>리딩방</b> 관련 <b>스팸</b> 메시지를 전송하거나 광고성 게시물 등을 등록하는 행위 ▲<b>리딩방</b> 안내·홍보 목적의 그룹채팅방을 운영하는 행위 등은 금지된다. 또, 카카오는 이용자가 카카오톡을 이용해 ▲코인 등... ",https://www.youthdaily.co.kr/news/article.html?no=159400,"Mon, 15 Jul 2024 16:26:00 +0900"
카톡에 불법 투자<b>리딩방</b> &quot;개설 금지&quot;,"세부적인 금지 항목에는 전문가, 유명인, 금융기관, 투자회사 직원 사칭, 수익 보장 등 광고 문구, 사설 홈트레이딩 시스템 가입 유도, 다른 이용자의 <b>리딩방</b> 초대, <b>스팸</b> 메시지 전송 등을 명시했다. 불법 <b>리딩방</b> 관련 정책은... ",https://n.news.naver.com/mnews/article/215/0001170892?sid=101,"Mon, 15 Jul 2024 16:16:00 +0900"
카카오톡서 불법 투자<b>리딩방</b> 개설 금지된다,"이외 전문가, 유명인, 금융기관, 투자회사 직원 사칭, 수익 보장 등 광고 문구, 사설 홈트레이딩 시스템 가입 유도, 다른 이용자의 <b>리딩방</b> 초대, <b>스팸</b> 메시지 전송 등 세부적인 금지 항목을 명시했다. 이러한 불법 <b>리딩방</b>... ",https://n.news.naver.com/mnews/article/001/0014807714?sid=105,"Mon, 15 Jul 2024 15:51:00 +0900"
청소년 동원한 <b>스팸</b>알바…통신사 긴장,"14일 통신업계에 따르면 최근 청소년을 아르바이트생으로 선발해 불법 <b>스팸</b> 문자를 뿌리는 사례가 급격히 늘고 있다. 대출, 주식 <b>리딩방</b> 홍보를 사칭한 스미싱(문자메시지를 이용한 피싱 범죄)을 대량 발송하는 게 주된... ",https://n.news.naver.com/mnews/article/015/0005009473?sid=105,"Sun, 14 Jul 2024 18:12:00 +0900"
&quot;미성년자도 가능. 문자만 보내면 알바비 준다는데&quot;…골머리 [정지은의...,"14일 통신 업계에 따르면 최근 청소년을 아르바이트 요원으로 선발해 불법 <b>스팸</b>문자를 뿌리는 사례가 급격히 늘고 있다. 대출, 주식<b>리딩방</b> 홍보를 사칭한 스미싱(문자 메시지를 이용한 피싱 범죄)을 대량 발송하는 게... ",https://n.news.naver.com/mnews/article/015/0005009386?sid=105,"Sun, 14 Jul 2024 15:30:00 +0900"
"[금주 증권업계 주요기사] 삼성증권, 임단협 체결 '임금 4.9% 인상'...'주...",이는 최근 투자<b>리딩방</b> 사기로 124억원을 챙긴 조직원들이 경찰에 무더기로 검거되는 등 관련 피해가 사회적인 문제로 대두되자 수사 범위를 확대하는 것. 아울러 정부는 민생침해 금융범죄를 척결하기 위해 불법 <b>스팸</b>... ,http://www.youthdaily.co.kr/news/article.html?no=159250,"Sat, 13 Jul 2024 08:02:00 +0900"
[대구논단] 사기를 당하지 않는 방법,"이와 같은 투자 <b>리딩방</b> 사기 피해는 올해 경찰에 신고된 것만 3천여 건, 피해 금액은 수천억 원에 달한다. 따라서 유명인을 사칭하거나 동원하는 투자 광고는 일단 의심부터 해야 한다. 투자 종목을 추천해 준다는 <b>스팸</b>... ",https://www.idaegu.co.kr/news/articleView.html?idxno=467789,"Thu, 11 Jul 2024 21:24:00 +0900"
"&quot;쿠팡 재택근무 하실 분&quot; <b>스팸</b>문자, 왜 이리 늘어났지?","주식<b>리딩방</b> 운영이 불가해지는데 미등록 업체들이 규제 시행 전 최대한 고객을 끌어들이기 위해 대량 광고문자를 발송했다는 추측도 나오고 있다. 정부, 보이스피싱 대응 방안 발표 늘어나는 <b>스팸</b>문자 막을 수 있을까?... ",http://www.dailypop.kr/news/articleView.html?idxno=79602,"Wed, 10 Jul 2024 14:16:00 +0900"
불법 <b>스팸</b>문자·피싱범죄 기승… 시민 불편 호소,2023년 하반기 <b>스팸</b>문자 8.91건의 광고 유형별 건수는 △금융 5.09통 △도박 2.05통 △기타 1.77통으로 주식 <b>리딩방</b> 문자 등 금융 및 도박 관련 유형이 대부분을 차지한다. 정보통신망법 제50조에 따르면 수신자의 사전... ,http://www.jnilbo.com/74165761254,"Tue, 09 Jul 2024 18:22:00 +0900"
"정부, 민생침해 금융범죄 척결...AI 피싱범죄 감지기술 도입 등 보이스...","하반기에도 정부합동수사단을 중심으로 유관기관과의 협력을 더욱 강화하고, 피싱뿐 아니라 투자<b>리딩방</b> 등... 불법 <b>스팸</b> 차단을 위한 제도적, 기술적 정책을 강화할 계획 불법 <b>스팸</b>의 주요 발송경로인 문자재판매사의... ",https://www.aitimes.kr/news/articleView.html?idxno=31602,"Tue, 09 Jul 2024 07:38:00 +0900"
불법 <b>스팸</b> 발송에 내 번호 쓰였다면…전문가들 “번호부터 바꾸라”,ㄱ씨 휴대전화 번호로 ‘투자 <b>리딩방</b>’을 광고하는 <b>스팸</b> 문자가 대량 발송된 상황이었다. <b>스팸</b>을 받은 이들이 문자메시지 항의를 넘어 직접 전화까지 걸기 시작하자 신변의 위협마저 느꼈다. ㄱ씨는 “‘죄송합니다. 제가... ,https://n.news.naver.com/mnews/article/028/0002697206?sid=102,"Tue, 09 Jul 2024 06:02:00 +0900"
[미리보는 이데일리 신문] K매운맛의 매혹 세계가 중독됐다,"워케이션 매력에 첨벙 -투자<b>리딩방 스팸</b> 차단...정부, 피싱범죄 총력 대응 -6월 고용보험 가입자 20·40대 최대폭 감소 -최상목 “상속세 개편·금투세 폐지...부자감세 아닌 민생 지원” △금융 -연체율 뛰자...“캐피탈... ",https://n.news.naver.com/mnews/article/018/0005784538?sid=101,"Mon, 08 Jul 2024 21:41:00 +0900"
<b>스팸</b>범죄 손본다더니...강력한 한방 없는 정부,"불법해킹 방지 해법 없이 발송업체 진입 문턱 상향 “업체 단속만으로는 한계” 최근 급증한 불법 <b>스팸</b> 문자... 스캠, <b>리딩방</b> 스캠에 대한 대책은 많지 않았다. 이성엽 고려대 기술경영전문대학원 교수는 “해킹을 막을... ",https://n.news.naver.com/mnews/article/009/0005331461?sid=105,"Mon, 08 Jul 2024 19:41:00 +0900"
보이스피싱 수사 확대···AI 탐지 기술 개발 [뉴스의 맥],"또한, 최근에는 투자 <b>리딩방</b> 사기로 124억 원을 챙긴 조직원들이 경찰에 무더기로 검거됐는데요. 국민 피해가... 녹취&gt; 방기선 / 국무조정실장 &quot;정부는 최근 증가하여 보이스피싱, 스미싱의 원인으로 지적되는 불법 <b>스팸</b>을... ",https://www.ktv.go.kr/content/view?content_id=705225,"Mon, 08 Jul 2024 19:00:00 +0900"
"정부, 보이스피싱 피해 막는데 총력...특별단속 10월로 연장","투자<b>리딩방</b> 등 신종수법까지 수사 범위를 확대할 방침이다. 경찰도 올 5월까지 보이스피싱 사범 6941명을... 불법 <b>스팸</b> 차단을 위한 제도적, 기술적 정책을 강화할 계획이다. 불법 <b>스팸</b>의 주요 발송경로인 문자재판매사의... ",https://www.asiatoday.co.kr/view.php?key=20240708010005117,"Mon, 08 Jul 2024 18:06:00 +0900"
&quot;민생경제 위협하는 금융범죄 척결&quot;…칼 꺼내든 정부,"정부합동수사단은 하반기에도 유관 기관과의 협력을 강화해 피싱뿐 아니라 투자 <b>리딩방</b> 등 신종 수법까지... 불법 <b>스팸</b> 차단을 위한 제도적, 기술적 정책 역시 추가된다. 불법 <b>스팸</b>의 주요 발송 경로인 문자 재판매사의... ",https://n.news.naver.com/mnews/article/215/0001169866?sid=101,"Mon, 08 Jul 2024 18:05:00 +0900"
[팩플] '로밍발신' 문자 안내로 보이스피싱 피해 줄인다,"더중앙플러스: <b>스팸</b>문자 싹 거르는 법 주식, 코인 <b>리딩방</b> 광고는 물론 대출, 도박, 택배 사칭까지. 온종일 <b>스팸</b> 전화와 문자가 이어집니다. 아무리 차단해도 좀비처럼 살아나는 <b>스팸</b>, 덜 받을 방법 없을까요. 원치 않는... ",https://n.news.naver.com/mnews/article/025/0003371987?sid=105,"Mon, 08 Jul 2024 17:57:00 +0900"
"범정부, 보이스피싱 집중수사 국제공조 추진···&quot;금융범죄 척결&quot;","올해 하반기에는 정부합동수사단을 중심으로 유관기관과의 협력을 강화하고 피싱뿐 아니라 '투자 <b>리딩방</b>'등... 불법 <b>스팸</b> 차단을 위한 제도적, 기술정책도 강화하며 문자재판매사의 진입 요건을 상향하고, 현장조사 및... ",http://www.enewstoday.co.kr/news/articleView.html?idxno=2149598,"Mon, 08 Jul 2024 17:55:00 +0900"
"보이스피싱, 강력한 수사·단속으로 대응…민생침해 범죄 엄단",정부는 민생침해 금융범죄 척결을 위해 보이스피싱 집중 수사와 불법<b>스팸</b> 발송업체 제재를 강화하는 한편... 하반기에도 정부합동수사단을 중심으로 유관기관과의 협력을 강화하고 피싱뿐 아니라 투자<b>리딩방</b> 등... ,https://www.korea.kr/news/policyNewsView.do?newsId=148931202&call_from=naver_news,"Mon, 08 Jul 2024 17:44:00 +0900"
보이스피싱 등 금융범죄 척결에 범정부 대응 강화,"하반기에는 정부합동수사단을 중심으로 유관기관과 협력을 더욱 강화하고, 피싱뿐 아니라 투자<b>리딩방</b> 등... 불법 <b>스팸</b> 차단을 위한 제도적·기술적 정책도 강화된다. 불법 <b>스팸</b>의 주요 발송경로인 문자재판매사의... ",http://www.insnews.co.kr/design_php/news_view.php?num=79736&firstsec=1&secondsec=17,"Mon, 08 Jul 2024 17:42:00 +0900"
"보이스피싱 수사, '투자 <b>리딩방</b>'까지 확대…불법사금융 처벌 강화","투자<b>리딩방</b> 등 신종수법까지 수사 범위를 확대한다. 전국 검찰청과 정부합동수사단은 올해 상반기만... 불법 <b>스팸</b> 차단을 위한 제도적, 기술적 정책도 강화할 계획이다. 불법 <b>스팸</b>의 주요 발송경로인 문자재판매사의... ",https://www.mediapen.com/news/view/935006,"Mon, 08 Jul 2024 17:12:00 +0900"
"보이스피싱 기승...금융당국, '여신거래 안심 차단 서비스' 시행","투자<b>리딩방</b> 등 신종수법까지 수사 범위를 확대한다. 하반기에는 당초 7월까지 예정된 '피싱범죄 집중차단 및... <b>스팸</b> 차단을 위해 제도적, 기술적 정책도 강화할 계획이다. 과학기술정보통신부는 전기통신사업법령상... ",https://www.newsway.co.kr/news/view?ud=2024070816390660461,"Mon, 08 Jul 2024 17:10:00 +0900"
"피싱 수사, '투자 <b>리딩방</b>'으로 확대…불법 사금융 처벌 강화",피싱 범죄에 대한 정부의 합동 수사가 올해 하반기에는 '투자 <b>리딩방</b>'(투자 추천 대화방)으로 확대된다. 또... 최근 급증한 불법 <b>스팸</b> 문자 피해를 줄이기 위해 문자 재판매 사업자의 등록 요건을 ‘자본금 5000만 원’에서... ,https://n.news.naver.com/mnews/article/082/0001278317?sid=101,"Mon, 08 Jul 2024 17:00:00 +0900"
보이스피싱·불법사금융 척결 위한 범정부 노력 지속...&quot;조직총책은 법...,올해 하반기 전국 검찰청과 정부합동수사단은 아니라 투자<b>리딩방</b> 등 신종수법까지 수사 범위를 확대하기로... 불법 <b>스팸</b>의 주요 발송경로인 문자재판매사의 영세성과 관리 미흡 문제가 지적됨에 따라 과기부는... ,http://www.consumernews.co.kr/news/articleView.html?idxno=709766,"Mon, 08 Jul 2024 16:54:00 +0900"
"범정부, 보이스피싱 등 민생침해 금융범죄 대폭 강화","불법<b>스팸</b> 발송업체 관리‧제재 강화, 7월부터 여신거래 안심차단 서비스 시작. AI활용 피싱범죄 감지기술... 하반기에도 정부합동수사단을 중심으로 유관기관과의 협력을 더욱 강화하고, 피싱뿐 아니라 투자<b>리딩방</b> 등... ",http://www.boannews.com/media/view.asp?idx=131173&kind=,"Mon, 08 Jul 2024 16:18:00 +0900"
"정부, 보이스피싱-불법사금융 척결 위한 합동 TF 개최",불법 <b>스팸</b> 발송 업체에 대한 관리를 강화하고 불법사금융 조직 총책에는 법정 최고형을 구형한다. 8일... 정부는 하반기(7~12월) 정부합동수사단을 중심으로 피싱뿐만 아니라 투자 <b>리딩방</b> 등 신종 범죄 수법에 대응해 수사... ,https://n.news.naver.com/mnews/article/020/0003575029?sid=101,"Mon, 08 Jul 2024 16:10:00 +0900"
불법<b>스팸</b> 급증에 정부 긴급조사 착수…불법사금융 처벌 강화,정부가 최근 불법 <b>스팸</b> 신고가 급증한 데 따라 그 온상으로 지목된 문자재판매사에 대해 이달까지 긴급조사를 하기로 했다. 피싱 범죄에 대해서는 국제공조를 강화하고 투지<b>리딩방</b> 등 신종수법까지 수사 범위를 확대한다.... ,https://n.news.naver.com/mnews/article/018/0005784382?sid=101,"Mon, 08 Jul 2024 16:03:00 +0900"
‘투자<b>리딩방</b>’ <b>스팸</b> 차단…문자재판매 사업자 진입 문턱↑,"정부가 보이스피싱뿐만 아니라 투자<b>리딩방</b>(투자·종목 추천 대화방) 등 신종수법까지 수사 범위를 확대한다.... 과기정통부도 보이스피싱 피해규모는 2022년부터 감소 추세로 전환됐으나, 올해 미끼문자·<b>스팸</b>문자가 대폭... ",https://n.news.naver.com/mnews/article/119/0002848292?sid=105,"Mon, 08 Jul 2024 16:01:00 +0900"
"정부, 피싱범죄 감지 AI 활용·불법사금융 '범죄단체조직' 적용",정부는 보이스피싱 등 전기통신 금융사기에 대응을 강화하는 차원에서 피싱뿐 아니라 투자<b>리딩방</b> 등... 또 불법 <b>스팸</b>의 주요 발송경로인 문자재판매사에 대한 긴급조사를 실시한다. 금융·공공기관 발송 문자 안심마크... ,https://n.news.naver.com/mnews/article/003/0012653671?sid=100,"Mon, 08 Jul 2024 16:00:00 +0900"
AI로 보이스피싱 잡는다…대포폰도 원천 차단,실제 SK텔레콤·LG유플러스·KT 이동 통신사에서는 AI 기술로 <b>스팸</b>문자·악성앱을 감지해 차단하고 통화... 632명을 구속 송치했습니다. 하반기에 피싱뿐 아니라 투자<b>리딩방</b> 등 신종수법까지 수사 범위를 확대할 계획입니다.,https://n.news.naver.com/mnews/article/374/0000391582?sid=101,"Mon, 08 Jul 2024 16:00:00 +0900"
"정부, 신규 여신거래 `안심차단`","정부는 피싱뿐 아니라 투자<b>리딩방</b> 등 신종수법까지 수사 범위를 확대한다. 애초 이달까지로 예정된... 방송통신위원회는 최근 해킹피해, 불법<b>스팸</b>신고가 급증함에 따라 문자재판매사에 대해 7월말까지 긴급조사를... ",https://n.news.naver.com/mnews/article/029/0002885991?sid=101,"Mon, 08 Jul 2024 16:00:00 +0900"
은행 보안앱 깐 줄 알았는데 폰 좀비됐다…계좌 ‘탈탈’ 털리기 전 꼭...,"대표적인 것이 <b>리딩방 스팸</b>이다. 온라인 사기꾼은 ‘해외 직구’족이 늘어나면서 관세청을 사칭하고, 가짜 택배 보관 문자를 발송하거나 교통 범칙금 고지서인 것처럼 가장하기도 한다. 급기야 지인의 부고나... ",https://n.news.naver.com/mnews/article/021/0002647145?sid=102,"Mon, 08 Jul 2024 06:30:00 +0900"
"“은행서 보낸 보안 앱 깔았는데”…알고보니 가짜, 클릭한 순간 이미 ...","대표적인 것이 <b>리딩방 스팸</b>이다. 사칭의 종류는 유사투자자문업 뿐이 아니다. 온라인 사기꾼은 ‘해외 직구’족이 늘어나면서 관세청을 사칭하고, 가짜 택배 보관 문자를 발송한다. 또 스팸 피해가 늘어나자 계좌를... ",https://n.news.naver.com/mnews/article/009/0005330901?sid=105,"Sun, 07 Jul 2024 22:17:00 +0900"
&quot;스캠 주의&quot; 은행서 온 문자가 스캠… 클릭땐 이미 늦었다,"대표적인 것이 <b>리딩방 스팸</b>이다. 사칭의 종류는 유사투자자문업뿐만이 아니다. 온라인 사기꾼은 '해외 직구'족이 늘어나면서 관세청을 사칭하고, 가짜 택배 보관 문자를 발송한다. 또 스팸 피해가 늘어나자 계좌를... ",https://n.news.naver.com/mnews/article/009/0005330852?sid=105,"Sun, 07 Jul 2024 18:00:00 +0900"
주식도 안하는데 &quot;종목 추천해주겠다&quot;…털리는 개인정보,&quot; 경찰은 시민단체의 수사 의뢰를 받아 <b>스팸</b>문자 급증 원인과 개인정보 유출 경로 등을 수사하고 있습니다. 연합뉴스TV 배규빈입니다. (beanie@yna.co.kr) [영상취재 기자 : 홍종원·문영식] #개인정보 #<b>스팸</b>문자 #<b>리딩방</b>사기,https://n.news.naver.com/mnews/article/422/0000669212?sid=102,"Sun, 07 Jul 2024 10:56:00 +0900"
[경제인사이트] <b>스팸</b>문자 40% 급증‥원인은 무엇,"재판매사 등록은 과기정통부, <b>스팸</b>문자 대응은 방송통위, <b>리딩방</b> 단속은 금감원, 수사는 경찰이 하고 있습니다. 불법 <b>스팸</b>을 보낸 사업자는 걸려도 최대 3천만 원의 과태료 처분에 그쳐 처벌 기준이 너무 낮다는 문제도... ",https://n.news.naver.com/mnews/article/214/0001359284?sid=101,"Fri, 05 Jul 2024 17:00:00 +0900"
[박상현의 Tech·Knowledge] '알테쉬'에 칼 빼든 개보위…개인정보 반출...,대출이나 '주식<b>리딩방</b>' 등 광고가 날아왔다면 이젠 '국제발신' <b>스팸</b>이 주로 오고 있다&quot;고 언급했다. 김씨가 받은 문자엔 '[국제발신] 안녕하세요. 나는 당신에게 연락을 해왔. 연락할 수 없. 다음주에 한국에 가고 싶.... ,https://www.ajunews.com/view/20240702103200489,"Wed, 03 Jul 2024 06:02:00 +0900"
"<b>스팸</b> 문자 2796만건, 왜 이리 급증?",않고 <b>스팸</b> 문자가 쏟아졌다. 갑자기 왜 늘어났을까? 정부와 업계에선 이유를 크게 세 가지로 보고 있다. 우선 자본시장법 개정으로 오는 8월부터 정식 투자 자문 업자가 아니면 ‘주식 <b>리딩방</b>(투자 종목을 추천해 주는... ,https://n.news.naver.com/mnews/article/023/0003843587?sid=101,"Tue, 02 Jul 2024 00:41:00 +0900"
규제 앞두고 기승 부리는 불법 <b>리딩방</b>…개미는 속수무책,계속해서 출석 체크하시고 코스피 예측에 참여하시면 풍성한 보상을 받을 수 있고 최대 50만 원의 대박 상금 기회도 있습니다.” 8월부터 시행되는 불법 주식 <b>리딩방</b>에 대한 규제를 앞두고 <b>리딩방</b> 초대 등 <b>스팸</b> 문자... ,https://www.etoday.co.kr/news/view/2375037,"Sun, 30 Jun 2024 11:04:00 +0900"
"&quot;내 번호 어떻게&quot;…불안한 <b>스팸</b>문자, 경찰 수사로 단초잡을까","다만 불법 <b>스팸</b> 문자라고 해서 모두 형사처벌 대상이 되는 것은 아니다. 최근 다수의 문자 메시지를 통해 퍼지고 있는 '<b>리딩방</b> 유인' 등은 단순 유인 행위로 판단돼 형사처벌 대상이 되지 않으며, 과태료 처분에 그친다.... ",https://n.news.naver.com/mnews/article/003/0012636601?sid=102,"Sat, 29 Jun 2024 06:00:00 +0900"
피해를 기다리는 <b>스팸</b>,이에 8월 시행을 앞두고 주식 <b>리딩방</b> 사람을 모으려고 대량 발송하는 게 아니냐는 주장이 제기됐다. 방통위는 급증한 <b>스팸</b> 문자에 국민 피해를 우려해 국민에게 각별히 유의하고 추가 피해를 입지 않도록 예방하라고... ,http://www.kihoilbo.co.kr/news/articleView.html?idxno=1096239,"Thu, 27 Jun 2024 20:42:00 +0900"
[하태훈의 법과 사회]정보의 비대칭 틈새 노리는 사기꾼,"전세사기, 문자사기, 유사수신행위, 다단계사기, <b>리딩방</b> 등 사방에서 정보 부족과 부에 대한 욕망의 틈새를... 시스템을 구축하고, AI 기술을 활용하여 불법<b>스팸</b>문자를 차단하는 등 종합적인 대책 마련과 입법 보완이 시급하다.",https://n.news.naver.com/mnews/article/032/0003305179?sid=110,"Thu, 27 Jun 2024 20:41:00 +0900"
[전격시사] 이상윤 변호사 (참여연대 민생희망본부) - ‘<b>스팸</b> 문자 급증...,"그러니까 이 사람들, <b>스팸</b> 문자를 보내는 사람들의 목적은 그 링크를 클릭하는 데 있거든요. 그런데 클릭하시다 보면 어떤 주식 <b>리딩방</b>의 문제일 수도 있고 또 스미싱, 어떤 도박 사이트 같은 것들에 문제가 있어서 최악의... ",https://n.news.naver.com/mnews/article/056/0011748864?sid=102,"Wed, 26 Jun 2024 09:54:00 +0900"
&quot;<b>스팸</b> 문자 한 달 새 40% 급증…정보 어디서 유출됐는지 명확히 밝혀져...,<b>스팸</b> 문자가 급증한 이유로 한 변호사는 &quot;여러 가지 지목되고 있는데 일단 주식 <b>리딩방</b> 규제를 위한 자본시장법이 8월에 시행돼 그전에 사람을 모으기 위해 <b>스팸</b> 발송 수요가 커졌다고 보고 있다&quot;며 &quot;또 문자 전송 사업자... ,https://www.etoday.co.kr/news/view/2373713,"Wed, 26 Jun 2024 09:36:00 +0900"
"[인터뷰] &quot;해킹? 유출? 통신사? <b>스팸</b> 문자 급증, 반드시 수사해야&quot;",◆ 한범석&gt; 이것과 관련해서 여러 가지 지목되고 있는 점이 있는데 주식 <b>리딩방</b> 규제를 위한 자본시장법이 8월에 시행되는데 그전에 사람들을 모으기 위해서 불법 <b>스팸</b> 발송 수요가 커지면서 이게 발송되고 있다라고... ,https://n.news.naver.com/mnews/article/079/0003909338?sid=102,"Wed, 26 Jun 2024 09:30:00 +0900"
'보안 취약' 노렸나‥1곳 뚫린 뒤 줄줄이 해킹,"8월 자본시장법 개정안이 시행되면 불법 <b>리딩방</b>에 대한 처벌이 강해지는데, 그 전에 미리 불법 <b>스팸</b>을 보내는 것 아니냐는 겁니다. 하지만 금융감독원이 이미 지난달 불법<b>리딩방</b>을 무더기로 수사의뢰한 걸 감안하면, 제도... ",https://n.news.naver.com/mnews/article/214/0001357257?sid=101,"Wed, 26 Jun 2024 07:34:00 +0900"
[단독] 보안 취약 업체 노렸나‥한 곳 뚫린 뒤 줄줄이 해킹,"8월 자본시장법 개정안이 시행되면 불법 <b>리딩방</b>에 대한 처벌이 강해지는데, 그 전에 미리 불법 <b>스팸</b>을 보내는 것 아니냐는 겁니다. 하지만 금융감독원이 이미 지난달 불법<b>리딩방</b>을 무더기로 수사의뢰한 걸 감안하면, 제도... ",https://n.news.naver.com/mnews/article/214/0001357184?sid=101,"Tue, 25 Jun 2024 20:36:00 +0900"
폭증하는 <b>스팸</b>문자… 해킹 때문인가,"방통위 측에서 관리 감독이 필요할 것 같고요.]여기에 주식<b>리딩방</b>에 대한 규제를 강화한 자본시장 개정안이 오는 8월 시행을 앞두며, 마지막 영업을 앞둔 불법 <b>스팸</b>문자 수요가 더욱 커지고 있는 상황. 더 큰 피해를 막기... ",https://news.mtn.co.kr/news-detail/2024062516410928143,"Tue, 25 Jun 2024 17:40:00 +0900"
"시도 때도 없는 <b>스팸</b> 문자, 안 막나 못 막나",특히 주식 투자 자문을 미끼로 투자자들을 끌어모으는 불법 주식 <b>리딩방</b> 관련 <b>스팸</b>이 급증한 것으로 파악된다. &quot;아래 링크를 클릭하시고 수익 10배 보장 급등주를 무료로 받으세요&quot; 등의 내용과 함께 SNS 주소를 발송하는... ,https://n.news.naver.com/mnews/article/586/0000081338?sid=101,"Tue, 25 Jun 2024 07:30:00 +0900"
[단독] “수익 700%” 띄우고 “3억 송금” 바람잡이 동원한 <b>리딩방</b>,최근 제도의 사각지대 속 <b>스팸</b> 문자가 급증하고 있다는 지적 속에 동아일보 취재팀은 이달 초부터 이러한 <b>스팸</b> 문자를 통해 텔레그램 <b>리딩방</b>에 3주 동안 잠입해 실태를 직접 확인했다. 계기는 7일 기자에게 날아온 문자... ,https://n.news.naver.com/mnews/article/020/0003572433?sid=102,"Tue, 25 Jun 2024 03:01:00 +0900"
[사설] 서민 유혹하는 ‘고수익 보장’ 문자 조심하라,"(주식<b>리딩방</b>) 관련 소비자 피해 건수는 686건으로 집계됐다. 2021년 115건, 2022년 305건, 2023년 210건으로, 올해는 5월까지 56건 발생했다고 한다. 최근들어 <b>스팸</b> 문자가 급증했다. 23일 더불어민주당 황정아 의원이... ",http://sjbnews.com/news/news.php?number=819482,"Mon, 24 Jun 2024 19:32:00 +0900"
&quot;상한가 종목 알려드려요&quot;…부쩍 늘어난 '불법 <b>스팸</b>' 원인은?,예상한 '<b>스팸</b> 전문' 사업자들이 마지막 대량 발송에 나선 것 아니냐는 것입니다. 여기에 주식<b>리딩방</b> 모집 등에 대한 규제를 강화한 자본시장법 개정안이 8월 시행되기 전까지 마지막 '영업'에 열을 올리려는 불법 <b>스팸</b>... ,https://n.news.naver.com/mnews/article/374/0000389383?sid=103,"Mon, 24 Jun 2024 17:30:00 +0900"
[단독]“수익 700% 접근” 띄우자 “3억 송금” 바람 잡으며 투자 유도,최근 제도의 사각지대 속 <b>스팸</b> 문자가 급증하고 있다는 지적 속에 동아일보 취재팀은 이달 초부터 이러한 <b>스팸</b> 문자를 통해 텔레그램 <b>리딩방</b>에 3주 동안 잠입해 실태를 직접 확인했다. 계기는 7일 기자에게 날아온 문자... ,https://n.news.naver.com/mnews/article/020/0003572374?sid=102,"Mon, 24 Jun 2024 17:10:00 +0900"
"<b>스팸</b>문자 폭증, 해킹 문제?...&quot;다른 가능성도&quot;",이 제도는 기존 문자 재판매사업자도 시행일로부터 6개월 이내에 전송 자격 인증을 받도록 해 자격 상실을 예상한 사업자들이 마지막 <b>스팸</b> 대량 발송에 나선 것 아니냐는 추측이다. 또 주식<b>리딩방</b> 모집 등에 대한 규제를... ,https://n.news.naver.com/mnews/article/215/0001167822?sid=102,"Mon, 24 Jun 2024 16:56:00 +0900"
해킹 때문? 규제 강화에 마지막 대량 발송? <b>스팸</b> 급증 이유는,예상한 '<b>스팸</b> 전문' 사업자들이 마지막 대량 발송에 나선 것 아니냐는 것이다. 여기에 주식<b>리딩방</b> 모집 등에 대한 규제를 강화한 자본시장법 개정안이 8월 시행되기 전까지 마지막 '영업'에 열을 올리려는 불법 <b>스팸</b> 발송... ,https://n.news.naver.com/mnews/article/001/0014765837?sid=102,"Mon, 24 Jun 2024 16:39:00 +0900"
경찰 '채상병' 조사 마무리단계…&quot;최대한 빨리 결과 낼 것&quot;,"경찰은 시민단체가 지난 20일 <b>스팸</b> 문자 급증 문제에 대한 수사를 의뢰한 부분도 들여다보고 있다. 우... 우 본부장은 &quot;현재 보이스피싱 등 각종 투자<b>리딩방</b>, 불특정 대수를 대상으로 하는 비대면 사기가 여전히 심각하다.... ",https://n.news.naver.com/mnews/article/003/0012624434?sid=102,"Mon, 24 Jun 2024 12:07:00 +0900"
"무차별 전송 국제발신 불법 <b>스팸</b>, 대책 없나","국외발 <b>스팸</b> 문자는 수신자의 불편뿐만 아니라 투자<b>리딩방</b> 사기, 도박, 불법사금융으로 연결되는 등 각종 범죄에 악용될 수 있다는 우려가 있다. 일부 대부업자들은 채무자의 지인들에게 폭력성을 지닌 협박성 문자를... ",https://www.idaegu.co.kr/news/articleView.html?idxno=465596,"Sun, 23 Jun 2024 21:24:00 +0900"
쏟아지는 주식투자 권유 도박 문자 막아주는 앱 나왔다,"이 앱은 소개글을 통해 &quot;주식광고, 토토방, 은행 사칭 문자, 전문가 <b>리딩방</b>... 수많은 <b>스팸</b> 문자와 막아도 막아도 새 번호로 오는 <b>스팸</b>에 지친 여러분을 위해 만든 똑똑한 AI 기반 <b>스팸</b>/스미싱 필터링 앱을 만들었습니다&quot;고... ",https://n.news.naver.com/mnews/article/006/0000124576?sid=105,"Sun, 23 Jun 2024 21:00:00 +0900"
서민 유혹하는 ‘고수익 보장’ 문자 급증,김씨는 “<b>리딩방</b>이나 코인 투자와 관련한 <b>스팸</b> 문자가 크게 늘어났다”며 “광고라는 걸 알면서도 고수익을 보장한다거나 원금을 돌려준다는 이야기에 혹하게 된다”고 말했다. 최근 고수익을 보장한다는 내용의... ,http://sjbnews.com/news/news.php?number=819461,"Sun, 23 Jun 2024 18:53:00 +0900"
최근 잦아진 ‘<b>스팸</b>문자’…오픈채팅방서 개인정보 유출됐나?,"주식 <b>리딩방</b>에 초대합니다.’ ‘하루 2시간, 집에서 편하게 고수익 알바.’ 휴대전화를 사용하는 사람이라면 열에 아홉은 이런 문자를 받아봤을 것이다. 수신자의 동의 없이 무차별적으로 전송되는 불법 <b>스팸</b>이다.... ",https://n.news.naver.com/mnews/article/022/0003944199?sid=102,"Sun, 23 Jun 2024 10:53:00 +0900"
내 번호 어떻게 알았지? &quot;고수익 보장&quot; 이런 문자 급증한 이유[팩플],"더중앙플러스: <b>스팸</b>문자 싹 거르는 법 주식, 코인 <b>리딩방</b> 광고는 물론 대출, 도박, 택배 사칭까지. 온종일 <b>스팸</b> 전화와 문자가 이어집니다. 아무리 차단해도 좀비처럼 살아나는 <b>스팸</b>, 덜 받을 방법 없을까요. 원치 않는... ",https://n.news.naver.com/mnews/article/025/0003368529?sid=105,"Sun, 23 Jun 2024 08:00:00 +0900"
<b>스팸</b>문자 급증에 2차 피해 주의…경찰 관련 수사 착수,"불법 투자 <b>리딩방</b>과 대출, 도박 등의 <b>스팸</b> 문자는 2차 피해로 이어지기도 합니다. 최근 이례적인 <b>스팸</b> 문자 급증과 그에 따른 범죄 악용 사례가 잇따르자 시민단체가 경찰에 수사를 의뢰했습니다. &lt;한범석 / 참여연대... ",https://n.news.naver.com/mnews/article/422/0000666655?sid=161,"Sat, 22 Jun 2024 18:35:00 +0900"
<b>스팸</b>문자 급증에 2차 피해 주의…경찰 관련 수사 착수,"불법 투자 <b>리딩방</b>과 대출, 도박 등의 <b>스팸</b> 문자는 2차 피해로 이어지기도 합니다. 최근 이례적인 <b>스팸</b> 문자 급증과 그에 따른 범죄 악용 사례가 잇따르자 시민단체가 경찰에 수사를 의뢰했습니다. &lt;한범석 / 참여연대... ",https://n.news.naver.com/mnews/article/422/0000666635?sid=102,"Sat, 22 Jun 2024 17:28:00 +0900"
"벌써 4,000억 원 날려.. &quot;<b>리딩방</b> 속지 마세요&quot;","울리는 <b>리딩방</b>은 각종 온라인 채널을 통해 퍼져나가고 있습니다.투자 종목을 추천해주고 사고 파는 시기를... [기자] 경찰은 특별 단속기간을 오는 10월까지 연장하고, 고수익을 올릴 수 있다는 각종 <b>스팸</b> 문자를... ",https://www.usmbc.co.kr/article/PmLkjKdznla-geA,"Fri, 21 Jun 2024 21:26:00 +0900"
"요즘 지긋지긋한 주식 권유 <b>스팸</b>, 심지어 번호가 010…왜 늘었죠? [뉴스...",이 밖에도 지난 1월 자본시장법 개정에 따라 오는 8월부터 ‘주식 <b>리딩방</b>’이 금지되는 것도 최근 <b>스팸</b> 급증의 원인으로 꼽힌다. 주식 <b>리딩방</b>은 주가 조작 등을 목적으로 개인 투자자를 끌어들여 투자 종목을 추천하기... ,https://n.news.naver.com/mnews/article/028/0002694849?sid=105,"Fri, 21 Jun 2024 18:42:00 +0900"
'우량주·고수익 <b>리딩방</b>' 최근 폭주하는 <b>스팸</b> 메시지 기승....불법 <b>스팸</b>...,[사진=pexels] 최근 주식 관련한 <b>스팸</b> 메시지를 받는 이들이 늘어나면서 소비자들이 불편함을 호소하고 있다. 불법 <b>스팸</b>메시지 전송시 현행 법상 과태료를 지불해야하지만 불법적 수익이 과태료보다 더 크기 때문에... ,https://www.greened.kr/news/articleView.html?idxno=315535,"Thu, 20 Jun 2024 18:24:00 +0900"
"&quot;주식투자 <b>스팸</b> 문자, 돈 버는 사람 따로 있다&quot;","법 개정 이전에 주식<b>리딩방</b> 등에서 회원을 더 많이 모집하려고 최근 <b>스팸</b> 문자를 많이 발송하는 것이 아닌지 의심된다. 또, 한국인터넷진흥원의 조사처럼 돈을 받고 문자를 대량으로 보내는 위탁업체 여러 곳이 해킹당한... ",https://n.news.naver.com/mnews/article/047/0002437385?sid=102,"Thu, 20 Jun 2024 18:15:00 +0900"
<b>스팸</b>문자 답장 보내니 &quot;저도 번호 도용당해서…힘들어요&quot;,"이날 두 단체는 급증한 <b>스팸</b>문자와 개인정보 유출에 사태에 대해 경찰에 수사를 의뢰하고 방송통신위원회에 조사를 요구하는 신고서를 제출했다. 김 팀장은 &quot;주식<b>리딩방</b>뿐 아니라 취업알선, 범칙금이 미납됐다며... ",https://n.news.naver.com/mnews/article/006/0000124527?sid=102,"Thu, 20 Jun 2024 16:35:00 +0900"
"&quot;긴급, 걱정돼 문자드렸어요&quot;…<b>스팸</b> 문자 급증, 알고보니 해킹 탓",하루 6건까지 <b>스팸</b> 문자를 받은 고모(33)씨는 “부모님보다 <b>리딩방</b> 업자가 나를 더 걱정한다는 우스갯소리도 한다”며 헛웃음을 지었다. 최근 공해(公害)에 가까운 <b>스팸</b> 문자로 고통을 호소하는 시민이 늘고 있다.... ,https://n.news.naver.com/mnews/article/025/0003368122?sid=102,"Thu, 20 Jun 2024 16:34:00 +0900"
&quot;또 <b>리딩방</b>이냐&quot;…지긋지긋한 <b>스팸</b>문자 폭탄,번호 변작에 ‘꼼수 <b>스팸</b>’까지 정부가 뾰족한 대응책을 찾지 못하는 사이 <b>스팸</b> 문자는 날로 진화하고 있다. 스마트폰의 ‘키워드 차단’을 피하려고 ‘<b>리딩방</b>’ ‘주식’ 등 문구를 ‘리딩뱡’ ‘쥬식’ 등 한 글자씩... ,https://n.news.naver.com/mnews/article/015/0004998509?sid=102,"Tue, 18 Jun 2024 18:17:00 +0900"
[취재후일담]피싱 문자 기승…경찰청·금감원 '경고성 문자' 더 늘려야,금융회사들도 회사 홈페이지를 통해 '당사가 <b>리딩방</b>을 통해 종목을 추천하거나 투자상담 등을 권유하지는 않는다'며 주의를 당부했습니다.금감원도 여러 대책을 냈는데요. <b>스팸</b>으로 의심되는 문자가 오면 금감원이나... ,https://www.asiatoday.co.kr/view.php?key=20240617010008753,"Tue, 18 Jun 2024 18:02:00 +0900"
차 앞유리에 전화번호 써뒀다가…30대 女 '날벼락',"이 문자는 <b>리딩방</b> 광고를 가장하고 있지만, 실상은 그것도 아니고 단순 사기인 경우가 많다. 문자를 받은... 정부가 <b>스팸</b> 문자 방지를 위해 통신사 이용자의 하루 문자 발송 한도를 500건으로 제한하고 있지만 문자... ",https://n.news.naver.com/mnews/article/015/0004998361?sid=101,"Tue, 18 Jun 2024 14:24:00 +0900"
"[심층] '배우' 동원하고 '가짜 정보' 심고···<b>리딩방</b> 투자 사기, 당할...","있어&quot; <b>리딩방</b> 투자 사기, 결국 예방이 답이라고 전문가들은 입을 모읍니다. 유명인을 사칭하거나 동원하는 투자 광고는 일단 의심부터 해야 합니다. 투자 종목을 추천해 준다는 <b>스팸</b> 문자, 절대 클릭하지 않아야 합니다.... ",https://n.news.naver.com/mnews/article/657/0000026953?sid=102,"Sun, 16 Jun 2024 10:09:00 +0900"
자산운용사 대표가 직접 주식 추천?… 8월 규제 강화 앞두고 검은 세력...,오는 8월 불법 <b>리딩방</b> 등 유사투자자문업자의 불건전 영업 행위 규제를 강화하는 자본시장법 개정안이... 최근 카카오톡 오픈채팅방에서 개인 정보가 유출된 영향으로 <b>스팸</b> 문자가 더 늘었다는 분석도 나온다. 금융당국은... ,https://n.news.naver.com/mnews/article/366/0000998460?sid=101,"Sat, 15 Jun 2024 06:01:00 +0900"
[대구] 문자-채팅-가짜HTS‥'투자<b>리딩방</b> 사기' 어떻게 피하나,"투자 <b>리딩방</b> 사기 피해는 올해 경찰에 신고된 것만 3천여 건, 피해 금액은 수천억 원에 달합니다.유명인을 사칭하거나 동원하는 투자 광고는 일단 의심부터 해야 합니다.투자 종목을 추천해준다는 <b>스팸</b>문자, 절대 클릭하지... ",https://kjmbc.co.kr/article/2nkQphEiYkH0,"Fri, 14 Jun 2024 09:59:00 +0900"
[R]문자-채팅-가짜HTS‥'투자<b>리딩방</b> 사기' 어떻게 피하나,"투자 <b>리딩방</b> 사기 피해는 올해 경찰에 신고된 것만 3천여 건, 피해 금액은 수천억 원에 달합니다. 유명인을 사칭하거나 동원하는 투자 광고는 일단 의심부터 해야 합니다. 투자 종목을 추천해준다는 <b>스팸</b>문자, 절대... ",http://andongmbc.co.kr/adboard/NewsView70696,"Thu, 13 Jun 2024 18:02:00 +0900"
문자-채팅-가짜 HTS···'투자 <b>리딩방</b> 사기' 어떻게 진행되나?,"투자 <b>리딩방</b> 사기 피해는 2024년 경찰에 신고된 것만 3천여 건, 피해 금액은 수천억 원에 달합니다. 유명인을 사칭하거나 동원하는 투자 광고는 일단 의심부터 해야 합니다. 투자 종목을 추천해 준다는 <b>스팸</b> 문자, 절대... ",https://n.news.naver.com/mnews/article/657/0000026844?sid=102,"Wed, 12 Jun 2024 21:00:00 +0900"
문자-채팅-가짜HTS‥'투자<b>리딩방</b> 사기' 어떻게,"투자 <b>리딩방</b> 사기 피해는 올해 경찰에 신고된 것만 3천여 건, 피해 금액은 수천억 원에 달합니다. 유명인을 사칭하거나 동원하는 투자 광고는 일단 의심부터 해야 합니다. 투자 종목을 추천해준다는 <b>스팸</b>문자, 절대... ",http://www.phmbc.co.kr/www/news/desk_news?idx=191356&mode=view,"Wed, 12 Jun 2024 20:42:00 +0900"
"&quot;또, 또, 또 텔레그램 강제초대&quot; 직장인들 짜증 폭발…무슨 일이",김씨는 차선책으로 <b>리딩방</b> 메시지 몇 개를 텔레그램의 '신고하기' 기능을 이용해 <b>스팸</b> 신고했다. 하지만 며칠이 지나도록 <b>리딩방</b>은 그대로 운영 중이다. 염흥열 순천향대 정보보호학과 교수는 &quot;나도 텔레그램 단체방에... ,https://n.news.naver.com/mnews/article/008/0005049375?sid=102,"Wed, 12 Jun 2024 06:00:00 +0900"
<b>스팸</b> 기자,쓰라린 인생 경험을 치른 후 <b>리딩방</b> 초청을 포함한 이상한 문자는 모두 <b>스팸</b> 신고하고 있다.둘째로 내 연락처는 010-7118-6083이다. 혹여 이 번호로 수신이 왔을 때 <b>스팸</b>이라고 떠도 오해하지 않았으면 하는 바람이다. 그냥... ,https://www.cctoday.co.kr/news/articleView.html?idxno=2196698,"Tue, 11 Jun 2024 19:06:00 +0900"
"'대출, <b>리딩방</b> 지긋지긋한 <b>스팸</b>문자'줄어드나…KISA, 삼성전자 '악성문...","<b>스팸</b>전송 방지규정을 위반한 재판매사들은 KISA와 방송통신위원회, 이통사, 중계사, 전문가 등으로 구성된... KISA 정원기 디지털이용자보호단장은 지난 30일 언론 설명회를 열고 &quot;대량문자발 <b>스팸</b> 비율이 반기 평균 약 3... ",https://www.cctvnews.co.kr/news/articleView.html?idxno=237434,"Mon, 03 Jun 2024 17:32:00 +0900"
"'대출, <b>리딩방</b> 지긋지긋한 <b>스팸</b>문자'줄어드나…KISA, 삼성전자 '악성문...","<b>스팸</b>전송 방지규정을 위반한 재판매사들은 KISA와 방송통신위원회, 이통사, 중계사, 전문가 등으로 구성된... KISA 정원기 디지털이용자보호단장은 지난 30일 언론 설명회를 열고 &quot;대량문자발 <b>스팸</b> 비율이 반기 평균 약 3... ",https://www.widedaily.com/news/articleView.html?idxno=237505,"Mon, 03 Jun 2024 13:28:00 +0900"
“대출·<b>리딩방</b>·도박 지긋지긋 <b>스팸</b> 문자!”…이젠 안 받을 수 있다는...,<b>스팸</b>성 메시지가 기승을 부려 국민 피해가 증가하고 있는 상황에서 사각지대를 차단하겠다는 계획이다. 3일... <b>스팸</b>전송 방지규정을 위반한 재판매사들은 KISA·방송통신위원회·이통사·중계사·전문가 등으로 구성된... ,https://n.news.naver.com/mnews/article/009/0005313042?sid=101,"Mon, 03 Jun 2024 10:55:00 +0900"
&quot;휴대폰 <b>스팸</b> 필터링 서비스로 <b>스팸</b> 피해 차단&quot;,금융보안원이 4월 발간한 '오퍼레이션 마이다스(Operation MIDAS)' 분석 보고서에서는 불법 <b>리딩방</b>을 통해 가짜... <b>스팸</b> 문자는 피해자에게 직접적인 금전 피해를 입힐 뿐만 아니라 악성앱 설치로 금융정보와 사용자 정보를... ,https://www.datanet.co.kr/news/articleView.html?idxno=194025,"Sun, 02 Jun 2024 12:00:00 +0900"
"&quot;로또 당첨 번호 받아가세요&quot;...KISA, <b>스팸</b> 수법 고도화에 칼 빼 들었다",# 20대 남성 A씨는 얼마전 주식 <b>리딩방</b> 소개 문자를 받았다. 주식 투자를 하고 있던 터라 메시지 링크에... 스미싱이 의심스러워 즉시 차단했지만 얼마 후에도 다른 번호를 통해 비슷한 <b>스팸</b> 문자들을 받았다. <b>스팸</b> 문자... ,https://www.newsquest.co.kr/news/articleView.html?idxno=224433,"Sun, 02 Jun 2024 12:00:00 +0900"
"&quot;올해 수익률만 174%&quot;…한미반도체, 지금이라도 살까요?[줌인e종목]","최근 한미반도체 주가가 급등하면서 각종 <b>리딩방</b>, 스미싱, <b>스팸</b> 등이 한미반도체를 미끼 삼아 메시지를 발송하는 일이 급증했고, 이에 투자자 주의를 환기하기 위해 경보를 발령했다. 그만큼 한미반도체 주가가... ",https://n.news.naver.com/mnews/article/421/0007570668?sid=101,"Thu, 30 May 2024 05:20:00 +0900"
"카카오·라인야후, 어떻게 해커에 뚫렸나… “오픈채팅방 ID 구조 단순”...","“주식 <b>리딩방</b> 초대하는 문자가 왔다. 평범한 <b>스팸</b> 문자라고 생각하고 무시했었는데, 자세히 보니까 문자에 내 카카오톡 ID가 들어있었다.”(35세 공무원 김모씨) “정보 교류 차원에서 금융, 부동산 등 5개 오픈채팅방에... ",https://n.news.naver.com/mnews/article/366/0000994781?sid=105,"Mon, 27 May 2024 06:02:00 +0900"
퇴근길 경찰 &quot;CCTV 속 그 얼굴이네?&quot;…140명 울린 <b>리딩방</b> 총책 잡았다[베...,"전국 경찰서에 접수된 <b>리딩방</b> 사기 사건 중 A씨 조직이 사용한 계좌번호와 일치한 사례를 추려 피해자에 대한 파악에 나섰다. 이들은 <b>스팸</b>문자를 발송해 투자자를 모집하고 채팅방에서 투자 전문가, 바람잡이 등 역할을... ",https://n.news.naver.com/mnews/article/008/0005042487?sid=102,"Sun, 26 May 2024 05:30:00 +0900"
코인투자 어떻게 알고 <b>스팸</b>폭탄?…카톡서 내 정보 줄줄이 샜다,특이한 건 <b>스팸</b> 문자 대부분이 암호화폐 투자를 권유하거나 고수익을 보장하겠다며 투자를 추천하는 ‘암호화폐<b>리딩방</b>’이라는 점이다. A 씨는 “신기하게도 암호화폐에 투자한 시점을 계기로 암호화폐 관련 <b>스팸</b>·피싱... ,https://n.news.naver.com/mnews/article/025/0003362231?sid=102,"Thu, 23 May 2024 15:59:00 +0900"
연예인 사칭 투자 사기 알려지니 사모펀드 '가짜 사이트' 등장,딥페이크로 유명 연예인을 사칭해 투자 <b>리딩방</b> 사기가 이뤄지고 있다는 소식 전해 드린 바 있죠. 그 수법이... SNS를 통해 사모펀드를 투자하라고 권유하는 경우에는 불법이므로….&quot; 금융당국은 <b>스팸</b>에 포함된 가짜 사이트... ,https://n.news.naver.com/mnews/article/057/0001819260?sid=101,"Thu, 23 May 2024 07:20:00 +0900"
가짜 ‘최상목 임명장’ 동원…사모펀드 사칭 신종 사기 주의보,증권사 등 제도권 금융회사를 사칭했던 불법 <b>리딩방</b> 사기수법이 최근 이처럼 기관전용 사모펀드 운용사를... 금감원은 &quot;불법 금융투자업자에 속아 발생한 손해는 회복이 사실상 쉽지 않다&quot;면서 &quot;SNS나 <b>스팸</b>에 포함된 인터넷... ,https://n.news.naver.com/mnews/article/449/0000275602?sid=101,"Wed, 22 May 2024 13:55:00 +0900"
[취재파일] 오픈 카톡방 개인정보 '6만 5천 명 이상' 유출…어떻게 털렸...,"○○ 오픈채팅방 운영자 (주식) <b>리딩방</b> 초대하는 문자가 오는 거예요. 처음에는 <b>스팸</b> 문자라고 생각하고 무시했었는데, 자세히 보니까 (문자에) 제 이름이 딱 거론돼 있는 거예요. 카카오톡 이름(닉네임)이…. (다른... ",https://n.news.naver.com/mnews/article/055/0001155433?sid=102,"Thu, 16 May 2024 09:19:00 +0900"
업체명 바꾸고 똑같은 수법 사기…가상자산 <b>스팸</b> 주의보,가상자산 투자자를 상대로 한 <b>스팸</b> 문자가 기승을 부리고 있다. 글로벌 가상자산 거래소를 사칭한 업체가... 금융감독원에 따르면 올해 1월부터 4월까지 접수된 피해 사례 중 1위는 <b>리딩방</b>(26.5%)으로 집계됐다. 이어... ,https://n.news.naver.com/mnews/article/119/0002830006?sid=101,"Wed, 15 May 2024 06:00:00 +0900"
[‘전기통신금융사기 통합신고대응센터’ 출범 200일]보이스피싱 전화번...,"삼성전자와 한국인터넷진흥원은 현재 스마트폰에 탑재된 <b>스팸</b>신고와 같이 피싱 제보 기능을 추가하는... ◆신종사기 대응으로 역할 확대 필요 = 하지만 센터는 최근 급격하게 늘고 있는 투자<b>리딩방</b> 사기, 연애 빙자... ",https://www.naeil.com/news/read/510383?ref=naver,"Tue, 14 May 2024 13:10:00 +0900"
매일 보이스피싱 1천여 건 막았다…‘신종사기’ 신고 접수는 과제,"우선 휴대전화 <b>스팸</b> 신고처럼 ‘피싱 제보 기능’을 추가해, 더 빠르게 임시 차단을 할 수 있도록... 다만 아쉬운 점은 최근 급격하게 늘고 있는 투자<b>리딩방</b> 사기, 연애 빙자 사기(로맨스스캠) 등 신종 사기 신고는 센터로... ",https://n.news.naver.com/mnews/article/056/0011720427?sid=102,"Tue, 14 May 2024 06:00:00 +0900"
[퀴즈 이·보·소] 개인정보 유출 소식이 뒤늦게 알려진 전자정부 서비...,"이에 관한 설명으로 틀린 것은?① 범죄자는 KISA <b>스팸</b>대응센터를 사칭해 사용자 메일이 악용됐다고 속이며... 투자 상담과 주식 종목을 추천해 주는 <b>리딩방</b>이 있다는 소식을 듣고, 가입을 위해 문자에 적힌 번호로 전화를... ",http://www.boannews.com/media/view.asp?idx=129701&kind=,"Sun, 12 May 2024 17:56:00 +0900"
Weekly Security Premium Report 제150호 발간! 피부로 느끼는 해킹 위협,에서는 한국인터넷진흥원 <b>스팸</b>대응센터를 사칭한 피싱 메일이 유포됐다는 소식과 토스증권을 사칭해 투자상담이나 <b>리딩방</b> 가입을 유도한 뒤 입금이나 결제를 요청하는 사기가 기승을 부린다는 소식을 전했다.... ,http://www.boannews.com/media/view.asp?idx=129704&kind=,"Fri, 10 May 2024 16:42:00 +0900"
5시간 동안 '선대인' 사칭 문자 8000통…진화하는 <b>리딩방</b> 사기,"KISA, 경찰에 선대인경제연구소 사칭 <b>스팸</b>문자 차단 요청…&quot;불법 <b>리딩방</b> 사기 수법에 '<b>스팸</b>문자 발송'이 결합&quot; 한국인터넷진흥원은 지난 6일 강원경찰청에 선대인경제연구소를 사칭한 <b>스팸</b>문자 차단을 요청했다. 경찰... ",https://n.news.naver.com/mnews/article/008/0005035437?sid=102,"Wed, 08 May 2024 15:43:00 +0900"
NO박 캠페인으로 사이버 범죄 out,'도박으로 돈을 벌었다'는 소문이 퍼지면서 '도박 <b>리딩방</b>' 운영·참여 등을 한 것으로 알려졌다. 청소년 도박사범이 늘고 있는 것으로 나타났다. 온라인 광고나 <b>스팸</b> 문자를 통해서만 아니라 최근에는 또래 친구... ,https://www.incheonilbo.com/news/articleView.html?idxno=1248119,"Tue, 07 May 2024 19:06:00 +0900"
"나를 현혹하는 '투자 <b>리딩방</b>', 사실은 가짜 <b>리딩방</b>",라는 <b>스팸</b> 문자나 전화를 받아본 적이 있을 것이다. 사실 이러한 문자나 전화는 유명 투자자를 사칭하여 고수익을 보장한다고 피해자들을 속여 금원을 편취하는 주식 투자 <b>리딩방</b> 사기로써 우리 주위에서 빈번히... ,http://www.domin.co.kr/news/articleView.html?idxno=1465686,"Tue, 16 Apr 2024 11:08:00 +0900"
"&quot;선물 거래 배워야 대박 수익&quot; 코인 <b>리딩방</b>에서의 2개월, 그 시작",기자 역시 카카오톡 <b>리딩방</b> 가입 후 ‘10조합의 프리미엄 번호’를 무료로 알려준다는 <b>스팸</b> 메시지를 받았다. 황 교수는 “<b>리딩방</b> 참여자는 충성도가 높은 고객으로 인식돼 (<b>리딩방</b> 운영자 입장에서) 상당한 가치가 있다”... ,https://decenter.kr/NewsView/2D7VTMCJZM,"Fri, 12 Apr 2024 10:00:00 +0900"
"&quot;홍진경입니다&quot;...피싱 '기승', 지인-공공기관 넘어 유명인까지 사칭",이들은 가짜 광고를 통해 '주식 <b>리딩방</b>'에 입장하도록 유도한다. 피싱범들은 입장한 사람들에게 친절하게... SKT는 AI 개인비서 '에이닷'에 'AI <b>스팸</b> 표시' 기능을 추가했다. 모르는 번호로 전화가 걸려올 때 <b>스팸</b> 등급을... ,https://www.econovill.com/news/articleView.html?idxno=650752,"Mon, 01 Apr 2024 17:40:00 +0900"
메타·구글 압수수색이 시급하다,최근에 캡쳐한 유명인 사칭 주식투자 <b>리딩방</b> 광고들. 낯익은 얼굴들이 많지만 이중에 자신의 이름과 사진... 사칭·<b>스팸</b> 계정으로부터 친구신청이 들어올 때마다 꼬박꼬박 신고 버튼을 누르면서 차단·삭제 없이 어떻게... ,https://www.the-pr.co.kr/news/articleView.html?idxno=51362,"Mon, 01 Apr 2024 08:12:00 +0900"
AI가 알려준 '웰스파고 CEO'…불법 <b>리딩방</b> 대표였다,<b>리딩방</b> 일당이 지난 22일부터 추천한 HB솔루션은 25일 한국거래소가 <b>스팸</b> 관여 과다 사유로 투자주의종목으로 일시 지정했다. 영리 목적 광고 신고 건수와 거래량이 함께 증가했다는 이유에서다. 금융감독당국은 대처에... ,https://n.news.naver.com/mnews/article/015/0004965471?sid=101,"Wed, 27 Mar 2024 18:44:00 +0900"
[단독] 'AI 검색은 투자 고수라는데?'…진화하는 불법 <b>리딩방</b>,유료회원 모집에 대규모 종목매집 시도…'<b>스팸</b> 과다 종목' 피해도 이들 <b>리딩방</b>은 허위 정보를 바탕으로 유료회원이나 자체 플랫폼을 통한 투자자를 모집하고 있다. ‘웰스파고 <b>리딩방</b>’은 웰스파고 펀드 출시까지... ,https://n.news.naver.com/mnews/article/015/0004965334?sid=101,"Wed, 27 Mar 2024 16:34:00 +0900"
"제약바이오, 작년 증시 침체에도 '투기경보' 멈추지 않았다","<b>스팸</b> 문자정보는 유사투자자문업체, <b>리딩방</b> 등이 각종 SNS 등을 이용해 활용하는 신종 불공정거래 활동이다. 이는 투기 세력들이 확인되지 않는 정보를 바탕으로 작전주라는 등 투기를 부추기고 개인 투자자들로부터... ",http://www.medicopharma.co.kr/news/articleView.html?idxno=61734,"Mon, 19 Feb 2024 08:04:00 +0900"
"정부, 설 연휴 앞두고 보이스피싱 범죄와 강력 대응한다",투자<b>리딩방</b> 사기·부고장 스미싱 등 신·변종 보이스피싱 사기도 최근 빠르게 확산되고 있다.이번... 불법 <b>스팸</b>을 자동 차단하는 기술을 개발하는 등 불법 <b>스팸</b>을 차단하기 위한 제도적·기술적 대책도 지속 강구하기로... ,http://www.boannews.com/media/view.asp?idx=126558&kind=,"Thu, 08 Feb 2024 10:36:00 +0900"
설 연휴 보이스피싱 범죄 24시간 민관 합동 대응태세 구축,투자<b>리딩방</b> 사기와 부고장 스미싱 등 신·변종 보이스피싱 사기도 최근 빠르게 확산되고 있다. 이날... 단말기 자체에서 불법<b>스팸</b>을 자동 차단하는 기술을 개발하는 등 불법<b>스팸</b>을 차단하기 위한 제도적·기술적 대책도... ,https://www.korea.kr/news/policyNewsView.do?newsId=148925677&call_from=naver_news,"Wed, 07 Feb 2024 17:35:00 +0900"
"설 앞두고 ‘보이스피싱’ 주의보… 범정부 TF , 대대적 상황 점검 나선...","그러나 보이스피싱 피해액은 지난해 11월 이후 큰 폭으로 증가하고 있고, 투자<b>리딩방</b>·부조장 스미싱 등... 단말기 자체에서 불법<b>스팸</b>을 자동 차단하는 기술도 개발 예정이다. TF는 신종 사기 대응도 강화하기로 했다.... ",https://n.news.naver.com/mnews/article/011/0004297278?sid=102,"Wed, 07 Feb 2024 15:15:00 +0900"
설 명절 보이스피싱 범죄 막는다…민관합동 24시간 대응,"또 대량문자발송사업자의 자격요건과 책임을 강화하고 블랙리스트 전화번호의 차단 기간을 확대(1→3개월)하는 한편, 단말기 자체에서 불법<b>스팸</b>을 자동 차단하는 기술을 개발한다. 아울러 경찰청은 불법 투자<b>리딩방</b>... ",https://www.etoday.co.kr/news/view/2329215,"Wed, 07 Feb 2024 15:02:00 +0900"
"정부, 설 연휴 앞두고 보이스피싱 범죄와 강력 대응키로","그럼에도 지난해 11월 이후 피해액이 크게 증가하고 있고, 투자<b>리딩방</b> 사기, 부고장 스미싱 등 신.변종... 불법<b>스팸</b>을 자동 차단하는 기술을 개발하는 등 불법<b>스팸</b>을 차단하기 위한 제도적·기술적 대책도 지속 강구하기로... ",https://n.news.naver.com/mnews/article/014/0005139762?sid=102,"Wed, 07 Feb 2024 15:01:00 +0900"
[단독] “해외에서 보내면 안 걸려요”… 피싱 키우는 문자발송 업체,특수문자를 써서 정부나 통신사 <b>스팸</b> 필터링에 걸리지 않게 할 수 있습니다.” 한 해외문자발송 사이트는... ‘주식 <b>리딩방</b> 유인’ 등 수만건의 문자메시지를 발송한 것으로 조사됐다. A씨는 그 대가로 31억원을 받아... ,https://n.news.naver.com/mnews/article/081/0003428406?sid=102,"Mon, 05 Feb 2024 05:03:00 +0900"
[단독] 보이스피싱 키우는 ‘문자메시지 발송업체’...해외 서버 기반은...,휴대전화 <b>스팸</b> 1억건...재작년 하반기보다 690% ↑ “해외에서 한국으로 보내는 광고 문자는 한국 법에... ‘주식 <b>리딩방</b> 유인’ 등 수만 건의 문자 메시지를 발송한 것으로 조사됐다. A씨는 그 대가로 31억원을 받아 해외... ,https://n.news.naver.com/mnews/article/081/0003428359?sid=102,"Sun, 04 Feb 2024 17:20:00 +0900"
‘부업모집중’·‘<b>리딩방</b> 무료’ 불법<b>스팸</b> 전송자 처벌 강화된다,주식·코인 <b>리딩방</b> 가입 유도를 비롯해 최근에는 부업 알바를 소개한다는 내용 등으로 불특정 다수에게 <b>스팸</b>이 쏟아졌다. 이번에 의결된 개정안은 불법<b>스팸</b> 전송자에 대한 처벌수위를 1년 이하 징역 또는 1000만원 이하... ,http://www.kukinews.com/newsView/kuk202401160134,"Tue, 16 Jan 2024 16:38:00 +0900"
사기꾼들의 구인구직 플랫폼…“해외선물 파트너 모집합니다”[꾼들의...,"이외에도 최저가로 <b>스팸</b> 문자를 뿌려준다는 업체, <b>리딩방</b> 운영을 위해 인원수를 채워줄 ‘유령 카카오톡 계정’을 판매한다는 업체의 광고도 쉽게 찾을 수 있었다. 유령 카카오톡 계정을 판매하는 업체는 “오픈 채팅... ",https://n.news.naver.com/mnews/article/032/0003269045?sid=101,"Fri, 22 Dec 2023 06:01:00 +0900"
[창] 타인의 욕망을 욕망하다,B는 그 시기 자신에게 오던 주식 <b>리딩방 스팸</b> 문자에 관심을 보였다. B로서는 리딩방에서 종목을 추천받으면 손쉽게 돈을 벌 수 있을 거라 생각했다. 리딩방의 가입비가 300만원이 훌쩍 넘는데도 B는 선뜻 가입했다. 주식... ,https://n.news.naver.com/mnews/article/005/0001658253?sid=110,"Sat, 09 Dec 2023 04:10:00 +0900"
시도 때도 없이 울리는 투자<b>리딩방</b>의 진실 #투자리딩 #투자<b>리딩방</b> #투자...,"오늘도 제 휴대폰에는 투자<b>리딩방 스팸</b>문자가 여러 통 도착해 있습니다. 청취자 여러분들도 같으신가요? 투자리딩방 사기가 어떤 것인지, 이 문자에 반응하게 되면 어떠한 문제들일 발생하게 되는지에 대해서 법무법인... ",https://radio.ytn.co.kr/program/?f=2&id=92691&s_mcd=0459&s_hcd=01,"Tue, 21 Nov 2023 12:02:00 +0900"
시도 때도 없이 울리는 투자<b>리딩방</b>의 진실,"오늘도 제 휴대폰에는 투자<b>리딩방 스팸</b>문자가 여러 통 도착해 있습니다. 청취자 여러분들도 같으신가요? 투자리딩방 사기가 어떤 것인지, 이 문자에 반응하게 되면 어떠한 문제들일 발생하게 되는지에 대해서 법무법인... ",https://n.news.naver.com/mnews/article/052/0001962740?sid=102,"Tue, 21 Nov 2023 11:44:00 +0900"
[팩트체크] 고수익 재택 아르바이트의 실체,<b>스팸</b> 메시지죠? ◆ 송영훈&gt; 네. 저도 문자로 여러 차례 받기도 했습니다. 최근 고수익 재택 아르바이트할... 최근 주식이나 코인<b>리딩방</b> 메시지도 많던데요. ◆ 송영훈&gt; 주식이나 가상화폐(코인) 관련 정보를 공유하는 속칭... ,https://radio.ytn.co.kr/program/?f=2&id=92675&s_mcd=0211&s_hcd=09,"Tue, 21 Nov 2023 02:32:00 +0900"
[팩트체크] 고수익 재택 아르바이트의 실체,<b>스팸</b> 메시지죠? ◆ 송영훈&gt; 네. 저도 문자로 여러 차례 받기도 했습니다. 최근 고수익 재택 아르바이트할... 최근 주식이나 코인<b>리딩방</b> 메시지도 많던데요. ◆ 송영훈&gt; 주식이나 가상화폐(코인) 관련 정보를 공유하는 속칭... ,https://n.news.naver.com/mnews/article/052/0001962629?sid=102,"Tue, 21 Nov 2023 02:06:00 +0900"
“건강검진 통지서 발송완료”…스미싱 사기 주의,ESRC 측은 지난달부터  ‘라인 ID를 추가해달라’는 광고성 <b>스팸</b>문자가 다수 발견됐다고 전했다. ESRC 측은 &quot;계정을 추가하면 투자 매니저를 사칭해 투자 <b>리딩방</b>(채팅방) 가입을 유도하는 것으로 확인됐다&quot;면서 &quot;(<b>리딩방</b>을... ,https://n.news.naver.com/mnews/article/662/0000032445?sid=105,"Mon, 20 Nov 2023 14:21:00 +0900"
“제 라인 ID 추가해 주세요”…무심코 수락했다간 해킹 당해,광고성 <b>스팸</b>문자가 다수 발견됐다. 이 <b>스팸</b>문자는 불특정 다수에게 발송되기 시작했으며 ‘부재중이어서... ESRC 측은 &quot;계정을 추가하면 투자 매니저를 사칭해 투자 <b>리딩방</b> 가입을 유도하는 것으로 확인됐다&quot;면서 &quot;그러나... ,https://n.news.naver.com/mnews/article/021/0002605956?sid=102,"Mon, 20 Nov 2023 08:01:00 +0900"
&quot;라인 ID 추가해 주세요&quot;…자칫하다 개인정보 '탈탈' 털린다,&quot; 최근 유명 SNS(소셜네트워크서비스) 라인 ID를 추가해 달라는 광고성 <b>스팸</b> 문자 메시지가 발견돼 주의가... 수신자가 라인 ID 계정을 추가하면 발송자는 투자 매니저를 사칭해 주식 <b>리딩방</b>(채팅방) 가입을 유도했다.... ,https://n.news.naver.com/mnews/article/421/0007185506?sid=105,"Sun, 19 Nov 2023 17:28:00 +0900"
&quot;제 라인ID 추가해주세요&quot;…무심코 수락했다간,&quot;계정 추가해 달라&quot;…<b>리딩방</b> 가입 권유·악성앱 설치로 이어질 수도 17일 이스트시큐리티대응센터(ESRC)가 최근 발표한 '스미싱 트렌드' 자료에 따르면 지난달부터 '라인 ID를 추가해 달라'는 광고성 <b>스팸</b>문자가 다수... ,https://n.news.naver.com/mnews/article/003/0012217779?sid=105,"Sun, 19 Nov 2023 10:01:00 +0900"
"&quot;앗, 김칫국물 묻었다&quot;...저렴한데 얼룩도 잘 빠지는 세제는? [띵동 이슈...","얼마를 벌게 해주겠다, 무슨 무슨 <b>리딩방</b>, 이런 <b>스팸</b> 문자 많이들 받으시잖아요? 딱 이겁니다. 불법으로 얻은 개인정보를 이용해 유명 투자 업체를 사칭한 가짜 <b>리딩방</b>에 무작위로 초대했고, 마수에 걸려든 250여 명이 대거... ",https://n.news.naver.com/mnews/article/052/0001957097?sid=102,"Wed, 08 Nov 2023 08:45:00 +0900"
백종원·홍진경·슈카…유명인 사칭 사기광고 우후죽순,또 다른 수법은 투자 비법을 공개한다며 주식 <b>리딩방</b>으로 초대하는 것이다. 이들은 &quot;반갑습니다... 유명인들이 <b>리딩방</b>을 함께 운영하는 것 처럼 속여 신뢰성을 확보한다. 참여자가 나타나면 '주식을 시작한 지 얼마나... ,https://n.news.naver.com/mnews/article/003/0012183415?sid=102,"Thu, 02 Nov 2023 06:01:00 +0900"
백종원·홍진경 '사칭 광고' 우수수…&quot;막을 방법이 없네&quot;,주로 메타(옛 페이스북)가 운영하는 SNS인 인스타그램·페이스북에서 책을 준다는 내용의 악성 <b>스팸</b> 콘텐츠를... 방송통신심의위원회(방심위)도 유명인을 사칭해 투자를 유도하는 '주식 <b>리딩방</b>'을 자본시장법 위반을... ,https://n.news.naver.com/mnews/article/421/0007139542?sid=105,"Sun, 29 Oct 2023 07:20:00 +0900"
"배우 이영애가 주식책 홍보를?…'SNS에 난무' 사칭광고, 왜 못 막나",방심위 관계자는 &quot;주식 불법 <b>리딩방</b>같이 자본시장법 위반 광고의 경우 위원회에서 자체적으로 심의할 수... 과거 <b>스팸</b> 메일을 만들어 뿌리던 나이지리아 등지의 범죄 조직이 스캠 광고로 업종(?)을 옮겼다더라&quot;고 전했다.... ,https://n.news.naver.com/mnews/article/008/0004954639?sid=105,"Sat, 28 Oct 2023 07:07:00 +0900"
"유명인 사칭 광고, 아이돌 성희롱 영상 수수방관…'메타'의 해명은?","최근 페이스북, 인스타그램 등에는 유명인들의 이름을 사칭해 ‘불법 <b>리딩방</b>’으로 끌어들이는 광고가... 따돌림 △<b>스팸</b> 등으로 분류했다.​ 신고한 게시물 52건 중 규정 위반으로 삭제된 게시물은 0건, 규정 위반이... ",https://www.bizhankook.com/article/26440,"Fri, 20 Oct 2023 12:56:00 +0900"
바람잡이 앞세운 불법 <b>리딩방</b> 성행,"<b>리딩방</b>은 통상 무료와 유료로 나뉘는데, 무료 <b>리딩방</b>은 과거 <b>스팸</b>문자에서 최근에는 카카오톡 오픈채팅과 SNS 등의 경로를 통해 광고를 하는 경우가 다수다. 특히 채팅방 내 인원들이 수익 인증 사진을 올리면서 투자... ",http://www.ggilbo.com/news/articleView.html?idxno=994929,"Tue, 26 Sep 2023 17:26:00 +0900"
청개구리투자클럽 &quot;해피콜업체 및 손실보상팀 사칭 비상장주식 매매유...,가능하다는 <b>스팸</b>문자가 유포되고 있다&quot;면서 &quot;이같은 비상장 주식 매매 관련된 업무를 수행하지 않을 뿐만... 특히 최근 주도주가 부재한 가운데 지수 자체가 불안정한 흐름 속에서 테마주 장세로 재편되자 <b>리딩방</b> 등 수법이... ,http://www.g-enews.com/ko-kr/news/article/news_all/20230908134638918edf69f862c_1/article.html,"Fri, 08 Sep 2023 13:52:00 +0900"
IR대행사 사칭까지…사기·조작 활개치는 자본시장,가능하다는 <b>스팸</b>문자가 유포되고 있다&quot;면서 &quot;이같은 주식 매수도와 관련된 업무를 수행하지 않을 뿐만... 올 들어 증권사 직원 등을 사칭한 <b>리딩방</b> 등 불법 행위가 기승을 부리고 있다. 특히 최근 주도주가 부재한 가운데... ,https://biz.newdaily.co.kr/site/data/html/2023/09/04/2023090400027.html,"Mon, 04 Sep 2023 09:46:00 +0900"
'초전도체·맥신·양자컴퓨터' 널뛰는 관련주에 불법 <b>리딩방</b>·부띠끄도...,뉴시스에 따르면 30대 직장인 A씨는 이달 들어 거의 하루에 한 번 꼴로 <b>리딩방</b> 초대 문자를 받고 있다. 이전에도 <b>스팸</b> 메시지를 종종 받곤 했지만 최근 들어 횟수가 더 빈번해졌다. 일일이 불법 <b>스팸</b>으로 신고하고 수신... ,http://www.topstarnews.net/news/articleView.html?idxno=15386691,"Sat, 26 Aug 2023 09:36:00 +0900"
&quot;당신도 초대받았나요?&quot;[널뛰는 테마주①],30대 직장인 A씨는 이달 들어 거의 하루에 한 번 꼴로 <b>리딩방</b> 초대 문자를 받고 있다. 이전에도 <b>스팸</b> 메시지를 종종 받곤 했지만 최근 들어 횟수가 더 빈번해졌다. 일일이 불법 <b>스팸</b>으로 신고하고 수신 차단한 번호만... ,https://n.news.naver.com/mnews/article/003/0012051886?sid=101,"Sat, 26 Aug 2023 08:01:00 +0900"
“이화전기 주주면 연락주세요” <b>리딩방</b> 상술에 두 번 우는 소액주주,소액주주연대가 모인 곳인 줄 알고 개인정보를 보내 <b>스팸</b> 문자를 받는 피해가 급증해서다. 그러자 김 대표의 얼굴을 영상에 넣고 번호만 바꾼 <b>리딩방</b> 광고도 나타났다. 주식<b>리딩방</b> 피해를 예방하는 것도 소액주주연대의... ,https://n.news.naver.com/mnews/article/366/0000916800?sid=101,"Fri, 14 Jul 2023 14:50:00 +0900"
상장폐지 앞둔 우선주들 급등락…73% 하락한 다음날 196% 오르기도,거래소 관계자는 “<b>스팸</b> 관여 과다 종목은 주식 <b>리딩방</b> 등에서 단체로 뿌리는 <b>스팸</b> 문자 같은 것들이 신고가 많이 들어와서 지정된 것”이라며 “우선주는 거래량 자체가 많지 않아 작은 매수·매도 수량에도 주가가... ,https://n.news.naver.com/mnews/article/032/0003235390?sid=101,"Tue, 11 Jul 2023 16:06:00 +0900"
"와, 수백명이 버젓이…‘영업방’은 사기꾼들의 아지트였다[주가조작 ‘...",만연 <b>스팸</b>문자 왜 이렇게 많이 오나 했더니 영업자방에서 가장 화두가 되는 것 중 하나는 소위 ‘데이터베이스(DB)’로 불리는 개인정보 파일이었다. <b>리딩방</b> 사기도 코인 사기도 영업자가 피해자에게 접근하기 위해서는... ,https://n.news.naver.com/mnews/article/032/0003235269?sid=101,"Tue, 11 Jul 2023 06:02:00 +0900"
&quot;매일 2% 수익 보장&quot;…리딩투자 사기 문자 뿌린 일당 8명 재판행,"이른바 '주식 <b>리딩방</b>'에 올라온 솔깃한 광고를 보고 투자사기 일당의 덫에 걸리고 만다. '1:1 맞춤 컨설팅... 정씨는 처음엔 단순한 <b>스팸</b> 문자라고 생각하고 이를 무시했는데, 연락이 계속해서 오자 호기심에 투자를... ",https://n.news.naver.com/mnews/article/001/0014048739?sid=102,"Thu, 06 Jul 2023 11:29:00 +0900"
“○○○님 입장해주세요” 매일 쏟아지는 <b>리딩방 스팸</b>문자,"사회복지사인 B씨는 &quot;직업 특성상 휴대폰 연락이 중요한데, 시시때때로 울리는 <b>스팸</b> 문자로 일상 생활이 불편할 지경이다&quot; 불법 '주식 <b>리딩방</b>' 가입을 권유하는 <b>스팸</b> 문자가 날로 기승을 부리고 있다. 개인 정보 유출... ",https://n.news.naver.com/mnews/article/087/0000979865?sid=102,"Thu, 29 Jun 2023 00:03:00 +0900"
개미들 유혹하는 '무료 급등주·100% 상승'…&quot;아직도 믿으세요?&quot;,"혹시나 하는 마음에 '주식 <b>리딩방</b>'(오픈 채팅방, <b>스팸</b> 메시지 등을 통해 유료 회원 가입을 유도한 뒤 투자 정보를 제공하는 방식) 운영자들이 보낸 문자로 카카오톡 오픈 채팅방에 접속하는 개인 투자자분들이 적지... ",https://n.news.naver.com/mnews/article/374/0000337883?sid=101,"Wed, 31 May 2023 11:13:00 +0900"
‘100% 수익’ ‘급등 종목 적중’… 유사 투자자문광고 주의하세요,"영업 방식이 온라인 중심으로 변화하며 ‘주식 <b>리딩방</b>’(오픈 채팅방, <b>스팸</b> 메시지 등을 통해 유료 회원 가입을 유도한 뒤 투자 정보를 제공하는 방식)을 활용해 소비자들에게 접근하는 사례가 늘고 있다.... ",https://n.news.naver.com/mnews/article/020/0003499588?sid=101,"Thu, 25 May 2023 03:06:00 +0900"
"불법 주식 <b>리딩방</b> 판치는데…금감원, 쉽게 손 못 대는 이유",금감원 관계자는 “주로 들어오는 불법 <b>리딩방</b> 관련 제보는 영업 문자 등 단순 <b>스팸</b> 연락에 대한 불만이 많다”며 “본인의 진입 시점 대비 주가가 떨어진 종목에 대해 별다른 근거 없이 주가 조작 주장을 제기하는 경우도... ,https://n.news.naver.com/mnews/article/015/0004845777?sid=101,"Wed, 17 May 2023 17:57:00 +0900"
“선착순 1분만 초대합니다” 대한민국은 <b>스팸</b> 공화국?,주식 투자 <b>스팸</b>은 주식 정보를 준다면서 주식 <b>리딩방</b>을 홍보한다. 이러한 <b>스팸</b> 문자들은 최근 사회적 이슈로 떠오른 된 주가 조작과도 연관이 있는 것으로 나타났다. <b>스팸</b> 문자에 언급된 종목들의 주가가 급등하는... ,https://n.news.naver.com/mnews/article/050/0000065576?sid=101,"Wed, 17 May 2023 06:02:00 +0900"
"SG 사태에도 기승 부리는 주식 <b>리딩방</b> 들어가보니... “주가조작, 지금...",서울에 사는 30대 김모씨는 “주가조작으로 시끄러운데 사칭성까지 포함해 고수익 보장한다는 <b>스팸</b>문자가 매일 2~3통 이상 온다”고 언급했다. 그는 “주식 <b>리딩방</b>으로 실제 피해 사례도 적지 않은데 정부가 피해 예방에... ,https://n.news.naver.com/mnews/article/366/0000900541?sid=102,"Thu, 11 May 2023 06:01:00 +0900"
“낯선 이가 내돈을 불려주지 않는다” [자본시장 속으로],"<b>리딩방</b> 같은 곳, ‘내가 투자로 많은 돈을 벌었으니 당신도 벌게 해주겠다’는 SNS나 사이트에 가입했다면 당장 끊기 바란다. 하루에 수십 개씩 날아오는 정체불명의 문자메시지도 모두 무시하고 <b>스팸</b> 처리해야 한다.... ",https://www.etoday.co.kr/news/view/2247988,"Thu, 11 May 2023 05:02:00 +0900"
&quot;해외 선물에 투자하세요&quot;…가짜 HTS로 수백억 챙긴 일당 검거,A씨 등은 가짜 HTS 프로그램을 기반으로 한 투자 <b>리딩방</b>을 운영해 2021년 1월부터 올해 3월까지 총 107명으로부터 255억원을 챙긴 혐의를 받는다. 이들은 <b>스팸</b>문자·전화를 이용한 텔레마케팅으로 &quot;진입 절차가 까다롭고... ,https://n.news.naver.com/mnews/article/079/0003765994?sid=102,"Wed, 03 May 2023 11:17:00 +0900"
“제가 보낸 문자 아닌데요”…누군가 내 번호를 도용했다,"■ 나도 몰래 '<b>리딩방</b>·택배·청첩장' 문자 이런 전화를 하루에도 몇 차례씩 받았던 김 씨. 이게 도대체... 인터넷으로 발송되는 대량 문자의 경우 발신 번호를 임의로 바꿀 수 있어, 앞서 김 씨와 A 씨 사례처럼 <b>스팸</b>... ",https://n.news.naver.com/mnews/article/056/0011461848?sid=102,"Sun, 09 Apr 2023 10:00:00 +0900"
[금융 IS리포트] &quot;매일 300만원 수익&quot; 투자 <b>리딩방</b> 주의…피해 구제는,"금융소비자가 받는 <b>스팸</b> 문자의 대부분은 '주식 <b>리딩방</b>'을 광고하는 내용이다. &quot;저희 방은 한 달 평균 120% 이상 하루 35만원 이상 수익 창출되는 곳이다&quot; &quot;해외선물 VIP 정보방, 차트·매매법 타점 공개&quot; &quot;안전한 단타거래... ",https://n.news.naver.com/mnews/article/241/0003267173?sid=101,"Wed, 05 Apr 2023 07:01:00 +0900"
기자 사칭한 카톡 '투자<b>리딩방</b>' 초대 메시지 기승,언론사 기자를 사칭한 사기성 <b>스팸</b>문자가 기승을 부리고 있다. 기자를 사칭해 투자 정보를 전하고... 일명 '투자<b>리딩방</b> 사기'다. 이러한 사기 행각은 2020년 초반 주식·코인 열풍에 편승해 급속도로 퍼져나갔다. 연합뉴스... ,http://www.mediaus.co.kr/news/articleView.html?idxno=304438,"Tue, 04 Apr 2023 12:40:00 +0900"
유자투자자문서비스 피해보상 주의해야,"소비자상담센터, 금융감독원 등의 기관을 사칭한 유사투자자문서비스(속칭 ‘주식<b>리딩방</b>’) 피해보상 안내... 불법<b>스팸</b>대응센터(국번 없이 118번)에도 신고해야 한다. 유사투자자문업체 관련 소비자 피해 상담은... ",https://www.jjan.kr/article/20230327580186,"Mon, 27 Mar 2023 19:10:00 +0900"
“삼전 주식 드려요” 주식투자 <b>스팸</b> 문자에 골머리[김윤주의 금은동],주식투자 <b>스팸</b> 문자는 ‘주식 <b>리딩방</b>’을 광고하는 내용이 대부분이다. 이 같은 문자를 받은 사람들이 할 수 있는 것은 <b>스팸</b> 문자에 자주 등장하는 단어 ‘주식·대박·전문가·약속·개미·급등’ 등의 문구를 메시지 차단... ,https://n.news.naver.com/mnews/article/243/0000042194?sid=101,"Thu, 23 Mar 2023 15:49:00 +0900"
&quot;카톡 <b>리딩방</b> 들어갔더니 <b>스팸</b>폭탄&quot;…텔레그램 떠도는 개인정보,"그래픽=쿠키뉴스 DB “하루에 주식 권유 전화는 5번 이상, <b>스팸</b> 문자는 20개 이상 와요. 번호를 바꾸고 싶어도 오래 쓴 번호라서 힘들어요. <b>리딩방</b> 들어갔던 게 너무 후회돼요” 최모(31)씨는 지난해 9월 165만원을 내고 한... ",http://www.kukinews.com/newsView/kuk202303170156,"Sat, 18 Mar 2023 06:04:00 +0900"
&quot;카톡 익명채팅방 DB 추출&quot; 주장…불안감 부추긴 '떴다방' 불법업체,개인정보가 '주식 <b>리딩방</b>' 등과 같은 불법적 투자 홍보 수단으로 활용될 우려가 있다는 것. 예컨대 오픈채팅방에 사용자들에게 불법 <b>스팸</b> 메시지 또는 전화를 걸어 미공개 정보를 제시하며 이용료 등을 요구하는... ,https://n.news.naver.com/mnews/article/015/0004820330?sid=105,"Mon, 13 Mar 2023 21:02:00 +0900"
[단독]카톡 '오픈채팅' 보안 구멍 뚫렸다,오픈채팅방 가입자는 특정 분야에 관심이 높아 <b>리딩방</b> 사기 대상으로 안성맞춤이다. 개인정보가 유출된 이용자들은 실명을 언급한 피싱 전화를 받거나 수십통 <b>스팸</b> 문자에 시달리고 있다. 법인 휴대폰 번호가 유출돼... ,https://n.news.naver.com/mnews/article/030/0003083631?sid=101,"Sun, 12 Mar 2023 10:45:00 +0900"
"한국소비자원, 소비자원 사칭 유사투자자문서비스 피해보상 연락 주의 ...","자료=소비자원 한국소비자원은 최근 소비자원 등 정부기관을 사칭한 유사투자자문서비스(속칭 '주식<b>리딩방</b>... 경찰청 사이버수사국에 즉시 신고하고, 피해 확산 방지를 위해 불법<b>스팸</b>대응센터에도 신고할 것을 당부했다.",http://www.dailypop.kr/news/articleView.html?idxno=67159,"Thu, 02 Mar 2023 14:32:00 +0900"
“소비자원 김과장입니다”… 정부 사칭 피싱문자 급증,–한국소비자원 피해구제1팀 김○○ 과장” 이처럼 정부기관을 사칭해 ‘주식<b>리딩방</b>’으로 불리는 유사... 추가 피해가 발생한 경우 경찰청 사이버수사국(국번 없이 182번)이나 불법<b>스팸</b>대응센터(국번 없이 118번)에... ,https://n.news.naver.com/mnews/article/023/0003748727?sid=101,"Mon, 27 Feb 2023 22:55:00 +0900"
한국소비자원 사칭 '주식<b>리딩방</b>' 피해보상 연락 주의,"한국소비자원(원장 장덕진)이 최근 소비자원 등 정부기관을 사칭한 유사투자자문서비스(속칭 '주식<b>리딩방</b>... 182번)에 즉시 신고하고, 피해 확산 방지를 위해 불법<b>스팸</b>대응센터(국번 없이 118번)에도 신고할 것을 당부했다.",http://www.consumuch.com/news/articleView.html?idxno=59182,"Mon, 27 Feb 2023 19:36:00 +0900"
소비자원 “정부기관 사칭 주식<b>리딩방</b> 피해보상 사기연락 주의”,"주식<b>리딩방</b>) 피해 보상 안내로 인한 소비자피해가 지속 발생하고 있어 각별한 주의가 필요하다. 문자나... kr, 국번 없이 182번)에 즉시 신고하고, 피해 확산 방지를 위해 불법<b>스팸</b>대응센터(spam.kisa.or.kr, 국번 없이 118번)... ",https://idsn.co.kr/news/view/1065599523749516,"Mon, 27 Feb 2023 16:54:00 +0900"
'주식<b>리딩방</b> 문자' 주의보에 &quot;청년 영끌족 지원 반대&quot; [사자경제],"주식<b>리딩방</b> 이용 경험이 있는 소비자에게 전화와 문자메시지가 보내진 것으로 확인됐습니다. 특히 안내... 그러면서 추가 피해가 발생하면 경찰청 사이버수사국(ecrm.police.go.kr, 국번 없이 182번)과 불법<b>스팸</b>대응센터(spam.... ",http://www.newswell.co.kr/news/articleView.html?idxno=7896,"Mon, 27 Feb 2023 16:14:00 +0900"
&quot;정부 기관 사칭 주식<b>리딩방</b> 피해보상 안내 문자에 속지 마세요&quot;,정부기관을 사칭해 이른바 '주식<b>리딩방</b>'에 당한 피해 보상을 도와주겠다는 안내문자에 대한 주의보가... 소비자원은 피해가 발생한 경우 경찰청 사이버수사국이나 불법<b>스팸</b>대응센터에 신고할 것을 당부했다.,http://www.seouleconews.com/news/articleView.html?idxno=70859,"Mon, 27 Feb 2023 15:34:00 +0900"
한국소비자원 사칭 유사투자자문서비스 피해보상 연락 주의,"주식<b>리딩방</b>) 피해보상 안내 문자 또는 전화를 받았다는 상담이 지속적으로 접수됨에 따라 소비자들에게... kr, 국번없이 182번)에 즉시 신고하고 피해 확산방지를 위해 불법<b>스팸</b>대응센터(spam.kisa.or.kr, 국번없이 118번)에도... ",https://www.ccdailynews.com/news/articleView.html?idxno=2188760,"Mon, 27 Feb 2023 14:36:00 +0900"
"소비자원, 정부기관 사칭 '주식<b>리딩방</b> 피해보상' 주의","금융 투자 권유 등을 하지 않는다고 강조했다. 관련 추가 피해가 발생한 경우 경찰청 사이버수사국(국번 없이 182번)에 즉시 신고하고, 피해 확산 방지를 위해 불법<b>스팸</b>대응센터(국번 없이 118번)에도 신고해야 한다.",http://www.newsian.co.kr/news/articleView.html?idxno=59109,"Mon, 27 Feb 2023 14:34:00 +0900"
소비자원 “정부기관 사칭 주식<b>리딩방</b> 피해보상 연락에 속지 마세요”,"주식 <b>리딩방</b>에서 입은 피해를 보상해 준다는 안내를 받을 경우, 직접 대응하지 말고 경찰 등에 신고할 것이... 경찰청 사이버수사국에 즉시 신고하고, 피해 확산 방지를 위해 불법<b>스팸</b>대응센터에도 신고할 것이 당부된다.",https://mdtoday.co.kr/news/view/1065588319612015,"Mon, 27 Feb 2023 14:26:00 +0900"
정부기관 사칭 주식<b>리딩방</b> 피해보상 안내문자 '주의보',이 같이 정부기관을 사칭해 '주식<b>리딩방</b>'으로 불리는 유사투자자문서비스 피해보상을 도와준다는... 추가 피해가 발생한 경우 경찰청 사이버수사국이나 불법<b>스팸</b>대응센터에 신고해야 한다고 소비자원은 권고했다.,http://www.newsfc.co.kr/news/articleView.html?idxno=57134,"Mon, 27 Feb 2023 12:08:00 +0900"
소비자원 “정부기관 사칭 주식<b>리딩방</b> 피해보상 연락 주의”,한국소비자원 정부기관을 사칭해 유사투자자문서비스(속칭 주식<b>리딩방</b>) 피해보상을 도와준다는 안내문자가... 소비자원은 피해가 발생한 경우 경찰청 사이버수사국이나 불법<b>스팸</b>대응센터에 신고할 것을 당부했다.,http://www.kukinews.com/newsView/kuk202302270048,"Mon, 27 Feb 2023 11:26:00 +0900"
소비자원 “정부 기관 사칭 주식<b>리딩방</b> 피해보상 안내 문자 속지 마세요...,"한국소비자원은 최근 소비자원 등 정부기관을 사칭한 유사 투자자문 서비스(주식<b>리딩방</b>) 피해보상 안내... 없이 182번)에 즉시 신고하고, 피해 확산 방지를 위해 불법<b>스팸</b>대응센터(국번 없이 118번)에도 신고할 것을 당부했다.",https://n.news.naver.com/mnews/article/366/0000880898?sid=101,"Mon, 27 Feb 2023 10:37:00 +0900"
‘소비자원 김 과장이라기에 믿었는데…’ 주식<b>리딩방</b> 피해보상 연락 주...,"한국소비자원(소비자원)은 최근 소비자원 등 정부기관을 사칭한 유사투자자문서비스, 이른바 ‘주식 <b>리딩방</b>... 만약 관련 피해를 입었다면 경찰청 사이버수사국에 즉시 신고하고 피해 확산 방지를 위해 불법<b>스팸</b>대응센터... ",https://ilyo.co.kr/?ac=article_view&entry_id=447716,"Mon, 27 Feb 2023 10:16:00 +0900"
'주식<b>리딩방</b> 손실보상' 미끼 금전 갈취 피해사례 속출,"일명 '주식<b>리딩방</b>' 피해 사례가 속출하고 있다. 27일 한국소비자원에 따르면 올 1~2월 15일까지 주식<b>리딩방</b>... kr, 국번 없이 182번)에 즉시 신고하고, 피해 확산 방지를 위해 불법<b>스팸</b>대응센터(spam.kisa.or.kr, 국번 없이 118번)에... ",https://www.newstree.kr/newsView/ntr202302270003,"Mon, 27 Feb 2023 10:12:00 +0900"
&quot;정부기관 사칭 주식<b>리딩방</b> 피해보상 안내문자 주의하세요&quot;,"정부기관을 사칭해 유사투자자문서비스, 이른바 '주식<b>리딩방</b>' 피해를 보상해 준다며 접근한 뒤 입금을... 또 추가 피해가 발생한 경우 경찰청 사이버수사국이나 불법<b>스팸</b>대응센터로 신고할 것을 당부했다.",https://n.news.naver.com/mnews/article/088/0000800660?sid=004,"Mon, 27 Feb 2023 10:12:00 +0900"
&quot;주식 피해보상 원하시나요&quot;…사람 홀리는 '정부기관 사칭' 안내문자,"최근 '주식<b>리딩방</b>'으로 불리는 유사투자자문서비스의 피해보상을 도와준다며, 정부기관을 사칭해... 않아야 한다&quot;며 &quot;추가 피해가 발생한 경우 경찰청 사이버수사국이나 불법<b>스팸</b>대응센터에 신고하면 된다&quot;고 덧붙였습니다.",https://n.news.naver.com/mnews/article/057/0001725210?sid=102,"Mon, 27 Feb 2023 09:56:00 +0900"
정부기관 사칭 '주식<b>리딩방</b>' 피해 확산…주의 당부,최근 소비자원 등 정부 기관을 사칭한 '주식<b>리딩방</b>'으로 불리는 유사투자자문서비스 피해보상 안내 문자... 시 경찰청 사이버수사국(국번 없이 182번)과 불법<b>스팸</b>대응센터(국번 없이 118번)에 신고할 것을 당부했다. minibab35@,https://www.newsway.co.kr/news/view?tp=1&ud=2023022709534680989,"Mon, 27 Feb 2023 09:56:00 +0900"
소비자원 &quot;정부기관 사칭 주식<b>리딩방</b> 피해보상 안내문자 주의하세요&quot;,소비자원 &quot;정부기관 사칭 주식<b>리딩방</b> 피해보상 안내문자 주의하세요&quot; 한국소비자원은 27일 정부기관을... 추가 피해가 발생한 경우 경찰청 사이버수사국이나 불법<b>스팸</b>대응센터에 신고해야 한다고 소비자원은 덧붙였다.... ,https://www.viva100.com/main/view.php?key=20230227010007795,"Mon, 27 Feb 2023 09:26:00 +0900"
&quot;피해보상 해드릴께요&quot;...정부기관 사칭 ‘주식<b>리딩방</b> 피해보상’ 주의,한국소비자원(이하 '소비자원')은 최근 정부기관을 사칭한 유사투자자문서비스(주식<b>리딩방</b>) 피해보상 안내... 추가 피해가 발생한 경우 경찰청 사이버수사국이나 불법<b>스팸</b>대응센터에 신고해야 한다고 소비자원은... ,https://www.youthdaily.co.kr/news/article.html?no=122524,"Mon, 27 Feb 2023 08:58:00 +0900"
&quot;투자 손실 보상 돕겠다&quot; 정부기관 사칭 주식<b>리딩방</b> 피해 확산,"최근 정부기관을 사칭해 '주식<b>리딩방</b>'으로 불리는 유사투자자문서비스 피해보상을 도와준다는 안내... 추가 피해 발생 시 경찰청 사이버수사국(ecrm.police.go.kr, 국번 없이 182번)과 불법<b>스팸</b>대응센터(spam.kisa.or.kr, 국번... ",https://n.news.naver.com/mnews/article/437/0000333604?sid=101,"Mon, 27 Feb 2023 08:43:00 +0900"
&quot;정부기관 사칭 주식<b>리딩방</b> 피해보상 안내문자 조심하세요&quot;,"소비자원, 주의보 발령 정부기관을 사칭해 '주식<b>리딩방</b>'으로 불리는 유사 투자자문서비스 피해 보상을... 추가 피해가 발생한 경우 경찰청 사이버수사국이나 불법<b>스팸</b>대응센터에 신고해야 한다고 소비자원은 덧붙였다.",https://n.news.naver.com/mnews/article/029/0002786303?sid=101,"Mon, 27 Feb 2023 08:31:00 +0900"
&quot;피해보상 해드릴께요&quot;…정부기관 사칭 주식<b>리딩방</b> 문자 '주의',한국소비자원은 최근 정부기관을 사칭한 유사투자자문서비스(주식<b>리딩방</b>) 피해보상 안내 문자 또는 전화를... 불법<b>스팸</b>대응센터(국번 없이 118번)에도 신고하는 것이 좋다. 소비자원은 &quot;유사투자자문서비스 피해보상 안내... ,https://n.news.naver.com/mnews/article/421/0006652890?sid=101,"Mon, 27 Feb 2023 08:17:00 +0900"
정부기관 사칭 ‘주식<b>리딩방</b> 피해보상’ 주의보,정부기관을 사칭해 유사투자자문서비스(속칭 주식<b>리딩방</b>) 피해보상을 도와준다는 안내문자 주의보가... 소비자원은 피해가 발생한 경우 경찰청 사이버수사국이나 불법<b>스팸</b>대응센터에 신고할 것을 당부했다.,https://n.news.naver.com/mnews/article/032/0003207541?sid=101,"Mon, 27 Feb 2023 08:07:00 +0900"
&quot;정부기관 사칭 ‘주식 <b>리딩방</b>’ 피해보상 연락 주의하세요&quot;,"정부기관을 사칭한 유사투자자문서비스(속칭 ‘주식 <b>리딩방</b>’) 피해보상 안내 문자 또는 전화를 받았다는... 소비자원은 추가 피해가 발생한 경우 경찰청 사이버수사국(ecrm.police.go.kr, 국번 없이 182번)이나 불법<b>스팸</b>대... ",https://n.news.naver.com/mnews/article/082/0001199867?sid=101,"Mon, 27 Feb 2023 07:49:00 +0900"
&quot;정부기관 사칭 주식<b>리딩방</b> 피해 확산…주의 필요&quot;,정부기관을 사칭해 '주식<b>리딩방</b>'으로 불리는 유사투자자문서비스 피해보상을 도와준다는 안내문자에 주의가... 추가 피해가 발생한 경우 경찰청 사이버수사국이나 불법<b>스팸</b>대응센터에 신고해야 한다고 소비자원은... ,https://n.news.naver.com/mnews/article/374/0000324556?sid=103,"Mon, 27 Feb 2023 07:04:00 +0900"
&quot;투자 손실 보상 도와드릴게요&quot;...정부기관 사칭 문자 주의,"‘주식<b>리딩방</b>’ 등으로 불리기도 한다. 소비자원은 유사투자자문서비스 이용 경험 소비자를 상대로... 시 '경찰청 사이버수사국'에 즉시 신고하고, 피해 확산을 막기 위해 '불법<b>스팸</b>대응센터'에도 신고해달라&quot;고 말했다.",https://n.news.naver.com/mnews/article/666/0000004760?sid=101,"Mon, 27 Feb 2023 06:02:00 +0900"
소비자원 “정부기관 사칭 유사투자자문서비스 피해보상 연락...주의”...,주의” 당부 한국소비자원은 최근 소비자원 등 정부기관을 사칭한 유사투자자문서비스(속칭 ‘주식<b>리딩방</b>’... 불법<b>스팸</b>대응센터에도 신고할 것을 당부했다. 한국소비자원 직원 사칭 위조 명함 및 문자메시지 예시. (자료... ,https://www.viva100.com/main/view.php?key=20230226010007655,"Mon, 27 Feb 2023 06:02:00 +0900"
&quot;정부기관 사칭 주식<b>리딩방</b> 피해보상 안내문자 주의하세요&quot;,정부기관을 사칭해 '주식<b>리딩방</b>'으로 불리는 유사투자자문서비스 피해보상을 도와준다는 안내문자에 주의가... 추가 피해가 발생한 경우 경찰청 사이버수사국이나 불법<b>스팸</b>대응센터에 신고해야 한다고 소비자원은... ,https://n.news.naver.com/mnews/article/001/0013780481?sid=101,"Mon, 27 Feb 2023 06:00:00 +0900"
정부기관 사칭 ‘주식<b>리딩방</b> 피해보상 안내’ 주의해야,"한국소비자원은 최근 소비자원 등 정부 기관을 사칭한 유사투자자문서비스(속칭 '주식<b>리딩방</b>') 피해보상... police.go.kr, 국번 없이 182번)과 불법<b>스팸</b>대응센터(spam.kisa.or.kr, 국번 없이 118번)에 신고할 것을 당부했습니다.",https://n.news.naver.com/mnews/article/056/0011435475?sid=101,"Mon, 27 Feb 2023 06:00:00 +0900"
증시침체에도 '주가 쓰나미' 경보…10곳 중 1곳은 제약바이오,"<b>스팸</b> 문자정보는 유사투자자문업체, <b>리딩방</b> 등이 각종 SNS 등을 이용해 활용하는 신종 불공정거래 활동이다. 이는 투기 세력들이 확인되지 않는 정보를 바탕으로 작전주라는 등 투기를 부추기고 개인 투자자들로부터... ",http://www.medicopharma.co.kr/news/articleView.html?idxno=60071,"Wed, 08 Feb 2023 07:48:00 +0900"
[기자의눈] &quot;지금 안 들어오면 거지된다&quot;는 광고,내집마련이 어려운 20~30대들을 겨냥해 주식과 코인으로 끌어들이려 한다.최근 문제가 되고 있는 주식 <b>리딩방</b>의 <b>스팸</b> 문자들은 심각한 수준이다. &quot;지금이 바로 '기회'입니다. 꾸준히 상승 가능한 종목으로 저점 매수 후 가치... ,https://www.asiatoday.co.kr/view.php?key=20230124010011408,"Tue, 24 Jan 2023 15:32:00 +0900"
주식 권유 <b>스팸</b> 문자 잘못보냈다가는 3천만원 과태료 내야,"https://vo.la/83Mpmh, 무료거부 0801364481&quot; 시도 때도 없이 핸드폰을 울리며 귀찮게 꼽히는 <b>스팸</b> 문자. 위 문자... 금융위원회는 18일 불특정 다수에게 주식 등 금융투자상품에 대한 투자 조언을 하는 '주식<b>리딩방</b>' 등 유사... ",https://www.newsquest.co.kr/news/articleView.html?idxno=203095,"Wed, 18 Jan 2023 10:50:00 +0900"
당신에게 날아온 <b>스팸</b>문자와 이통사의 탐욕,<b>스팸</b>문자는 주식 <b>리딩방</b>ㆍ코인ㆍ비상장주식 사기에도 쓰인다. 2020년 이후 국내에 불어온 주식투자 열풍에 올라탄 <b>스팸</b>문자가 사이버피싱이 확산하는 데 일조했다는 거다.[※참고: 사이버피싱은 가상을 의미하는... ,https://n.news.naver.com/mnews/article/665/0000000268?sid=101,"Sat, 07 Jan 2023 10:27:00 +0900"
"에이트원, ‘꼼수’ 리픽싱에 CB 쏟아내는 투자조합…세력 개입 의혹도",이에 일각에선 주식 <b>리딩방</b> 등 특정세력이 개입했을 수 있다는 주장까지 제기된다. 17일 발송된 에이트원 종목추천 문자.(사진=박준형기자) 실제 에이트원은 한국거래소로부터 ‘<b>스팸</b>관여과다종목’으로 지난 18일과... ,http://www.newstomato.com/ReadNews.aspx?no=1164228&inflow=N,"Fri, 02 Dec 2022 16:26:00 +0900"
[<b>리딩방</b>의 유혹] ②<b>리딩방</b> 들어가서 투자해보니… 하루 투자 수익률 -3%,"91%&lt;진행중&gt;’ 지난 27일, 기자는 다양한 기호를 삽입해 <b>스팸</b> 방지 기능으로 걸러지지 않은 문자 한통을 받았다. 증시가 하락해도 주식에 투자해 돈을 벌 수 있는 방법을 알려준다는 이른바 주식 <b>리딩방</b> 광고 메시지였다.... ",https://n.news.naver.com/mnews/article/366/0000859005?sid=101,"Thu, 01 Dec 2022 06:01:00 +0900"
&quot;돈 벌 기회 콕콕&quot;…이태원 참사 와중에 테마주 공개해 비판,이른바 '불법 <b>리딩방</b>'으로 여겨지는 조직은 단체 <b>스팸</b> 문자를 통해 이태원 참사 관련주를 공개하니 서둘러 입장하라는 문자를 보내기도 해 비난이 쏠렸다. 이들은 이태원 사고 이후 일부 제품 수요가 늘 것이어서 해당... ,https://n.news.naver.com/mnews/article/009/0005038181?sid=102,"Mon, 31 Oct 2022 13:30:00 +0900"
[이태원 참사]대참사 와중에…'이태원 관련주' 찾는 사람들,익일 공개하겠습니다.&quot; 인터넷 커뮤니티 이용자 A씨는 이태원 참사가 벌어진 다음날 이 같은 내용을 담은 주식 <b>리딩방 스팸</b> 메시지를 받았다. 유사 투자자문업체가 불특정 다수를 대상으로 보낸 것으로 추정되는 이... ,https://n.news.naver.com/mnews/article/277/0005169828?sid=101,"Mon, 31 Oct 2022 10:35:00 +0900"
이태원 참사 속 ‘관련주’ 찾은 전문가…네티즌들은 ‘의견 분분’,네티즌들이 받았다는 주식 <b>리딩방 스팸</b> 문자. [사진=온라인 커뮤니티] 또 일부 네티즌들은 이른바 ‘불법 리딩방’으로 여겨지는 조직이 단체 스팸 문자를 통해 참사 관련주를 공개한다면서 홍보하는 문자를 받았다는... ,https://www.news2day.co.kr/article/20221031500017,"Mon, 31 Oct 2022 07:22:00 +0900"
차단해도 또 오는 주식 리딩 문자…원천 차단 방법은?,주식 <b>리딩방</b> 업체 역시 함께 느는 추세다. 업체들은 오픈 채팅방을 통해 일정 인원에게 특정 종목 매매를... 서울 용산구에 거주하는 이모씨(39)는 &quot;하루에 최소 3건 이상의 주식 리딩 <b>스팸</b> 문자 메시지를 받는다&quot;라며 &quot;문자... ,http://www.wolyo.co.kr/news/articleView.html?idxno=213866,"Thu, 27 Oct 2022 11:14:00 +0900"
"플랫폼 인터넷의 몰락, 암호화폐가 대체한다 [한경 코알라]",주식 <b>리딩방</b> 광고를 도배하고 나가기 일수다. 참다참다 못해 참여코드를 설정해 놓긴 하지만 주기적으로 바꿔주지 않으면 어떻게 알았는지 또 들어와서 광고로 채팅창을 도배한다. 자동화된 알고리즘 봇으로 <b>스팸</b>성 광고... ,https://n.news.naver.com/mnews/article/015/0004761017?sid=101,"Wed, 12 Oct 2022 08:49:00 +0900"
"주린이 낚는 불법 <b>리딩방</b> 줄어들까… 금감원, 126개 유사투자자문 직권...",이에 주식투자 <b>리딩방</b> 등의 <b>스팸</b>이 조금이나마 줄어들지 관심이다. 금감원은 올해 중 부적격 유사투자자문업자의 직권말소 사항을 17일 밝혔다. 이에 따르면 금감원은 올해 총 126개 부적격 업체의 신고사항을... ,http://www.seoulwire.com/news/articleView.html?idxno=478013,"Thu, 18 Aug 2022 09:00:00 +0900"
[르포] &quot;월 2000~3000만원 수입은 기본&quot;…불법 TM조직 만나보니,"불법 TM조직은 비상장 주식뿐만 아니라 주식, <b>리딩방</b>, 재테크, 코인 등 돈이 되는 곳이라면 어디라도 뻗어갈... 중간에 카카오톡 계정이 정지되거나 해당 번호가 <b>스팸</b> 신고를 당했을 때도 유심을 교체해야 한다. 이... ",http://www.newspim.com/news/view/20220808000002,"Mon, 08 Aug 2022 08:00:00 +0900"
‘억대 사기’ 베일 속 신라투자그룹 정체,"특히 주식<b>리딩방</b>은 불특정다수에게 오픈채팅방, <b>스팸</b> 메시지 등을 통해 무료로 주식 종목을 추천하고, 유료회원 가입 시 비공개 채팅방으로 초대한다. 주식<b>리딩방</b>은 불법 유사 투자자문 행위가 발생하는 SNS... ",https://www.ilyosisa.co.kr/news/article.html?no=235718,"Thu, 21 Jul 2022 11:44:00 +0900"
[금융사건 해결사➊] 수익률에 혹하는 순간 '<b>리딩방</b>'이 열렸다,다름 아닌 <b>리딩방</b>의 광고 문자였다. 평소라면 <b>스팸</b>문자라고 치부했겠지만 그날은 달랐다. 마이너스로 점철된 투자인생이 어쩌면 달라질지 모른다는 기대가 생겼다. 그렇게 영민은 무엇에 홀린 듯 문자에 첨부된 URL을... ,https://www.thescoop.co.kr/news/articleView.html?idxno=54679,"Wed, 29 Jun 2022 11:36:00 +0900"
투자자 개인정보 헐값 거래 만연...&quot;1명당 30원에 팝니다&quot;,"금감원의 경고에도 주식<b>리딩방</b>은 여전히 활개치고 있으며 불법투자를 안내하는 <b>스팸</b>, 인터넷 사이트 등도 횡횡하고 있다. 가상자산 투자에 관심이 높은 젊은 세대를 겨냥한 유사한 <b>리딩방</b>이나 투자 안내도 많다. 여기에... ",http://www.digitaltoday.co.kr/news/articleView.html?idxno=446458,"Mon, 23 May 2022 07:36:00 +0900"
"대구지검, '<b>리딩방</b>' 투자 권유 14명 구속기소",대구지검 강력범죄형사부(박혜영 부장검사)는 일명 '<b>리딩방</b>'이라고 불리는 특정 사이트 채팅으로 79억원을 가로챈 혐의(사기)로 A씨 등 14명을 구속기소했다. A씨 등은 지난해 3월부터 올해 4월 사이 불특정 다수에게 <b>스팸</b>... ,https://www.idaegu.co.kr/news/articleView.html?idxno=382569,"Wed, 18 May 2022 21:44:00 +0900"
고수익 투자 사기 조직 14명 구속기소,불특정 다수에게 일명 '<b>리딩방</b>' 링크가 포함된 <b>스팸</b> 문자를 발송한 뒤 피해자가링크를 통해 채팅방에 들어오면 속칭 '바람잡이'역할을 맡은 조직원들이 고수익 인증샷을 올리는 형식으로 범행했다. 가짜 수익 인증샷에... ,http://www.kbmaeil.com/news/articleView.html?idxno=929634,"Wed, 18 May 2022 20:28:00 +0900"
&quot;가입하면 고수익 보장&quot; <b>리딩방</b> 사기조직 덜미,"조사 결과 이들은 총책, 관리자, 홍보팀, 상담팀, 현금 인출팀 등으로 역할을 분담해 불특정 다수에게 일명 '<b>리딩방</b>' 링크가 포함된 <b>스팸</b> 문자를 발송한 뒤 피해자가 링크를 통해 채팅방에 들어오면 가짜 고수익 인증샷을... ",http://www.hidomin.com/news/articleView.html?idxno=484416,"Wed, 18 May 2022 19:00:00 +0900"
"대구지검, SNS 이용 투자 사기 유도한 14명 구속기소",수십만명의 휴대전화 번호로 카카오톡 등 SNS 채팅방 소위 '<b>리딩방</b>' 링크가 포함된 <b>스팸</b> 문자메시지를 발송하고 피해자가 클릭해 채팅방에 참여하면 바람잡이 조직원들은 고수익 인증사진 등을 게시한 것으로 드러났다.... ,https://n.news.naver.com/mnews/article/003/0011193411?sid=102,"Wed, 18 May 2022 16:52:00 +0900"
"檢, 가짜 웹사이트 만들어 79억 챙긴 투자 사기 일당 14명 구속기소",이들은 불특정 다수에게 일명 '<b>리딩방</b>' 링크가 포함된 <b>스팸</b> 문자를 발송한 뒤 피해자가 링크를 통해 채팅방에 들어오면 속칭 '바람잡이' 역할을 맡은 조직원들이 고수익 인증샷을 올리는 수법으로 범행했다. 조작한 가짜... ,https://n.news.naver.com/mnews/article/022/0003696964?sid=102,"Wed, 18 May 2022 16:43:00 +0900"
"검찰, SNS 이용 투자 사기범 14명 구속기소","수십 만 명의 전화번호로 소위 '<b>리딩방</b>' 링크가 포함된 <b>스팸</b> 문자메시지를 보내면, 피해자가 이 링크를 클릭해 채팅방에 참여하는 방식으로 이뤄졌다. 다음 단계로 '바람잡이' 조직원들이 '고수익 인증샷' 등을... ",https://www.yeongnam.com/web/view.php?key=20220518010002306,"Wed, 18 May 2022 16:00:00 +0900"
가짜 웹사이트 만들어 79억원 사기친 14명 구속 기소,이들은 유망한 투자처를 알려주는 '<b>리딩방</b>' 링크가 포함된 <b>스팸</b> 문자메시지를 수십만명에게 보낸 후 피해자가 채팅방에 참여하면 '바람잡이' 조직원이 고수익을 보여주는 '인증샷'을 올렸다. 조작된 인증샷에 속은... ,https://n.news.naver.com/mnews/article/088/0000758687?sid=004,"Wed, 18 May 2022 15:53:00 +0900"
"&quot;가입하면 고수익&quot;…대구지검, <b>리딩방</b> 사기조직 14명 구속기소",불특정 다수에게 일명 '<b>리딩방</b>' 링크가 포함된 <b>스팸</b> 문자를 발송한 뒤 피해자가 링크를 통해 채팅방에 들어오면 속칭 '바람잡이' 역할을 맡은 조직원들이 고수익 인증샷을 올리는 형식으로 범행했다. 가짜 수익 인증샷에... ,https://n.news.naver.com/mnews/article/001/0013187698?sid=102,"Wed, 18 May 2022 15:37:00 +0900"
불법 가상자산거래소 판친다,이들은 텔레그램 등에서 확보한 데이터베이스(DB)를 통해 무작위로 <b>스팸</b> 문자를 보낸 뒤 링크를 통해 무료주식 <b>리딩방</b>에 접속하게 된 이용자를 타깃으로 삼아 범행을 개시한다. 개인 상담을 해 준다며 사기거래소를... ,https://n.news.naver.com/mnews/article/030/0003016031?sid=101,"Wed, 11 May 2022 09:16:00 +0900"
증권사·언론까지 '사칭'하는 불법 <b>리딩방</b> 등장,12일 금융투자업계에 따르면 최근 하나금융투자 이기훈 연구원을 사칭한 <b>리딩방</b>이 기승을 부리고 있다. 관련 광고 <b>스팸</b> 문자를 보면 ‘900프로 폭등할 관련주’라는 자극적인 문구를 넣어 투자자들을 현혹시켰다. 해당... ,http://www.newstomato.com/ReadNews.aspx?no=1116749&inflow=N,"Wed, 13 Apr 2022 06:02:00 +0900"
"신시장감시 체계 가동…한국거래소, 주가조작 `엄단` [코스피 1만 도약...",유튜브나 <b>리딩방</b> 등 온라인 매체를 활용하는 사례 등도 새롭게 나타나고 있습니다. 이 중에선 유튜브나... [진동화 / 한국거래소 시장감시본부 시장감시부장 : <b>스팸</b>문자 과다 종목을 투자경고종목 지정요건으로 추가하는... ,https://n.news.naver.com/mnews/article/215/0001024573?sid=101,"Thu, 07 Apr 2022 19:03:00 +0900"
"‘고수익 꿀알바’의 정체, 범죄자로 가는 지름길",먼저 중·고등학생을 대상으로 한 불법 알바는 <b>스팸</b> 문자 발송 알바가 많습니다. ‘휴대전화만 있으면 당일... 최근 소셜미디어에서 기승을 부리는 ‘주식 <b>리딩방</b>’ 알바도 불법입니다. <b>리딩방</b> 알바는 불법 사설... ,https://n.news.naver.com/mnews/article/023/0003681992?sid=102,"Wed, 30 Mar 2022 10:06:00 +0900"
"[종합] 'PD수첩' 수익률 300%라던 <b>리딩방</b>, '신종사기' 밀착 취재…범죄 ...","이혼 후 두 아이를 키우며 살던 이강희 씨는 <b>스팸</b>문자를 통해 '<b>리딩방</b>'을 소개 받게 된다. 이강희 씨는 300%, 400%라는 수익에 관심을 가지게 되고 소액을 투자해 실제 4배의 수익을 받게 된다. 이강희 씨는 &quot;장기 리딩을... ",http://www.topstarnews.net/news/articleView.html?idxno=14681182,"Tue, 29 Mar 2022 23:36:00 +0900"
"'PD수첩' 비트코인을 이용한 수익률 300%, 달콤한 '신종 사기'…&quot;이건 도...","이혼 후 두 아이를 키우며 살던 이강희 씨는 <b>스팸</b>문자를 통해 '<b>리딩방</b>'을 소개 받게 된다. 이강희 씨는 300%, 400%라는 수익에 관심을 가지게 되고 소액을 투자해 실제 4배의 수익을 받게 된다. 이강희 씨는 &quot;장기 리딩을... ",http://www.topstarnews.net/news/articleView.html?idxno=14681174,"Tue, 29 Mar 2022 23:00:00 +0900"
&quot;와 정말 올랐네&quot; 바람잡이까지…불법 판치는 주식<b>리딩방</b> 실태,"즉, 연락처를 도용해 주식<b>리딩방</b> 문자를 보내는 사실이 확인됐다. 강원도에 거주하는 안 아무개 씨는 최근 한국인터넷진흥원으로부터 연락을 받았다. 안 씨가 불법<b>스팸</b> 문자를 전송해 신고가 접수됐으며, 이로 인한... ",https://ilyo.co.kr/?ac=article_view&entry_id=425106,"Thu, 24 Mar 2022 16:52:00 +0900"
거래소 “불공정거래 개연성 높은 한계기업 투자 유의해야”,"유료 주식 <b>리딩방</b> 운영자가 B사의 실적에 대한 미확인 허위 사실을 반복적으로 게시하고 회원들에게 매수를... 유도하고 <b>스팸</b>관여과다종목 대상 투자주의종목 지정, 허위·과장성 게시글 과다종목 등에 대한 사이버얼럿... ",http://www.skyedaily.com/news/news_view.html?ID=153297,"Sun, 13 Mar 2022 12:12:00 +0900"
감사보고서 시즌…&quot;주가 급변·외부 자금조달 종목 주의&quot;,"종목 토론방, 주식 <b>리딩방</b> 등에서 실적 예측 관련 미확인 풍문 등을 반복적으로 게시하고 매수 지시 등을... 유도하고, <b>스팸</b>관여과다종목 대상 투자주의종목 지정, 허위·과장성 게시글 과다종목 등에 대한 사이버얼럿(Cyber... ",https://n.news.naver.com/mnews/article/018/0005164757?sid=101,"Fri, 11 Mar 2022 10:24:00 +0900"
&quot;염승환입니다. 5억까지 불려드려요&quot; 파랗게 질린 계좌에 멘탈 털린 개...,메시지 속에 500~600명 모집한다고 밝힌 것을 고려하면 수백명 이상에게 <b>스팸</b> 메시지가 발송된 것으로... 주식 <b>리딩방</b>에 입장하게 됐다&quot;면서 &quot; 다행히 눈치채고 바로 나왔지만 이미 1000여명이 넘은 사람이 참여하고 있었다... ,https://n.news.naver.com/mnews/article/277/0005053436?sid=101,"Fri, 04 Mar 2022 11:00:00 +0900"
유명 애널리스트 문자 속 수상한 URL…개미 노리는 사기꾼 판친다,2022년 1억 만들기 시작합니다.&quot; 지난 3일 일부 개인 투자자들에게 뿌려진 것으로 알려진 <b>스팸</b> 메시지 문구다.... 주식<b>리딩방</b> 광고가 확인됐다&quot;며 &quot;고객님의 각별한 주의를 바란다&quot;고 당부 메시지를 알리고 있다. 대신증권... ,https://n.news.naver.com/mnews/article/008/0004699788?sid=101,"Mon, 24 Jan 2022 09:23:00 +0900"
"금융당국·거래소, '자본시장 불법행위' 단속 고삐 죈다","최근 2년 사이 개인 투자자가 크게 늘어난 가운데 주식<b>리딩방</b>, 내부정보 악용 등 관련 피해사례도 급증하고... 한국거래소 서울 사옥 [사진=한국거래소] 이를 통해 거래소는 공시, 기업, 인물, 뉴스, 게시판, <b>스팸</b>문자 등... ",http://www.newspim.com/news/view/20211231000492,"Fri, 31 Dec 2021 13:35:00 +0900"
"KISA, 동행복권과 파워볼 등 '불법 사이버도박 근절 협업체계' 구축",지난 11월 25일 KISA 서울청사에서 개최된 '불법 사이버도박 및 도박<b>스팸</b> 근절을 위한 업무협약식'에서... 파워볼 <b>리딩방</b> 등 오픈채팅방으로 접속을 유도하는 수법이 대표적이다. 동행복권 조형섭 대표는 &quot;KISA와의... ,http://www.cstimes.com/news/articleView.html?idxno=481992,"Mon, 29 Nov 2021 00:32:00 +0900"
"KISA-동행복권, 불법 사이버도박 근절 협업체계 구축",서울 가락동 KISA 서울청사에서 개최된 &quot;불법 사이버도박 및 도박<b>스팸</b> 근절을 위한 업무협약식&quot;에서 조형섭... 파워볼 <b>리딩방</b> 등 오픈채팅방으로 접속을 유도하는 수법이 대표적이다. 권현오 KISA 이용자보호단장은... ,http://www.digitaltoday.co.kr/news/articleView.html?idxno=426259,"Fri, 26 Nov 2021 17:34:00 +0900"
"KISA-동행복권, 파워볼 등 불법 사이버도박 근절 위한 업무협약 체결",도박<b>스팸</b> 근절을 위한 업무협약(MoU)을 11월 25일.(목) KISA 서울청사에서 체결했다고 밝혔다. 양 기관은 이번... 파워볼 <b>리딩방</b> 등 오픈채팅방으로 접속을 유도하는 수법이 대표적이다. 동행복권 조형섭 대표는 &quot;KISA와의... ,https://www.dailysecu.com/news/articleView.html?idxno=131999,"Fri, 26 Nov 2021 16:38:00 +0900"
"KISA-동행복권, 파워볼 등 불법 사이버도박 근절 협업체계 구축한다",복권 관련 불법 사이버도박 및 도박<b>스팸</b> 근절 위한 업무협약 체결[보안뉴스 권 준 기자] 한국인터넷진흥원... 파워볼 <b>리딩방</b> 등 오픈채팅방으로 접속을 유도하는 수법이 대표적이다.동행복권 조형섭 대표는... ,http://www.boannews.com/media/view.asp?idx=102818&kind=,"Fri, 26 Nov 2021 15:30:00 +0900"
"KISA-동행복권, 불법 사이버도박 근절 협업체계 구축",도박<b>스팸</b> 근절을 위해 업무협약(MoU)을 지난 25일 체결했다고 밝혔다. KISA와 동행복권은 협약을 통해 ▲KISA의... 파워볼 <b>리딩방</b> 등 오픈채팅방으로 접속을 유도하는 수법이 대표적이다. 조형섭 동행복권 대표는 &quot;KISA와의... ,http://www.itdaily.kr/news/articleView.html?idxno=205266,"Fri, 26 Nov 2021 15:10:00 +0900"
"KISA, 불법 사이버도박 근절 위해 협력체계 구축",한국인터넷진흥원(KISA)이 로또·파워볼 등 복권 관련 불법 사이버도박 및 <b>스팸</b> 근절을 위해... 파워볼 <b>리딩방</b> 등 오픈채팅방으로 접속을 유도하는 수법이 대표적이다. KISA 권현오 이용자보호단장은 “이번 협약으로... ,https://n.news.naver.com/mnews/article/138/0002114307?sid=105,"Fri, 26 Nov 2021 15:10:00 +0900"
"KISA·동행복권, 파워볼 등 불법 사이버도박 근절 협업체계 구축",도박<b>스팸</b> 근절을 위한 업무협약을 체결했다고 26일 밝혔다. 양 기관은 협약을 통해 △인터넷진흥원 도박<b>스팸</b>... 파워볼 <b>리딩방</b> 등 오픈채팅방으로 접속을 유도하는 수법이 대표적이다. 권현오 인터넷진흥원... ,http://www.asiaa.co.kr/news/articleView.html?idxno=69055,"Fri, 26 Nov 2021 15:02:00 +0900"
"KISA-동행복권, 파워볼 등 불법 사이버도박 근절 협업체계 구축",도박<b>스팸</b> 근절을 위한 업무협약을 KISA 서울청사에서 체결했다고 26일 발표했다. 양 기관은 협약을 통해... 파워볼 <b>리딩방</b> 등 오픈채팅방으로 접속을 유도하는 수법이 대표적이다. 조형섭 동행복권 대표는 &quot;KISA와의... ,https://n.news.naver.com/mnews/article/031/0000638885?sid=105,"Fri, 26 Nov 2021 13:27:00 +0900"
서로 다른 ESG 경영…교촌·티웨이항공·동행복권,도박<b>스팸</b> 근절을 위한 업무협약(MOU)식을 체결했다. 사진=동행복권 복권수탁사업자 동행복권과... 파워볼 <b>리딩방</b> 등 오픈채팅방으로 접속을 유도하는 수법이 대표적이다. 조형섭 동행복권 대표는 &quot;KISA와의 업무협약으로... ,http://www.ezyeconomy.com/news/articleView.html?idxno=114659,"Fri, 26 Nov 2021 13:14:00 +0900"
"[과기정통 뉴스] 카이스트, 평택캠퍼스 조성 위한 3자 실시협약 체결 外",지난 25일 KISA 서울청사에서 개최된 '불법 사이버도박 및 도박<b>스팸</b> 근절을 위한 업무협약식'에서 조형섭... 당첨 확률이 높다고 현혹해 파워볼 <b>리딩방</b> 등 오픈채팅방으로 접속을 유도하는 수법이 대표적이다.,https://n.news.naver.com/mnews/article/082/0001129283?sid=101,"Fri, 26 Nov 2021 12:01:00 +0900"
"KISA-동행복권, 불법 로또·파워볼 사이트 퇴출위해 손잡았다","도박<b>스팸</b> 데이터, 불법 사이트 정보 상호 공유해 이용자 피해 최소화 이상우 기자 lswoo@ajunews.com 왼쪽부터... 파워볼 <b>리딩방</b> 등 오픈채팅방으로 접속을 유도하는 수법이 대표적이다. 조형섭 동행복권 대표는 &quot;KISA와의... ",https://www.ajunews.com/view/20211126101246471,"Fri, 26 Nov 2021 10:18:00 +0900"
"KISA-동행복권, 파워볼 등 불법 사이버도박 근절 협업체계 구축",한국인터넷진흥원과 복권수탁사업자 동행복권은 로또‧파워볼 등 복권 관련 불법 사이버도박 및 도박<b>스팸</b>... 파워볼 <b>리딩방</b> 등 오픈채팅방으로 접속을 유도하는 수법이 대표적이다. 조형섭 동행복권 대표는 &quot;KISA와의... ,http://www.enewstoday.co.kr/news/articleView.html?idxno=1529735,"Fri, 26 Nov 2021 10:03:00 +0900"
"KISA, 동행복권과 사이버도박·<b>스팸</b> 근절 '맞손'",도박 <b>스팸</b> 근절을 위한 업무협약(MOU)을 체결했다고 26일 밝혔다. 양 기관은 협약을 통해 ▲KISA의 도박 <b>스팸</b>... 현혹해 &amp;apos;파워볼 <b>리딩방</b>&amp;apos; 등 오픈채팅방으로 접속을 유도하는 수법이 대표적이다. 조형섭 동행복권... ,https://n.news.naver.com/mnews/article/092/0002240386?sid=105,"Fri, 26 Nov 2021 10:03:00 +0900"
"KISA, 동행복권과 파워볼 등 불법 사이버도박 근절 `맞손`",도박<b>스팸</b> 근절을 위한 업무협약`에서 기념촬영을 하고 있다.(사진=KISA 제공)[이데일리 이후섭 기자]... 파워볼 <b>리딩방</b> 등 오픈채팅방으로 접속을 유도하는 수법이 대표적이다. 권현오 KISA 이용자보호단장은 “이번... ,https://n.news.naver.com/mnews/article/018/0005094580?sid=105,"Fri, 26 Nov 2021 09:50:00 +0900"
"KISA-동행복권, 파워볼 등 불법 사이버도박 근절 협업체계 구축한다",도박<b>스팸</b> 근절을 위한 업무협약(MoU)을 지난 25일 KISA 서울청사에서 체결했다고 26일 밝혔다. 양 기관은... 파워볼 <b>리딩방</b> 등 오픈채팅방으로 접속을 유도하는 수법이 대표적이다. 동행복권 조형섭 대표는 “KISA와의... ,https://daily.hankooki.com/lpage/society/202111/dh20211126094142148510.htm?s_ref=nv,"Fri, 26 Nov 2021 09:46:00 +0900"
"KISA-동행복권, 로또·파워볼 등 '불법 사이버도박 근절' 협업체계 구축",지난 25일 KISA 서울청사에서 개최된 &quot;불법 사이버도박 및 도박<b>스팸</b> 근절을 위한 업무협약식&quot;에서... 파워볼 <b>리딩방</b> 등 오픈채팅방으로 접속을 유도하는 수법이 대표적이다. 동행복권 조형섭 대표는 &quot;KISA와의... ,http://www.newsquest.co.kr/news/articleView.html?idxno=90974,"Fri, 26 Nov 2021 09:44:00 +0900"
"동행복권-KISA, 불법 사이버도박 근절 업무협약 체결",도박<b>스팸</b> 근절을 위한 업무협약(MOU)식을 체결했다. 양 기관은 협약을 통해 ▲KISA의 도박<b>스팸</b> 데이터... 파워볼 <b>리딩방</b> 등 오픈채팅방으로 접속을 유도하는 수법이 대표적이다. 동행복권 조형섭 대표는 “KISA와의... ,http://www.beyondpost.co.kr/view.php?ud=20211126085414839346a9e4dd7f_30,"Fri, 26 Nov 2021 08:58:00 +0900"
"코인플러그, &quot;주식 관련 불법 <b>스팸</b>문자 기승&quot;","주식/비트코인 문자 예시 코인플러그는 시민안전제보 앱을 통해 &quot;주식 <b>리딩방</b>, 단타 정보 공유를 미끼로 메시지를 보내서 사람들을 현혹하는 <b>스팸</b>이 많이 온다.&quot;고 접수된 제보글을 소개했다. 불법 <b>스팸</b>은 수신자의... ",https://www.itbiznews.com/news/articleView.html?idxno=51842,"Wed, 13 Oct 2021 10:07:00 +0900"
투자사기 통로된 '카카오톡 오픈채팅'… 모니터링 강화 국민청원 등장,"가장 최근에 발생한 무료주식 <b>리딩방</b> 사기 역시 카카오톡 오픈채팅방을 통해 피해자들을 모집하고 이후... 이 경우 유튜브 채널에서 해당 영상을 <b>스팸</b>으로 판단, 이용약관을 심각하게 위반했다며 계정을 해지했음에도... ",http://www.newsworker.co.kr/news/articleView.html?idxno=130556,"Mon, 27 Sep 2021 16:12:00 +0900"
'상한가 종목'에 혹한 4050…주식<b>리딩방</b> 피해금 벌써 170억,"‘고수익 보장’, ‘상한가 종목 공개’ 등의 <b>스팸</b> 문자메시지를 발송해 투자자들을 유혹하기도 한다. 이런 주식 <b>리딩방</b> 운영자들은 검증되는 않은 유사투자자문업자인 경우가 많다. 유사투자자문업은 신고로만... ",https://n.news.naver.com/mnews/article/025/0003136822?sid=101,"Thu, 23 Sep 2021 11:50:00 +0900"
&quot;황우민 기자 09-07 송고&quot; 주식 <b>스팸</b>문자 알고보니?,통상 주식 관련 <b>스팸</b> 문자 메시지는 '<b>리딩방</b>' 참여를 유도하기 위한 차원에서 이뤄진다. 한국미래경제는 <b>리딩방</b> 운영이 아닌 상담사 개별 '맨투맨' 방식으로 진행하기 위해 이 같은 문자 메시지를 보낸 상황이다. 구글에... ,https://n.news.naver.com/mnews/article/006/0000109704?sid=101,"Wed, 15 Sep 2021 15:32:00 +0900"
"“최소 350% 수익 보장” 주식<b>리딩방</b> 여전히 기승, 대책은?",앞으로 양방향 온라인 유료채널 등을 투자자문업자 영역으로 포섭할 예정임을 감안하면 유사투자자문업자 제도를 폐지하는 것이 바람직한 것으로 판단된다”고 덧붙였다. 주식 <b>리딩방</b> 광고 <b>스팸</b> 문자 (연합뉴스 자료사진),http://www.viva100.com/main/view.php?key=20210915010004291,"Wed, 15 Sep 2021 10:36:00 +0900"
출처는 없고 추천만…‘주린이’ 울리는 주식<b>리딩방</b> 체험기,또 다른 <b>리딩방</b>을 홍보하는 <b>스팸</b> 문자를 따라가 봤다. 일대일로 카톡 대화를 신청하더니 유명증권사 자산운용팀을 사칭하며 해외 주식 투자를 유도한다. 국내 주식에 어느 정도 투자 경험이 있더라도 해외투자에 경험이... ,https://ilyo.co.kr/?ac=article_view&entry_id=411354,"Thu, 09 Sep 2021 17:08:00 +0900"
[ET] 내 카톡이 <b>스팸</b>·보이스피싱 통로?…10대 노리는 신종 해킹 주의,"가로챈 카톡은 불법 주식 정보방(<b>리딩방</b>) 운영 등 또 다른 범죄에 사용됐는데요, 이 내용, 산업과학부 옥유정... &quot;] [앵커] 더 큰 문제는 이렇게 가로챈 카톡 계정이 불법 <b>리딩방</b> 같은 또 다른 범죄에 사용 된다는거... ",https://n.news.naver.com/mnews/article/056/0011116035?sid=105,"Tue, 07 Sep 2021 18:20:00 +0900"
"카카오톡 채널 추가 유도하는 피싱 문자 유포중...주의, 광고 목적",주식<b>리딩방</b> 홍보방식이 변경된 것으로 보인다. 이스트시큐리티 시큐리티대응센터(이하 ESRC) 측은 &quot;이처럼 최근 <b>스팸</b> 광고의 활동 영역이 SMS에서 모바일 메신저로 확장되고 있어 사용자들의 각별한 주의가 요구된다&quot;고... ,https://www.dailysecu.com/news/articleView.html?idxno=128488,"Thu, 02 Sep 2021 17:22:00 +0900"
카카오톡 채널 추가 유도해 주식 <b>리딩방</b> 홍보 피싱 주의,"보험료 환급으로 속여 채널 추가하면 주식 <b>리딩방</b> 홍보 [보안뉴스 ] 최근 카카오톡 채널 추가를 유도하는... 있다”면서, “<b>스팸</b> 광고의 활동 영역이 SMS에서 모바일 메신저로 확장되고 있어 사용자들의 각별한 주의가... ",http://www.boannews.com/media/view.asp?idx=100398&kind=,"Thu, 02 Sep 2021 14:34:00 +0900"
&quot;문자로 온 대박 추천주&quot;...알고보니 시간외 급등주라고?,"올해 초 주식시장에 입문한 20대 직장인 A씨는 매번 퇴근 시간마다 휴대폰 <b>스팸</b> 문자처럼 오는 종목들이... 특히 지난해부터 주식 <b>리딩방</b> 등이 우후죽순 생기면서 ‘주린이’를 겨냥, 이미 시간 외 상한가를 친 종목을... ",https://n.news.naver.com/mnews/article/011/0003953862?sid=101,"Tue, 24 Aug 2021 17:55:00 +0900"
[기자수첩] 세상에 공짜 점심은 없다,"걸려온 전화는 정중히 끊고, 문자는 매번 <b>스팸</b> 차단으로 돌려도 다른 곳에서 더 많은 전화가 걸려온다.... 그렇다고 난무하는 투자 전문가와 조잡한 <b>리딩방</b>의 성장을 지켜봐야 하는 걸까? ‘투자 책임은 전적으로 본인에게... ",https://www.etoday.co.kr/news/view/2052634,"Tue, 10 Aug 2021 17:52:00 +0900"
‘개미’ 노리는 사기 <b>스팸</b> 급증... <b>리딩방</b> 등이 대표 사기 사례,"상반기 주식 투자 <b>스팸</b>신고 104만 1,778건, 전년 하반기 대비 약 37% 증가이용자는 출처 불분명한 문자 URL... 관련 <b>스팸</b>문자가 증가하고 있어 이용자의 각별한 주의가 필요하다고 밝혔다. 코로나19 이후 ‘동학개미운동’... ",http://www.boannews.com/media/view.asp?idx=99384&kind=,"Tue, 27 Jul 2021 13:08:00 +0900"
"불법 <b>스팸</b>문자 기승, '이용자 주의' 외에 방법 없어","특히 이같은 불법<b>스팸</b>을 통한 피해사례가 발생하고 있어 이용자의 각별한 주의가 필요하다, 대출 문자의 경우 시중은행을 빙자해 상담을 유도하며 보이스피싱을 시도하기도 하며 주식<b>리딩방</b>의 경우는 투자자를 유인해... ",http://www.enewstoday.co.kr/news/articleView.html?idxno=1493970,"Wed, 07 Jul 2021 07:00:00 +0900"
“샘플 써보라더니 본품 배송”…골머리 앓는 소비자들,"불법<b>스팸</b>대응센터 118번으로 신고해달라고 당부했습니다. 마지막으로 지난 5월 한 달 동안 가장 많았던 소비자 불편 상담 사례를 품목별로 살펴보겠습니다. 유사투자자문의 경우, 대부분 이른바 '주식 <b>리딩방</b>'과 관련해... ",https://n.news.naver.com/mnews/article/056/0011064365?sid=101,"Wed, 16 Jun 2021 06:01:00 +0900"
주식시장 불공정거래가 확 줄어든 이유는,"하지만 이른바 <b>리딩방</b>을 비롯해 감시망에 걸리지 않는 불공정거래가 여전히 많아 더 꼼꼼하고 체계적인... 투자주의 종목은 소수계좌가 매수에 과다하게 관여한 종목 49건, <b>스팸</b>문자 신고 건수가 급증한 종목 11건 등... ",https://n.news.naver.com/mnews/article/648/0000001701?sid=101,"Sat, 12 Jun 2021 09:00:00 +0900"
"주식 <b>리딩방</b> 근절책, 그림자와 허점",하루에3~4개씩 오는 주식투자 권유 <b>스팸</b> 문자의 대부분은 '<b>리딩방</b>'에서 보내는 것들이다. 이런 <b>리딩방</b>은 사회문제가 될 정도로 많은 폐해를 낳고 있다. 금융감독원에 접수된 <b>리딩방</b> 피해 민원 건수는 2018년 905건에서 2020년... ,http://www.thescoop.co.kr/news/articleView.html?idxno=50905,"Tue, 08 Jun 2021 10:24:00 +0900"
[정 변호사의 현장일지] 우후죽순 코인<b>리딩방</b>에서 벌어지는 일들,모바일을 통해 들어오는 코인<b>리딩방 스팸</b>메시지는 더 노골적이다. 리딩방이야 주식시장에도 있지 않냐며 코인 좀 아는 사람이 코인 가르쳐 주겠다는 게 무엇이 문제 되느냐고 반문하는 분들도 계신다. 하지만... ,https://n.news.naver.com/mnews/article/053/0000029114?sid=101,"Tue, 01 Jun 2021 14:50:00 +0900"
"금감원, 불법 유사투자자문업에 대한 철퇴 예고",주식 <b>리딩방</b>은 우선 불특정다수에게 <b>스팸</b> 메세지o오픈채팅방 등을 통해 무료로 주식을 추천한다. 그러다가 유료회원 전환을 유도해 가입 절차를 진행하면 비공개 채팅방으로 초대한 회원들을 대상으로 불법 영업행위를... ,https://weekly.hankooki.com/lpage/economy/202105/wk20210528170240146420.htm?s_ref=nv,"Fri, 28 May 2021 17:04:00 +0900"
한국거래소 &quot;불공정거래 엄정 대응…주식<b>리딩방</b> 상시 모니터링 등 감시...,"주식 <b>리딩방</b> 등은 불특정 다수 대상 <b>스팸</b>문자 발송 등을 통해 오픈채팅방 회원 가입 및 특정 종목 매수를 유인하고 사전에 매수한 물량을 매도하는데, 이는 불공정거래에 해당한다. 거래소는 “테마주, 이상급등종목 등에... ",http://thepublic.kr/news/newsview.php?ncode=1065599369934769,"Sun, 09 May 2021 11:06:00 +0900"
"&quot;주식 <b>리딩방</b> 집중 모니터링&quot; 한국거래소, 시장 감시 강화",계획&quot;이라며 &quot;특히 <b>리딩방</b> 등 유사투자자문업자 불건전행위에 대해 관계기관과 공조해 상시 모니터링하겠다&quot;고 밝혔다. 이에 거래소는 불특정 다수를 대상으로 <b>스팸</b>문자 발송 등을 통해 오픈채팅방 회원 가입 및 특정... ,http://www.startuptoday.co.kr/news/articleView.html?idxno=75802,"Fri, 07 May 2021 16:24:00 +0900"
"증시 불공정거래 줄었다지만, 월 256건…거래소 &quot;엄정 감시체계 지속&quot;",지난달에는 불특정 다수 대상 <b>스팸</b>문자 발송 등을 통해 오픈채팅방 회원 가입 및 특정 종목 매수를 유인하고 사전에 매수한 물량을 매도하는 불공정거래 등에 대한 투자자 유의를 안내하고 주식 <b>리딩방</b> 등... ,https://n.news.naver.com/mnews/article/018/0004923028?sid=101,"Fri, 07 May 2021 14:35:00 +0900"
무자격 ‘주식 <b>리딩방</b>’ 퇴출한다,"하지만 유사투자자문업자들은 오픈채팅방, <b>스팸</b>메시지 등을 통해 무료로 주식 종목을 추천하고, 유료가입을 유도한 뒤 비공개 채팅방에서 일대일 자문을 해왔다. 앞으로 법이 개정되면 유사투자자문업자가 주식<b>리딩방</b>을... ",https://n.news.naver.com/mnews/article/028/0002542817?sid=101,"Sun, 02 May 2021 15:14:00 +0900"
“증권시장 불공정거래 근절” 칼 빼든 금융당국…주식 <b>리딩방</b> 등 단속,"먼저 주식<b>리딩방</b> 등 유사투자자문업자로 인한 투자자 피해 확산 방지를 위해 미등록 금융투자업 원천 차단... 또 거래소는 <b>스팸</b>메시지로 매수 추천이 과도하게 이뤄진 종목을 ‘투자주의’로 지정하고 있으며, 지난... ",https://n.news.naver.com/mnews/article/021/0002469516?sid=101,"Sun, 02 May 2021 15:01:00 +0900"
"금융당국, 주식<b>리딩방</b> 등 유사투자자업자 감독 강화... &quot;미등록 금투업...",또한 거래소는 <b>스팸</b>메시지로 매수 추천이 과도하게 이루어진 종목 243개(지난달 16일 기준)를 '투자주의'로 지정했다. 집중대응단은 주식<b>리딩방</b> 동향 감시단 및 테마주 집중모니터링 전담팀을 연중 지속 운영하고 있다. 이... ,https://www.asiatime.co.kr/article/20210430500146,"Sun, 02 May 2021 12:02:00 +0900"
"금융당국, 6월말까지 증시 불법·불건전행위 집중 대응","135개 종목을 신규 추가한 총 458개 종목을 모니터링하고, <b>스팸</b>메시지정보를 활용한 시장감시를 강화한다.... 금융위는 주식<b>리딩방</b> 등 유사투자자문업자의 불법 불건전 영업으로 인한 피해를 방지하기위해 제도개선... ",http://www.metroseoul.co.kr/article/20210502500026,"Sun, 02 May 2021 12:02:00 +0900"
유사투자자문업자 관리·감독 강화…투자자에게 대가받는 유튜버도 신고,"통상 주식<b>리딩방</b>은 불특정 다수에게 오픈채팅방, <b>스팸</b>메세지등을통해 무료로 주식 종목을 추천하고, 유료회원 가입시 비공개 채팅방으로 초대한다. 이경우 일대일 상담을 가정한 영업방식이 이뤄져 유사투자자문업자의... ",http://www.metroseoul.co.kr/article/20210502500082,"Sun, 02 May 2021 12:02:00 +0900"
금융당국 &quot;주식<b>리딩방</b> 등 증권시장 불공정거래 엄정 대응&quot;,"금융당국이 주식<b>리딩방</b> 등 유사투자자문업자의 불법·불건전 영업에 따른 투자자 피해를 방지하기 위해... 또 거래소는 <b>스팸</b>메시지로 매수 추천이 과도하게 이뤄진 종목을 '투자주의'로 지정하고 있으며, 지난 16일 기준... ",https://n.news.naver.com/mnews/article/003/0010477793?sid=101,"Sun, 02 May 2021 12:00:00 +0900"
"(기자의 눈)주린이 울리는 <b>스팸</b>문자, 일벌백계해야","한국거래소는 “최근 주식 <b>리딩방</b>은 불특정 다수를 대상으로 광고성 <b>스팸</b>문자를 발송해 오픈 채팅방으로 유인한 후, 고급 정보 등을 빌미로 고액의 유료회원 가입을 유도한다”고 말했다. 이어 “또한, 회원의 매수를... ",http://www.newstomato.com/ReadNews.aspx?no=1040220&inflow=N,"Tue, 27 Apr 2021 06:02:00 +0900"
“거래소 출신이 찍어준 종목”..주식 <b>리딩방</b> 투자 주의보,"최근 <b>리딩방</b>은 불특정 다수를 대상으로 광고성 <b>스팸</b>문자를 발송해 오픈 채팅방으로 유인한 후, 고급 정보 등을 빌미로 고액의 유료회원 가입을 유도하는 특징을... ",http://www.breaknews.com/802076,"Mon, 26 Apr 2021 14:29:00 +0900"
"&quot;선생님, 믿고 매수하세요&quot; 주린이 유혹 '<b>스팸</b>문자' 기승",주식 <b>리딩방</b> 등 유사투자자문업체에 대한 집중 모니터링 등 시장감시를 강화하고 불공정거래 혐의 발견 시 신속하게 감독당국에 통보할 예정&quot;이라고 말했다. 한미반도체 한화투자증권…<b>스팸</b>관여과다종목 4월에만 18곳... ,https://n.news.naver.com/mnews/article/009/0004784401?sid=101,"Sun, 25 Apr 2021 07:45:00 +0900"
'동학개미' 속이는 주식 <b>리딩방</b>…거래소 출신 있다?,"거래소는 최근 주식 <b>리딩방</b>이 불특정 다수를 대상으로 광고성 <b>스팸</b>문자를 발송해 오픈 채팅방으로 유인한 후, 고급 정보 등을 빌미로 고액의 유료회원 가입을 유도하는 특징을 보이고 있다고 설명했다. 또한 <b>리딩방</b>... ",https://n.news.naver.com/mnews/article/031/0000595008?sid=101,"Sat, 24 Apr 2021 18:03:00 +0900"
&quot;거래소 직원 사칭까지&quot;…오픈채팅 통한 주식<b>리딩방</b> 주의보,최근 주식<b>리딩방</b>은 <b>리딩방</b>은 불특정 다수를 대상으로 광고성 <b>스팸</b>문자를 발송해 오픈 채팅방으로 유인한 후 고급 정보 등을 빌미로 고액의 유료회원 가입을 유도하는 특징을 보이고 있다. 특히 회원의 매수를 유도한 후... ,https://www.nbntv.kr/news/articleView.html?idxno=240589,"Sat, 24 Apr 2021 16:20:00 +0900"
"거래소, 오픈 채팅 ‘주식 <b>리딩방</b>’ 투자유의 안내 발동",거래소에 따르면 최근 주식 <b>리딩방</b>은 불특정 다수를 대상으로 광고성 <b>스팸</b>문자를 발송해 오픈 채팅방으로 유인합니다. 이후 고급 정보 등을 빌미로 고액의 유료회원 가입을 유도하는 특징을 보입니다. 거래소는 &quot;회원의... ,https://n.news.naver.com/mnews/article/374/0000241992?sid=101,"Sat, 24 Apr 2021 13:15:00 +0900"
&quot;거래소 직원이 찍어주는 대박종목&quot;…거래소 사칭 <b>리딩방</b> 등장,"주식 <b>리딩방</b>은 불특정 다수를 대상으로 광고성 <b>스팸</b>문자를 발송하여 오픈 채팅방으로 유인한 후, 고급 정보 등을 빌미로 고액의 유료회원 가입을 유도하는 특징을 보이고 있다. 회원의 매수를 유도한 후 미리 매수한... ",https://n.news.naver.com/mnews/article/421/0005309954?sid=101,"Sat, 24 Apr 2021 11:13:00 +0900"
"거래소, 주식 <b>리딩방</b> 투자 주의보","또 &quot;<b>리딩방</b>은 불특정다수를 대상으로 광고성 <b>스팸</b>문자를 발송, 오픈 채팅방으로 유인한 후 고급 정보 등을 빌미로 고액의 유료회원 가입을 유도하는 특징을 보이고 있다&quot;고 했다. 거래소는 불공정거래 사례를... ",http://www.g-enews.com/ko-kr/news/article/news_all/202104240631518434a218188523_1/article.html,"Sat, 24 Apr 2021 06:35:00 +0900"
한국거래소 사칭 '주식 <b>리딩방</b>' 성행...투자 유의해야,거래소에 따르면 최근 주식 <b>리딩방</b>은 불특정 다수를 대상으로 광고성 <b>스팸</b>문자를 발송해 오픈 채팅방으로 유인한다. 이후 고급 정보 등을 빌미로 고액의 유료회원 가입을 유도하는 특징을 보인다. 거래소 측은 &quot;회원의... ,http://www.cstimes.com/news/articleView.html?idxno=458525,"Fri, 23 Apr 2021 21:38:00 +0900"
한국거래소 “거래소 출신 사칭 주식 <b>리딩방</b> 주의”,"이어 &quot;최근 <b>리딩방</b>은 불특정 다수를 대상으로 광고성 <b>스팸</b> 문자를 발송해 오픈 채팅방으로 유인한 후, 고급 정보 등을 빌미로 고액의 유료회원 가입을 유도하는 특징을 보이고 있다&quot;며 &quot;회원의 매수를 유도한 후, 미리... ",https://www.etoday.co.kr/news/view/2019011,"Fri, 23 Apr 2021 20:58:00 +0900"
<b>리딩방</b> 잘못 들어갔다간 쪽박?.... 투자자 피해 예방 '투자유의 안내' 발...,거래소에 따르면 최근 주식 <b>리딩방</b>은 불특정 다수를 대상으로 광고성 <b>스팸</b>문자를 발송해 오픈 채팅방으로 유인한다. 이후 고급 정보 등을 빌미로 고액의 유료회원 가입을 유도하는 특징을 보인다. 회원의 매수를 유도한 후... ,http://www.pinpointnews.co.kr/view.php?ud=202104232026467675861beb2d9d_45,"Fri, 23 Apr 2021 20:30:00 +0900"
"거래소, 주식 <b>리딩방</b> 투자유의 안내 발동",거래소에 따르면 최근 주식 <b>리딩방</b>은 불특정 다수를 대상으로 광고성 <b>스팸</b>문자를 발송해 오픈 채팅방으로 유인한다. 이후 고급 정보 등을 빌미로 고액의 유료회원 가입을 유도하는 특징을 보인다. 회원의 매수를 유도한 후... ,https://n.news.naver.com/mnews/article/003/0010464232?sid=101,"Fri, 23 Apr 2021 19:03:00 +0900"
"거래소, 오픈 채팅 '주식 <b>리딩방</b>' 집중 모니터링","최근 주식 <b>리딩방</b>은 불특정 다수를 대상으로 광고성 <b>스팸</b>문자를 발송해 오픈 채팅방으로 유인한 후, 고급 정보 등을 빌미로 고액의 유료회원 가입을 유도하는 특징을 보이고 있다. 또한 회원의 매수를 유도한 후 미리... ",http://www.newsprime.co.kr/news/article.html?no=541716,"Fri, 23 Apr 2021 18:16:00 +0900"
한국거래소 &quot;거래소 출신 사칭 주식 <b>리딩방</b> 주의&quot;,"이어 &quot;최근 <b>리딩방</b>은 불특정 다수를 대상으로 광고성 <b>스팸</b> 문자를 발송해 오픈 채팅방으로 유인한 후, 고급 정보 등을 빌미로 고액의 유료회원 가입을 유도하는 특징을 보이고 있다&quot;며 &quot;회원의 매수를 유도한 후, 미리... ",https://n.news.naver.com/mnews/article/001/0012350363?sid=101,"Fri, 23 Apr 2021 18:11:00 +0900"
"한국거래소, '주식 <b>리딩방</b>' 성행에 투자유의 안내 발동","거래소가 분석한 주식 <b>리딩방</b>의 특징은 불특정 다수를 대상으로 광고성 <b>스팸</b>문자를 발송해 오픈 채팅방으로 유인한 후, 고급 정보 등을 빌미로 고액의 유료회원 가입을 유도한다. 회원의 매수를 유도한 후 미리 매수한... ",http://biz.newdaily.co.kr/site/data/html/2021/04/23/2021042300193.html,"Fri, 23 Apr 2021 18:06:00 +0900"
거래소 “주식 <b>리딩방</b> 투자유의…시장감시 강화”,"최근 주식 <b>리딩방</b>은 불특정 다수를 대상으로 광고성 <b>스팸</b>문자를 발송해 오픈 채팅방으로 유인, 고급 정보 등을 빌미로 고액의 유료회원 가입을 유도하는 특징을 보이고 있다. 또 회원의 매수를 유도한 후 미리 매수한... ",http://www.newsway.co.kr/news/view?tp=1&ud=2021042317441895689,"Fri, 23 Apr 2021 17:53:00 +0900"
"거래소, 주식 <b>리딩방</b> 관련 투자유의 안내","최근 주식 <b>리딩방</b>은 불특정 다수를 대상으로 광고성 <b>스팸</b>문자를 발송하여 오픈 채팅방으로 유인한 후, 고급 정보 등을 빌미로 고액의 유료회원 가입을 유도하는 특징을 보이고 있다. 또한 회원의 매수를 유도한 후 미리... ",http://www.m-i.kr/news/articleView.html?idxno=822845,"Fri, 23 Apr 2021 17:38:00 +0900"
거래소 “주식 <b>리딩방</b> 투자유의...집중 모니터링 개시”,"최근 주식 <b>리딩방</b>은 불특정 다수를 대상으로 광고성 <b>스팸</b>문자를 발송해 오픈 채팅방으로 유인, 고급 정보 등을 빌미로 고액의 유료회원 가입을 유도하는 특징을 보이고 있다. 또 회원의 매수를 유도한 후 미리 매수한... ",https://n.news.naver.com/mnews/article/119/0002487405?sid=101,"Fri, 23 Apr 2021 17:34:00 +0900"
손병두 &quot;불법공매도 CCTV처럼 찾는 적발시스템 구축&quot;,"유튜브, <b>리딩방</b>, 소셜네트워크서비스(SNS), <b>스팸</b>메일 등을 이용한 시세조종 및 사기적 부정거래를 모니터링, 특이정보를 종목·일자·키워드별로 통합관리하는 사이버감시 통합 데이터베이스(DB)를 구축한다. 손 이사장은... ",https://n.news.naver.com/mnews/article/018/0004889522?sid=101,"Wed, 31 Mar 2021 12:03:00 +0900"
주식거래 '영웅문' 접속했더니 '폭등' '대박' 홍보기사들,기존에 문자메시지나 <b>스팸</b>메일로 횡행하던 것이 지금은 오픈카톡방을 비롯한 단체 대화방에 확산했다. 문제는 주식<b>리딩방</b>에서 사기 피해가 속출한다는 점이다. 고수익을 보장한다는 허위·과장광고를 해 유료가입하게... ,https://n.news.naver.com/mnews/article/006/0000107331?sid=101,"Wed, 31 Mar 2021 11:51:00 +0900"
"고수익 미끼 비싼 자문료, 주식<b>리딩방</b> 꼼짝마","주식<b>리딩방</b>은 회원들에게 자문료 명목으로 돈을 받은 뒤 소셜미디어(SNS)나 휴대전화 문자 등으로 매매 종목과 시점을 안내하는 방법으로 운영된다. 불특정 다수에게 오픈 채팅방, <b>스팸</b> 메시지, 유튜브 방송 등을 통해... ",https://n.news.naver.com/mnews/article/025/0003088858?sid=101,"Mon, 29 Mar 2021 00:04:00 +0900"
동학개미 울리는 '불법 주식<b>리딩방</b>'… 금융당국 엄정 대응,"온라인상 주요 영업방식은 △불특정 다수에게 오픈채팅방, <b>스팸</b>메시지 등을 통해 무료로 주식종목을 추천하고, 유료회원 가입시 비공개 채팅방으로 초대하는 주식<b>리딩방</b> △특정 주식 종목을 불특정 다수에게 조언하는... ",https://www.inews365.com/news/article.html?no=660514,"Sun, 28 Mar 2021 18:23:00 +0900"
&quot;상한가 먹는다&quot; 주식<b>리딩방</b> 암행점검···당국 &quot;단순가담도 범죄&quot;,"주식<b>리딩방</b>은 회원들에게 자문료를 받은 뒤 카카오톡이나 문자 등으로 매매 종목과 시점 안내하는 방법으로 운영된다. 불특정다수에게 오픈채팅방, <b>스팸</b>메세지, 유튜브 방송 등을 통해 무료로 주식 종목을 추천하고... ",https://n.news.naver.com/mnews/article/025/0003088774?sid=101,"Sun, 28 Mar 2021 17:30:00 +0900"
주식·비트코인 일확천금 헛된 꿈에 금쪽세월 낭비하는 청년들,"사진은 왼쪽 위부터 시계방향으로 김지예 씨의 최근 한 달 간 주식 손익추이, 주식관련 <b>스팸</b>문자, 주식 <b>리딩방</b>에서 추천해 준 종목들이 손실이 난 모습. ⓒ스카이데일리 문제는 다수의 청년이 주식, 비트코인 등에... ",http://www.skyedaily.com/news/news_view.html?ID=125933,"Mon, 22 Mar 2021 00:11:00 +0900"
"“100만 원대 유료가입 유도”, 불법 <b>리딩방</b> 활개",1월 11일 오전 삼성전자 주식을 9만6000원대에 매수한 직장인 A씨(36)는 최근 유료 주식<b>리딩방</b> 가입 권유 문자메시지를 받았다. 평소 같으면 <b>스팸</b>으로 여겼을 문자를 쉽게 지우지 못하고 있다. 1월 고점에서 산 주식이 장시간... ,https://n.news.naver.com/mnews/article/382/0000896694?sid=101,"Mon, 15 Mar 2021 17:11:00 +0900"
[자본시장으로 번진 LH사태]⑤시세조종 연루에 화들짝 놀란 ‘주린이들...,"‘미공개정보’ 미끼로 <b>리딩방</b>으로 유혹최근에는 ‘미공개정보’를 미끼로 동학개미를 유혹하는 <b>스팸</b> 문자가 쏟아지고 있다. 실제 기자가 받은 <b>스팸</b>문자에는 ‘기사 단독입수 종목’, ‘M&amp;A 확정 주력주’ 등 미공개정보... ",https://www.etoday.co.kr/news/view/2004041,"Mon, 15 Mar 2021 17:04:00 +0900"
유사투자자문업체 소비자 피해 상담 2배 증가,유사 투자 자문 업체 A사는 작년 6~8월 소셜미디어에 개설한 <b>리딩방</b>에서 ‘00 종목은 호재가 있다’ 등의... <b>스팸</b> 문자를 통한 종목 추천도 이어지고 있다. <b>스팸</b> 문자 등에서 언급되면서 주가가 급등하는 ‘<b>스팸</b> 관여... ,https://n.news.naver.com/mnews/article/023/0003600178?sid=101,"Mon, 08 Mar 2021 07:32:00 +0900"
&quot;까먹은 원금 회복하세요&quot;… 조정장 '마이너스 개미'까지 노리는 주식리...,주식<b>리딩방</b>이란 유사투자자문업자인 일명 '방장(운영자)'이 카카오톡 등 소셜네트워크서비스(SNS)를 통해 주식 종목을 찍어주는 대화방이다. 평소 같았으면 '<b>스팸</b>'으로 여겼을테지만 A씨는 이 문자를 지우지 못하고 있다.... ,https://n.news.naver.com/mnews/article/469/0000584502?sid=101,"Tue, 02 Mar 2021 10:00:00 +0900"
[친절한 경제] '3일 만에 천만 원?' 불법 <b>리딩방</b> 구별법,"&lt;앵커&gt; 무슨 수천 배의, 수천 퍼센트의 수익률을 보장해 주겠다, 이런 <b>스팸</b> 문자 이런 거 말씀하시는 거죠? &lt;기자&gt; 그렇죠. 저도 최근에 이런 문자 많이 받았는데요, <b>리딩방</b>은 단톡방이나 텔레그램 등을 통해서 투자 자문을... ",https://n.news.naver.com/mnews/article/055/0000876521?sid=101,"Tue, 23 Feb 2021 10:00:00 +0900"
"&quot;OOO 팀장입니다&quot;… 종목 추천 문자, 합법일까",최근 주식투자자들을 대상으로 주식<b>리딩방</b> 가입 권유 문자가 기승을 부리고 있다. 특정 종목을 추천해주고... 단순 <b>스팸</b>문자겠거니 하고 대수롭지 않게 넘겼지만 정씨는 발신인이 추천한 종목이 다음날 실제로 주가가... ,https://n.news.naver.com/mnews/article/417/0000659955?sid=101,"Sat, 20 Feb 2021 05:43:00 +0900"
"&quot;OO종목, 내일 떡상합니다&quot;… 주린이 노리는 '문자의 유혹'",다음 종목은 함께 미리 잡아요.&quot; 최근 주식투자자가 늘면서 주식<b>리딩방</b> 가입을 권하는 문자가 성행한다.... 단순 <b>스팸</b>문자겠거니 하고 대수롭지 않게 넘겼지만 정씨는 발신인이 추천한 종목이 다음날 실제로 주가가... ,https://n.news.naver.com/mnews/article/417/0000659854?sid=101,"Fri, 19 Feb 2021 16:48:00 +0900"
너도 나도 &quot;종목 알려준다&quot;…주식투자 권유문자<b>스팸</b> 기승,국내 주식시장에서 사상 초유의 투자 열풍이 일면서 투자 관련 ‘<b>스팸</b>’ 역시 전에 없이 기승을 부리고... 불법 <b>리딩방</b>으로 변질된 사례들이 많다”면서 “최근 주식투자 열풍이 워낙 뜨거워 클럽하우스에도 비슷한... ,http://www.mediapen.com/news/view/602525,"Thu, 18 Feb 2021 14:24:00 +0900"
주식에 빠진 2030…주린이 등치는 금융사기 `비상` [주린이發 증권가 신...,<b>스팸</b> 차단 애플리케이션을 운영하는 후후앤컴퍼니에 따르면 작년 4분기 주식투자 관련 <b>스팸</b>이 154만여건으로... (불법<b>리딩방</b> 관련) 문자 더 많이 받으시죠. 저희는 압수수색이 가능하니까 더 신속하고 강제적인 수단으로... ,https://n.news.naver.com/mnews/article/215/0000937629?sid=101,"Tue, 16 Feb 2021 17:40:00 +0900"
대출까지 받아 투자했다가 가정파탄 ‘신불자’ 신세···벼랑 끝 내모...,<b>스팸</b> 문자나 단체 대화방 등을 통해 주식 투자에 익숙지 않은 이들에게 접근한 뒤 투자금을 받고 잠적하는... ‘주식 <b>리딩방</b>’에서 사기를 당했다. 남들도 다하는 주식 투자를 해봐야겠다고 마음 먹은 그는 카카오톡에서... ,https://n.news.naver.com/mnews/article/011/0003866273?sid=102,"Tue, 02 Feb 2021 17:26:00 +0900"
[실물과 따로노는 코스피]IMF 닷컴버불 직전에도 “이번엔 달라”,"‘주식 <b>리딩방</b>’이 성행하고 있다. 이들은 자신을 ‘센터장’, ‘애널리스트’ 등으로 지칭하면서... 빚투족을 노린 불법 <b>스팸</b>도 기승을 부린다. <b>스팸</b> 차단 애플리케이션 ‘후후’ 서비스를 제공하는 KT 후후앤컴퍼니에... ",https://www.etoday.co.kr/news/view/1988115,"Mon, 25 Jan 2021 15:47:00 +0900"
&quot;VVIP 주식방 입장권&quot; 빚투족 노린 불법 <b>스팸</b> 급증,지난해 4분기 주식 투자 광풍 속 개인 투자자들을 노린 불법 <b>스팸</b> 전화와 문자도 급증한 것으로 나타났다. 24일 <b>스팸</b> 차단 애플리케이션 ‘후후’ 서비스를 제공하는 후후앤컴퍼니가 지난해 4분기 <b>스팸</b> 전화·문자... ,https://n.news.naver.com/mnews/article/277/0004834005?sid=105,"Sun, 24 Jan 2021 09:41:00 +0900"
&quot;우리 <b>리딩방</b> 빼고 다 사기예요&quot;… 기자가 체험한 <b>리딩방</b> 실체,고급 주식정보를 공유하는 카톡 <b>리딩방</b>에 초대한다는 내용의 메시지였다. 평소라면 <b>스팸</b> 문자로 여기며 대수롭지 않게 넘겼겠지만 더 큰 돈이 벌고 싶었던 A씨는 속는 셈 치고 무료체험 카톡<b>리딩방</b>에 들어갔다.... ,https://n.news.naver.com/mnews/article/417/0000648092?sid=102,"Fri, 22 Jan 2021 11:27:00 +0900"
"대박 좇다 쪽박 찰라, 금융당국 경고에도 주식 <b>리딩방</b> 활개","시장감시위원회는 <b>스팸</b>문자 종목 데이터를 유사투자자문업체, <b>리딩방</b>, 각종 SNS 등을 이용한 신종 불공정거래 감시 활동과 테마주 모니터링에 활용할 방침이다. 또 유관기관과의 협력을 통해 <b>스팸</b>문자 데이터를 포함한... ",https://www.etoday.co.kr/news/view/1984441,"Thu, 14 Jan 2021 12:45:00 +0900"
"[비즈 이슈] 한국거래소, 삼천피 개막까지 '열일'했다","거래소 측은 &quot;앞으로도 <b>스팸</b>문자 정보를 유사투자자문업체, <b>리딩방</b>, 각종 SNS 등을 이용한 신종 불공정거래 감시 활동과 테마주 모니터링에 활용하고, 불공정거래를 예방할 계획&quot;이라고 강조했다. 손병두 이사장 '공매도... ",http://www.paxetv.com/news/articleView.html?idxno=108363,"Mon, 11 Jan 2021 18:29:00 +0900"
"'<b>스팸</b>문자' 신고된 주식종목, 월 평균 10만건 달해","시장감시위원회는 앞으로 <b>스팸</b>문자 정보를 유사투자자문업체, <b>리딩방</b>, 각종 SNS 등을 이용한 신종 불공정거래 감시 활동과 테마주 모니터링에 활용한다. 또 유관기관과의 협력을 통해 <b>스팸</b>문자 데이터를 포함한 각종... ",https://n.news.naver.com/mnews/article/417/0000641623?sid=101,"Fri, 08 Jan 2021 06:46:00 +0900"
거래소 &quot;작년 3월 <b>스팸</b>관여 과다종목 지정 예방효과 확인&quot;,"거래소 관계자는 &quot;향후 <b>스팸</b>문자 정보를 유사투자자문업체, <b>리딩방</b>, 각종 SNS 등을 이용한 신종 불공정거래 감시 활동과 테마주 모니터링에 활용하고, 불공정거래를 예방할 계획&quot;이라고 전했다. 데일리안",https://n.news.naver.com/mnews/article/119/0002458629?sid=101,"Thu, 07 Jan 2021 18:31:00 +0900"
"거래소 &quot;<b>스팸</b>관여과다종목 지정, 투자과열 진정 효과 확인&quot;","시감위는 &quot;<b>스팸</b>관여과다종목 투자주의 지정 요건의 운영 효과를 분석한 결과 시황 안정과 불공정거래 사전예방 효과를 확인했다&quot;며 &quot;앞으로도 <b>스팸</b>문자 정보를 유사투자자문업체, <b>리딩방</b>, 각종 SNS 등을 이용한 신종... ",http://www.paxetv.com/news/articleView.html?idxno=108163,"Thu, 07 Jan 2021 16:31:00 +0900"
"거래소, '<b>스팸</b> 과다 종목 지정'…불공정 거래 예방 확인","거래소 관계자는 &quot;<b>스팸</b>문자 정보를 유사투자자문업체, <b>리딩방</b>, 각종 SNS 등을 이용한 신종 불공정거래 감시 활동과 테마주 모니터링에 활용하고 유관기관과의 협력을 통해 <b>스팸</b>문자 데이터를 포함한 각종 분석정보를 폭... ",https://www.ebn.co.kr/news/view/1467093/?sc=Naver,"Thu, 07 Jan 2021 16:24:00 +0900"
"&quot;OO종목, 내일 오릅니다&quot;… 거래소, '<b>스팸</b>종목' 투자주의 지정 후 효과 ...","시장감시위원회는 앞으로 <b>스팸</b>문자 정보를 유사투자자문업체, <b>리딩방</b>, 각종 SNS 등을 이용한 신종 불공정거래 감시 활동과 테마주 모니터링에 활용한다. 또 유관기관과의 협력을 통해 <b>스팸</b>문자 데이터를 포함한 각종... ",https://n.news.naver.com/mnews/article/417/0000641455?sid=101,"Thu, 07 Jan 2021 16:22:00 +0900"
"거래소 &quot;<b>스팸</b>문자 과다 종목 지정, 불공정거래 예방 효과 있어&quot;","거래소 관계자는 &quot;앞으로 유사 투자 자문업체, <b>리딩방</b>(종목 추천방), 사회관계망서비스(SNS) 등을 활용한 불공정거래를 감시하는 데 <b>스팸</b>문자 정보를 활용할 계획&quot;이라며 &quot;관계기관과의 협력을 통해 불공정거래 예방에... ",https://n.news.naver.com/mnews/article/031/0000577924?sid=101,"Thu, 07 Jan 2021 16:16:00 +0900"
'문자 조심'…거래소 '<b>스팸</b>관여 과다종목'으로 과열 진정효과,"거래소는 향후 <b>스팸</b>문자 정보를 유사투자자문업체, <b>리딩방</b>, 각종 SNS 등을 이용한 신종 불공정거래 감시 활동과 테마주 모니터링에 활용하고, 불공정거래를 예방할 계획이라고 설명했다. syjung@yna.co.kr 본 기사는... ",http://news.einfomax.co.kr/news/articleView.html?idxno=4126186,"Thu, 07 Jan 2021 15:36:00 +0900"
거래소 &quot;<b>스팸</b>과다 종목 지정하니 투자과열 진정&quot;,"시감위는 “<b>스팸</b>관여과다종목 투자주의 지정 요건의 운영 효과를 분석한 결과 시황 안정과 불공정거래 사전예방 효과를 확인했다”며 “앞으로도 <b>스팸</b>문자 정보를 유사투자자문업체, <b>리딩방</b>, 각종 SNS 등을 이용한 신종... ",http://www.newstomato.com/ReadNews.aspx?no=1017185,"Thu, 07 Jan 2021 15:17:00 +0900"
"거래소 &quot;<b>스팸</b>관여종목 지정, 불공정거래 예방효과 확인&quot;","750만주로 수급이 진정되는 효과가 있었다고 거래소는 설명했다. 거래소는 앞으로 유사 투자 자문업체, <b>리딩방</b>, 사회관계망서비스(SNS) 등을 활용한 불공정거래를 감시하는 데 <b>스팸</b>문자 정보를 활용할 계획이다.",http://www.m-i.kr/news/articleView.html?idxno=783714,"Thu, 07 Jan 2021 15:15:00 +0900"
"거래소 &quot;<b>스팸</b> 과다 종목 지정, 시장안정 효과&quot;","시장감시위원회 관계자는 &quot;<b>스팸</b> 문자 정보를 유사투자자문업체, <b>리딩방</b>, 각종 사회관계망서비스(SNS) 등을 이용한 신종 불공정거래 감시 활동과 테마주 모니터링에 활용하고, 관계기관과의 협력을 통해 불공정거래를... ",https://www.econovill.com/news/articleView.html?idxno=513693,"Thu, 07 Jan 2021 14:48:00 +0900"
"거래소 “<b>스팸</b>관여과다종목 지정, 불공정거래 예방효과 있어”","시감위 관계자는 “<b>스팸</b>문자 정보를 유사투자자문업체, <b>리딩방</b>, 각종 SNS 등을 이용한 신종 불공정거래 감시 활동과 테마주 모니터링에 활용하고, 유관기관과의 협력해 불공정거래를 예방할 계획”이라고 전했다.",http://www.fntimes.com/html/view.php?ud=2021010714301533726c0eb6f11e_18,"Thu, 07 Jan 2021 14:33:00 +0900"
"한국거래소, <b>스팸</b>관여과다종목 운영으로 시황 안정 효과 확인","한국거래소 시장감시위원회 관계자는 &quot;향후 추진계획으로 <b>스팸</b>문자 정보를 유사투자자문업체, <b>리딩방</b>, 각종 SNS 등을 이용한 신종 불공정거래 감시 활동과 테마주 모니터링에 활용하고, 유관기관과의 협력을 통해... ",http://www.asiaa.co.kr/news/articleView.html?idxno=16543,"Thu, 07 Jan 2021 14:25:00 +0900"
거래소 &quot;<b>스팸</b>관여과다 투자주의 종목 지정···과열 진정 효과&quot;,"한국거래소는 &quot;향후 <b>스팸</b>문자 정보를 유사투자자문업체, <b>리딩방</b>, 각종 SNS 등을 이용한 신종 불공정거래 감시 활동과 테마주 모니터링에 활용하고, 유관기관과의 협력을 통해 <b>스팸</b>문자 데이터를 포함한 각종... ",http://www.seoulfn.com/news/articleView.html?idxno=406875,"Thu, 07 Jan 2021 14:10:00 +0900"
"거래소 &quot;<b>스팸</b>관여과다종목 지정, 투자과열 진정 효과 확인&quot;","거래소 관계자는 &quot;<b>스팸</b>문자 정보를 유사투자자문업체, <b>리딩방</b>, 각종 SNS 등을 이용한 신종 불공정거래 감시 활동과 테마주 모니터링에 활용하고, 유관기관과의 협력해 불공정거래를 예방할 계획&quot;이라고 말했다.... ",http://www.newspim.com/news/view/20210107000894,"Thu, 07 Jan 2021 14:00:00 +0900"
"한국거래소 &quot;주식매매 <b>스팸</b>종목 지정, 시장안정 효과 있었다&quot;","이에 거래소는 앞으로 유사 투자 자문업체, <b>리딩방</b>(종목 추천방), 사회관계망서비스(SNS) 등을 활용한 불공정거래를 감시하는 데 <b>스팸</b>문자 정보를 활용할 계획이라고 안내했다.",http://www.mediapen.com/news/view/590848,"Thu, 07 Jan 2021 13:56:00 +0900"
"거래소 “<b>스팸</b>과다종목 지정, 불공정 거래 예방 효과 있다”","시장감시위원회 관계자는 “<b>스팸</b> 문자 정보를 유사투자자문업체, <b>리딩방</b>, 각종 사회관계망서비스(SNS) 등을 이용한 신종 불공정거래 감시 활동과 테마주 모니터링에 활용하고, 관계기관과의 협력을 통해 불공정거래를... ",https://n.news.naver.com/mnews/article/016/0001775773?sid=101,"Thu, 07 Jan 2021 13:53:00 +0900"
거래소 &quot;<b>스팸</b>관여과다종목 투자주의 지정 효과 확인&quot;,"거래소는 <b>스팸</b>문자 정보를 유사투자자문업체, <b>리딩방</b>, 각종 SNS등을 이용한 신종 불공정거래 감시 활동과 테마주 모니터링에 활용하기로 했다. 거래소 관계자는 &quot;유관기관과 협력을 통해 <b>스팸</b>문자 데이터를 포함한 각종... ",http://www.kpinews.co.kr/news/articleView.html?idxno=134588,"Thu, 07 Jan 2021 13:49:00 +0900"
'주식<b>리딩방</b>' <b>스팸</b>문자 포함 종목 집중 관리…거래량 56% 급감,"향후 <b>스팸</b>문자 정보를 유사투자자문업체, <b>리딩방</b>, 각종 소셜네트워크서비스(SNS) 등을 이용한 신종 불공정거래 감시 활동과 테마주 모니터링에 활용하고 유관기관과의 협력을 통해 <b>스팸</b>문자 데이터를 포함한 각종... ",https://n.news.naver.com/mnews/article/277/0004824446?sid=101,"Thu, 07 Jan 2021 13:48:00 +0900"
"거래소 &quot;주식매매 <b>스팸</b> 종목 지정, 불공정거래 예방효과 있어&quot;","수급이 진정되는 효과가 있었다고 거래소는 설명했다. 거래소는 앞으로 유사 투자 자문업체, <b>리딩방</b>(종목 추천방), 사회관계망서비스(SNS) 등을 활용한 불공정거래를 감시하는 데 <b>스팸</b>문자 정보를 활용할 계획이다.",https://n.news.naver.com/mnews/article/001/0012125858?sid=101,"Thu, 07 Jan 2021 13:46:00 +0900"
거래소 &quot;<b>스팸</b>과다종목 지정 후 불공정거래 사전예방 효과&quot;,"거래소 측은 &quot;향후 <b>스팸</b>문자 정보를 유사투자자문업체, <b>리딩방</b>, 각종 SNS 등을 이용한 신종 불공정거래 감시 활동과 테마주 모니터링에 활용할 것&quot;이라며 &quot;유관기관과의 협력을 통해 <b>스팸</b>문자 데이터를 포함한 각종... ",https://www.ekn.kr/web/view.php?key=20210107010001291,"Thu, 07 Jan 2021 13:33:00 +0900"
거래소 &quot;월 10만 건씩 쏟아지는 <b>스팸</b> 신고...'투자주의' 지정 효과 있다...,"시감위 관계자는 “<b>스팸</b> 문자 정보를 유사투자자문업체, <b>리딩방</b>, 각종 사회관계망서비스(SNS) 등을 이용한 신종 불공정거래 감시 활동과 테마주 모니터링에 활용하고, 관계기관과의 협력을 통해 불공정거래를 예방할... ",https://n.news.naver.com/mnews/article/011/0003852880?sid=101,"Thu, 07 Jan 2021 13:10:00 +0900"
<b>스팸</b>과다종목 지정했더니… 과열 진정 성공,"거래소는 &quot;<b>스팸</b>문자 정보를 유사투자자문업체, <b>리딩방</b>, 각종 SNS 등을 이용한 신종 불공정거래 감시활용과 테마주 모니터링에 활용할 것&quot;이라며 &quot;유관기관과 협력해 <b>스팸</b>문자 데이터를 포함한 각종 분석정보를 폭 넓게... ",http://www.metroseoul.co.kr/article/20210107500198,"Thu, 07 Jan 2021 12:31:00 +0900"
기자가 직접 <b>리딩방</b> 들어가보니… &quot;난 투자가 아닌 도박을 했다&quot;,# 주식 <b>리딩방</b>의 유혹 투자 손실에 속이 쓰릴 때 모르는 번호(1833-××××)로 문자가 왔다. 평소 같았으면 <b>스팸</b>문자로 치부했을 내용에 시선이 꽂혔다. '한달 누적 수익률 300%' '전문가가 집어주는 반드시 오르는 급등주... ,http://www.thescoop.co.kr/news/articleView.html?idxno=41395,"Wed, 04 Nov 2020 12:39:00 +0900"
조정장 속 인맥주·우선주 활개…반짝주 묻지마 투자주의보,전문가들은 소위 '주식 <b>리딩방</b>(유사투자자문업자가 불특정 다수를 상대로 종목을 추천하고 단시간 안에 매수하게끔 하는 단체채팅방)'이나 <b>스팸</b> 메시지를 통한 시세조종 또는 불공정거래에 주의할 것을 투자자에게... ,http://www.newstomato.com/ReadNews.aspx?no=1004722,"Wed, 04 Nov 2020 06:03:00 +0900"
"천태만상 카카오톡 주식 <b>리딩방</b>, 잘해도 쪽박 잘못하면 형사처벌",기존 문자메시지나 <b>스팸</b>메일을 통해 사람을 모으던 불법<b>리딩방</b>이 스마트폰 메신저 속으로 창구를 옮긴 셈이다. <b>리딩방</b>의 모습은 대개 비슷하다. 자칭 리더가 종목과 매수목표가를 제시한다. 대다수 회원들은 ‘눈팅’만... ,https://n.news.naver.com/mnews/article/009/0004625088?sid=004,"Wed, 29 Jul 2020 17:11:00 +0900"
&quot;상한가 예약&quot; 주린이 울리는 '<b>스팸</b>문자' 주의보,속칭 '전문가 <b>리딩방</b>' 가입을 권유했다. A씨는 &quot;남들은 상한가를 먹고 수익 200%를 냈다는 말을 들을 때마다 이런 <b>스팸</b>문자에 솔깃해 전화를 해 봤지만 가입비가 너무 비싸 포기했다&quot;고 털어놨다. 주식시장에... ,https://n.news.naver.com/mnews/article/088/0000657388?sid=004,"Sun, 26 Jul 2020 16:52:00 +0900"
“이 종목 내일 뜹니다. 더 많은 정보 원해요?”,2030 주린이 울리는 불법 주식 <b>리딩방</b> 투자 열기 편승해 우후죽순 생겨 수익률 미끼로 회비·대출 유도 나도... 최씨는 <b>스팸</b> 문자라고 생각하며 휴대전화를 바지 주머니에 도로 넣었다. 다음 날 오전 10시 40분. 같은... ,https://n.news.naver.com/mnews/article/366/0000559538?sid=102,"Fri, 24 Jul 2020 06:11:00 +0900"
[2030 주린이 울리는 불법 주식 <b>리딩방</b>] “이 종목 내일 뜹니다. 더 많은...,최씨는 <b>스팸</b> 문자라고 생각하며 휴대전화를 바지 주머니에 도로 넣었다. 다음 날 오전 10시 40분. 같은... 최씨를 솔깃하게 한 노스트라다무스의 정체는 ‘주식 <b>리딩방</b>’이다. 주식 <b>리딩방</b>은 자칭 주식 전문가라는 이들이... ,http://economychosun.com/client/news/view.php?boardName=C05&t_num=13609219,"Mon, 13 Jul 2020 18:46:00 +0900"
어느 날 날아온 ‘주식 <b>스팸</b>’ 문자…당신의 주머니 노린다,더군다나 이런 <b>스팸</b>이 궁극적으로는 돈을 받고 종목을 추천해주는 '유료 <b>리딩방</b>' 유인책인 경우가 대부분인데요. 한두 번 맞혔다고 섣부른 맹신이나 추격매수는 낭패를 볼 가능성이 크다는 점에 주의하셔야겠습니다.... ,https://n.news.naver.com/mnews/article/374/0000214083?sid=101,"Thu, 18 Jun 2020 18:44:00 +0900"
"&quot;XX전자 터진다&quot;, 다음날 진짜 상한가…이 <b>스팸</b>문자에 혹하면","잠깐. 그런 작전세력의 덫에 걸려들면 큰 돈 날릴 수 있습니다. 조심하세요! 주식<b>스팸</b>문자와 유료 <b>리딩방</b>의 실체. 그게머니가 영상으로 쉽고 친절하게 알려드릴게요. 기획=금융팀, 영상=김진아·김재하",https://n.news.naver.com/mnews/article/025/0003005109?sid=101,"Sat, 30 May 2020 15:01:00 +0900"
“22% 보셨죠? 오늘 사야 돈 법니다” 문자 전화해보니,"권하는 <b>스팸</b> 문자가 대부분이다. 그런데 해당 종목이 다음날 오른 경우도 있다. 일부 개인 투자자는 이들이... 문자를 보내는 건, 돈을 받고 주식 종목을 추천해주는 ‘유료 <b>리딩방</b>’ 참가를 유도하기 위해서다. 실제... ",https://n.news.naver.com/mnews/article/025/0003001373?sid=101,"Mon, 18 May 2020 00:04:00 +0900"
"[그게머니]'선생님, 내일 상한가 먹을게요'···<b>스팸</b>문자의 비밀",650만원인 <b>리딩방</b> 가입을 권유했다. 원래 정가는 1년에 1600만원이라고 했다. 연구원이라고 밝힌 A씨는 &quot;무료 문자보다 더 빨리 알려줘 주가가 급등할 때 팔 수 있게 해준다&quot;고 했다. #‘<b>스팸</b> 문자=작전주’ 주의하세요... ,https://n.news.naver.com/mnews/article/025/0003001137?sid=101,"Sat, 16 May 2020 06:01:00 +0900"
