title,description,link,pubDate
통신사 긴급구조 위치 정보 정확도 개선… KT 기지국·SKT GPS 우세,"한편 김 위원장은 지난 2월 취임 후 처음으로 이통 3사 CEO(최고경영자)와 만나 단말기 유통구조 개선법 후속조치와 AI(인공지능) 관련 이용자 보호 방안, 불법<b>스팸</b> 대응 강화, 본인확인 정보 안전성 강화 등... ",https://sateconomy.co.kr/news/view/1065584795689739,"Tue, 21 Apr 2026 14:20:00 +0900"
법원 판결문 ‘이름·주소·주민번호’ 일부 유출…온라인 제공 중단,"법원행정처는 공지를 통해 이와 같은 사실을 알리며 “혹시 모를 피해 방지를 위해 유출된 개인정보를 이용한 명의도용, 보이스피싱, <b>스팸</b>메일 등 2차 피해에 각별한 주의를 당부드린다”며 “개인정보 악용으로 의심되는... ",https://n.news.naver.com/mnews/article/020/0003714079?sid=102,"Tue, 21 Apr 2026 11:35:00 +0900"
반값여행 신청 서두르세요! 여행비 50% 지역사랑상품권 환급,불법<b>스팸</b> 차단 못 하면 대량 문자 사업 못한다 방송미디어통신위원회가 대량문자 전송사업자의 불법<b>스팸</b> 방지 책임을 강화하는 제도 도입에 나섰다. 방미통위는 '전기통신사업법 시행령' 관련 고시 제정안을... ,https://www.korea.kr/news/policyNewsView.do?newsId=148962897&call_from=naver_news,"Tue, 21 Apr 2026 11:00:00 +0900"
워드프레스 보안 뚫렸다...플러그인에 악성코드 심어 감염,"4월 초 악성코드 활성화…구글 SEO <b>스팸</b> 등 유포 워드펜스의 보고서에 따르면, 잠복해 있던 이 백도어는... 구체적인 피해 사례로는 감염된 웹사이트가 구글 검색 엔진 로봇에만 광고나 악성 링크를 보여주는 'SEO <b>스팸</b>... ",https://www.junggi.co.kr/news/articleView.html?idxno=36183,"Tue, 21 Apr 2026 10:18:00 +0900"
AI가 앱 죽인다고 했는데… iOS·안드로이드 신규앱 출시 104% 급증,"선택지가 늘고 더 다양한 도구를 접할 가능성은 커졌지만, 신뢰할 수 있는 앱과 <b>스팸</b>·유해 앱을 구분하기는 더 어려워질 수 있다. 플랫폼 운영사는 감시 체계를 더 엄격하게 가져가야 하고, 이용자도 보안에 대한... ",https://www.digitaltoday.co.kr/news/articleView.html?idxno=658679,"Tue, 21 Apr 2026 09:52:00 +0900"
"아르헨티나 농식품 시장 현황, 관련 정책 및 검역·통관제도","그동안 대(對)한국 수입품은 주로 자동차·기계·설비 등으로 인식되어 왔는데, 한국산 동물성 식품(참치캔, <b>스팸</b> 등)을 아르헨티나에 본격적으로 수입하려는 움직임은 괄목할 만하다.” 하였다. SENASA 관할인... ",http://dream.kotra.or.kr/kotranews/cms/news/actionKotraBoardDetail.do?SITE_NO=3&MENU_ID=90&CONTENTS_NO=1&bbsGbn=244&bbsSn=244&pNttSn=240590,"Tue, 21 Apr 2026 09:49:00 +0900"
"법원서 판결문 실명 등 개인정보 유출…대법, 조치 후 사과","법원은 &quot;피해 방지를 위하여 유출된 개인정보를 이용한 명의도용, 보이스피싱, <b>스팸</b>메일 등 2차 피해에 각별한 주의를 당부 드린다&quot;며 &quot;계좌번호 및 이메일의 비밀번호를 변경해 주고, 이메일이나 문자 수신 시 출처가... ",https://n.news.naver.com/mnews/article/310/0000135924?sid=102,"Tue, 21 Apr 2026 09:46:00 +0900"
[업스테이지 상장]③ B2B서 B2C로…'다음' 품고 AI 포털 노린다 [넘버스...,더욱이 포털 내부에 정체해 있는 낡은 게시물이나 <b>스팸</b>성 콘텐츠를 무분별하게 학습할 경우 오히려 모델의 품질이 떨어지는 '데이터 오염' 문제도 해결해야 할 과제로 꼽힌다. 다음이 오랜 기간 수익성 저하를 겪어온... ,https://n.news.naver.com/mnews/article/293/0000083118?sid=101,"Tue, 21 Apr 2026 09:16:00 +0900"
"법원서 판결문 실명·주민번호 유출 사고…대법, 조치 후 사과","그러면서 &quot;피해 방지를 위하여 유출된 개인정보를 이용한 명의도용, 보이스피싱, <b>스팸</b>메일 등 2차 피해에 각별한 주의를 당부 드린다&quot;며 &quot;계좌번호 및 이메일의 비밀번호를 변경해 주고, 이메일이나 문자 수신 시 출처가... ",https://n.news.naver.com/mnews/article/003/0013899385?sid=102,"Tue, 21 Apr 2026 08:50:00 +0900"
"&quot;가짜 수익률 속지 마세요&quot; 금감원, 유사투자자문에 과태료 4억7000만원","한편, 정부는 온라인 플랫폼을 통한 불법 금융 광고가 산업 전반의 신뢰도를 저해한다고 판단하고, AI 기술을 활용한 실시간 모니터링 시스템 구축 및 불법 <b>스팸</b> 광고 차단을 위한 부처 간 협력을 강화하고 있다.",https://www.pointe.co.kr/news/articleView.html?idxno=78586,"Mon, 20 Apr 2026 17:34:00 +0900"
"민주당 광주시당, 광역의원 경선 21~22일 본격 실시","시당은 투표 참여율을 높이고 <b>스팸</b> 전화 등으로 인한 혼란을 방지하기 위해 홈페이지에 아웃바운드, 인바운드 ARS 발신 번호를 사전에 공고할 예정이다. 최근 광산구 제3선거구의 조승유 후보가 사퇴함에 따라 시당... ",https://n.news.naver.com/mnews/article/002/0002438272?sid=102,"Mon, 20 Apr 2026 17:19:00 +0900"
"민주당 광주시당, 광역의원 경선 21일 시작","특히 시당은 투표 참여율을 높이고 <b>스팸</b> 전화 등으로 인한 혼란을 방지하기 위해 ARS 발신 번호를 사전에 공고한다. 21일 오전 중 1일차 아웃바운드 발신 번호를 광주시당 홈페이지에 공고하며, 22일 역시 인바운드용 투표... ",https://www.jnilbo.com/news/articleView.html?idxno=90000031227,"Mon, 20 Apr 2026 17:09:00 +0900"
[정책브리핑] “고유가 피해지원금 드립니다” URL 문자 절대 누르지 마...,"정부, 스미싱·<b>스팸</b>문자 주의보 국민비서 사전 알림서비스 활용 권장 유관기관 합동으로 모니터링 강화 경찰청 등 신속 대응체계 운영 계획 정부는 ‘인터넷 주소 바로가기(URL·링크)’가 포함된 ‘고유가 피해지원금’... ",https://kookbang.dema.mil.kr/newsWeb/20260421/2/ATCE_CTGR_0030010000/view.do,"Mon, 20 Apr 2026 16:36:00 +0900"
[정책브리핑] “고유가 피해지원금 드립니다” URL 문자 절대 누르지 마...,"정부, 스미싱·<b>스팸</b>문자 주의보 국민비서 사전 알림서비스 활용 권장 유관기관 합동으로 모니터링 강화 경찰청 등 신속 대응체계 운영 계획 정부는 ‘인터넷 주소 바로가기(URL·링크)’가 포함된 ‘고유가 피해지원금’... ",https://kookbang.dema.mil.kr/newsWeb/20260421/3/ATCE_CTGR_0010010000/view.do,"Mon, 20 Apr 2026 16:36:00 +0900"
"‘페이아웃킹’으로 탈바꿈한 블랙바스타, 기업 보안망 정조준","공격자들은 대량 <b>스팸</b>을 보내고 IT 직원을 사칭해 MS 팀즈로 접근한 뒤, 원격 지원 도구를 악용해 시스템에 침투했다. 침투에 성공하면 민감한 데이터를 대량으로 빼돌리고, 4096비트 RSA 등 강력한 암호화 기술을... ",http://www.boannews.com/media/view.asp?idx=143278&kind=4,"Mon, 20 Apr 2026 15:18:00 +0900"
"과기부총리-통신사 CEO 정례 간담회, 시선은 갈렸다","여기에 개인정보보호, <b>스팸</b>·대포폰 대응 등 이용자 보호 이슈까지 더해지면서 통신사들이 감당해야 할 정책... 최근 개인정보보호, <b>스팸</b>·대포폰 차단, 해킹 대응 체계 강화 필요성이 부각되면서, 정부가 통신사를 상대로... ",http://www.enewstoday.co.kr/news/articleView.html?idxno=2420854,"Mon, 20 Apr 2026 14:54:00 +0900"
"[유통뷰] 도쿄·뉴욕·토론토·호치민 동시다발… 비비고 日 10% 돌파, K브...","비비고 컵떡볶이(6.2g)·곱창전골(9.1g) 플라스틱 감량, <b>스팸</b> 라벨프리 출시, '환경을생각한햇반'의 탄소 17% 감축까지 식품 기업이 소재·환경 기업으로 체질을 바꾸는 과정이 조용히 진행 중이다. 더본코리아는 일본... ",https://www.newscj.com/news/articleView.html?idxno=3394870,"Mon, 20 Apr 2026 12:02:00 +0900"
"설정 꺼도 소용 없다…챗GPT 클로드 등 AI, 데이터 자동 수집 논란","데이터 브로커가 공개 정보를 수집해 재판매할 수 있으며, 이는 <b>스팸</b>, 사기, 신원 도용 등으로 이어질 수 있다. 삭제 요청도 가능하지만 대상이 분산돼 있고, 재수집 가능성도 있어 관리가 쉽지 않은 상황이다.",https://www.digitaltoday.co.kr/news/articleView.html?idxno=658364,"Mon, 20 Apr 2026 11:46:00 +0900"
[대한루마니아인 한국생활] “한국을 나보다 더 잘 아네?” 외국인 유학...,"기본 김치찌개 만으로도 충분히 식사가 가능하지만, 여기에 두부, 어묵, <b>스팸</b> 같은 추가 토핑을 더하면 만족감이 훨씬 올라간다. 토핑은 보통 1000원에서 2000원 사이라서, 결국 5000원에서 6000원 정도면 제법 든든한 한 끼가... ",https://www.wikitree.co.kr/articles/1132391,"Mon, 20 Apr 2026 11:18:00 +0900"
&quot;알바인 줄 알았는데&quot;…'재택근무 미끼' 대포폰 범죄 확산,"주로 <b>스팸</b> 문자 발송이나 보이스피싱 등 범죄 수단으로 쓰이는데, 명의자 본인도 모르는 사이 범죄에 연루되는 구조인 만큼 주의가 요구된다. 20일 경찰청에 따르면 보이스피싱 관련 대포폰 적발 건수는 2021년 4005건... ",https://n.news.naver.com/mnews/article/277/0005751824?sid=102,"Mon, 20 Apr 2026 10:50:00 +0900"
"AI 기술 접목에 앱스토어 출시 60% 급증, 코딩 장벽 뚫고 제2 전성기 도...","애플은 지난 2024년 기준 1만 7000개 이상의 미끼형 앱을 차단하고 32만 건 이상의 <b>스팸</b> 및 모사 앱 제출을 거절하는 등 검수를 강화하고 있으나, AI로 찍어내는 듯한 엄청난 물량의 앱 심사 요청에 대응하기에는... ",https://n.news.naver.com/mnews/article/138/0002225027?sid=105,"Mon, 20 Apr 2026 09:13:00 +0900"
[SaaS 생태계 변화 ①] '성과 기반'으로 전환 가속 ··· AI 에이전트가...,"메타(Meta)에서 테스트 중이던 자율형 에이전트가 권한 설정 오류로 중요 업무 이메일을 <b>스팸</b>으로 분류해 무단 삭제하고, 내부 회의 데이터를 외부 협력사에게 노출시킨 사고가 있었다. 이는 AI가 적절한 통제 없이... ",https://www.datanet.co.kr/news/articleView.html?idxno=211019,"Mon, 20 Apr 2026 09:00:00 +0900"
"지에스엔씨, 분산된 보안 운영 구조 문제 지적…통합 메일 보안 체계 강...","기업들은 <b>스팸</b> 차단, 악성코드 탐지, 첨부파일 분석, 계정 보호, 정보유출방지(DLP) 등 다양한 기능을 추가하며 보안 체계를 강화하고 있다. 그러나 이들 솔루션이 개별적으로 운영될 경우 관리 복잡도가 증가하고, 보안... ",https://www.epnc.co.kr/news/articleView.html?idxno=400570,"Mon, 20 Apr 2026 09:00:00 +0900"
"“통장만 빌려주면 돈 줍니다” 혹했다간 피눈물…금감원, 가상계좌 사...",가상계좌 제공이나 판매 요구는 반드시 거절해야 한다”고 말했다. 또 “사기범에게 속아 금전을 이체한 경우에는 즉시 신고해야 한다”고 강조했다. 자고 일어났더니 계좌가 0원? 금감원이 긴급 경고한 ‘<b>스팸</b>의 비극’,https://n.news.naver.com/mnews/article/011/0004612313?sid=102,"Mon, 20 Apr 2026 03:01:00 +0900"
고령층 겨눈 사고·사기 동시 급증,"아울러 반사판과 밝은색 의류 보급, <b>스팸</b> 차단 앱 설치 지원도 함께 이뤄지고 있다. 이와 함께 금융기관과 협력해 고액 현금 인출 시 이상 징후를 확인하는 절차를 강화하고 피해의심 사례에 대한 대응 체계 구축도... ",https://www.jemin.com/news/articleView.html?idxno=836378,"Sun, 19 Apr 2026 17:26:00 +0900"
앱 출시 급증 속 앱스토어 활기...AI 효과,앱이 피해자들로부터 950만달러를 빼낸 사건도 발생했다. 애플은 2024년 한 해에만 <b>스팸</b>·사기·규정 위반 앱 37만건 이상을 차단했으나 급증하는 앱 물량에 심사 부담이 가중되고 있다고 테크크런치는 전했다.,https://www.digitaltoday.co.kr/news/articleView.html?idxno=658216,"Sun, 19 Apr 2026 07:18:00 +0900"
"[IT 소식 톺아보기- 4월 3주차] 구글, 브라우저 조작 웹 제재...로블록스...",이는 사용자들이 원치 않는 광고 페이지나 <b>스팸</b> 사이트에 갇히는 문제를 해결하기 위한 조치다. 구글이 제재... 최근 일부 광고 네트워크와 <b>스팸</b> 사이트가 뒤로 가기 버튼 하이재킹을 통해 트래픽을 인위적으로... ,https://www.m-economynews.com/news/article.html?no=66580,"Sat, 18 Apr 2026 20:50:00 +0900"
[피지컬AI와 윤리] 바흐 음악서 배워야 할 AI규제,"<b>스팸</b> 필터, 단순 게임 AI, 추천 기능 일부 등은 현행 일반 법질서와 자율 규제, 윤리 가이드라인으로도 관리 가능하다고 간주되며 별도의 특정 의무는 부과되지 않는다. 이와 같은 네 단계 구조는 위험 기반 규제 접근의... ",https://n.news.naver.com/mnews/article/092/0002419179?sid=105,"Sat, 18 Apr 2026 20:02:00 +0900"
&quot;퇴근하고 보니 부재중만 8통&quot;…시도 때도 없이 울려 '분통',여론조사 전화는 영리 목적의 불법성이 없다는 이유로 <b>스팸</b>으로 분류되지도 않는다. 박민규 고려대 통계학과 교수는 “비대면으로 신속하고 저렴하게 조사 가능한 수단은 사실상 전화뿐”이라면서도 “유권자에게... ,https://n.news.naver.com/mnews/article/015/0005276505?sid=102,"Fri, 17 Apr 2026 22:07:00 +0900"
"샤퀴테리 칩스가 뭐길래, 해외 틱톡을 휩쓴 간식 트렌드","또 다른 레시피에서는 볶음김치, <b>스팸</b>, 계란 프라이를 이용하여 진정한 K-샤퀴테리 칩스를 선보이기도 했다. 조리 과정 없이도 ‘플레이팅’만으로 완성된다는 점에서, 샤퀴테리 칩스는 최근 SNS 기반 음식 트렌드의... ",https://www.esquirekorea.co.kr/article/1900995,"Fri, 17 Apr 2026 19:12:00 +0900"
"[위클리 시그널] LG U+, 유심 보호 조치 55만 건…정부, <b>스팸</b> 차단 고도...",불법 <b>스팸</b> 대응 강화에 나섰다. 한국과학기술원(KAIST) 연구진이 와이파이 기반 실내 위치 인식 기술을... 불법 <b>스팸</b> 줄인다…민관 협의체 대응 본격화 정부가 불법 <b>스팸</b> 대응에 팔을 걷어붙였다. 지난 14일... ,http://www.itdaily.kr/news/articleView.html?idxno=238936,"Fri, 17 Apr 2026 16:18:00 +0900"
창업 2년 만에 매출 2조원…1인 유니콘 기업 ‘메드비’ 화려한 성공의...,"‘메드비’와 제휴 마케팅 업체들이 원치 않는 문자와 이메일을 발송해 <b>스팸</b> 관련 법을 어겼다는 주장을 비롯해 발신 주소 조작 의혹, ‘오픈루프’를 둘러싼 데이터 유출 및 집단소송 문제 등까지 겹쳤다.... ",https://ilyo.co.kr/?ac=article_view&entry_id=510463,"Fri, 17 Apr 2026 16:00:00 +0900"
"파이 네트워크, KYC 1800만명 내세워 ‘지갑 수 경쟁’에 반격","반대로 KYC가 깔려 있으면 <b>스팸</b> 계정과 봇 활동을 줄이기 쉽고, 네트워크 참여자 간 신뢰도도 높아진다. 애플리케이션 개발자 입장에서도 별도의 규제 대응 장치를 덜어낼 수 있다. 최근 디지털자산 전반에 규제 압력이... ",https://www.tokenpost.kr/news/blockchain/350511,"Fri, 17 Apr 2026 15:12:00 +0900"
"&quot;민주당 경기도당, 경선 공정성 의혹&quot;…경선 관리 부실 비판","여론조사임을 명확히 밝히지 않고 보험 권유 등 <b>스팸</b> 형태로 접근한 사례가 다수 확인됐다. 시사저널이 '02-6730-62**'로 시작하는 여론조사 연락처를 파악한 결과, 실제로 '광고/홍보 <b>스팸</b>의심', '보험 권유'라는 문구로 전화가... ",https://n.news.naver.com/mnews/article/586/0000127196?sid=102,"Fri, 17 Apr 2026 15:05:00 +0900"
보안은 선택이 아니라 공공재다,"한국인터넷진흥원 118상담센터는 해킹·바이러스, 개인정보 침해, 불법 <b>스팸</b> 등과 관련한 상담을 365일 24시간 무료로 제공하고, 2026년부터는 실시간 채팅·챗봇과 통합 안내 웹페이지까지 도입했다. 특히 KISA는 이런... ",https://www.ablenews.co.kr/news/articleView.html?idxno=230367,"Fri, 17 Apr 2026 10:38:00 +0900"
&quot;신고는 편해졌는데 결과는 이용자 몫&quot; 불법<b>스팸</b> 신고 시스템 현주소,"자신도 모르는 사이에 도박 사이트 <b>스팸</b> 문자를 대량 발송한 '발송자'가 돼 이동전화 서비스가 정지되는... 대량 불법<b>스팸</b> 발송에 악용된 번호는 이동통신사업자의 이용약관에 따라 이용 정지될 수 있는데, 이 경우... ",https://it.donga.com/108754/,"Fri, 17 Apr 2026 10:10:00 +0900"
"[AP 미디어동향 4월 3주] 지상파, 네이버와 AI 저작권 협약…입장차만 확...","구글은 해당 행위를 <b>스팸</b> 정책 위반으로 규정하고, 오는 6월 15일부터 적발된 사이트의 검색 순위를 강등하거나 노출에서 제외할 방침이다. 이는 부당한 광고 노출 및 체류 시간 조작으로부터 사용자 경험을... ",https://www.apnews.kr/news/articleView.html?idxno=3047914,"Fri, 17 Apr 2026 08:40:00 +0900"
"[지지대] “선거 문자, 그만 보내면 안 되나요?”","선거 문자, 왜 국민에게 <b>스팸</b> 취급을 받기 시작했을까. 선거철 후보자들이 자신의 공약과 이력을 담아 보내는... 이런 순기능을 가진 메시지가 <b>스팸</b> 취급을 받는 이유를 고민해 보니 결국 ‘꾸준함’ 때문이라는 답이... ",https://n.news.naver.com/mnews/article/666/0000103654?sid=110,"Fri, 17 Apr 2026 03:02:00 +0900"
통신사가 보이스피싱도 잡는다… LG유플 ‘보안 삼총사’,"문제의 앱은 악성코드 검사조차 피해가도록 설계돼 교묘히 보안망을 빠져나갔고, 가입자들은 영문도 모른 채 ‘불법 <b>스팸</b> 발송자’로 몰려 번호가 정지될 위기에 처해 있었다. 대응팀은 곧바로 한국인터넷진흥원(KISA)을... ",https://n.news.naver.com/mnews/article/005/0001843763?sid=101,"Fri, 17 Apr 2026 02:07:00 +0900"
[브리프]GS리테일 롯데면세점 신세계사이먼 BGF 타임스퀘어,'피빅 한입 쏙 <b>스팸</b> 계란 김밥'은 기존 김밥 지름인 5cm보다 1cm 줄인 4cm로 제공해 한 입에 먹기 편리하다.... 두툼해서 씹는 맛을 더하는 짭조름한 <b>스팸</b>과 달달한 가쓰오 계란구이를 한 번에 말아 구성했다. '피빅 참치... ,http://www.biztribune.co.kr/news/articleView.html?idxno=352547,"Thu, 16 Apr 2026 21:10:00 +0900"
"BGF리테일, 편의점 도시락에 LA갈비·쭈꾸미 메인 반찬 적용…고급 간편...","이와 함께 CU는 김밥 지름을 기존 5cm에서 4cm로 줄인 ‘한입 쏙 <b>스팸</b> 계란 김밥’과 8알 대신 5알로 구성한 ‘참치 샐러드 5조각 김밥’도 함께 출시했다. 전자는 립스틱이 지워지는 점을 고려한 설계이며, 후자는 컵라면... ",http://www.lawissue.co.kr/view.php?ud=202604162028319013204ead0791_12,"Thu, 16 Apr 2026 20:30:00 +0900"
방미통위 정상화 수순…'유료방송 활성화'는 제자리걸음,"16일 업계에 따르면 방미통위는 지난 10일 첫 전체회의를 개최하고 방송 3법 후속 조치, 방송사 재허가, 불법 <b>스팸</b> 방지 등 총 23개 안건을 심의·의결했다. 다만 위원장 출범 100일 간담회에 이어 열린 첫... ",https://n.news.naver.com/mnews/article/014/0005509087?sid=105,"Thu, 16 Apr 2026 18:25:00 +0900"
"[오늘의 신상품] CU, 프리미엄 간편식 ''PBICK 더 키친 특식선언' 출시 外...",'피빅 한입 쏙 <b>스팸</b> 계란 김밥'과 '피빅 참치 샐러드 5조각 김밥'도 함께 만나볼 수 있다. 김배근 BGF리테일 간편식품팀장은 &quot;나날이 고객 수요가 다양해지는 만큼 편의점 간편식도 진화를 거듭해 선택 폭 확대와 편의성... ,https://www.getnews.co.kr/news/articleView.html?idxno=867953,"Thu, 16 Apr 2026 17:28:00 +0900"
"CU, 'PBICK 더 키친' 프리미엄 라인 확대…특식 콘셉트 도시락 출시",한입 쏙 <b>스팸</b> 계란 김밥은 크기를 줄여 한 번에 먹기 쉽도록 구성했다. 기존 대비 지름을 축소해 휴대성과 편의성을 높였다. <b>스팸</b>과 계란을 조합해 맛의 균형도 강화했다. 참치 샐러드 김밥은 소량 구성으로 부담을... ,https://www.insightkorea.co.kr/news/articleView.html?idxno=244822,"Thu, 16 Apr 2026 16:52:00 +0900"
&quot;장영원·카리나보다 예뻐&quot;…주인공은 40대 여배우 &quot;11살 아들이 응원&quot; ...,"윙은 ‘도파민’ 이후 연락을 받았지만 처음에는 <b>스팸</b>으로 오해했다고 밝혔고, 이후 “이 무대는 윙이 주인공이어야 한다”라는 지드래곤의 제안을 받고 참여를 결정했다고 전했다. 무대에서의 존재감을 인정받은 경험은... ",https://m.entertain.naver.com/article/312/0000756047,"Thu, 16 Apr 2026 16:30:00 +0900"
"[단독] '버려질 콜라' 몇 캔이 해고 사유…BGF, 공정거래법 '지뢰' 밟나",감차 요구의 빌미가 된 취식 물품은 콜라 200㎖ 5~6캔과 <b>스팸</b> 1개로 알려졌다. 화물연대는 수년간 이어온 현장 관행이 파업 국면에서 갑자기 문제가 됐다고 주장했다. 특히 BGF로지스가 직접 공문까지 보내 운송사에 감차를... ,https://www.newsworks.co.kr/news/articleView.html?idxno=838024,"Thu, 16 Apr 2026 16:14:00 +0900"
"출범 6개월 만 첫 회의한 방미통위, 23건 의결에도 유료방송 현안 '공백...","16일 업계에 따르면 방미통위는 지난 10일 첫 전체회의를 개최하고 방송 3법 후속 조치, 방송사 재허가, 불법 <b>스팸</b> 방지 등 총 23개 안건을 심의·의결했다. 다만 위원장 출범 100일 간담회에 이어 열린 첫... ",https://n.news.naver.com/mnews/article/014/0005508922?sid=105,"Thu, 16 Apr 2026 15:59:00 +0900"
"CU, 프리미엄 간편식 라인 강화…'PBICK 더 키친 특식선언' 2종 출시",'피빅 한입 쏙 <b>스팸</b> 계란 김밥'은 기존 김밥 지름에서 1cm줄인 4cm로 제작해 취식 불편함을 줄이도록... '피빅 한입 쏙 <b>스팸</b> 계란 김밥'은 기존 김밥 지름에서 1cm줄인 4cm로 제작해 취식 불편함을 줄이도록 설계했다. '피빅... ,http://www.srtimes.kr/news/articleView.html?idxno=201395,"Thu, 16 Apr 2026 15:50:00 +0900"
"CU, 프리미엄 간편식 라인 'PBICK 더 키친 특식선언' 2종 선봬",'피빅 한입 쏙 <b>스팸</b> 계란 김밥'은 기존 김밥 지름인 5cm보다 1cm 줄인 4cm로 제공해 한 입에 먹기 편리하다.... 두툼해서 씹는 맛을 더하는 짭조름한 <b>스팸</b>과 달달한 가쓰오 계란구이를 한 번에 말아 구성했다. '피빅 참치... ,http://www.thefirstmedia.net/news/articleView.html?idxno=198098,"Thu, 16 Apr 2026 15:32:00 +0900"
[오늘의 편의점] CU·이마트24,'피빅 한입 쏙 <b>스팸</b> 계란 김밥'은 기존 김밥 지름인 5cm보다 1cm 줄인 4cm로 제공해 한 입에 먹기 편리하다.... 두툼해서 씹는 맛을 더하는 짭조름한 <b>스팸</b>과 달달한 가쓰오 계란구이를 한 번에 말아 구성했다. '피빅 참치... ,http://www.financialreview.co.kr/news/articleView.html?idxno=41708,"Thu, 16 Apr 2026 15:06:00 +0900"
"“고유가 지원금 지급” 문자 주의보…정부, 스미싱·<b>스팸</b> 피해 경고",정부가 ‘고유가 피해지원금’을 사칭한 스미싱 및 <b>스팸</b> 문자에 대해 소비자 주의를 당부했다. 과학기술정보통신부와 한국인터넷진흥원은 최근 유류비 부담 완화를 위한 지원 정책을 악용해 정부 지원금 지급을 안내하는... ,https://news.appstory.co.kr/daily18994,"Thu, 16 Apr 2026 14:50:00 +0900"
"CU, 고급 식재료로 간편식 선봬..PBICK 더 키친 특식선언 2종 출시",피빅 한입 쏙 <b>스팸</b> 계란 김밥은 기존 김밥 지름인 5cm보다 1cm 줄인 4cm로 제공해 한 입에 먹기 편리하다.... 두툼해서 씹는 맛을 더하는 짭조름한 <b>스팸</b>과 달달한 가쓰오 계란구이를 한 번에 말아 구성했다. 피빅 참치... ,https://kpenews.com/View.aspx?No=4044374,"Thu, 16 Apr 2026 12:56:00 +0900"
'출금 안내' 문자 한 통의 함정···일상 파고든 피싱·스미싱 주의보,최근에는 단순 <b>스팸</b>을 넘어 실제 금융정보 탈취와 계정 해킹으로 이어지는 사례가 늘어나고 있다. 피싱... 최근 금융감독원은 정교해지는 불법금융 <b>스팸</b>에 대응하기 위해 자연어 처리 기술(NLU) 등을 활용해 대응체계를... ,https://www.smartbizn.com/news/articleView.html?idxno=142010,"Thu, 16 Apr 2026 11:38:00 +0900"
"&quot;편의점 특식 시대&quot;…CU, 프리미엄 간편식 라인 강화","'PBICK 한입 쏙 <b>스팸</b> 계란 김밥'은 지름을 4㎝로 줄여 한입에 먹기 쉽게 설계했으며, 'PBICK 참치 샐러드 5조각 김밥'은 기존 8알보다 적은 5조각 구성으로 1인 식사와 다이어트 수요를 반영했다. CU는 이번 라인업을 통해... ",https://www.widedaily.com/news/articleView.html?idxno=292429,"Thu, 16 Apr 2026 11:28:00 +0900"
"CU, ‘PBICK 더 키친 특식선언’ 2종 선봬…간편식 고급화 강화",‘피빅 한입 쏙 <b>스팸</b> 계란 김밥’은 기존 김밥 지름인 5cm보다 1cm 줄인 4cm로 제공해 한 입에 먹기 편리하다.... 두툼해서 씹는 맛을 더하는 짭조름한 <b>스팸</b>과 달달한 가쓰오 계란구이를 한 번에 말아 구성했다. ‘피빅... ,https://www.megaeconomy.co.kr/news/newsview.php?ncode=1065575573736579,"Thu, 16 Apr 2026 10:20:00 +0900"
"CU, 프리미엄 간편식 라인 ‘특식선언’ 출시","‘피빅 한입 쏙 <b>스팸</b> 계란 김밥’은 기존 김밥 지름인 5㎝보다 1㎝ 줄인 4㎝로 제공해 한입에 먹기 편리하다. ‘피빅 참치 샐러드 5조각 김밥’은 기존 8알보다 적은 5알 구성으로, 컵라면 등과 함께 먹을 수 있도록 양을... ",https://n.news.naver.com/mnews/article/092/0002418887?sid=105,"Thu, 16 Apr 2026 09:58:00 +0900"
"CU, 프리미엄 간편식 '피빅 더 키친 특식선언' 2종 출시",'피빅 한입 쏙 <b>스팸</b> 계란 김밥'은 기존 김밥 지름을 1㎝ 줄인 4㎝로 제공해 한 입에 먹기 편리하다. <b>스팸</b>과 달달한 가쓰오 계란구이를 한 번에 말아 구성했다. '피빅 참치 샐러드 5조각 김밥'은 합리적인 5알 구성으로... ,https://n.news.naver.com/mnews/article/030/0003418401?sid=101,"Thu, 16 Apr 2026 09:58:00 +0900"
"LA갈비·쭈꾸미까지…CU, '피빅 특식'으로 편의점 먹거리 고급화","기존 김밥보다 편의성을 높인 상품으로, '피빅 한입 쏙 <b>스팸</b> 계란 김밥'은 한 입에 먹기 편하도록 기존 김밥 지름인 5cm보다 1cm 줄인 4cm로 제공하기도 한다. '피빅 참치 샐러드 5조각 김밥' 또한 컵라면 등과 함께 먹을 수... ",https://n.news.naver.com/mnews/article/138/0002224667?sid=101,"Thu, 16 Apr 2026 09:51:00 +0900"
최고 시청률 4.6%→동시간대 시청률 '1위'…안방극장 홀린 韓 예능 ('라...,"윙은 '도파민' 이후 연락을 받았지만 처음에는 <b>스팸</b>으로 오해했다고 밝혔고, 이후 &quot;이 무대는 윙이 주인공이어야 한다&quot;라는 지드래곤의 제안을 받고 참여를 결정했다고 전했다. 무대에서의 존재감을 인정받은 경험은... ",https://m.entertain.naver.com/article/213/0001381849,"Thu, 16 Apr 2026 09:47:00 +0900"
"[유통갤러리] 무신사, 삼성카드와 전략적 파트너십 체결 外",‘피빅 한입 쏙 <b>스팸</b> 계란 김밥’은 기존 김밥 지름인 5cm보다 1cm 줄인 4cm로 제공해 한 입에 먹기 편리하다. ‘피빅 참치 샐러드 5조각 김밥’은 일반 김밥이 8알인데 반해 합리적인 5알 구성으로 컵라면 등과 함께... ,https://theviewers.co.kr/View.aspx?No=4043661,"Thu, 16 Apr 2026 09:38:00 +0900"
"윙, 비스박스 자기소개 장면…'라스' 최고의 1분","윙은 ‘도파민’ 이후 연락을 받았지만 처음에는 <b>스팸</b>으로 오해했다고 밝혔고, 이후 “이 무대는 윙이 주인공이어야 한다”라는 지드래곤의 제안을 받고 참여를 결정했다고 전했다. 무대에서의 존재감을 인정받은... ",https://m.entertain.naver.com/article/408/0000305440,"Thu, 16 Apr 2026 09:08:00 +0900"
"‘라디오스타’ 장동민, 넷플릭스 제작 근황","윙은 ‘도파민’ 이후 연락을 받았지만 처음에는 <b>스팸</b>으로 오해했다고 밝혔고, 이후 “이 무대는 윙이 주인공이어야 한다”라는 지드래곤의 제안을 받고 참여를 결정했다고 전했다. 무대에서의 존재감을 인정받은... ",https://www.bntnews.co.kr/article/view/bnt202604160071,"Thu, 16 Apr 2026 08:54:00 +0900"
"CU, 프리미엄 간편식 '특식선언' 출시...LA갈비 등 고급화",'피빅 한입 쏙 <b>스팸</b> 계란 김밥'은 김밥 지름을 기존보다 1㎝ 줄인 4㎝로 제작해 취식 시 불편함을 개선했다. '피빅 참치 샐러드 5조각 김밥'은 컵라면 등과 곁들여 먹거나 식단 조절을 원하는 수요를 고려해 일반 김밥보다... ,https://n.news.naver.com/mnews/article/015/0005275596?sid=101,"Thu, 16 Apr 2026 08:41:00 +0900"
"&quot;편의점 특식 시대&quot;…CU, 프리미엄 간편식 라인 강화","'PBICK 한입 쏙 <b>스팸</b> 계란 김밥'은 지름을 4㎝로 줄여 한입에 먹기 쉽게 설계했으며, 'PBICK 참치 샐러드 5조각 김밥'은 기존 8알보다 적은 5조각 구성으로 1인 식사와 다이어트 수요를 반영했다. CU는 이번 라인업을 통해... ",https://n.news.naver.com/mnews/article/003/0013890497?sid=101,"Thu, 16 Apr 2026 08:23:00 +0900"
"&quot;LA갈비를 편의점에서&quot;…CU, PBICK 더 키친 특식선언 2종 출시",'피빅 한입 쏙 <b>스팸</b> 계란 김밥'은 기존 김밥 지름보다 1㎝ 줄인 4㎝로 제공해 한 입에 먹기 편리하다. 김밥을 먹을 때 립스틱이 지워지는 걸 개선하는 등 생활 편의를 줄 수 있도록 설계했다. 피빅 참치 샐러드 5조각... ,https://n.news.naver.com/mnews/article/421/0008892699?sid=101,"Thu, 16 Apr 2026 08:22:00 +0900"
"CU, 프리미엄 간편식 'PBICK 더 키친 특식선언' 2종 출시",'피빅 한입 쏙 <b>스팸</b> 계란 김밥'은 기존 김밥 지름인 5cm보다 1cm 줄인 4cm로 제공해 한 입에 먹기 편리하다.... 두툼해서 씹는 맛을 더하는 짭조름한 <b>스팸</b>과 달달한 가쓰오 계란구이를 한 번에 말아 구성했다. '피빅 참치... ,https://www.slist.kr/news/articleView.html?idxno=732136,"Thu, 16 Apr 2026 07:28:00 +0900"
"윙, 지드래곤 러브콜→박보검 미담 공개 &quot;천사가 따로 없어&quot;[라스] [★밤...",처음에는 <b>스팸</b>인 줄 알았다. 꿈이야 생시야 했다&quot;고 말해 웃음을 자아냈다. 이어 &quot;처음에는 너무 좋은 기회인데 안 하는 게 낫겠다고도 했다&quot;며 &quot;비트박서 윙이 아닌 밴드 세션으로 섭외됐다고 생각했다. 제 목표가... ,https://m.entertain.naver.com/article/108/0003427057,"Thu, 16 Apr 2026 06:44:00 +0900"
윙 &quot;지드래곤이 무대 주인공 만들어줘&quot;…특급 배려 미담 공개 [라스],제 영상 '도파민'이 화제가 된 지 일주일도 안 됐을 때였다&quot;며 &quot;처음에는 <b>스팸</b> 메시지인 줄 알았다&quot;고 밝혀 웃음을 자아냈다. 이어 그는 &quot;너무 좋은 제안이었지만 처음엔 거절했다&quot;고 털어놨다. 이유에 대해 &quot;비트박서가... ,https://m.entertain.naver.com/article/117/0004054548,"Thu, 16 Apr 2026 00:24:00 +0900"
"비트박서 윙, GD와 공연 비화 ”처음 제안 거절..내가 주인공이라고” ...","이어 “처음에는 그냥 <b>스팸</b>인 줄 알았다. 근데 정말이었다. ‘이거 꿈이야 생시야, 바로 보러가자’ 했다. 처음에는 사실 이거 우리가 너무 좋은 기회인데 안하는 게 낫겠다고 했다. 제가 비트박서 윙이 아니라 그 밴드... ",https://m.entertain.naver.com/article/109/0005515652,"Wed, 15 Apr 2026 23:58:00 +0900"
윙 &quot;GD와 컬래버...<b>스팸</b> 연락인 줄&quot; (라디오스타),"처음에는 <b>스팸</b>인 줄 알았다&quot;고 했다. 이어 &quot;꿈이야 생시야 싶었는데, 처음에는 거절을 했었다. 비트박서 윙이 아니라 밴드 세션으로 섭외 됐다고 생각이 들었다. 비트박서를 세션 연주자로 생각하시는 분들이 생길 것... ",https://m.entertain.naver.com/article/311/0001999598,"Wed, 15 Apr 2026 23:58:00 +0900"
"윙, GD 제안 오해하고 거절→세계투어 홀로그램 동행 “내가 주인공이라...",바로 연락을 주셨는데 전 처음에 <b>스팸</b>인 줄 알았다. 그렇게 생각했는데 정말이었던 거다. '꿈이야 생시야'했는데 처음에 사실 '너무 좋은 기회인데 안 하는 게 낫겠다'고 했다. 왜냐하면 제가 비트박서 윙이 아닌 밴드... ,https://m.entertain.naver.com/article/609/0001114583,"Wed, 15 Apr 2026 23:52:00 +0900"
"머스크의 X, 결국 '돈 되는 SNS'로?…주식·코인 거래까지 확장",또한 X가 최근 암호화폐 <b>스팸</b> 및 봇 계정을 대거 정리한 점 역시 금융 서비스 확대를 위한 사전 정비 작업으로 해석된다. Thang은 &quot;악성 링크로 가득한 환경에서는 지갑이나 거래 기능을 도입할 수 없다&quot;며 &quot;금융 상품... ,https://www.newsway.co.kr/news/view?ud=2026041516583210736,"Wed, 15 Apr 2026 17:18:00 +0900"
[주간보안동향] 27년 전 취약점 발견한 AI…보안 업계 파장 일으킨 ‘미...,"불법 <b>스팸</b> 뿌리 뽑는다…전송자격인증제 시행 방송미디어통신위원회(이하 방미통위)가 지난 10일... 마약·도박·불법투자 유도·불법대출 등 불법행위를 위한 <b>스팸</b>을 발송하면 인증이 즉시 취소되고, 특수한 유형의... ",https://it.donga.com/108745/,"Wed, 15 Apr 2026 16:54:00 +0900"
넷마블 '몬길: 스타 다이브' 15일 정식 출시...모험 떠나기 전 확인해야...,메일이 도착하지 않은 경우 <b>스팸</b> 메일함 확인을 부탁드리며 관련하여 문의는 출시 이후 1:1 문의를 부탁드립니다. 몬길: STAR DIVE 관련 굿즈를 제작하실 생각이 있으신가요? 현재 제작 중에 있습니다! 앞으로 나올 굿즈에... ,https://www.gamechosun.co.kr/webzine/article/view.php?no=221376,"Wed, 15 Apr 2026 14:58:00 +0900"
"시민단체 &quot;개보위, 쿠팡 개인정보 유출 엄중 처분 촉구&quot;","정지연 한국소비자단체 사무총장은 &quot;쿠팡 사태로 국민의 일상과 신체 안전에 직결되는 정보가 유출됐다&quot;며 &quot;이로 인해 보이스피싱 시도와 <b>스팸</b> 문자 폭증, 계정 해킹 시도 등 등 2차 피해까지 현재 진행 중&quot;이라고 말했다.... ",https://n.news.naver.com/mnews/article/003/0013889010?sid=102,"Wed, 15 Apr 2026 13:34:00 +0900"
[AI가 주도하는 미래] ⑱ AI는 생산성 도구에서 공격 도구로 진화하고 있...,이 과정에서 <b>스팸</b> 메일과 피싱 범죄가 AI를 만나 더욱 정교해지는 등 보안과 사이버 위협이라는 새로운 이슈도 함께 등장하고 있다. 일부에서 &quot;AI가 생산성 도구를 넘어 공격 도구로 진화하고 있다&quot;고 말하는 이유다. 이... ,https://edu.donga.com/news/articleView.html?idxno=106336,"Wed, 15 Apr 2026 13:30:00 +0900"
"쿠팡 개인정보 유출 150일…시민단체 &quot;개보위, 엄중 처분&quot; 촉구[TF사진관...","정지연 한국소비자단체 사무총장은 &quot;쿠팡 사태로 국민의 일상과 신체 안전에 직결되는 정보가 유출됐으며 이로 인해 보이스피싱 시도 증가, <b>스팸</b> 문자 폭증, 계정 해킹 시도 등 2차 피해가 현재 진행 중&quot;이라며 &quot;집단소송제... ",https://n.news.naver.com/mnews/article/629/0000491609?sid=102,"Wed, 15 Apr 2026 12:39:00 +0900"
"소비자·노동자·중소상인·자영업자·시민사회단체, 쿠팡 개인정보 유...","기자회견에서 정지연 한국소비자단체 사무총장은 &quot;쿠팡 사태로 국민의 일상과 신체 안전에 직결되는 정보가 유출됐다&quot;면서 &quot;이로 인해 보이스피싱 시도 증가, <b>스팸</b> 문자 폭증, 계정 해킹 시도 등의 2차 피해까지 현재... ",https://www.ngonews.kr/news/articleView.html?idxno=228365,"Wed, 15 Apr 2026 11:58:00 +0900"
"구글, 검색 노출 직접 칼 뽑았다…뒤로 가기 막는 사이트 '퇴출'",[사진: 구글] 구글이 브라우저의 뒤로 가기 기능을 방해하는 웹사이트를 검색 <b>스팸</b> 정책 위반으로 규정하고... 이번 정책에 따라 해당 행위를 사용하는 사이트는 <b>스팸</b>으로 간주될 수 있다. 구글은 검색 결과에서 해당... ,https://www.digitaltoday.co.kr/news/articleView.html?idxno=656928,"Wed, 15 Apr 2026 08:50:00 +0900"
"'불법<b>스팸</b> 근절' 제도 개선 속도…&quot;과징금 부과, 신속 추진&quot;",정부가 불법<b>스팸</b> 근절을 위한 제도 개선에 속도를 낸다. 방송미디어통신위원회와 과학기술정보통신부는 14일 서울에서 '제5차 불법<b>스팸</b> 대응 민관 협의체 전체회의'를 열고 종합대책 추진 현황과 향후 개선 방향을... ,https://www.shinailbo.co.kr/news/articleView.html?idxno=5011264,"Wed, 15 Apr 2026 08:12:00 +0900"
"브랜드 대신 댓글 단다…리스폰돌로지, AI 소셜 응답 플랫폼 ‘리스폰드...","회사는 리스폰드의 목표가 단순 자동화가 아니라 대규모 댓글 환경에서도 브랜드가 이용자 정서를 읽고, <b>스팸</b>에 선제 대응하면서도 또 하나의 ‘알고리즘 출력물’처럼 보이지 않게 하는 데 있다고 설명했다.... ",https://www.tokenpost.kr/news/tech/349585,"Wed, 15 Apr 2026 07:20:00 +0900"
[세계의 창] 우리 방어 능력보다 빠르게 진화하는 AI 사이버 공격,"<b>스팸</b> 필터링, 피싱 탐지, 이상 징후 탐지, 악성코드 분류에 적용된 머신러닝이 바로 그것이다. 각 단계는 처음에는 혁신으로 평가됐지만 결국 인프라의 일부로 자리 잡았다. 지금의 차이는 동일한 계열의 모델이 탐지가... ",https://www.newscj.com/news/articleView.html?idxno=3393290,"Wed, 15 Apr 2026 07:02:00 +0900"
"온실가스, 아는 만큼 줄인다-탄소중립 위한 정량적 제언 / 오길영",<b>스팸</b> 메일 1통은 서버 저장 에너지를 소비하며 약 4g의 탄소를 배출한다. 동영상 화질을 고화질에서 표준화질로 낮추면 시간당 3.2㎏이 줄어들며 불필요한 클라우드 데이터 1GB를 삭제하는 것만으로 연간 11㎏의 탄소... ,http://www.kjdaily.com/article.php?aid=1776158228676799019,"Tue, 14 Apr 2026 18:22:00 +0900"
방미통위 '불법<b>스팸</b>' 대응 전체회의…&quot;과징금 부과 위해 법 개정&quot;,불법<b>스팸</b> 대응 민·관 협의체 전체회의를 열었다. 이날 회의는 방미통위와 과기정통부가 공동으로 주관하고... 재작년 11월 「불법<b>스팸</b> 방지 종합대책」(이하 종합대책) 추진 현황을 점검하고 개선방향 등을 논의하는... ,https://n.news.naver.com/mnews/article/448/0000603913?sid=100,"Tue, 14 Apr 2026 18:13:00 +0900"
불법 <b>스팸</b> 줄었다…AI 기술 적용·제도 개선 등 성과,방송미디어통신위원회와 과학기술정보통신부는 14일 서울에서 '불법 <b>스팸</b> 대응 민관 협의체' 제5차... 회의에서는 2024년 11월 발표된 '불법 <b>스팸</b> 방지 종합대책' 추진 상황이 공유됐다. 방미통위는 <b>스팸</b> 수신자 안내문자... ,https://n.news.naver.com/mnews/article/082/0001376038?sid=101,"Tue, 14 Apr 2026 18:10:00 +0900"
"X, 금융 서비스 출시 예고...머스크 비장의 카드로 가상자산 시장 뒤집...",X는 금융 서비스 확장과 동시에 플랫폼 신뢰도를 저해해온 봇 네트워크와 가상자산 <b>스팸</b> 계정에 대한 정비 작업도 병행하고 있다. 비어는 가상자산 관련 계정에서 발생하는 거래의 약 80%가 자동화된 봇에 의해 이뤄지고... ,http://coinreaders.com/230644,"Tue, 14 Apr 2026 17:56:00 +0900"
정부 불법<b>스팸</b> 차단 위해 가짜 번호 막는다…민관 협의체 대책 마련,광고성 <b>스팸</b> 문자를 뿌리 뽑기 위해 정부와 이동통신 업계가 전면전에 돌입했다. 이른바 '무효번호'를 악용한 <b>스팸</b> 발송 루트를 원천 봉쇄하겠다는 강력한 조치다. 14일 과학기술정보통신부와 방송미디어통신위원회에... ,https://n.news.naver.com/mnews/article/586/0000126887?sid=103,"Tue, 14 Apr 2026 17:17:00 +0900"
&quot;사진 전부 삭제된다&quot; 아이폰 사용자 울리는 '가짜 애플 메일' 주의보,"아이폰 사용자들을 겨냥해 애플 공식 지원팀을 사칭한 <b>스팸</b> 메일이 기승을 부리고 있어 주의가 요구된다. 지난 13일(현지 시간) 미국 시사주간지 뉴스위크(Newsweek)는 영국 소비자 단체 '위치(Which?)'를 인용해, 최근 애플... ",https://www.insight.co.kr/news/550196,"Tue, 14 Apr 2026 17:14:00 +0900"
과기부·방미통위 &quot;AI 적용해 불법<b>스팸</b> 줄어&quot;…민·관 협의체 전체회의,"과학기술정보통신부와 방송미디어통신위원회는 14일 서울에서 제5차 불법<b>스팸</b> 대응 민·관 협의체... 불법<b>스팸</b>을 차단하기 위한 추가 개선대책, 대량문자 발신자의 신원을 검증할 수 있는 통신이용증명원 확인절차... ",https://n.news.naver.com/mnews/article/277/0005749398?sid=105,"Tue, 14 Apr 2026 17:12:00 +0900"
무효번호로 <b>스팸</b>문자 못 보낸다…올해 상반기 차단시스템 정식 운영,불법<b>스팸</b> 차단을 위한 무표번호 차단시스템을 도입한다. 인공지능(AI) 기반 공동 대응 플랫폼 구축에도 속도를 낸다. 과학기술정보통신부와 방송미디어통신위원회는 14일 서울에서 제5차 불법<b>스팸</b> 대응 민관 협의체... ,https://n.news.naver.com/mnews/article/029/0003021647?sid=105,"Tue, 14 Apr 2026 17:02:00 +0900"
AI·제도 개선 영향…‘불법<b>스팸</b>’ 신고 수 대폭 줄어,‘불법<b>스팸</b>’ 대응 5차 민관 협의체 회의 불법<b>스팸</b> 협력 강화…<b>스팸</b> 신고 감소 결과 “전송자격인증제 시행으로 문자 유통 정상화” [게티이미지뱅크] [헤럴드경제=손미정 기자] 불법<b>스팸</b> 대응을 위해 공동 대응 전선을... ,https://n.news.naver.com/mnews/article/016/0002629583?sid=103,"Tue, 14 Apr 2026 16:50:00 +0900"
과기정통부 “불법<b>스팸</b> 신고 건수 대폭 감소”... 종합대책 추진 현황 ...,민관 협의체의 노력으로 불법<b>스팸</b> 신고 건수가 대폭 감소 과학기술정보통신부(부총리 겸 장관 배경훈)가 밝혔다. 과기정통부와 방송미디어통신위원회(위원장 김종철)는 14일 서울에서 제5차 불법<b>스팸</b> 대응 민관 협의체... ,http://www.boannews.com/media/view.asp?idx=143154&kind=2,"Tue, 14 Apr 2026 16:18:00 +0900"
불법<b>스팸</b> 대응 민관 협력…AI·번호차단 총동원해 원천 봉쇄 속도,이투데이=김연진 기자 | 과학기술정보통신부와 방송미디어통신위원회는 '제5차 불법<b>스팸</b> 대응 민관 협의체' 전체회의를 열어 불법<b>스팸</b> 방지 종합대책 추진 현황 점검하고 개선 방향 등을 논의했다고 14일 밝혔다. 이날... ,https://www.etoday.co.kr/news/view/2575502,"Tue, 14 Apr 2026 16:02:00 +0900"
불법<b>스팸</b> 대응 성과 가시화… 상반기 내 무효번호 차단시스템 적용,"과학기술정보통신부와 방송미디어통신위원회는 14일 서울에서 제5차 불법<b>스팸</b> 대응 민관협의체 전체회의를... 불법<b>스팸</b>을 차단하기 위한 추가 개선대책, 대량문자 발신자의 신원을 검증할 수 있는 통신이용증명원... ",https://n.news.naver.com/mnews/article/030/0003417781?sid=105,"Tue, 14 Apr 2026 16:01:00 +0900"
불법<b>스팸</b> 대응 민관 협의체 5차 회의 열려,방송미디어통신위원회와 과학기술정보통신부는 14일 서울에서 제5차 불법<b>스팸</b> 대응 민관 협의체 전체회의를... 불법<b>스팸</b> 방지 종합대책 추진 현황을 점검하고 개선방향 등을 논의했다. 2024년 12월 출범한 불법<b>스팸</b> 대응... ,https://n.news.naver.com/mnews/article/092/0002418649?sid=105,"Tue, 14 Apr 2026 16:01:00 +0900"
"불법 <b>스팸</b>, AI로 차단 성과…'무효번호 차단시스템' 상반기 도입",인공지능(AI) 등 신기술 도입이 불법 <b>스팸</b> 차단에 성과를 보이고 있는 것으로 나타났다. 상반기 '불법<b>스팸</b> 무효번호 차단시스템'을 도입하면 <b>스팸</b> 차단 효과가 더 높아질 것으로 기대된다. 과학기술정보통신부(이하 과기부)... ,https://www.ebn.co.kr/news/articleView.html?idxno=1705411,"Tue, 14 Apr 2026 16:00:00 +0900"
"정부, ‘불법<b>스팸</b> 차단’ 총력전…상반기 무효번호 차단 도입",'불법<b>스팸</b> 방지 종합대책' 추진 현황을 점검하고 개선방향 등을 논의하는 자리가 열렸다. 방송미디어통신위원회와 과학기술정보통신부는 14일 서울에서 제5차 불법<b>스팸</b> 대응 민·관 협의체 전체회의를 개최했다고 밝혔다.... ,https://n.news.naver.com/mnews/article/119/0003080524?sid=105,"Tue, 14 Apr 2026 16:00:00 +0900"
정부 불법<b>스팸</b> 차단 강화…제도 개선·AI 적용 박차,.정부가 불법<b>스팸</b> 피해 근절에 박차를 가한다. [사진: 셔터스톡] 정부가 불법<b>스팸</b> 피해를 막기 위해 무효번호 사전 차단과 발신자 인증 강화 정책에 박차를 가한다. 발송 단계부터 <b>스팸</b>을 원천 봉쇄하겠다는 전략이다.... ,https://www.digitaltoday.co.kr/news/articleView.html?idxno=656667,"Tue, 14 Apr 2026 16:00:00 +0900"
"&quot;불법<b>스팸</b> 번호 차단 강화&quot; 민·관협의체, 종합대책 논의",과학기술정보통신부와 방송미디어통신위원회는 14일 제5차 불법<b>스팸</b> 대응 민·관 협의체 전체회의를 열었다.... 참석해 '불법<b>스팸</b> 방지 종합대책' 추진 현황을 점검하고 개선방향 등을 논의했다. 과기정통부는... ,https://n.news.naver.com/mnews/article/008/0005344055?sid=105,"Tue, 14 Apr 2026 16:00:00 +0900"
"불법<b>스팸</b> 대응 민관 협의체, 종합 점검 실시",정부와 통신업계가 불법<b>스팸</b> 방지를 위해 머리를 맞댔다. 방송미디어통신위원회·과학기술정보통신부는 14일 서울에서 제5차 불법<b>스팸</b> 대응 민·관 협의체 전체회의를 열고 업계와 소통했다. 이날 회의는 방미통위와... ,https://it.chosun.com/news/articleView.html?idxno=2023092160328,"Tue, 14 Apr 2026 16:00:00 +0900"
"정부, ‘불법<b>스팸</b> 차단’ 총력전…상반기 무효번호 차단 도입",'불법<b>스팸</b> 방지 종합대책' 추진 현황을 점검하고 개선방향 등을 논의하는 자리가 열렸다. 방송미디어통신위원회와 과학기술정보통신부는 14일 서울에서 제5차 불법<b>스팸</b> 대응 민·관 협의체 전체회의를 개최했다고 밝혔다.... ,https://n.news.naver.com/mnews/article/119/0003080524?sid=105,"Tue, 14 Apr 2026 16:00:00 +0900"
불법 <b>스팸</b> 줄었다…AI·제도 개선 효과 본격화,서울에서 '불법 <b>스팸</b> 대응 민관 협의체' 제5차 전체회의를 열고 종합대책 이행 상황을 점검했다고 밝혔다.... 이날 회의에서는 2024년 11월 발표된 '불법 <b>스팸</b> 방지 종합대책' 추진 상황이 공유됐다. 방미통위는 <b>스팸</b> 수신자... ,https://n.news.naver.com/mnews/article/001/0016021137?sid=100,"Tue, 14 Apr 2026 16:00:00 +0900"
"&quot;유령번호 <b>스팸</b>, 이제 안 통한다&quot;…무효번호 차단시스템 상반기 가동","‘유령번호 <b>스팸</b>’이 올 상반기 내에 자취를 감출 전망이다. 과학기술정보통신부와 방송미디어통신위원회(이하 방미통위)는 14일 서울에서 ‘제5차 불법<b>스팸</b> 대응 민·관 협의체 전체회의’를 열고, 불법<b>스팸</b> 발송의 원천... ",https://n.news.naver.com/mnews/article/003/0013887103?sid=105,"Tue, 14 Apr 2026 16:00:00 +0900"
불법<b>스팸</b>에 칼 빼든 정부…'무효번호 문자' 원천 차단,짜증나는 광고와 악성 공격을 숨긴 피싱까지 불법 <b>스팸</b>이 판을 치자 정부가 칼을 빼들었다. 이동통신 3사와 협력해 '무효번호'로 발송되는 불법 <b>스팸</b>은 원천 차단하기로 한 것이다. 과학기술정보통신부와... ,https://n.news.naver.com/mnews/article/421/0008889259?sid=105,"Tue, 14 Apr 2026 16:00:00 +0900"
불법<b>스팸</b>에 칼 빼든 정부·방미통위…&quot;신원 검증·AI 차단&quot;,정부와 방송미디어통신위원회가 불법<b>스팸</b>에 대응하기 위한 추가 개선대책 마련에 나섰다. 과학기술정보통신부는 14일 방미통위와 서울에서 제5차 불법<b>스팸</b> 대응 민관 협의체 전체회의를 열고 ‘불법<b>스팸</b> 방지... ,https://n.news.naver.com/mnews/article/138/0002224448?sid=105,"Tue, 14 Apr 2026 16:00:00 +0900"
"[단독]핀테크 대출중개 수수료 대폭 인하, 이르면 내달 발표",플랫폼 창구가 사라지면 저축은행은 과거처럼 고비용 오프라인 대출 모집인이나 <b>스팸</b>성 광고에 의존해야 할 수 있다는 우려도 제기된다. 업계 관계자는 &quot;수수료는 일회성 비용인 반면 이자는 대출 기간 동안 계속... ,https://n.news.naver.com/mnews/article/417/0001138958?sid=101,"Tue, 14 Apr 2026 15:39:00 +0900"
"&quot;이메일은 여전히 공격 시작점, 데이터는 최종 표적&quot;…프루프포인트의...","그는 AI 시대의 이메일 보안은 단순한 <b>스팸</b> 차단 수준이 아니라, 조직 보안의 출발점을 방어하는 일이라고 강조했다. 비즈니스 이메일 사기(BEC)에 대한 설명도 이어졌다. 원 이사는 링크나 첨부 파일이 없고 문법 오류도... ",https://www.dailysecu.com/news/articleView.html?idxno=206221,"Tue, 14 Apr 2026 14:04:00 +0900"
[#통신 풍향계] LGU+ '유심 교체' 개시·KT '파트너스데이' 개최-'유튜브...,"불법<b>스팸</b> 대응 민·관 협의체 제5차 전체회의 개최 등의 소식이 전해졌다. ◆LGU+, 유심 업데이트·무료 교체... ◆방미통위·과기부, 불법<b>스팸</b> 대응 민·관 협의체 전체회의…AI 기반 차단 체계 구축... ",https://www.newsworks.co.kr/news/articleView.html?idxno=837730,"Tue, 14 Apr 2026 13:44:00 +0900"
"마이크로소프트 계정, 지금 바로 확인해야 할 설정 10가지",이메일 <b>스팸</b> 거부 마이크로소프트로의 프로모션 이메일을 받고 싶다면 그대로 두면 된다. 원하지 않는 경우 해당 설정을 꺼야 한다. 기본적으로 활성화돼 있다. 해당 설정은 ‘설정’ → ‘개인 정보’ → ‘홍보... ,https://www.itworld.co.kr/article/4158180/마이크로소프트-계정-지금-바로-확인해야-할-설정-10가.html,"Tue, 14 Apr 2026 11:50:00 +0900"
"과기정통부, 제1회 적극행정 우수사례 7건 선정","이를 해결하기 위해 경찰청과 한국인터넷진흥원(KISA) 등 관계기관과 협력하여 시스템 연계를 추진하고 <b>스팸</b>... '우수'사례로는 현장과 함께 완성한 연구기관 평가체계 개편, 불법<b>스팸</b> 근절을 위한 문자사업자... ",https://news.bbsi.co.kr/news/articleView.html?idxno=4078122,"Tue, 14 Apr 2026 08:40:00 +0900"
"한림대, 경찰대학·연세대 등 6개 기관 공동 주최 '2026 국제학술세미나...","AI <b>스팸</b> 차단 앱 '스캠쉴드(ScamShield)', 이체 지연 및 차단 기능인 쿨링오프 및 머니 락(Money Lock) 제도뿐 아니라 피해자가 사기임을 인지하지 못하는 경우에도 경찰 직권으로 계좌를 강제 동결할 수 있는 세계 최초의... ",http://www.bizwnews.com/news/articleView.html?idxno=133620,"Tue, 14 Apr 2026 07:20:00 +0900"
[오늘 재경부 등 경제부처 일정],조간) ※불법<b>스팸</b> 대응 민·관협의체 5차 회의(15일 조간) ※제14회 국가전략기술특별위원회 개최(15일... (예정) ※불법<b>스팸</b> 대응 민관 협의체 제5차 전체회의 ※타인의 동의 없는 위치추적은 범죄입니다 (서울... ,https://news.einfomax.co.kr/news/articleView.html?idxno=4409322,"Tue, 14 Apr 2026 07:06:00 +0900"
"영등포구, 서울시 최초 ‘주정차 단속 음성 알림’ 도입","특히 발신자 정보에 ‘영등포 주정차 단속’이라는 문구가 표시되도록 설정해, 운전자가 <b>스팸</b> 전화로 오해하지 않고 안심하고 전화를 받을 수 있게 했다. CCTV 단속 구역에 차량이 진입하면 문자와 음성 알림이 동시에... ",https://www.siminilbo.co.kr/news/newsview.php?ncode=1160290469406739,"Mon, 13 Apr 2026 21:56:00 +0900"
"&quot;주차 단속, 전화로도 알려드립니다&quot;…영등포구, '음성 알림 서비스' 도...","그간 단속 전 문자 안내 서비스를 운영해왔으나, 최근 <b>스팸</b>·광고 메시지 증가로 인해 중요한 안내가... 특히 발신자 정보에 '영등포 주정차 단속' 문구가 명확히 표시되도록 설정해, 운전자가 <b>스팸</b> 전화로 오해하지 않고... ",https://www.fntoday.co.kr/news/articleView.html?idxno=382218,"Mon, 13 Apr 2026 21:26:00 +0900"
"‘해킹 한파’ LGU+, ‘유심 교체’ 대란은 없었다 …“예약 수요 18만명...","한편, LG유플러스는 이번 조치를 악용한 회사를 사칭 <b>스팸</b>·스미싱 문자에 대한 각별한 주의도 당부했다. 공식 채널(U+one 앱, 홈페이지)을 통해서만 예약 및 대상 여부를 확인할 수 있으며, 출처가 불분명한 URL이나... ",https://www.ceoscoredaily.com/page/view/2026041313490467786,"Mon, 13 Apr 2026 18:00:00 +0900"
"LGU+, 13일부터 유심 업데이트·무료 교체 시작",LG유플러스는 아울러 유심 업데이트 및 교체 시행을 앞두고 회사를 사칭한 <b>스팸</b>·스미싱 문자에 대한 고객 주의도 당부했다. LG유플러스는 문자 안내 시 공식 채널인 U+one 앱과 홈페이지를 통해서만 예약 및 대상 여부... ,https://www.koit.co.kr/news/articleView.html?idxno=206721,"Mon, 13 Apr 2026 17:44:00 +0900"
한림대 경찰대학·연세대 등 6개 기관 공동 주최 '2026 국제학술세미나...,"AI <b>스팸</b> 차단 앱 '스캠쉴드(ScamShield)', 이체 지연 및 차단 기능인 쿨링오프 및 머니 락(Money Lock) 제도뿐 아니라 피해자가 사기임을 인지하지 못하는 경우에도 경찰 직권으로 계좌를 강제 동결할 수 있는 세계 최초의... ",https://www.veritas-a.com/news/articleView.html?idxno=605657,"Mon, 13 Apr 2026 17:40:00 +0900"
"과기정통부, 제1회 적극행정 우수사례 7건 선정","이를 해결하기 위해 경찰청과 한국인터넷진흥원(KISA) 등 관계기관과 협력해 시스템 연계를 추진하고, <b>스팸</b>번... 이밖에 우수 사례로는 △현장과 함께 완성한 연구기관 평가체계 개편 △불법<b>스팸</b> 근절을 위한 문자사업자... ",https://n.news.naver.com/mnews/article/029/0003021437?sid=105,"Mon, 13 Apr 2026 17:38:00 +0900"
"LG유플러스, 13일부터 유심 업데이트·무료 교체 시작",LG유플러스는 아울러 유심 업데이트 및 교체 시행을 앞두고 회사를 사칭한 <b>스팸</b>·스미싱 문자에 대한 고객 주의도 당부했다. LG유플러스는 문자 안내 시 공식 채널인 U+one 앱과 홈페이지를 통해서만 예약 및 대상 여부... ,https://www.ezyeconomy.com/news/articleView.html?idxno=234685,"Mon, 13 Apr 2026 17:18:00 +0900"
이준호의 인공지능이야기 &lt;37&gt; 에이전트가 생각할수록 돈이 든다 - AX 전...,"이메일 제목 분류 작업에 최상위 모델을 쓰는 것은, <b>스팸</b> 메일 분류를 위해 슈퍼컴퓨터를 구매하는 것과 다르지 않다. 여기다 다중 에이전트 구조까지 더해지면 상황은 걷잡을 수 없어진다. 에이전트 A가 에이전트... ",http://www.ifs.or.kr/bbs/board.php?bo_table=News&wr_id=55714,"Mon, 13 Apr 2026 17:06:00 +0900"
"과기정통부, 미국행 국제우편 신속 재개 등 적극행정 우수사례 7건 선정","추진하고, <b>스팸</b>번호 차단 시스템을 활용해 실시간 통신사 확인이 가능하도록 체계를 개선했다. 또한 적극적... 그밖에 우수사례로는 △현장과 함께 완성한 연구기관 평가체계 개편 △불법<b>스팸</b> 근절을 위한 문자사업자... ",https://n.news.naver.com/mnews/article/030/0003417346?sid=105,"Mon, 13 Apr 2026 16:42:00 +0900"
진화하는 독버섯...피싱·스미싱과의 전쟁,단순히 반복되는 <b>스팸</b> 수준의 텔레마케팅을 넘어 스캠 사기 전화가 극성을 부리고 로보콜 차단 소프트웨어... 민간에서 <b>스팸</b> 번호 차단 앱을 개발해 보급하고 통신사와 정부가 수시로 대책을 마련하며 디지털 플랫폼... ,https://n.news.naver.com/mnews/article/092/0002418492?sid=105,"Mon, 13 Apr 2026 16:23:00 +0900"
"15만명 몰린 LGU+ 유심교체, '줄서기' 대란 없었다",유심 교체와 업데이트를 틈탄 <b>스팸</b> 및 스미싱 범죄에 대한 경고도 잊지 않았다. 회사 측은 &quot;교체 예약 및 대상 여부 확인은 공식 채널인 U+one 앱과 홈페이지를 통해서만 가능하다&quot;며 &quot;출처가 불분명한 링크나 개인정보... ,https://n.news.naver.com/mnews/article/648/0000046205?sid=105,"Mon, 13 Apr 2026 15:50:00 +0900"
"영등포구, 주정차 단속 ‘음성 알림 서비스’ 도입",그간 <b>스팸</b>과 광고 문자 증가로 단속 예고 문자를 제때 확인하지 못해 과태료가 부과되는 사례가 많았다. 구는... 발신자 정보에는 ‘영등포 주정차 단속’ 문구가 표시되도록 해 <b>스팸</b> 전화 오해를 줄였다. CCTV 단속 구역에... ,https://n.news.naver.com/mnews/article/028/0002800504?sid=102,"Mon, 13 Apr 2026 14:48:00 +0900"
"&quot;내 유심 괜찮을까?&quot;…LGU+, 유심 업데이트·교체 돌입",아울러 LG유플러스는 유심 업데이트와 교체 시행에 따라 회사를 사칭한 <b>스팸</b>·스미싱 문자에 대한 주의를 당부했다. 특히 회사의 공식 채널인 U+원 애플리케이션과 홈페이지를 제외한 출처가 불분명한 URL을 클릭하거나... ,https://n.news.naver.com/mnews/article/629/0000490851?sid=101,"Mon, 13 Apr 2026 14:17:00 +0900"
"LG U+, 13일부터 전 고객 유심 업데이트·무료 교체",LG유플러스는 회사를 사칭한 <b>스팸</b>·스미싱 문자에 주의해 달라고 당부했다. 예약과 대상 여부 확인은 U+원 앱과 홈페이지에서만 가능하다. 이재원 LG유플러스 Consumer부문장 부사장은 &quot;고객이 보다 안심하고 이동통신... ,https://www.safetimes.co.kr/news/articleView.html?idxno=241800,"Mon, 13 Apr 2026 14:06:00 +0900"
"“주차 단속, 전화로도 알려드립니다”… 영등포구, 서울시 최초 ‘주정...","그간 <b>스팸</b>이나 광고 문자가 늘어나면서 단속 예고 문자를 제때 확인하지 못해 과태료가 부과되는 사례가... 특히 발신자 정보에 ‘영등포 주정차 단속’이라는 문구가 표시되도록 설정해, 운전자가 <b>스팸</b> 전화로 오해하지... ",https://weekly.cnbnews.com/news/article.html?no=211807,"Mon, 13 Apr 2026 13:56:00 +0900"
"LG유플러스, 오늘부터 유심 업데이트·무료 교체 시작…&quot;사전 예약 시 대...","한편, 유심 업데이트 및 교체 시행을 앞두고 회사를 사칭한 <b>스팸</b>·스미싱 문자가 늘어나고 있다. LG유플러스는 문자 안내 시 공식 채널인 U+one 앱과 홈페이지를 통해서만 예약 및 대상 여부 확인이 가능하도록 운영하고... ",https://www.thepublic.kr/news/articleView.html?idxno=300877,"Mon, 13 Apr 2026 13:40:00 +0900"
"과기정통부, 제1회 적극행정 우수사례 7건 선정",<b>스팸</b>번호 차단 시스템을 활용해 실시간 통신사 확인이 가능하도록 체계를 개선했다. 적극적인 법령 해석을... 그밖에 우수 사례로는 △현장과 함께 완성한 연구기관 평가체계 개편 △불법<b>스팸</b> 근절을 위한 문자사업자... ,https://n.news.naver.com/mnews/article/031/0001021669?sid=105,"Mon, 13 Apr 2026 13:31:00 +0900"
"과기정통부, 적극행정 우수사례 선정…보이스피싱 번호 차단 등",관계기관 협력을 통해 시스템 연계를 추진하고 <b>스팸</b>번호 차단 시스템을 개선해 실시간 확인 체계를... 불법 <b>스팸</b> 대응 강화가 선정됐다. 장려 사례에는 일반우편물 송달기준 완화로 집배원 안전을 확보한 사례... ,https://n.news.naver.com/mnews/article/119/0003079924?sid=105,"Mon, 13 Apr 2026 13:31:00 +0900"
과기정통부가 선정한 적극행정 우수사례는? 보이스피싱 신속 차단·美 우...,"추진하고, <b>스팸</b>번호 차단 시스템을 활용해 실시간 통신사 확인이 가능하도록 체계를 개선했다. 또한... 그밖에 우수 사례로는 ▲현장과 함께 완성한 연구기관 평가체계 개편 ▲불법<b>스팸</b> 근절을 위한 문자사업자... ",https://n.news.naver.com/mnews/article/003/0013883914?sid=105,"Mon, 13 Apr 2026 13:30:00 +0900"
&quot;불법 전화번호 신속 차단&quot;…과기부 적극행정 우수사례 선정,"이 밖에 우수 사례로는 현장과 함께 완성한 연구기관 평가체계 개편, 불법 <b>스팸</b> 근절을 위한 문자 사업자 관리체계 개선이, 장려 사례로는 일반우편물 송달기준 완화로 집배원 안전 확보, 국가정보자원 화재 피해... ",https://n.news.naver.com/mnews/article/001/0016018067?sid=105,"Mon, 13 Apr 2026 13:30:00 +0900"
"&quot;보이스피싱 신속 차단&quot;…과기정통부, 적극행정 우수 7건 선정","과기정통부는 경찰청과 한국인터넷진흥원(KISA) 등 관계기관과 협력해 시스템을 연계하고, <b>스팸</b>번호 차단... 우수 사례로는 △현장과 함께 완성한 연구기관 평가체계 개편 △불법<b>스팸</b> 근절을 위한 문자사업자... ",https://n.news.naver.com/mnews/article/421/0008886133?sid=105,"Mon, 13 Apr 2026 13:30:00 +0900"
"&quot;국민 체감 성과 창출&quot;…과기정통부, 적극행정 우수사례 7건 선정",그밖에 우수 사례로 ▲현장과 함께 완성한 연구기관 평가체계 개편 ▲불법<b>스팸</b> 근절을 위한 문자사업자 관리체계개선이 선정됐다. 장려 사례로 ▲일반우편물 송달기준 완화로 집배원 안전확보 ▲국가정보자원 화재 피해... ,https://www.digitaltoday.co.kr/news/articleView.html?idxno=656213,"Mon, 13 Apr 2026 13:30:00 +0900"
보이스피싱 번호 차단 30일→3일…과기정통부 '속도 행정' 빛났다,"경찰청, 한국인터넷진흥원과 협력해 <b>스팸</b>번호 차단 시스템을 연계하고, 실시간으로 통신사를 확인할 수 있는... 이 밖에도 현장 의견을 반영한 연구기관 평가체계 개편, 불법 <b>스팸</b> 근절을 위한 문자사업자 관리체계 개선... ",https://n.news.naver.com/mnews/article/277/0005748665?sid=105,"Mon, 13 Apr 2026 13:30:00 +0900"
[Today 클리핑 - IT] SK텔레콤ㆍLG유플러스,방문할 경우에는 고객 휴대폰 외에 위임 절차에 필요한 관련 서류가 필요하다. LG유플러스는 아울러 유심 업데이트 및 교체 시행을 앞두고 회사를 사칭한 <b>스팸</b>·스미싱 문자에 대한 고객 주의도 당부했다. [데이터솜=],https://www.datasom.co.kr/news/articleView.html?idxno=208337,"Mon, 13 Apr 2026 13:14:00 +0900"
"[지금 구청은] 영등포구, 서울시 최초 ‘주정차 단속 음성 알림’ 도입","차량 운전자에게 직접 전화를 걸어 차량 이동을 안내하는 방식이다. 특히 발신자 정보에 ‘영등포 주정차 단속’이라는 문구가 표시되도록 설정, 운전자가 <b>스팸</b> 전화로 오해하지 않고 안심하고 전화를 받을 수 있게 했다.",https://n.news.naver.com/mnews/article/016/0002628790?sid=102,"Mon, 13 Apr 2026 11:36:00 +0900"
"LG유플러스, 전국 매장서 유심 업데이트·교체 시작",통해 요청하면 택배로 업데이트와 교체를 받을 수 있다. LG유플러스는 회사 사칭 <b>스팸</b>·스미싱 문자에도 주의를 당부했다. 예약과 대상 여부 확인은 공식 채널인 U+one 앱과 홈페이지에서만 가능하다고 강조했다.,https://news.einfomax.co.kr/news/articleView.html?idxno=4409192,"Mon, 13 Apr 2026 11:22:00 +0900"
"“주차 단속, 전화로도 알려드립니다”… 영등포구, 서울시 최초 ‘주정...","그간 <b>스팸</b>이나 광고 문자가 늘어나면서 단속 예고 문자를 제때 확인하지 못해 과태료가 부과되는 사례가... 특히 발신자 정보에 ‘영등포 주정차 단속’이라는 문구가 표시되도록 설정해, 운전자가 <b>스팸</b> 전화로... ",https://n.news.naver.com/mnews/article/021/0002784192?sid=102,"Mon, 13 Apr 2026 11:06:00 +0900"
이메일 지우기만 해도 ‘탄소 감축’…‘디지털 다이어트’ 주목,"주목할 점은 전체 이메일 트래픽의 거의 절반(약 44.99%)이 <b>스팸</b> 메일이라는 것이다. 이러한 대량의 데이터 전송은 탄소 배출을 유발해, 전 세계 탄소 배출량의 약 2%를 차지한다. 따라서 전 국민이 이메일을 100통씩 삭제할... ",https://www.dailyt.co.kr/newsView/dlt202604120009,"Mon, 13 Apr 2026 10:40:00 +0900"
"LG유플러스, 유심 업데이트·무료 교체 시작",LG유플러스는 아울러 유심 업데이트 및 교체 시행을 앞두고 회사를 사칭한 <b>스팸</b>·스미싱 문자에 대한 고객 주의도 당부했다. LG유플러스는 문자 안내 시 공식 채널인 U+one 앱과 홈페이지를 통해서만 예약 및 대상 여부... ,https://www.kpinews.kr/newsView/1065576049950256,"Mon, 13 Apr 2026 10:22:00 +0900"
"LG유플러스, 오늘부터 전 고객 유심 업데이트·무료 교체 시작","LG유플러스는 회사를 사칭한 <b>스팸</b>·스미싱 문자에 주의할 것도 당부했다. 공식 채널인 U+one 앱과 홈페이지를 통해서만 예약 및 대상 여부를 확인할 수 있으며, 출처 불명 URL 클릭이나 개인정보 입력 요구에는 응하지... ",https://www.nextdaily.co.kr/news/articleView.html?idxno=248406,"Mon, 13 Apr 2026 10:22:00 +0900"
"영등포구, 불법 주정차 단속 음성알림 도입…서울시 최초",구는 <b>스팸</b>이나 광고 문자 증가로 기존 단속 예고 문자를 제때 확인하지 못해 과태료가 부과되는 사례가... 발신자 정보에는 '영등포 주정차 단속' 문구가 표시되도록 해 <b>스팸</b> 전화로 오인하는 일을 줄였다. 폐쇄회로(CC)TV... ,https://n.news.naver.com/mnews/article/003/0013883330?sid=102,"Mon, 13 Apr 2026 10:18:00 +0900"
"LG유플러스, 유심 업데이트·무료 교체 시작",LG유플러스는 아울러 유심 업데이트 및 교체 시행을 앞두고 회사를 사칭한 <b>스팸</b>·스미싱 문자에 대한 고객 주의도 당부했다. LG유플러스는 문자 안내 시 공식 채널인 U+one 앱과 홈페이지를 통해서만 예약 및 대상 여부... ,https://www.getnews.co.kr/news/articleView.html?idxno=867583,"Mon, 13 Apr 2026 10:06:00 +0900"
"영등포구, 서울시 최초 '주정차 단속 음성 알림 서비스' 시행","그간 <b>스팸</b>이나 광고 문자가 늘어나면서 단속 예고 문자를 제때 확인하지 못해 과태료가 부과되는 사례가... 특히 발신자 정보에 '영등포 주정차 단속'이라는 문구가 표시되도록 설정해, 운전자가 <b>스팸</b> 전화로 오해하지... ",https://www.hg-times.com/news/articleView.html?idxno=301078,"Mon, 13 Apr 2026 10:00:00 +0900"
"영등포구, '주정차 단속 음성 알림' 도입…사전 안내 강화",그동안 <b>스팸</b> 및 광고 문자 증가로 단속 안내 메시지를 제때 확인하지 못해 과태료가 부과되는 사례가 발생해... 발신자 정보에는 '영등포 주정차 단속'이라는 문구가 표시돼 <b>스팸</b> 전화로 오인하는 상황을 줄였다. 차량이 CCTV... ,https://www.jeonmae.co.kr/news/articleView.html?idxno=1247462,"Mon, 13 Apr 2026 10:00:00 +0900"
"주차 단속, 전화로 예고…영등포구, '주정차 단속 음성 알림' 도입","발신자 정보에는 '영등포 주정차 단속' 문구가 표시돼 <b>스팸</b> 오인을 줄였다. CCTV 단속 구역에 차량이 진입하면 문자와 음성 알림이 동시에 발송되며, 안내 후 10분 이내 차량을 이동하지 않으면 단속이 확정된다. 구는 이번... ",https://n.news.naver.com/mnews/article/421/0008885473?sid=102,"Mon, 13 Apr 2026 09:58:00 +0900"
"영등포구, 주정차 음성 알림 도입·상권·교육·침수대응까지 전방위 정...",기존에는 <b>스팸</b>·광고 문자 증가로 단속 안내를 제때 확인하지 못해 과태료가 부과되는 사례가 있었던 만큼... 또한 영등포구는 발신자 표기에 ‘영등포 주정차 단속’ 문구를 명시해 <b>스팸</b> 오인 가능성도 낮췄다. 이를 통해... ,http://www.fntimes.com/html/view.php?ud=202604130948122080048b718333_18,"Mon, 13 Apr 2026 09:52:00 +0900"
"LG유플러스, 전 고객 유심 교체 시작…예약제 운영·보안 강화","회사는 유심 교체를 앞두고 <b>스팸</b>·스미싱 문자에 대한 주의도 당부했다. 예약과 대상 확인은 공식 앱과 홈페이지에서만 가능하며, 출처가 불분명한 링크나 개인정보 입력 요구에는 응하지 말 것을 안내했다. 이재원... ",http://www.popcornnews.net/news/articleView.html?idxno=118139,"Mon, 13 Apr 2026 09:30:00 +0900"
"LGU+, 유심 업데이트·무료 교체 시작",아울러 LG유플러스는 유심 업데이트 및 교체 시행을 앞두고 회사를 사칭한 <b>스팸</b>·스미싱 문자에 대한 고객 주의도 당부했다. LG유플러스는 문자 안내 시 공식 채널인 U... ,http://www.breaknews.com/1199599,"Mon, 13 Apr 2026 09:22:00 +0900"
"LG유플러스, 전 고객 대상 13일부터 유심 업데이트·무료 교체","LG유플러스는 유심 업데이트 및 교체 시행을 앞두고 회사를 사칭한 <b>스팸</b>·스미싱 문자에 대한 고객 주의도 안내했습니다. LG유플러스는 전사 차원의 고객케어상황실을 가동해 컨슈머부문, CTO, 네트워크부문 등 주요... ",https://www.inthenews.co.kr/news/article.html?no=85486,"Mon, 13 Apr 2026 09:22:00 +0900"
"영등포구, 서울시 최초 '휴대전화 주정차 단속 예고 알림' 도입","그간 <b>스팸</b>이나 광고 문자가 늘어나면서 단속 예고 문자를 제때 확인하지 못해 과태료가 부과되는 사례가... 특히 발신자 정보에 '영등포 주정차 단속'이라는 문구가 표시되도록 설정해, 운전자가 <b>스팸</b> 전화로 오해하지... ",https://n.news.naver.com/mnews/article/119/0003079747?sid=102,"Mon, 13 Apr 2026 09:10:00 +0900"
"LG유플러스, 13일부터 유심 업데이트·무료 교체",아울러 LG유플러스는 유심 업데이트 및 교체 시행을 앞두고 회사를 사칭한 <b>스팸</b>·스미싱 문자에 대한 고객 주의도 당부했다. LG유플러스는 문자 안내 시 공식 채널인 U+one 앱과 홈페이지를 통해서만 예약 및 대상 여부... ,https://www.cnbnews.com/news/article.html?no=788793,"Mon, 13 Apr 2026 09:08:00 +0900"
"LG유플러스, 13일부터 유심 무료 교체",회사는 <b>스팸</b>·스미싱 피해를 막기 위해 U+one 앱과 홈페이지 등 공식 채널만 이용할 것을 당부했습니다. 이재원 LG유플러스 Consumer부문장(부사장)은 &quot;고객이 안심하고 이동통신 서비스를 이용할 수 있도록 선제적으로... ,https://www.newsclaim.co.kr/news/articleView.html?idxno=3060476,"Mon, 13 Apr 2026 09:00:00 +0900"
"LG유플러스, 유심 업데이트·무료 교체 시작",아울러 유심 업데이트 및 교체 시행을 앞두고 회사를 사칭한 <b>스팸</b>·스미싱 문자에 대한 고객 주의도 당부했다. LG유플러스는 문자 안내 시 공식 채널인 U+one 앱과 홈페이지를 통해서만 예약 및 대상 여부 확인이... ,https://n.news.naver.com/mnews/article/417/0001138658?sid=105,"Mon, 13 Apr 2026 09:00:00 +0900"
"LGU+, 전 고객 대상 유심 업데이트·무료 교체 착수",유심 업데이트와 교체 시행을 앞두고 회사를 사칭한 <b>스팸</b>·스미싱 문자에 대한 고객 주의도 당부했다. LG유플러스는 문자 안내 시 공식 채널인 U+one 앱과 홈페이지를 통해서만 예약과 대상 여부 확인이 가능하도록... ,https://biz.newdaily.co.kr/site/data/html/2026/04/13/2026041300031.html,"Mon, 13 Apr 2026 08:54:00 +0900"
"영등포구 &quot;주차 단속, 전화로도 알려드립니다&quot;","그간 <b>스팸</b>이나 광고 문자가 늘어나면서 단속 예고 문자를 제때 확인하지 못해 과태료가 부과되는 사례가... 특히 발신자 정보에 '영등포 주정차 단속'이라는 문구가 표시되도록 설정해, 운전자가 <b>스팸</b> 전화로 오해하지... ",https://www.m-i.kr/news/articleView.html?idxno=1363690,"Mon, 13 Apr 2026 08:32:00 +0900"
"LG유플러스, 13일부터 유심 업데이트·무료 교체 시작",LG유플러스는 유심 업데이트 및 교체 시행을 앞두고 회사를 사칭한 <b>스팸</b>·스미싱 문자에 대한 고객 주의도 당부했다. 회사는 문자 안내 시 공식 채널인 U+one 앱과 홈페이지를 통해서만 예약과 대상 여부 확인이... ,https://www.cstimes.com/news/articleView.html?idxno=701704,"Mon, 13 Apr 2026 08:30:00 +0900"
"LG유플러스, 전 고객 대상 유심 보안 업데이트 및 무료 교체 시작",LG유플러스는 이번 시행과 관련해 회사를 사칭한 <b>스팸</b>·스미싱 문자에 주의할 것을 당부했다. 공식 채널인 U+one 앱과 홈페이지 외의 불분명한 URL 클릭이나 개인정보 입력 요구는 거부해야 한다. 현재 LG유플러스는... ,http://www.seoulwire.com/news/articleView.html?idxno=716454,"Mon, 13 Apr 2026 08:20:00 +0900"
"LG U+, 오늘부터 유심 업데이트·무료 교체 시작...&quot;고객 불편 최소화&quot;",LG유플러스는 아울러 유심 업데이트 및 교체 시행을 앞두고 회사를 사칭한 <b>스팸</b>·스미싱 문자에 대한 고객 주의도 당부했다. LG유플러스는 문자 안내 시 공식 채널인 U+one 앱과 홈페이지를 통해서만 예약 및 대상 여부... ,https://www.bizwork.co.kr/news/articleView.html?idxno=414442,"Mon, 13 Apr 2026 08:18:00 +0900"
"영등포구, 서울시 최초 ‘주정차 단속 음성 알림’ 도입","그간 <b>스팸</b>이나 광고 문자가 늘어나면서 단속 예고 문자를 제때 확인하지 못해 과태료가 부과되는 사례가... 특히 발신자 정보에 ‘영등포 주정차 단속’이라는 문구가 표시되도록 설정해, 운전자가 <b>스팸</b> 전화로... ",https://n.news.naver.com/mnews/article/016/0002628487?sid=102,"Mon, 13 Apr 2026 07:49:00 +0900"
[Who is ?] 이재웅 쏘카 이사회 의장,한메일넷은 불법 <b>스팸</b>메일을 줄이고 투명한 의사소통을 지원하기 위해 대량메일을 보내는 IP는 사전에 미리 실명으로 등록한 뒤 이메일을 보낼 수 있는 온라인 우표제를 실시했다. 온라인 우표제는 시범서비스기간을... ,https://www.businesspost.co.kr/BP?command=article_view&num=435521,"Mon, 13 Apr 2026 07:22:00 +0900"
[이번주 재정경제부 등 경제부처 일정],조간) ※불법<b>스팸</b> 대응 민·관협의체 5차 회의(15일 조간) ※제14회 국가전략기술특별위원회 개최(15일... (예정) ※불법<b>스팸</b> 대응 민관 협의체 제5차 전체회의 ※타인의 동의 없는 위치추적은 범죄입니다... ,https://news.einfomax.co.kr/news/articleView.html?idxno=4409097,"Mon, 13 Apr 2026 07:06:00 +0900"
"‘주정차 단속 음성 알림’ 도입...영등포구, 휴대전화 음성 통화로 단...",휴대전화 음성 통화로 단속 예고 전달…주민 인지율 향상 발신자에 “영등포 주정차 단속” 문구 표시…<b>스팸</b>... 그간 <b>스팸</b>이나 광고 문자가 늘어나면서 단속 예고 문자를 제때 확인하지 못해 과태료가 부과되는 사례가... ,https://n.news.naver.com/mnews/article/016/0002628445?sid=102,"Mon, 13 Apr 2026 06:31:00 +0900"
"&quot;전 고객 유심 무료 교체&quot;…LGU+, 오늘부터 시작",LG유플러스는 <b>스팸</b>·스미싱 문자에 대한 고객 주의도 당부했다. LG유플러스는 문자 안내 시 공식 채널인 U+one 앱과 홈페이지를 통해서만 예약 및 대상 여부 확인이 가능하도록 운영하고 있으며 출처가 불분명한 URL... ,https://n.news.naver.com/mnews/article/008/0005343132?sid=105,"Mon, 13 Apr 2026 06:00:00 +0900"
[이슈] &quot;예약만 15만 건&quot;... LG유플러스 유심 업데이트·무료 교체 방법...,회사는 유심 업데이트 및 교체 시행을 앞두고 사칭 <b>스팸</b>·스미싱 문자에 대한 주의도 당부했다. LG유플러스는 문자 안내 시 공식 채널인 U+one 앱과 홈페이지를 통해서만 예약 및 대상 여부 확인이 가능하도록 운영하고... ,https://www.startuptoday.co.kr/news/articleView.html?idxno=609576,"Mon, 13 Apr 2026 06:00:00 +0900"
"LG유플러스, 13일부터 유심 업데이트·무료 교체 시작",회사는 또 회사를 사칭한 <b>스팸</b>·스미싱 문자에 주의해달라고 당부했다. 예약과 대상 여부 확인은 공식 채널인 U+one 앱과 홈페이지에서만 가능하다고 안내했다. 이재원 LG유플러스 Consumer부문장(부사장)은 &quot;고객이 보다... ,http://www.4th.kr/news/articleView.html?idxno=2110332,"Mon, 13 Apr 2026 05:00:00 +0900"
"LG유플, 13일 부터 유심 업데이트·교체",LG유플러스는 회사를 사칭한 <b>스팸</b>·스미싱 문자를 주의할 것도 당부했다. 이번 조치로 1년 사이 이동통신 3사가 모두 전 고객 대상 유심 무상 교체를 실시하게 됐다. SK텔레콤과 KT는 지난해 해킹 사고를 계기로 유심... ,https://n.news.naver.com/mnews/article/032/0003439400?sid=105,"Sun, 12 Apr 2026 21:06:00 +0900"
"LG유플러스, 13일부터 유심 업데이트·무료 교체 시작",LG유플러스는 아울러 유심 업데이트 및 교체 시행을 앞두고 회사를 사칭한 <b>스팸</b>·스미싱 문자에 대한 고객 주의도 당부했다. 문자 안내 시에는 공식 채널인 U+one 앱과 홈페이지에서만 예약 및 대상 여부 확인이... ,https://byline.network/?p=9004111222599022,"Sun, 12 Apr 2026 18:20:00 +0900"
"LG U+, 13일부터 유심 업데이트·무료 교체 시행…보안 강화 나선다","LG유플러스는 이번 조치와 관련해 <b>스팸</b>·스미싱 문자에 대한 주의도 당부했다. 예약과 대상 확인은 공식 앱과 홈페이지를 통해서만 가능하며, 출처가 불분명한 링크 클릭이나 개인정보 입력 요구에는 응하지 말아야... ",http://www.efnews.co.kr/news/articleView.html?idxno=128998,"Sun, 12 Apr 2026 17:42:00 +0900"
[정희수의 이메일 해킹과 방어] 〈2〉<b>스팸</b>메일 등장과 필터링 기술,악용한 '<b>스팸</b>(SPAM)' 메일이 폭발적으로 증가했고 네트워크 대역폭의 심각한 낭비와 업무 생산성 저하를 초래하는 주요 원인이 된다. 보안업계는 이를 차단하기 위해 메일 본문 내용을 분석해 <b>스팸</b> 여부를 판단하는... ,https://n.news.naver.com/mnews/article/030/0003416949?sid=102,"Sun, 12 Apr 2026 16:01:00 +0900"
[클릭이슈] &quot;청년 1인 가구 노린 사이버 사기 급증&quot;...사이버 피해자 되...,또한 118과 같은 국가 불법<b>스팸</b> 대응센터를 통해 스미싱·피싱 메시지 신고 접수와 무료 상담이 가능하도록 체계를 구축해 피해 확산을 막는 데에도 주력하고 있다. 사이버 범죄 대응을 위한 전략적·제도적 틀도 정비하고... ,http://www.sisacast.kr/news/articleView.html?idxno=94909,"Sun, 12 Apr 2026 15:56:00 +0900"
"LGU+, 13일부터 유심 업데이트·무료 교체 진행",이와 함께 회사를 사칭한 <b>스팸</b>·스미싱 문자 피해를 줄이는 안내 문자를 지속적으로 전송하고 있다. 출처가 불분명한 URL 클릭이나 개인정보 입력 요구에는 응하지 말라고 당부했다. LGU+ 이재원 Consumer부문장(부사장)은... ,https://n.news.naver.com/mnews/article/468/0001233162?sid=101,"Sun, 12 Apr 2026 15:53:00 +0900"
"LG유플러스, 13일부터 전 고객 유심 업데이트·무료 교체 시작",LG유플러스는 회사를 사칭한 <b>스팸</b>·스미싱 문자에 대한 주의도 당부했다. 출처 불분명한 URL 클릭이나 개인정보 입력 요구에 응하지 말 것을 안내하고 있다. 이재원 LG유플러스 Consumer부문장(부사장)은 &quot;이번 조치는... ,https://n.news.naver.com/mnews/article/015/0005273826?sid=105,"Sun, 12 Apr 2026 15:25:00 +0900"
"LG유플러스, 13일부터 유심 교체...전 고객 개인정보 유출 우려 대응 개...",LG유플러스는 4월부터 '로밍패스' 데이터 제공량을 최대 2배 상향했다/사진=LG유플러스 제공 LG유플러스는 유심 업데이트 및 교체 시행 관련 <b>스팸</b>/스미싱 피해 방지책 마련에도 착수했다. LG유플러스는 &quot;문자 안내는... ,https://www.techm.kr/news/articleView.html?idxno=151001,"Sun, 12 Apr 2026 14:40:00 +0900"
"LGU+, 13일 유심 업데이트·교체 시작","한편, LG유플러스는 회사를 사칭한 <b>스팸</b> 및 스미싱 문자메시지 주의도 당부했다. 공식 채널인 U+one 앱과 홈페이지를 통해서만 예약 및 대상 여부 확인이 가능하도록 운영하고 있으며 출처가 불분명한 URL 클릭이나... ",https://www.megaeconomy.co.kr/news/newsview.php?ncode=1065590741227067,"Sun, 12 Apr 2026 14:30:00 +0900"
"LG유플러스, 13일부터 전국 매장서 유심 교체 시작","LG유플러스는 유심 업데이트 및 교체를 앞두고 이를 사칭한 <b>스팸</b>·스미싱 피해에 대한 주의도 당부했다. LG유플러스의 공식 채널인 앱과 홈페이지를 통해서만 예약 및 대상 여부 확인이 가능하고, 출처가 불분명한 URL... ",https://www.lcnews.co.kr/news/articleView.html?idxno=200609,"Sun, 12 Apr 2026 14:10:00 +0900"
"LG유플러스, 13일부터 유심 업데이트·무료 교체 시작",LG유플러스는 아울러 유심 업데이트 및 교체 시행을 앞두고 회사를 사칭한 <b>스팸</b>·스미싱 문자에 대한 고객 주의도 당부했다. LG유플러스는 문자 안내 시 공식 채널인 U+one 앱과 홈페이지를 통해서만 예약 및 대상 여부... ,https://www.ngonews.kr/news/articleView.html?idxno=228134,"Sun, 12 Apr 2026 14:04:00 +0900"
"LG유플러스, 13일부터 유심 업데이트·무료 교체 시작",유심 업데이트 및 교체 시행을 앞두고 회사를 사칭한 <b>스팸</b>·스미싱 문자에 대한 고객 주의도 당부했다. LG유플러스는 문자 안내 시 공식 채널인 U+one 앱과 홈페이지를 통해서만 예약 및 대상 여부 확인이 가능하도록... ,http://www.enewstoday.co.kr/news/articleView.html?idxno=2417733,"Sun, 12 Apr 2026 14:02:00 +0900"
"LGU+ 유심 무료 교체, 13일부터 시작…15만건 예약 접수",아울러 LG유플러스는 관련 조치를 악용한 <b>스팸</b>·스미싱 피해 예방을 위해 고객 주의를 당부했다. 문자 안내 시 U+one 앱과 공식 홈페이지를 통해서만 제공하고 있고 출처가 불분명한 URL 클릭이나 개인정보 입력... ,https://www.shinailbo.co.kr/news/articleView.html?idxno=5010342,"Sun, 12 Apr 2026 13:40:00 +0900"
“유심 무료 교체하세요”…LG유플러스 13일부터 시작,"LG유플러스는 유심 교체를 앞두고 회사를 사칭한 <b>스팸</b>과 스미싱 문자에 대한 주의도 당부했다. 공식 채널은 U+one 앱과 홈페이지뿐이며, 출처가 불분명한 인터넷주소(URL) 클릭이나 개인정보 입력 요구에는 응하지... ",https://n.news.naver.com/mnews/article/009/0005664592?sid=105,"Sun, 12 Apr 2026 13:24:00 +0900"
"LGU+, 내일(13일) 유심 업데이트 시작…필수 교체 대상 440만명",한편 LG유플러스는 유심 업데이트 및 교체 시행을 앞두고 회사를 사칭한 <b>스팸</b>·스미싱 문자에 대한 고객 주의도 당부했다. LG유플러스는 문자 안내 시 공식 채널인 U+one 앱과 홈페이지를 통해서만 예약 및 대상 여부... ,https://n.news.naver.com/mnews/article/138/0002224152?sid=105,"Sun, 12 Apr 2026 13:07:00 +0900"
"LGU+, 13일부터 유심 업데이트·무료 교체 시작",LG유플러스는 아울러 유심 업데이트 및 교체 시행을 앞두고 회사를 사칭한 <b>스팸</b>·스미싱 문자에 대한 고객 주의도 당부했다. LG유플러스는 문자 안내 시 공식 채널인 U+one 앱과 홈페이지를 통해서만 예약 및 대상 여부... ,http://www.segyebiz.com/newsView/20260412505571?OutUrl=naver,"Sun, 12 Apr 2026 12:50:00 +0900"
"LG유플러스, 13일부터 모든 고객 유심 업데이트·교체 돌입",한편 LG유플러스는 유심 업데이트 및 교체 시행을 앞두고 고객에게 회사를 사칭한 <b>스팸</b>·스미싱 문자를 주의할 것을 요청했다. 회사가 전송하는 문자에서는 공식 채널인 U+one 앱과 홈페이지에서만 이번 서비스 대상자... ,https://www.m-i.kr/news/articleView.html?idxno=1363620,"Sun, 12 Apr 2026 12:38:00 +0900"
"LG유플러스, 유심 업데이트·무료 교체…&quot;보안 강화 대응&quot;","이런 가운데 LG유플러스는 유심 교체를 사칭한 <b>스팸</b>·스미싱 피해에 대한 주의도 당부했다. 공식 안내는 U+one 앱과 홈페이지를 통해서만 제공되며, 출처가 불분명한 링크 접속이나 개인정보 입력 요구에는 주의가... ",https://www.seoultimes.news/news/article.html?no=2000095061,"Sun, 12 Apr 2026 12:07:00 +0900"
"LG U+, 13일부터 유심 업데이트·무료 교체...&quot;앱·홈페이지서 대상 여부...",LG유플러스는 유심 교체와 관련해 회사를 사칭한 <b>스팸</b>·스미싱 문자에 대한 고객 주의도 당부했다. LG유플러스는 문자 안내 시 공식 채널인 U+원 앱과 홈페이지를 통해서만 예약 및 대상 여부 확인이 가능하도록 운영하고... ,https://n.news.naver.com/mnews/article/014/0005506143?sid=105,"Sun, 12 Apr 2026 11:49:00 +0900"
[#통신 풍향계] LGU+ '유심 무료 교체'·박윤영 KT 대표 '부산 국제통신...,"LG유플러스를 사칭한 <b>스팸</b>·스미싱 문자에 대한 주의도 당부했다. ◆박윤영 KT 대표, 부산 국제통신센터 점검…글로벌 인프라 관리 강조 박윤영 KT 대표이사가 부산 KT국제통신센터를 방문해 글로벌 통신 인프라를... ",https://www.newsworks.co.kr/news/articleView.html?idxno=837494,"Sun, 12 Apr 2026 11:30:00 +0900"
"LG유플러스, 13일부터 유심 업데이트·무료 교체 시작",회사는 유심 업데이트 및 교체 시행을 앞두고 LG유플러스를 사칭한 <b>스팸</b>·스미싱 문자에 대한 주의도 당부했다. 예약과 대상 여부 확인은 U+one 앱과 홈페이지 등 공식 채널에서만 가능하다고 안내했다. 출처가 불분명한... ,https://www.fetv.co.kr/news/article.html?no=216784,"Sun, 12 Apr 2026 11:16:00 +0900"
"LG유플러스, 유심 업데이트·무료 교체 13일 시작",LG유플러스는 유심 업데이트 및 교체 시행을 앞두고 회사를 사칭한 <b>스팸</b>·스미싱 문자에 대한 고객 주의도 당부했다. LG유플러스는 문자 안내 시 공식 채널인 U+one 앱과 홈페이지를 통해서만 예약 및 대상 여부 확인이... ,http://www.datanews.co.kr/news/article.html?no=144282,"Sun, 12 Apr 2026 11:14:00 +0900"
"LG유플, 내일부터 유심 업데이트·교체 시작···“예약 없이 방문도 가...",LG유플러스는 회사를 사칭한 <b>스팸</b>·스미싱 문자를 주의할 것도 당부했다. 이번 조치로 1년 사이 이동통신 3사가 모두 전 고객 대상 유심 무상 교체를 실시하게 됐다. SK텔레콤과 KT는 지난해 해킹 사고를 계기로 유심... ,https://n.news.naver.com/mnews/article/032/0003439260?sid=105,"Sun, 12 Apr 2026 11:10:00 +0900"
"LG유플러스, 전 고객 대상 유심 업데이트 착수","이와 함께 LG유플러스는 <b>스팸</b>·스미싱 문자에 대한 주의도 당부했다. 회사는 공식 채널인 유플러스원 앱과 홈페이지를 통해서만 예약과 대상 확인을 제공하고 있으며, 출처가 불분명한 URL 클릭이나 개인정보 입력... ",https://www.newspim.com/news/view/20260412000036,"Sun, 12 Apr 2026 10:59:00 +0900"
"LG유플러스, 유심 무료 교체 시작...&quot;공식채널 외 접근 자제&quot;",다만 시행 초기에는 대기 시간이 발생할 수 있어 혼잡 시간대를 피하는 것이 필요하다. LG유플러스는 <b>스팸</b>·스미싱 피해 예방을 위해 공식 채널 외 URL 접근을 자제할 것을 당부했다. 사진=LG유플러스,http://www.kdfnews.com/news/articleView.html?idxno=181723,"Sun, 12 Apr 2026 10:58:00 +0900"
"LG유플러스, 13일부터 '전 고객' 대상 유심 업데이트·무료 교체",혼잡한 시간대를 피한다면 대기시간 없이 원활하게 진행이 가능할 것&quot;이라고 말했다. 한편 LG유플러스는 유심 업데이트 및 교체 시행을 앞두고 회사를 사칭한 <b>스팸</b>·스미싱 문자를 주의하라고도 당부했다. /김민솔 기자,https://www.asiatime.co.kr/article/20260412500055,"Sun, 12 Apr 2026 10:54:00 +0900"
"LG유플러스, 내일부터 전 고객 대상 '유심 업데이트·무료 교체' 시작",LG유플러스는 아울러 유심 업데이트 및 교체 시행을 앞두고 회사를 사칭한 <b>스팸</b>·스미싱 문자에 대한 고객 주의도 당부했다. 이재원 LG유플러스 Consumer부문장(부사장)은 &quot;이번 조치는 고객이 보다 안심하고 이동통신... ,http://www.dailysmart.co.kr/news/articleView.html?idxno=122502,"Sun, 12 Apr 2026 10:50:00 +0900"
"LG유플러스, 13일부터 유심 업데이트·무료 교체",LG유플러스는 회사를 사칭한 <b>스팸</b>·스미싱 문자에 대한 고객 주의도 당부했다. LG유플러스는 문자 안내 시 공식 채널인 U+one 앱과 홈페이지를 통해서만 예약 및 대상 여부 확인이 가능하도록 운영하고 있다고 설명했다.... ,https://www.digitaltoday.co.kr/news/articleView.html?idxno=656133,"Sun, 12 Apr 2026 10:46:00 +0900"
"LG유플러스, 13일부터 유심 업데이트·무료 교체 시작","이와 함께 회사는 유심 교체를 빙자한 <b>스팸</b> 및 스미싱 피해를 예방하기 위해 주의를 당부했다. 예약 및 대상 확인은 반드시 공식 채널인 U+one 앱과 홈페이지에서만 가능하며, 출처가 불분명한 링크 클릭이나 개인정보... ",https://www.koreaittimes.com/news/articleView.html?idxno=152896,"Sun, 12 Apr 2026 10:40:00 +0900"
"LG유플러스, 유심 보안 강화 나서…사전예약 기반 무료 교체·업데이트...","이와 함께 LG유플러스는 유심 업데이트 및 교체를 앞두고 회사를 사칭한 <b>스팸</b>·스미싱 문자에 대한 주의도 당부했다. 회사는 예약과 대상 여부 확인은 U+one 앱과 홈페이지 등 공식 채널에서만 가능하다며, 출처가... ",https://www.socialvalue.kr/news/view/1065576804698754,"Sun, 12 Apr 2026 10:38:00 +0900"
"LG유플러스, 13일부터 유심 무료 교체·업데이트 지원 개시",LG유플러스는 회사를 사칭한 <b>스팸</b> 및 스미싱 문자메시지 주의도 당부했다. 사측은 &quot;모바일 앱과 홈페이지에서만 예약 및 대상 여부 확인이 가능하다&quot;며 &quot;출처가 불분명한 URL 링크는 클릭하지 말아달라&quot;고... ,https://n.news.naver.com/mnews/article/421/0008884135?sid=105,"Sun, 12 Apr 2026 10:36:00 +0900"
"'IMSI 논란' LG유플러스, 13일부터 유심 무상 교체 ·업그레이드 실시",유심 업데이트 및 교체 시행을 앞두고 회사를 사칭한 <b>스팸</b>·스미싱 문자도 주의해야 한다. LG유플러스는 문자 안내 시 공식 채널인 U+one 앱과 홈페이지를 통해서만 예약 및 대상 여부 확인이 가능하도록 운영하고 있으며... ,https://n.news.naver.com/mnews/article/448/0000603253?sid=101,"Sun, 12 Apr 2026 10:36:00 +0900"
"LG유플러스, 13일부터 전 고객 대상 유심 업데이트·교체","한편 LG유플러스는 유심 업데이트 및 교체 시행을 앞두고 회사를 사칭한 <b>스팸</b>·스미싱 문자에도 주의를 당부했다. 예약과 대상 여부 확인은 U+one 앱과 홈페이지에서만 가능하며, 출처가 불분명한 URL 클릭이나 개인정보... ",https://www.pinpointnews.co.kr/news/articleView.html?idxno=444732,"Sun, 12 Apr 2026 10:34:00 +0900"
"LG유플러스, 13일부터 유심 업데이트·무료 교체…&quot;보안 강화 차원&quot;",LG유플러스는 유심 업데이트 및 교체 시행을 앞두고 회사를 사칭한 <b>스팸</b>·스미싱 문자에 대한 주의도 당부했다. LG유플러스는 문자 안내 시 공식 채널인 U+one 앱과 홈페이지를 통해서만 예약 및 대상 여부 확인이... ,https://www.newsway.co.kr/news/view?ud=2026041210314857513,"Sun, 12 Apr 2026 10:34:00 +0900"
"LG유플러스, 13일부터 유심 업데이트·무료 교체 시작","LG유플러스는 이번 조치와 관련해 <b>스팸</b>·스미싱 주의도 당부했다. 예약 및 대상 확인은 공식 채널에서만 가능하며, 출처 불명의 링크 클릭이나 개인정보 입력 요구는 피해야 한다고 강조했다.",http://www.metroseoul.co.kr/article/20260412500069,"Sun, 12 Apr 2026 10:26:00 +0900"
"LGU+, 내일부터 유심 업데이트-무료 교체",LG유플러스는 유심 업데이트 및 교체 시행을 앞두고 회사를 사칭한 <b>스팸</b>·스미싱 문자에 대한 고객 주의도 당부했다. 한편 LG유플러스는 시행 초기 원활한 운영을 위해 전사 차원의 고객케어상황실을 가동하고 있다.... ,https://n.news.naver.com/mnews/article/092/0002418346?sid=105,"Sun, 12 Apr 2026 10:15:00 +0900"
"LG유플러스, 13일부터 유심 업데이트·무료 교체 시작",아울러 유심 업데이트 및 교체 시행을 앞두고 회사를 사칭한 <b>스팸</b>·스미싱 문자에 대한 고객 주의도 당부했다. LG유플러스는 문자 안내 시 공식 채널인 U+one 앱과 홈페이지를 통해서만 예약 및 대상 여부 확인이... ,https://www.ajunews.com/view/20260412100902853,"Sun, 12 Apr 2026 10:14:00 +0900"
LGU+ &quot;유심 무료로 바꿔드려요&quot;…예약하고 매장서 바로 조치,LG유플러스는 회사를 사칭한 <b>스팸</b>·스미싱 문자에 대한 고객 주의도 당부했다. LG유플러스는 문자 안내 시 공식 채널인 U+one 앱과 홈페이지를 통해서만 예약 및 대상 여부 확인이 가능하도록 운영하고 있으며 출처가... ,https://n.news.naver.com/mnews/article/008/0005342940?sid=105,"Sun, 12 Apr 2026 10:01:00 +0900"
"LG유플러스, 13일부터 유심 업데이트·무료 교체 실시",LG유플러스는 아울러 유심 업데이트 및 교체 시행을 앞두고 회사를 사칭한 <b>스팸</b>·스미싱 문자에 대한 고객 주의도 당부했다. LG유플러스는 문자 안내 시 공식 채널인 U+one 앱과 홈페이지를 통해서만 예약 및 대상 여부... ,https://www.betanews.net/article/view/beta202604120004,"Sun, 12 Apr 2026 10:00:00 +0900"
"[이슈+]LG유플러스, 13일부터 전 고객 대상 유심 업데이트·무료 교체 시...","회사는 유심 업데이트 및 교체 시행을 앞두고 사칭 <b>스팸</b> 및 스미싱 피해에 대한 주의도 당부했다. 예약 및 대상 확인은 공식 채널인 U+one 앱과 홈페이지에서만 가능하며, 출처가 불분명한 URL 클릭이나 개인정보 입력... ",https://www.businessplus.kr/news/articleView.html?idxno=110492,"Sun, 12 Apr 2026 09:56:00 +0900"
"[Telecom &amp; Now] LG유플러스, 13일부터 유심 업데이트·무료 교체 시작 등","LG유플러스는 회사를 사칭한 <b>스팸</b>·스미싱 문자에 대한 고객 주의도 당부했다. LG유플러스는 문자 안내 시 공식 채널인 U+one 앱과 홈페이지를 통해서만 예약 및 대상 여부 확인이 가능하도록 운영하고 있으며, 출처가... ",https://www.ebn.co.kr/news/articleView.html?idxno=1705133,"Sun, 12 Apr 2026 09:42:00 +0900"
"LG유플러스, 13일부터 전 고객 유심 무료 교체·업데이트 시작",LG유플러스는 유심 업데이트와 교체 시행을 앞두고 회사를 사칭한 <b>스팸</b>·스미싱 문자에 대한 주의도 당부했다. LG유플러스는 문자 안내 시 공식 채널인 유플러스 앱과 홈페이지를 통해서만 예약과 대상 여부 확인이... ,https://n.news.naver.com/mnews/article/277/0005748160?sid=105,"Sun, 12 Apr 2026 09:38:00 +0900"
"LGU+, 전 고객 ‘유심 보안 업데이트’ 실시…IMSI 난수 도입",회사는 사칭 <b>스팸</b>·스미싱 문자에 대한 주의도 당부했다. 출처가 불분명한 주소 클릭이나 개인정보 입력을 요구하는 메시지에는 응하지 말아야 한다. 이재원 LG유플러스 컨슈머부문장은 &quot;이번 조치는 고객이 보다... ,https://n.news.naver.com/mnews/article/243/0000096200?sid=105,"Sun, 12 Apr 2026 09:36:00 +0900"
"LG유플러스, 13일부터 전 고객 유심 무상 교체·업데이트 시작","아울러 LG유플러스는 유심 업데이트 및 교체를 사칭한 <b>스팸</b>·스미싱 문자에 대한 주의를 당부했다. 예약과 대상 여부 확인은 U+one 앱과 홈페이지에서만 가능하며, 출처가 불분명한 URL 클릭이나 개인정보 입력 요구에는... ",https://www.ziksir.com/news/articleView.html?idxno=130472,"Sun, 12 Apr 2026 09:24:00 +0900"
"LG유플러스, 13일 보안 강화 유심으로 업데이트·무료 교체 시작",LG유플러스는 아울러 유심 업데이트 및 교체 시행을 앞두고 회사를 사칭한 <b>스팸</b>스미싱 문자에 대한 고객 주의도 당부했다. LG유플러스는 문자 안내 시 공식 채널인 U+원 앱과 홈페이지를 통해서만 예약 및 대상 여부... ,http://www.boannews.com/media/view.asp?idx=143126&kind=3,"Sun, 12 Apr 2026 09:20:00 +0900"
"LG유플러스, 13일부터 유심 업데이트·무료 교체 시작",LG유플러스는 아울러 유심 업데이트 및 교체 시행을 앞두고 회사를 사칭한 <b>스팸</b>·스미싱 문자에 대한 고객 주의도 당부했다. LG유플러스는 문자 안내 시 공식 채널인 U+one 앱과 홈페이지를 통해서만 예약 및 대상 여부... ,https://www.viva100.com/article/20260412500053,"Sun, 12 Apr 2026 09:08:00 +0900"
"LG유플러스, IMSI 보안 강화…13일부터 전 고객 대상 유심 교체 시작","스미싱 악용 가능성 경고…공식 채널만 이용해야 회사는 유심 교체 시행을 악용한 <b>스팸</b> 및 스미싱 공격 가능성에 대해서도 주의를 당부했다. LG유플러스는 문자 안내 시 외부 URL을 통한 접속을 요구하지 않으며, 모든... ",https://www.dailysecu.com/news/articleView.html?idxno=206181,"Sun, 12 Apr 2026 09:06:00 +0900"
"LG유플러스, 13일부터 유심 업데이트·무료 교체 시작",LG유플러스는 아울러 유심 업데이트 및 교체 시행을 앞두고 회사를 사칭한 <b>스팸</b>·스미싱 문자에 대한 고객 주의도 당부했다. LG유플러스는 문자 안내 시 공식 채널인 U+one 앱과 홈페이지를 통해서만 예약 및 대상 여부... ,https://n.news.naver.com/mnews/article/003/0013882036?sid=105,"Sun, 12 Apr 2026 09:03:00 +0900"
"LG U+, 13일부터 유심 업데이트·무료 교체…&quot;사전 예약 권장&quot;",“사칭 <b>스팸</b>·스미싱 문자 주의하세요” LG유플러스는 아울러 유심 업데이트 및 교체 시행을 앞두고 회사를 사칭한 <b>스팸</b>·스미싱 문자에 대한 고객 주의도 당부했다. LG유플러스는 문자 안내 시 공식 채널인 U+one 앱과... ,https://n.news.naver.com/mnews/article/018/0006255396?sid=105,"Sun, 12 Apr 2026 09:02:00 +0900"
"'IMSI 논란' LG유플, 13일부터 '유심 무료 교체'…사전예약 15만건 넘어",LG유플러스는 아울러 유심 업데이트 및 교체 시행을 앞두고 회사를 사칭한 <b>스팸</b>·스미싱 문자에 대한 고객 주의도 당부했다. LG유플러스는 문자 안내 시 공식 채널인 U+one 앱과 홈페이지를 통해서만 예약 및 대상 여부... ,https://n.news.naver.com/mnews/article/119/0003079570?sid=105,"Sun, 12 Apr 2026 09:01:00 +0900"
"LG유플러스, '보안 난수 도입' 유심 대교체 착수…고객 보호·디지털 격...",마케팅 및 보안 관리 측면에서도 공식 채널인 'U+one' 앱과 홈페이지를 통한 일원화된 소통 방식을 채택함으로써 교체 시기를 틈탄 <b>스팸</b>·스미싱 등의 2차 피해 가능성을 원천 차단하는 데 주력했다. 이는 전사 차원의... ,https://www.thefairnews.co.kr/news/articleView.html?idxno=74119,"Sun, 12 Apr 2026 09:00:00 +0900"
"LG유플러스, 13일부터 유심 업데이트·무료 교체 시작 .... &quot;사전 예약 권...",LG유플러스는 아울러 유심 업데이트 및 교체 시행을 앞두고 회사를 사칭한 <b>스팸</b>·스미싱 문자에 대한 고객 주의도 당부했다. LG유플러스는 &quot;문자 안내 시 공식 채널인 U+one 앱과 홈페이지를 통해서만 예약 및 대상 여부... ,http://www.worktoday.co.kr/news/articleView.html?idxno=83656,"Sun, 12 Apr 2026 09:00:00 +0900"
"&quot;탐지만으로는 부족하다&quot;...강민석 카스퍼스키 이사, 위협 인텔리전스 ...","전 세계 수억 명 규모의 사용자 기반과 센서, 웹 크롤러, 봇팜, <b>스팸</b> 함정, APT 연구팀, 파트너 협업 등을 통해 데이터를 수집하고, 매일 수십만 개의 새로운 위협을 탐지하며, 대규모 연구 인력이 이를 지속적으로... ",https://www.dailysecu.com/news/articleView.html?idxno=206179,"Sat, 11 Apr 2026 19:56:00 +0900"
"&quot;김미영 팀장, 이제는 진짜 퇴출&quot;... 방미통위, 불법 <b>스팸</b> '원천 봉쇄' 나...",휴대전화 화면을 도배하는 불법 <b>스팸</b> 문자가 앞으로는 크게 줄어들 전망이다. 방송미디어통신위원회가 문자발송사업자의 <b>스팸</b> 방지 역량을 검증하고 요건을 갖추지 못한 부실 사업자를 시장에서 퇴출할 수 있는 강력한... ,https://www.insight.co.kr/news/549809,"Sat, 11 Apr 2026 16:14:00 +0900"
[체험기] 골라먹는 편의점 한 끼···브랜드별 맛·구성 차이는?,"김치, 메추리알장조림, 깻잎절임, 닭강정, <b>스팸</b>, 소시지, 만두, 볶음김치 등 여러 조리 방식이 섞여 있어 먹는 재미가 확실했다. 4900원이라는 가격까지 고려하면 부담이 적었다. 마찬가지로 도시락에 젓가락이 들어있어... ",https://www.seoulfn.com/news/articleView.html?idxno=626202,"Sat, 11 Apr 2026 09:00:00 +0900"
"&quot;개그 내려놓고 게임성으로 승부&quot;…넷마블 '몬길: STAR DIVE', 첫 라이브...","개발진은 &quot;<b>스팸</b> 메일함까지 꼭 확인해 달라&quot;고 당부했다. 아울러 방송 말미에는 개발자 라이브 기념 쿠폰 코드도 공개됐다. 쿠폰은 'devlive0410'이며, 오는 15일 정식 런칭 이후부터 내달 13일까지 사용 가능하다. '몬길... ",https://www.youthdaily.co.kr/news/article.html?no=217245,"Sat, 11 Apr 2026 08:02:00 +0900"
아담 백 “나는 사토시 아니다”…첫 이메일 공개가 다시 부른 정체 논...,"초기 <b>스팸</b> 방지 기술로, 비트코인 합의 구조에 영향 COPA: 암호화폐 관련 특허 독점 방지를 위한 오픈 특허 연합 아담 백은 왜 사토시 후보로 자주 거론되나요? 아담 백은 비트코인 이전에 해시캐시 기술을 만든... ",https://www.tokenpost.kr/news/cryptocurrency/348204,"Sat, 11 Apr 2026 00:02:00 +0900"
'국민의 통신기본권 보장' 공동선언,또한 국민의 일상을 위협하는 보이스피싱 및 불법 <b>스팸</b> 차단을 위한 기술적 조치도 한층 강화하기로 했다. 정부와 통신업계는 대한민국의 디지털 경쟁력을 유지하기 위한 인프라 투자와 기술 혁신에도 합의했다. 5G... ,https://n.news.naver.com/mnews/article/648/0000046156?sid=101,"Fri, 10 Apr 2026 17:54:00 +0900"
"방미통위, 출범 반년 만에 첫 전체회의…방송사 재허가 등 의결",대량 문자 전송 사업자의 불법 <b>스팸</b> 방지 역량을 사전에 검증하는 '전송자격인증제' 도입을 위한 하위 법령도 마련했다. 아울러 지난해 여름 특별재난지역으로 선포된 48개 지역 주민에 대해 텔레비전 방송 수신료를... ,https://n.news.naver.com/mnews/article/277/0005747917?sid=105,"Fri, 10 Apr 2026 17:28:00 +0900"
"방미통위, 출범 6개월 만에 첫 가동…지상파 재허가·방송 3법 착수","이 밖에도 특별재난지역 주민을 대상으로 한 TV 수신료 2개월 면제, 불법 <b>스팸</b> 방지를 위한 '전송자격인증제' 도입 등 민생과 직결된 사안들도 함께 의결됐다. 다만, 사안이 복잡한 YTN 최대주주 변경 승인 취소 문제는 심도... ",https://www.goodnews1.com/news/articleView.html?idxno=458668,"Fri, 10 Apr 2026 17:22:00 +0900"
방미통위 첫 전체회의…방송사 재허가·방송3법 후속조치 이뤄져,이날 회의에서는 「이동통신단말장치 유통구조 개선에 관한 법률」 폐지 관련 하위법령 마련 및 불법<b>스팸</b> 대응 등 시급한 민생 현안에 대한 법령 개정 안건들도 의결됐다. 재허가 기간을 넘겨 법적 지위의 불안정성 등에... ,https://n.news.naver.com/mnews/article/448/0000603008?sid=100,"Fri, 10 Apr 2026 16:42:00 +0900"
"<b>스팸</b> 발송 시 '영구 퇴출'...방미통위, 전송자격인증제 시행","앞으로 마약, 도박, 불법대출 등 불법 <b>스팸</b>문자를 발송한 대량문자 전송 기업은 즉시 시장에서 퇴출당한다.... ‘전송자격인증제’는 대량문자 전송사업을 하려는 사업자가 불법<b>스팸</b> 방지를 위한 역량을 갖추었는지 사전에... ",https://n.news.naver.com/mnews/article/092/0002418281?sid=105,"Fri, 10 Apr 2026 16:40:00 +0900"
"방미통위, 6개월만에 정상화...방송사 재허가와 방송 3법 후속 조치 의결",방미통위는 또 이동통신단말장치 유통구조 개선에 관한 법률 폐지 관련 하위법령 마련과 불법<b>스팸</b> 대응 등 민생 현안에 대한 법령 개정 안건들도 의결했습니다. 다만 YTN 최대주주 변경 승인 취소 문제의 경우 사안의... ,https://news.bbsi.co.kr/news/articleView.html?idxno=4077679,"Fri, 10 Apr 2026 16:36:00 +0900"
"불법<b>스팸</b> 전송 시 사업권 박탈, 전송자격인증제 본격 시행",퍼블릭타임스=대량문자 전송사업자가 불법 <b>스팸</b>을 방지할 수 있는 기술적·관리적 역량을 갖췄는지 사전에... 기능을 강화할 수 있게 됐다&quot;며 &quot;불법<b>스팸</b>으로 인한 국민 불편과 피해 방지에 더욱 노력할 것&quot;이라고 말했다.,https://www.public25.com/news/articleView.html?idxno=43874,"Fri, 10 Apr 2026 16:30:00 +0900"
&quot;김미영 팀장 실직 위기?&quot;…불법 <b>스팸</b> 방지 위해 '칼 빼든' 방미통위,지긋지긋한 불법 <b>스팸</b> 문자가 줄어들 전망이다. 방송미디어통신위원회가 문자발송사업자의 불법 <b>스팸</b> 방지 역량 강화에 나섰다. 요건을 못 갖춘 사업자는 퇴출할 수 있는 법적 근거도 마련됐다. 방미통위는 10일 오전... ,https://n.news.naver.com/mnews/article/008/0005342646?sid=105,"Fri, 10 Apr 2026 16:17:00 +0900"
방미통위 출범 반년 만에 첫 전체회의..방송 재허가·방송3법 등 후속조...,불법<b>스팸</b> 대응 등 시급한 민생 현안에 대한 법령 개정 안건들도 의결됐다. 일례로 위치정보의 관리적... 또 대량문자 전송사업을 하기 전에 불법<b>스팸</b> 방지 역량을 먼저 갖추도록 하는 ‘전송자격인증제’ 시행 방안이... ,https://n.news.naver.com/mnews/article/009/0005664187?sid=105,"Fri, 10 Apr 2026 16:15:00 +0900"
"2년 8개월 '파행' 꼬리표 뗀 방미통위, 6인 체제로 첫발","특별재난지역 수신료 면제, 불법<b>스팸</b> 방지를 위한 전송자격인증제 시행 고시 등도 의결됐다. 방미통위가 정상 가동된 것은 방미통위 설치법 제정 6개월 만이다. 그간 방미통위는 출범은 했으나 출석·의결 정족수가... ",https://n.news.naver.com/mnews/article/469/0000924745?sid=102,"Fri, 10 Apr 2026 16:10:00 +0900"
"지상파 133개 방송국 재허가…방미통위, 불법<b>스팸</b> 차단 전송자격인증제...",대량 문자 사업자를 대상으로 불법 <b>스팸</b> 방지 역량을 검증하는 전송자격인증제가 도입된다.... 민생 현안인 불법 <b>스팸</b> 대응 체계도 대폭 강화했다. 전송자격인증제 시행을 위해 '전기통신사업법 시행령' 개정안과 관련... ,https://www.newsworks.co.kr/news/articleView.html?idxno=837424,"Fri, 10 Apr 2026 16:06:00 +0900"
"정지선 셰프, 편의점 재료 활용 요리 공개…레시피 2종 선보여","정지선 셰프는 재료의 조합 방식에 따라 별도의 부연 설명 없이 즉석에서 조리 절차를 수행하며 편의점 요리를 완성했다.첫 번째 메뉴는 즉석밥 반죽에 치즈와 마라 소스를 혼합해 전 형태로 구운 뒤, <b>스팸</b>을 감싸고 새우깡... ",https://www.kbsm.net/news/view.php?idx=515469,"Fri, 10 Apr 2026 16:04:00 +0900"
"방미통위, 단통법 폐지 후속 조치 완료…불법 보조금 차별 금지 명문화",금지'와 '불법 <b>스팸</b> 차단' 강화를 주요 안건으로 다뤘다. 이번 회의에서는 기존 단통법에서 제시된 지원금... 불법 <b>스팸</b> 방지에 대한 강력한 의지를 갖고 이 제도를 시행하겠다&quot;고 강조했다. 이번 후속 조치로... ,http://www.popcornnews.net/news/articleView.html?idxno=118047,"Fri, 10 Apr 2026 15:22:00 +0900"
‘방송3법’으로 첫발 뗀 방미통위…산업 진흥 메시지는(종합),단말기유통법(단통법) 폐지에 따른 하위법령 마련과 불법 <b>스팸</b> 대응 등 관련 제도 정비도 함께 추진된다. 아울러 장애인방송 접근권 확대를 위한 고시 개정안도 보고됐다. 적용 대상을 기존 시각·청각 장애인에서 모든... ,https://n.news.naver.com/mnews/article/138/0002224063?sid=105,"Fri, 10 Apr 2026 15:21:00 +0900"
"방미통위, 출범 6개월 만에 '첫 회의'···'방송 3법' 후속 조치 가속도",또 대량문자 전송사업자의 불법 <b>스팸</b> 방지 역량을 사전에 검증하는 '전송자격인증제' 도입을 위한 하위... 이동통신단말장치 유통구조 개선법 폐지에 따른 하위법령 마련과 불법 <b>스팸</b> 대응 등 민생 관련 안건도 함께... ,http://www.enewstoday.co.kr/news/articleView.html?idxno=2417462,"Fri, 10 Apr 2026 15:17:00 +0900"
방송미디어통신위 첫 회의…방송사 재허가·방송3법 후속 조치,또 대량문자 전송사업자의 불법 <b>스팸</b> 방지 역량을 사전에 검증하는 '전송자격인증제' 도입을 위한 하위... 이동통신단말장치 유통구조 개선법 폐지에 따른 하위법령 마련과 불법 <b>스팸</b> 대응 등 민생 관련 안건도 함께... ,https://n.news.naver.com/mnews/article/374/0000503688?sid=101,"Fri, 10 Apr 2026 15:14:00 +0900"
방미통위 &quot;불법투자·대출·도박 <b>스팸</b> 발송 즉시 퇴출&quot;,불법투자·대출·도박 등 <b>스팸</b>문자를 발송할 경우 즉시 시장에서 퇴출하는 전송자격인증제 시행 방안이... 전송자격인증제는 대량문자 전송사업자가 불법<b>스팸</b> 방지 역량을 갖췄는지 사전에 심사해 인증하는 제도다. 인증을... ,https://n.news.naver.com/mnews/article/031/0001021296?sid=105,"Fri, 10 Apr 2026 15:06:00 +0900"
"지각 출발 방미통위, 6개월 만에 첫 전체회의...'행정 공백 해결' 주력",불법 <b>스팸</b> 문자 발송을 줄이기 위한 대책을 본격화했다. 방송 3법(방송법/방송문화진흥회법... 불법 <b>스팸</b>을 줄이기 위한 대응도 구체화했다. '전송자격인증제' 시행을 위한 하위 법규를 마련했다. 전송자격인증제는 대량... ,https://www.techm.kr/news/articleView.html?idxno=150985,"Fri, 10 Apr 2026 14:52:00 +0900"
[Gov &amp; Now] 방미통위 출범 6개월 만 첫 회의…방송사 재허가·방송3법 후...,이날 회의에서는'이동통신단말장치 유통구조 개선에 관한 법률' 폐지 관련 하위법령 마련 및 불법<b>스팸</b> 대응 등 시급한 민생 현안에 대한 법령 개정 안건들도 의결됐다. 다만 YTN 사안에 대해서는 시민사회와 국회의 관심이... ,https://www.ebn.co.kr/news/articleView.html?idxno=1705058,"Fri, 10 Apr 2026 14:44:00 +0900"
방미통위 첫 전체회의서 방송사 재허가·방송3법 후속 조치…&quot;TBS 재정상...,이른바 '단통법'으로 불리던 이동통신단말장치 유통구조 개선법 폐지에 따른 하위법령 마련과 불법 <b>스팸</b> 대응 등 민생 관련 안건도 함께 처리됐습니다. 김종철 방미통위원장은 &quot;그동안 위원회가 정상 가동되지 못해... ,http://tbs.seoul.kr/news/newsView.do?typ_800=1&idx_800=3536158&seq_800=20529036,"Fri, 10 Apr 2026 14:36:00 +0900"
"방미통위, 유효기간 만료 방송사 재허가 의결…TBS는 재논의",아울러 ‘이동통신단말장치 유통구조 개선에 관한 법률’ 폐지 관련 하위법령 마련 및 불법<b>스팸</b> 대응 등 민생 현안에 대한 법령 개정 안건들도 의결했다. 다만 YTN 최대주주 변경 승인 취소 문제의 경우 사안의... ,https://n.news.naver.com/mnews/article/025/0003515371?sid=103,"Fri, 10 Apr 2026 14:32:00 +0900"
"방미통위, 6개월만 첫 전체회의…1호 안건은 단통법·방송3법·TBS",이외에도 방미통위는 급증하는 <b>스팸</b> 문자를 차단하기 위해 전송자격인증사업자 인증·취소 기준을 마련하고 연 1회 정기 점검하기로 규정했다. 또 위치정보 보호법규를 위반한 373개 사업자에 과징금·과태료 처분을... ,https://n.news.naver.com/mnews/article/008/0005342586?sid=105,"Fri, 10 Apr 2026 14:29:00 +0900"
앞으로 불법<b>스팸</b> 방지 역량 갖춰야 문자사업 가능,대량문자 전송사업을 하기 전에 불법<b>스팸</b> 방지역량을 먼저 갖추도록 하는 '전송자격인증제' 시행 방안이... '전송자격인증제'란 대량문자 전송사업을 하려는 자가 불법<b>스팸</b> 방지 역량을 갖추었는지에 대해 방미통위가... ,https://it.chosun.com/news/articleView.html?idxno=2023092160194,"Fri, 10 Apr 2026 14:28:00 +0900"
"첫걸음 뗀 방미통위, 첫 위원회 회의서 단통법 폐지 시행령 의결 … 방...",대량문자 전송 사업자에게 전송자격 인증 기준을 신설하는 등 불법 <b>스팸</b> 문자가 쉽게 유통되지 않도록 환경을 조성했다. 위치정보보호 차원에서도 관리적·기술적 보호조치가 미흡한 373개 사업자에 대해 과징금과... ,https://biz.newdaily.co.kr/site/data/html/2026/04/10/2026041000182.html,"Fri, 10 Apr 2026 14:24:00 +0900"
"방미통위, 출범 반년 만에 첫 전체회의…현안 처리 착수",불법 <b>스팸</b> 대응 등 시급한 현안과 관련한 법령 개정안도 함께 의결됐습니다. 대량문자 전송서비스 제공을... 유도 등 불법 행위를 위한 <b>스팸</b>을 발송할 경우 인증이 취소되고 특수 유형의 부가통신사업자 등록도 취소됩니다.,http://www.newstomato.com/ReadNews.aspx?no=1297450&inflow=N,"Fri, 10 Apr 2026 14:18:00 +0900"
방미통위 정상화 첫 발…방송사 재허가·‘방송 3법’ 후속조치,"이날 회의에서는 ‘이동통신단말장치 유통구조 개선에 관한 법률’ 폐지 관련 하위법령 마련 및 불법<b>스팸</b> 대응 등 시급한 민생 현안에 대한 법령 개정 안건들도 의결됐다. 다만, 와이티엔(YTN) 사안에 대해서는... ",https://n.news.naver.com/mnews/article/016/0002627882?sid=103,"Fri, 10 Apr 2026 14:14:00 +0900"
"방미통위, 출범 6개월 만에 첫 전체회의… 23개 안건 의결",이날 방미통위는 지난해 7월 이동통신단말장치 유통구조 개선에 관한 법률(단통법) 폐지 관련 하위법령 마련 및 불법<b>스팸</b> 대응 등 시급한 민생 현안에 대한 법령 개정 안건들을 의결됐다. 또 방송법·방송문화진흥회법... ,https://it.chosun.com/news/articleView.html?idxno=2023092160195,"Fri, 10 Apr 2026 14:08:00 +0900"
"방미통위, 전송자격인증제 시행령 의결…불법<b>스팸</b> 막는다",불법<b>스팸</b> 방지 역량을 갖춘 사업자만 대량문자 전송사업을 할 수 있도록 하는 '전송자격인증제' 시행 방안이... 전송자격인증제란 대량문자 전송사업을 하려는 자가 불법<b>스팸</b> 방지 역량을 갖췄는지에 대해 방미통위가... ,https://n.news.naver.com/mnews/article/030/0003416763?sid=105,"Fri, 10 Apr 2026 14:04:00 +0900"
불법<b>스팸</b> 차단 못하면 문자사업 못한다…‘전송자격 인증제’ 도입,대량문자 전송사업자가 불법 <b>스팸</b> 차단 역량을 사전에 갖추도록 하는 ‘전송자격인증제’ 도입이 추진된다. 불법 투자·대출 유도나 도박 등 <b>스팸</b>을 발송할 경우 즉시 시장에서 퇴출되는 강력한 제재도 함께 적용된다.... ,https://n.news.naver.com/mnews/article/018/0006254600?sid=105,"Fri, 10 Apr 2026 14:02:00 +0900"
"방미통위, ‘방송3법’ 후속조치 마련…업무 정상화 속도 박차",불법<b>스팸</b> 방지 역량을 갖췄는지에 대해 방미통위가 인증하는 제도다. 김 위원장은 “이번 제도를 통해 대량문자 전송사업자에 대한 관리‧감독 기능을 강화할 수 있게 됐다”면서 “불법<b>스팸</b>으로 인한 국민 불편과 피해... ,https://n.news.naver.com/mnews/article/138/0002224044?sid=105,"Fri, 10 Apr 2026 14:00:00 +0900"
"방미통위, 출범 6개월 만에 첫 회의…방송3법 등 후속 조치",불법 <b>스팸</b> 방지 역량을 사전에 검증하는 '전송자격인증제' 도입을 위한 하위 법령도 마련됐습니다. 아울러... 이동통신단말장치 유통구조 개선법 폐지에 따른 하위법령 마련과 불법 <b>스팸</b> 대응 등 민생 관련 안건도 함께... ,https://n.news.naver.com/mnews/article/422/0000853659?sid=105,"Fri, 10 Apr 2026 13:50:00 +0900"
의결정족수 갖춘 방미통위 첫 회의…6개월 공백 끝 '정상화 신호',통신 분야에서는 불법 <b>스팸</b>과 단말기 유통 질서 관련 후속 정비가 집중 논의됐다. 방미통위는... 악성 <b>스팸</b>을 발송한 사업자에 대해서는 인증 취소가 가능해진다. 방미통위는 이를 통해 불법 <b>스팸</b>으로 인한 국민 불편을... ,https://n.news.naver.com/mnews/article/079/0004135326?sid=101,"Fri, 10 Apr 2026 13:40:00 +0900"
방미통위 첫 전체회의...'방송3법' 후속조치 등 논의,"오늘 회의에서는 이른바 '방송 3법' 개정안 후속 조치와 더불어 특별재난지역 수신료 면제, 불법 <b>스팸</b> 문자 대응 등 민생 현안이 논의됐습니다. 또 재허가 기간을 넘겼던 지상파와 유료방송 사업자에 대한 재허가 여부도... ",https://n.news.naver.com/mnews/article/052/0002338973?sid=101,"Fri, 10 Apr 2026 13:37:00 +0900"
"방미통위, 첫 전체회의…방송3법·방송사 재허가 등 의결","전송자격인증제란 대량문자 전송사업을 하려는 자가 불법<b>스팸</b> 방지 역량을 갖췄는지에 대해 방미통위가 인증하는 제도다. 그간 방미통위가 다양한 이해관계자, 전문가 등의 의견을 수렴하고 입법예고 등을 거쳐... ",https://news.mtn.co.kr/news-detail/2026041013323330292,"Fri, 10 Apr 2026 13:36:00 +0900"
대량문자 전송사업 하려면 '자격인증' 받아야…불법 <b>스팸</b> 발송 시 즉시...,"이제 대량문자 전송사업을 하려는 사업자들은 사업 개시에 앞서 ‘전송자격인증제’에 따른 불법<b>스팸</b> 방지역량을 먼저 갖춰야 한다. 사업 개시 이후 불법 투자유도·대출, 도박 <b>스팸</b> 등 관련 대량문자를 발송하면 즉시... ",https://n.news.naver.com/mnews/article/003/0013880287?sid=105,"Fri, 10 Apr 2026 13:27:00 +0900"
"방미통위, 6개월 만에 첫 전체회의…단통법 폐지 후속조치 의결","불법<b>스팸</b> 대응 등 시급한 현안 관련 법령 개정 안건도 의결했다. 방미통위는 전기통신사업법에 따른... 마약, 도박, 불법투자 유도 등 불법행위를 위한 <b>스팸</b>을 발송하면 인증이 취소되고 특수 유형의 부가통신사업자... ",https://n.news.naver.com/mnews/article/030/0003416745?sid=105,"Fri, 10 Apr 2026 13:25:00 +0900"
방미통위 첫 회의…방송사 재허가·방송3법 후속 조치(종합),지상파 재허가 지연 해소…위치정보사업자 373곳 제재·<b>스팸</b> 인증제 도입 호우 피해 수신료 면제 등 민생... 또 대량문자 전송사업자의 불법 <b>스팸</b> 방지 역량을 사전에 검증하는 '전송자격인증제' 도입을 위한 하위 법령도... ,https://n.news.naver.com/mnews/article/001/0016014285?sid=102,"Fri, 10 Apr 2026 13:22:00 +0900"
방미통위 첫 전체회의…150개 방송국 재허가·TBS 청문행,"불법<b>스팸</b>을 막는 전송자격인증제 관련 하위법규도 의결했다. 고시에는 다중인증, 금칙어 차단체계 등 5개 분야 16개 항목의 인증기준이 담겼다. 전기통신사업법에 따라 문자재판매사업자는 전송자격 인증을 갖춰야... ",https://www.digitaltoday.co.kr/news/articleView.html?idxno=655736,"Fri, 10 Apr 2026 13:14:00 +0900"
불법<b>스팸</b> 방지 역량 필수…'전송자격인증제' 시행안 마련,"정부가 대량문자 전송사업 전에 불법<b>스팸</b> 방지역량을 먼저 갖추도록 하고, 불법행위를 위한 <b>스팸</b> 문자 발송 시 인증을 취소하는 등의 내용이 담긴 '전송자격인증제' 시행 방안을 마련했다. 방송미디어통신위원회는 10일... ",https://n.news.naver.com/mnews/article/421/0008882360?sid=105,"Fri, 10 Apr 2026 13:08:00 +0900"
AI 사기와 가짜 콘텐츠... 보고 들어도 믿을 수 없는 시대,"경찰청 사이버범죄 신고 시스템, 금융감독원 보이스피싱 신고센터(1332), 한국인터넷진흥원 불법<b>스팸</b>대응센터(118)에 신고할 수 있다. 송금 피해가 발생했다면 거래 은행에 즉시 연락해 지급정지를 요청하는 것이 가장... ",https://www.gukjenews.com/news/articleView.html?idxno=3549791,"Fri, 10 Apr 2026 09:02:00 +0900"
"한국인터넷진흥원(KISA), AI로 '진화하는 금융 <b>스팸</b>' 잡는다…대응체계...",금융 <b>스팸</b> 문자 대응체계를 대폭 강화한다고 밝혔다. 컨슈머타임스=안우진 기자 | 사회·경제적 이슈를 악용한 변종 불법 금융 <b>스팸</b> 문자가 기승을 부리는 가운데 정부 기관들이 인공지능(AI) 기술을 도입해 선제적 방어막... ,https://www.cstimes.com/news/articleView.html?idxno=701485,"Fri, 10 Apr 2026 03:10:00 +0900"
LA 인구 감소로 '경제 먹구름' 우려/CA &quot;중산층 세금환급 카드&quot; 이달 만...,일부는 서류봉투에 든 카드를 광고 전단지나 <b>스팸</b> 메일로 오해해 버린 경우가 많았고요. 또 다른 분들은 &quot;나중에 비상금으로 쓰겠다&quot;며 서랍이나 바구니에 넣어두고는 까맣게 잊어버린 사례도 속출하고 있습니다.... ,https://www.radiokorea.com/news/article.php?uid=493126,"Fri, 10 Apr 2026 02:46:00 +0900"
"진화하는 금융 <b>스팸</b>문자, AI 기술로 잡는다… 차단 효율 80%까지 '쑥'",금융당국과 한국인터넷진흥원이 투자리딩방 가입권유나 불법 대출 <b>스팸</b>문자 대응을 위해 AI를 활용한다. 이미지=금융감독원 투자리딩방 가입 권유나 불법 대출 등 갈수록 교묘해지는 불법금융 <b>스팸</b> 문자를 잡아내기... ,https://www.pinpointnews.co.kr/news/articleView.html?idxno=444284,"Thu, 09 Apr 2026 19:00:00 +0900"
[기자수첩] 효율만 좇으면 AI는 ‘역병’이 된다,"품질 검수조차 거치지 못한 채 양산된 콘텐츠가 도배되면, 소비자는 이를 ‘유용한 정보’가 아닌 ‘피로감을 주는 <b>스팸</b>’으로 인식한다. 이렇게 희소성과 신뢰를 잃은 콘텐츠들은 오히려 브랜드 이미지를 훼손하는... ",https://kidd.co.kr/news/245621,"Thu, 09 Apr 2026 17:46:00 +0900"
"금감원, '불법금융 <b>스팸</b>' 대응 강화...한국인터넷진흥원과 협력",불법금융 <b>스팸</b>문자 대응체계를 강화한다고 9일 밝혔다. 투자 리딩방 참여 유도나 불법 사금융 광고 등 사기성 정보를 걸러내 금융소비자 피해를 줄이겠다는 취지다. 양 기관은 2024년 12월부터 정례적으로 <b>스팸</b>문자를... ,https://n.news.naver.com/mnews/article/014/0005505326?sid=101,"Thu, 09 Apr 2026 17:33:00 +0900"
"사기 문자와의 전쟁, 이제는 AI가 전면에 선다",한국인터넷진흥원(KISA)은 금융감독원과 함께 민생 침해 금융 범죄 피해를 예방하기 위해 불법 금융 <b>스팸</b> 문자 대응체계를 AI 기반으로 한층 강화하기로 했다.양 기관은 2024년 12월부터 불법 금융 관련 <b>스팸</b> 데이터를... ,https://www.kbsm.net/news/view.php?idx=515351,"Thu, 09 Apr 2026 17:10:00 +0900"
X 제품 관리자 &quot;분당 208개 봇 계정 차단&quot;,panewslab.com에 따르면 이번 발언은 X의 봇 대응 강화 현황을 설명하는 과정에서 나왔다. 플랫폼 내 <b>스팸</b>과 자동화 계정 관리가 강화되면서 이용 환경 개선 여부에 관심이 쏠린다.,https://www.tokenpost.kr/news/breaking/347753,"Thu, 09 Apr 2026 16:34:00 +0900"
"부산 북구, 양방향 문자로 '민원 처리·서류 제출' 한 번에",구청 발송 문자에는 공식 기관 로고와 인증마크를 표시해 구민들이 <b>스팸</b> 메시지와 쉽게 구별하고 안심하며 정보를 확인하도록 했다. ◆ 디지털 취약계층 배려한 포용적 기술 도입 이와 함께 시각장애인이나 고령층 등... ,https://www.joongdo.co.kr/web/view.php?key=20260409010002935,"Thu, 09 Apr 2026 16:34:00 +0900"
[#시큐리티 포커스] 엔키 '오펜시브 통합 플랫폼' 공급·스패로우 '취약...,"금융 <b>스팸</b> 대응체계 강화, 금융보안원의 금융분야 제로트러스트 보안 안내서 발간 소식이 전해졌다.... ◆KISA-금감원, 금융 <b>스팸</b> 대응 강화…AI 활용 차단 자동화 한국인터넷진흥원과 금융감독원이 불법 금융 <b>스팸</b> 문자... ",https://www.newsworks.co.kr/news/articleView.html?idxno=837231,"Thu, 09 Apr 2026 16:30:00 +0900"
"금감원, 불법금융 <b>스팸</b> 대응 고도화…AI로 신종 문자 잡는다",금융감독원이 한국인터넷진흥원(KISA)과 손잡고 불법금융 <b>스팸</b>문자 대응 체계를 대폭 강화한다. 투자 리딩방 유인 문자와 불법 사금융 광고 등 갈수록 교묘해지는 <b>스팸</b>문자를 인공지능(AI) 기반 분석으로 걸러내겠다는... ,https://n.news.naver.com/mnews/article/138/0002223932?sid=101,"Thu, 09 Apr 2026 16:21:00 +0900"
"KISA, AI로 진화하는 불법 금융 <b>스팸</b> 문자 차단한다",한국인터넷진흥원(KISA)은 금융감독원과 함께 '불법 금융 <b>스팸</b> 문자 대응체계'를 강화했다고 9일 밝혔다. 두 기관은 데이터를 공유하며 <b>스팸</b> 문자 사전 차단을 위해 협력해 왔다. KISA가 <b>스팸</b> 신고 데이터를 수집해... ,https://n.news.naver.com/mnews/article/029/0003020839?sid=105,"Thu, 09 Apr 2026 16:20:00 +0900"
"KISA, 금감원과 손잡고 불법 금융 <b>스팸</b> 문자 선제 차단",한국인터넷진흥원(KISA)이 인공지능(AI)을 활용해 불법 금융 <b>스팸</b> 문자의 대응 속도와 정확도를 높인다. KISA는 금융감독원과 함께 금융 범죄 피해를 예방하기 위해 불법 금융 <b>스팸</b> 문자 대응체계를 강화한다고 9일 밝혔다.... ,https://n.news.naver.com/mnews/article/277/0005747312?sid=105,"Thu, 09 Apr 2026 15:04:00 +0900"
&quot;AI로 진화한 불법금융 <b>스팸</b> 잡는다&quot;…금감원·KISA ‘속도·정밀’ 동시...,NLU 기반 키워드 분석 자동화…<b>스팸</b> 데이터 공유 주기 절반 단축 신종·변종 <b>스팸</b> 대응 속도↑ 불법금융 광고 AI 감시와 연계 금융감독원이 불법금융 <b>스팸</b>문자 대응 체계를 고도화한다. 사진은 최근 기승을 부리는 <b>스팸</b>문자... ,http://www.metroseoul.co.kr/article/20260409500347,"Thu, 09 Apr 2026 14:40:00 +0900"
"금감원, KISA와 NLU 기술 활용 불법 <b>스팸</b> 잡는다",일러스트=연합뉴스  금융당국이 정교해지는 불법금융 <b>스팸</b>에 대응하기 위해 자연어 처리 기술(NLU) 등을 활용해 대응체계를 고도화한다. 금융감독원은 9일 한국인터넷진흥원(KISA)과 협력해 불법금융 <b>스팸</b>문자 대응 체계를... ,https://www.pointdaily.co.kr/news/articleView.html?idxno=300504,"Thu, 09 Apr 2026 14:16:00 +0900"
"KISA·금감원, 불법 금융 <b>스팸</b> 문자 대응 체계 강화",한국인터넷진흥원(KISA)은 금융감독원과 함께 민생 침해 금융 범죄 피해를 예방하기 위해 불법 금융 <b>스팸</b> 문자 대응체계를 강화한다고 9일 밝혔다. 양 기관은 2024년 12월부터 불법 금융 관련 <b>스팸</b> 데이터를 공유하며 <b>스팸</b>... ,https://www.datanet.co.kr/news/articleView.html?idxno=210818,"Thu, 09 Apr 2026 13:46:00 +0900"
"KISA, 금감원과 '불법 금융 <b>스팸</b>' 대응 강화...AI로 선제 차단",아주경제=김성현 기자 minus1@ajunews.com 불법 금융 <b>스팸</b> 문자 [사진=KISA] 한국인터넷진흥원(KISA)이 금융감독원과 손잡고 불법 금융 <b>스팸</b> 문자 대응을 대폭 강화한다. AI 기술을 도입해 신·변종 <b>스팸</b>까지 신속하게... ,https://www.ajunews.com/view/20260409134321672,"Thu, 09 Apr 2026 13:46:00 +0900"
사장님 아니어도 OK! 을지로 ‘하인즈 테이블’…사연 쓰면 내 것 된다,"모집 당시 90대 1이라는 높은 경쟁률을 기록하며 선정된 100명의 ‘케첩 모임’ 참가자들은 감자튀김과 달걀말이, <b>스팸</b> 등 케첩과 어울리는 메뉴를 즐기며 자유로운 교류의 시간을 가졌다. 하인즈와 당근은 현장의... ",https://n.news.naver.com/mnews/article/022/0004119547?sid=101,"Thu, 09 Apr 2026 13:27:00 +0900"
'구애 과열' 신정훈 의원 페이스북 계정 차단…무슨일?,"페이스북 홈페이지에 따르면 규정 위반, <b>스팸</b>성 활동, 보안 이상, 신원 확인 등 사유가 있으면 계정이 비활성화된다. 이후 신분증 제출 등 확인 절차를 거쳐 해제할 수 있다. 민주당 전남광주통합특별시장 결선이 오는... ",https://n.news.naver.com/mnews/article/002/0002436406?sid=102,"Thu, 09 Apr 2026 13:25:00 +0900"
진화하는 스미싱…AI로 선제 차단한다,스미싱 범죄 (PG)/ 일러스트=연합뉴스 한국인터넷진흥원(KISA)은 9일 금융감독원과 함께 민생 침해 금융 범죄를 예방하기 위한 <b>스팸</b> 문자 대응체계를 고도화한다고 밝혔다. 양 기관은 지난 2024년 12월부터 불법 금융 <b>스팸</b>... ,http://www.issuenbiz.com/news/articleView.html?idxno=75392,"Thu, 09 Apr 2026 13:20:00 +0900"
"“불법 리딩방 피싱 정조준”… 신·변종 금융 <b>스팸</b>, AI가 걸러낸다","금융 <b>스팸</b>을 기술로 진압하겠다는 방침을 내놨다. 자연어 처리(NLU, Natural Language Understanding) 기술 도입으로 <b>스팸</b> 키워드를 정밀히 탐지한다는 게 핵심이다. 게티이미지뱅크 금융당국이 인공지능(AI)을 활용한 대응... ",https://m.skyedaily.com/news_view.html?ID=302111,"Thu, 09 Apr 2026 12:44:00 +0900"
사기꾼들 머리 써봤자 소용없다…AI가 먼저 <b>스팸</b> 읽고 차단,한국인터넷진흥원(KISA)은 금융감독원과 함께 불법 금융 <b>스팸</b> 문자 대응체계를 한층 강화한다고 9일 밝혔다. 민생 침해 금융 범죄 피해를 예방하기 위한 조치다. 양 기관은 재작년 12월부터 불법 금융 관련 <b>스팸</b> 데이터를... ,https://n.news.naver.com/mnews/article/015/0005272910?sid=105,"Thu, 09 Apr 2026 12:33:00 +0900"
"KISA-금융감독원, 불법 금융 <b>스팸</b> 문자 대응체계 강화",금융 <b>스팸</b> 문자 대응체계를 한층 강화한다고 4월 9일(목) 밝혔다. 앞서 양 기관은 2024년 12월부터 불법 금융 관련 <b>스팸</b> 데이터를 공유하며 <b>스팸</b> 문자 사전 차단에 협력해 왔다. 한국인터넷진흥원은 불법 금융 유형의 <b>스팸</b>... ,https://www.dailysecu.com/news/articleView.html?idxno=206149,"Thu, 09 Apr 2026 12:20:00 +0900"
"“진화하는 <b>스팸</b>, AI로 잡는다”... KISA·금감원, 불법 금융 문자 선제...",사회경제적 이슈를 악용한 불법 금융 <b>스팸</b> 문자를 원천 봉쇄하기 위해 한국인터넷진흥원(KISA)과 금융감독원이 AI 기반의 고도화된 선제 대응 체계를 가동한다고 9일 밝혔다.양 기관은 지난 2024년부터 불법 금융 관련 <b>스팸</b>... ,http://www.boannews.com/media/view.asp?idx=143083&kind=2,"Thu, 09 Apr 2026 12:08:00 +0900"
"금감원, 불법금융 <b>스팸</b> ‘AI로 차단’⋯탐지 속도·정밀도 높인다",이투데이=김이현 기자 | 금융감독원이 불법 금융 <b>스팸</b>문자 대응 체계를 인공지능(AI) 기반으로 고도화하며 민생 침해 금융범죄 차단에 나선다. 금감원은 한국인터넷진흥원(KISA)과 협력해 불법금융 <b>스팸</b>문자 대응 체계를... ,https://www.etoday.co.kr/news/view/2574226,"Thu, 09 Apr 2026 12:02:00 +0900"
"KISA, 금융감독원과 불법 금융 <b>스팸</b> 문자 대응 강화…AI로 선제 차단",금융 <b>스팸</b> 문자 대응체계를 강화한다고 9일 밝혔다. 인공지능(AI)을 활용해 키워드 분석을 자동화하고 데이터 공유 주기를 단축해 대응 속도를 높인다. 양 기관은 2024년 12월부터 불법 금융 관련 <b>스팸</b> 데이터를 공유하며... ,https://www.etoday.co.kr/news/view/2574222,"Thu, 09 Apr 2026 12:02:00 +0900"
&quot;AI로 불법 <b>스팸</b>문자 걸러낸다&quot;…금융당국 대응체계 고도화,"대출 <b>스팸</b>문자가 기승을 부리자 금융당국이 인공지능(AI)을 활용해 <b>스팸</b> 탐지 정확도와 속도를 끌어올리고 선제 차단에 나섰다. (사진=연합뉴스) 9일 금융당국에 따르면, 금융감독원은 한국인터넷진흥원(KISA)와 협력해... ",https://www.asiatime.co.kr/article/20260409500061,"Thu, 09 Apr 2026 12:02:00 +0900"
"금감원-KISA, 불법금융 <b>스팸</b>문자 대응체계 강화",금융감독원이 한국인터넷진흥원(KISA)과 협력해 불법금융 <b>스팸</b>문자 대응체계를 한층 강화한다. 금융감독원이 한국인터넷진흥원(KISA)과 협력해 불법금융 <b>스팸</b>문자 대응체계를 한층 강화한다./사진=미디어펜 김상문 기자... ,https://www.mediapen.com/news/view/1092287,"Thu, 09 Apr 2026 12:02:00 +0900"
"“급락장에 물리셨나요”…금감원, 불법금융 <b>스팸</b>문자 AI로 감시한다",주식 시장 변동 상황 등에 따라 다양한 광고 문구로 소비자를 현혹하는 불법금융 <b>스팸</b>문자가 지속 확산하고 있는 가운데 금융감독원은 인공지능 기술을 활용해 최신 <b>스팸</b> 키워드를 빠르게 추출하고 이를 통해 신속하게... ,https://n.news.naver.com/mnews/article/018/0006253540?sid=101,"Thu, 09 Apr 2026 12:01:00 +0900"
"금감원·KISA, 불법금융 <b>스팸</b> 대응 강화…키워드 분석에 AI 활용","금융감독원이 한국인터넷진흥원(KISA)과 협력해 불법금융 <b>스팸</b>문자 대응체계를 한층 강화한다. 자연어 처리 기반 인공지능(AI) 기술을 활용해 신·변종 <b>스팸</b>문자 탐지 정확도를 높이고, 최신 <b>스팸</b> 트렌드에 대한 대응... ",https://n.news.naver.com/mnews/article/119/0003078825?sid=101,"Thu, 09 Apr 2026 12:01:00 +0900"
"KISA-금감원, AI로 불법 금융 <b>스팸</b> 문자 차단 나선다","한국인터넷진흥원(KISA)이 금융감독원과 손잡고 불법 금융 <b>스팸</b> 문자 근절에 나선다. 양 기관은 2024년 12월부터 불법 <b>스팸</b> 문자 사전 차단을 목표로 협력해왔고, 앞으로는 인공지능(AI) 기술을 활용해 대응체계를 한층... ",https://n.news.naver.com/mnews/article/366/0001155491?sid=105,"Thu, 09 Apr 2026 12:01:00 +0900"
불법금융 <b>스팸</b> AI로 잡는다…모니터링 주기도 단축,"금융감독원이 불법 금융 <b>스팸</b> 대응 체계를 인공지능(AI) 기반으로 전환하고, 데이터 교환 주기도 6개월에서 3개월로 단축한다. 금감원은 9일 &quot;자연어 처리 기술(Natural Language Understanding)을 활용해 데이터 기반 <b>스팸</b>... ",https://n.news.naver.com/mnews/article/031/0001020910?sid=101,"Thu, 09 Apr 2026 12:01:00 +0900"
"KISA &quot;불법 금융 <b>스팸</b> 문자, AI로 선제 차단&quot;",한국인터넷진흥원(KISA)은 금융감독원과 함께 민생 침해 금융 범죄 피해를 예방하기 위해 불법 금융 <b>스팸</b> 문자 대응체계를 한층 강화한다고 9일 밝혔다. 양 기관은 2024년 12월부터 불법 금융 관련 <b>스팸</b> 데이터를 공유하며... ,https://n.news.naver.com/mnews/article/014/0005505075?sid=105,"Thu, 09 Apr 2026 12:01:00 +0900"
"중동전쟁 확전 시나리오 입수?…금감원, 불법금융 <b>스팸</b> 대응체계 강화",자연어 처리 기술 등 활용해 <b>스팸</b> 키워드 분석 정밀도 향상 불법금융 <b>스팸</b>문자 예시 [금융감독원 제공] [헤럴드경제=김은희 기자] 금융감독원은 한국인터넷진흥원(KISA)과 협력해 불법금융 <b>스팸</b>문자 대응체계를 한층... ,https://n.news.naver.com/mnews/article/016/0002627237?sid=101,"Thu, 09 Apr 2026 12:01:00 +0900"
"KISA-금감원, AI로 불법 금융 <b>스팸</b> 선제 차단",인공지능(AI)을 활용해 불법 금융 <b>스팸</b> 문자를 선제 차단하는 체계가 갖춰진다. 한국인터넷진흥원(KISA)은 금융감독원과 협력해 민생 침해 금융 범죄 예방을 위한 <b>스팸</b> 대응 체계를 강화한다고 9일 밝혔다. 금감원은 AI 기반... ,https://n.news.naver.com/mnews/article/030/0003416372?sid=105,"Thu, 09 Apr 2026 12:01:00 +0900"
"불법금융 <b>스팸</b>문자, AI로 잡는다",신종 불법금융 <b>스팸</b>문자를 색출하는 데 인공지능(AI) 기술이 도입된다. 금융감독원은 한국인터넷진흥원(KISA)과 협력해 <b>스팸</b>문자 대응체계를 고도화한다고 9일 밝혔다. 그동안 <b>스팸</b>문자 분석은 수작업에... ,https://www.seoulfn.com/news/articleView.html?idxno=626042,"Thu, 09 Apr 2026 12:00:00 +0900"
&quot;중동사태 급락장에 물리셨나요?&quot;…신종 <b>스팸</b> 기승에 금감원 나선다,"불법금융 <b>스팸</b>문자 차단 체계를 인공지능(AI) 기반으로 고도화한다. 투자 리딩방, 불법 사금융 광고 등에 대응하기 위해 탐지 속도와 정확도를 높이겠다는 구상이다. 9일 금감원에 따르면 양 기관은 불법금융 <b>스팸</b>문자... ",https://n.news.naver.com/mnews/article/417/0001138219?sid=101,"Thu, 09 Apr 2026 12:00:00 +0900"
"금감원·KISA, AI로 불법금융 <b>스팸</b>문자 잡는다…대응체계 고도화",금융감독원과 한국인터넷진흥원(KISA)이 인공지능(AI) 기술을 활용해 불법금융 <b>스팸</b>문자 대응체계를 한층 강화한다고 9일 밝혔다. 금융감독원과 한국인터넷진흥원(KISA)이 인공지능(AI) 기술을 활용해 불법금융 <b>스팸</b>문... ,https://www.newspim.com/news/view/20260409000542,"Thu, 09 Apr 2026 12:00:00 +0900"
[최재혁의 데스크席] 선거철 '전화 문자 폭탄' 피로감 호소,"정말 짜증 난다&quot;며 내용을 보지도 않고 바로 <b>스팸</b>문자로 등록해버렸다. 선거운동 문자가 공해가 된 것은 어제오늘의 일이 아니다. 선거 때만 되면 온 국민이 문자폭탄에 시달리고, 이 문제를 지적하는 기사가 쏟아진다.... ",https://www.jeonmae.co.kr/news/articleView.html?idxno=1246754,"Thu, 09 Apr 2026 12:00:00 +0900"
"&quot;지능형 <b>스팸</b>, AI가 먼저 잡는다&quot;…KISA·금감원, 금융 <b>스팸</b>문자 차단 총...",한국인터넷진흥원(KISA)이 금융감독원과 불법 금융 <b>스팸</b> 문자 대응체계를 강화한다고 9일 밝혔다. 불법 금융 <b>스팸</b> 문자는 수신자 동의 없이 투자 리딩방 참여 권유나 불법 사금융 광고 등을 대량 발송하는 메시지를... ,https://n.news.naver.com/mnews/article/003/0013877607?sid=105,"Thu, 09 Apr 2026 12:00:00 +0900"
&quot;<b>스팸</b> 분석에 2개월 소요 한계 극복&quot;…AI로 대응 속도 '2배' 키운다,중동 사태 등 사회적 악재를 틈탄 변종 <b>스팸</b>이 기승을 부리자 금융당국이 'AI 방어망'을 가동한다. 금융감독원은 AI로 <b>스팸</b>의 맥락을 정밀 분석하는 동시에 유관기관과의 데이터 공유 주기를 절반으로 단축해 시시각각... ,https://www.newsworks.co.kr/news/articleView.html?idxno=837177,"Thu, 09 Apr 2026 12:00:00 +0900"
"불법금융 <b>스팸</b>문자, AI로 잡는다",신종 불법금융 <b>스팸</b>문자를 색출하는 데 인공지능(AI) 기술이 도입된다. 금융감독원은 한국인터넷진흥원(KISA)과 협력해 <b>스팸</b>문자 대응체계를 고도화한다고 9일 밝혔다. 그동안 <b>스팸</b>문자 분석은 수작업에... ,https://www.seoulfn.com/news/articleView.html?idxno=626042,"Thu, 09 Apr 2026 12:00:00 +0900"
&quot;중동사태 급락장에 물리셨나요?&quot;…신종 <b>스팸</b> 기승에 금감원 나선다,"불법금융 <b>스팸</b>문자 차단 체계를 인공지능(AI) 기반으로 고도화한다. 투자 리딩방, 불법 사금융 광고 등에 대응하기 위해 탐지 속도와 정확도를 높이겠다는 구상이다. 9일 금감원에 따르면 양 기관은 불법금융 <b>스팸</b>문자... ",https://n.news.naver.com/mnews/article/417/0001138219?sid=101,"Thu, 09 Apr 2026 12:00:00 +0900"
비트코인 발명가 나카모토는 이 사람.... 본인은 강력 부인,그는 1997년 <b>스팸</b> 메일 방지 기술인 '해시캐시(Hashcash)'를 발명했으며 여기에 사용된 '작업 증명(Proof of Work)' 알고리즘은 훗날 비트코인 운영의 핵심 원칙이 됐다. 나카모토 역시 비트코인 백서를 발표하기 몇 개월 전... ,https://n.news.naver.com/mnews/article/014/0005505035?sid=101,"Thu, 09 Apr 2026 11:02:00 +0900"
오이 그냥 먹지 말고 '이것' 부어 부세요…가족들이 젓가락 들고 달려듭...,"오이김치를 1cm 내외의 주사위 모양으로 썰어 <b>스팸</b>이나 베이컨과 함께 볶아내면, 배추김치 볶음밥과는 전혀 다른 식감을 느낄 수 있다. 오이는 볶아도 특유의 아삭함이 완전히 사라지지 않아 밥알 사이에서 존재감을... ",https://www.wikitree.co.kr/articles/1130500,"Thu, 09 Apr 2026 11:00:00 +0900"
오타 하나가 ‘비트코인 발명가’ 정체 단서됐다…110조 갑부 된 암호학...,심지어 <b>스팸</b> 메일을 극도로 혐오하여 이를 막기 위해 화폐 시스템을 활용하자는 독특한 발상조차 두 사람은 똑같았다. 제3장: 우연을 가장한 완벽한 엇갈림 행적의 교차점은 더욱 의심스러웠다. 사토시 나카모토가... ,https://n.news.naver.com/mnews/article/009/0005663348?sid=101,"Thu, 09 Apr 2026 10:16:00 +0900"
"KISA·금감원, AI로 불법 금융 <b>스팸</b> 문자 선제 차단","금융 <b>스팸</b> 문자 대응체계를 강화한다고 9일 밝혔다. 투자 추천방 참여를 유도하는 이른바 리딩방 권유 문자나 불법 사금융 광고처럼, 수신자 동의 없이 대량 발송되는 불법 금융 <b>스팸</b> 문자를 인공지능(AI)으로 더 빠르게... ",https://byline.network/?p=9004111222598733,"Thu, 09 Apr 2026 10:00:00 +0900"
[오늘의 채권ㆍ외환 메모] (04월09일),"불법금융 <b>스팸</b>, 기술로 잡는다!(조간) ◇채권 발행 ▲은행채 16,000억원 ▲여전채 9,072억원 ▲회사채 15,250억원 ◇채권 만기 ▲은행채 3,000억원 ▲여전채 3,700억원 ▲회사채 2,840억원 ▲공사채 2... ",https://news.einfomax.co.kr/news/articleView.html?idxno=4408544,"Thu, 09 Apr 2026 09:26:00 +0900"
&quot;비트코인 창시자 사토시는 영국인 아담 백&quot;-NYT,"백은 현재 암호화폐 업체 블록스트림의 CEO를 맡고 있으며, 1997년 이메일 <b>스팸</b> 필터를 발명하기도 했었다. 이전에도 그가 사토시라는 지적이 있었다. 그는 그때마다 이를 부인해 왔다. 이날도 그는 성명을 내고 &quot;오늘... ",https://n.news.naver.com/mnews/article/421/0008879120?sid=104,"Thu, 09 Apr 2026 09:02:00 +0900"
[오늘 재경부 등 경제부처 일정],"불법금융 <b>스팸</b>, 기술로 잡는다!(조간) [산업통상부] -특이 일정 없음 [공정거래위원회] ▲10:00 위원장 플라스틱 및 정유업계 사회적 대화기구 상생협약(국회) ▲15:00 위원장 뿌리기업 현장방문 및 간담회(알루스... ",https://news.einfomax.co.kr/news/articleView.html?idxno=4408498,"Thu, 09 Apr 2026 07:06:00 +0900"
"[N2 모닝 경제 브리핑-4월 9일] 美증시, 미·이란 휴전에 3대 지수 강세...","불법금융 <b>스팸</b>, 기술로 잡는다!(조간) ■ 눈에 띄는 경제 외신 - 8일(현지시각) 이란 파르스통신에 따르면 미국과 이란 간 휴전 발효 이후 한때 재개됐던 호르무즈 해협 유조선 통행이 다시 중단됐다.... ",https://www.news2day.co.kr/article/20260408500150,"Thu, 09 Apr 2026 06:44:00 +0900"
[오늘의 주요일정]금융·증권(4월9일 목요일),"불법금융 <b>스팸</b>, 기술로 잡는다! ▲14:00 금감원, ETF(상장지수펀드) 및 ELD(주가지수 연동예금) 관련 간담회 개최 ▲15:00 소상공인 신용평가체계 개편방안 발표 &lt;한국은행&gt; ▲12:00 2025년 자금순환(잠정) ▲12:00... ",https://n.news.naver.com/mnews/article/003/0013876442?sid=101,"Thu, 09 Apr 2026 05:00:00 +0900"
뉴욕타임스 ‘사토시 후보’ 지목에…아담 백 “나는 아니다”,(Hashcash): <b>스팸</b> 방지를 위해 개발된 초기 PoW 시스템으로 비트코인 채굴 구조의 기반 사이퍼펑크: 프라이버시 보호와 암호 기술을 중시하는 기술 커뮤니티 왜 아담 백이 사토시 후보로 자주 언급되나요? 그는 해시캐시... ,https://www.tokenpost.kr/news/cryptocurrency/347522,"Wed, 08 Apr 2026 23:32:00 +0900"
"[단독]비트코인 창시자, 사토시 나카모토 유력 인물 나왔다",특히 그가 발명한 <b>스팸</b> 방지 시스템 '해시캐시'는 사토시가 비트코인을 설계할 때 사용한 청사진이 된 것으로 나타났다. 뉴욕타임즈는 두 사람 사이의 기술적인 배경도 일치한다고 주장했다. 아담 백은 비트코인의 기반인... ,https://www.newsway.co.kr/news/view?ud=2026040818520857918,"Wed, 08 Apr 2026 20:00:00 +0900"
"NYT, 비트코인 창시자 ‘사토시’ 후보로 애덤 백 지목…정체 논란 재점...",용어정리 사토시 나카모토: 비트코인을 만든 익명의 창시자 해시캐시(Hashcash): 작업증명(PoW) 기반 <b>스팸</b> 방지 기술로 비트코인 구조의 기초 사이퍼펑크: 개인정보 보호와 암호기술을 중시한 초기 인터넷 운동가 집단... ,https://www.tokenpost.kr/news/cryptocurrency/347464,"Wed, 08 Apr 2026 19:14:00 +0900"
&quot;세대 바뀔 때마다 다시 해킹&quot;…이동통신사 왜 계속 털리나 했더니,"범죄자들은 가짜 기지국을 켜서 주변 스마트폰을 강제로 2G 망으로 떨어뜨린 뒤, 통신사의 인프라와 필터링을 거치지 않고 직접 악성 <b>스팸</b>이나 피싱 메시지를 주입한다. 김 교수는 &quot;멀리 안 가더라도 KT 펨토셀 사건... ",https://n.news.naver.com/mnews/article/003/0013876177?sid=105,"Wed, 08 Apr 2026 18:02:00 +0900"
농식품부 “돼지고기 1038톤 가격 4~28% 인하”,또 뒷다리살은 <b>스팸</b>과 같은 돼지고기햄에 들어가는 물량이다. 이에 따라 실제 소비자들이 마트에서 사는 신선 돼지고기 가격 인하를 체감하기는 좀 어려울 수도 있다. 최근 정부는 돼지고기 뒷다리살의 적정 재고량과... ,https://n.news.naver.com/mnews/article/082/0001375014?sid=101,"Wed, 08 Apr 2026 14:55:00 +0900"
"삼성전자, 갤럭시 S25에도 '통화 스크리닝' 적용…S26 기능 차별 논란에...",사용자는 이를 확인한 뒤 통화 지속 여부를 선택할 수 있어 <b>스팸</b> 대응과 통화 효율성을 높이는 기능으로 평가된다. 하드웨어 차이가 크지 않은데 소프트웨어로 기능을 제한했다는 지적이 나온 이유다. 삼성전자는 통상... ,https://www.econovill.com/news/articleView.html?idxno=736499,"Wed, 08 Apr 2026 11:58:00 +0900"
"[SPACE B.] 로비에 농구장, 직원전용 펜트하우스…빌딩 공간의 파격적 혁...","1994년 충남대학교 전산학과 대학생 4명이 모여 설립한 지란지교소프트는 국내 최초 윈도우용 통신 에뮬레이터 ‘잠들지 않는 시간’을 시작으로 쿨메신저, <b>스팸</b>스나이퍼 등 시장을 선도하는 소프트웨어를 잇달아... ",https://www.dnews.co.kr/uhtml/view.jsp?idxno=202604080844070490376,"Wed, 08 Apr 2026 11:00:00 +0900"
"女 BJ 따귀 짝, 실내흡연까지…&quot;재미로 그랬다&quot; 막장 라이브방송","방송통신위원회는 명백한 불법 정보에 대해 방통위가 직접 긴급 조치권을 행사할 수 있도록 법적 근거를 마련 중이며, 불법 <b>스팸</b>이나 유해 콘텐츠 유통 시 관련 매출액의 최대 6% 범위 내에서 과징금을 부과하고 범죄... ",https://n.news.naver.com/mnews/article/015/0005272252?sid=102,"Wed, 08 Apr 2026 08:16:00 +0900"
AI 코딩 확산 속 커지는 '코드의 홍수' 딜레마,"일부는 모든 작업을 거의 마쳤음에도 마지막 단계에서 서류에 서명하기 직전 코드를 그냥 두고 떠났고 명확한 지침을 무시하거나, <b>스팸</b>처럼 쏟아지는 업데이트를 올리는 이들도 있었다. 루이즈는 이들 기여자가... ",https://www.digitaltoday.co.kr/news/articleView.html?idxno=654638,"Wed, 08 Apr 2026 07:30:00 +0900"
[미국주식] 벚꽃이 지기 전 주목할 배당주 5선,"'<b>스팸</b>(SPAM)', '스키피(Skippy)', '플랜터스(Planters)' 등 30개 이상의 유명 브랜드를 보유하고 있으며, 냉장 가공육부터 견과류 스낵, 유기농 육류에 이르기까지 폭넓은 포트폴리오를 통해 소비자들에게 편리하고 영양가... ",https://www.itooza.com/common/iview.php?no=2026040711184643964,"Wed, 08 Apr 2026 07:00:00 +0900"
“히틀러보다 ‘더 센 파시즘’ 온다” 홍성국의 경고,소셜미디어에서 유통되는 가짜 뉴스와 저품질·<b>스팸</b>성 콘텐츠인 슬롭(Slop)이 우리나라에서 많이 생산된다는 것입니다. 실제 AI 슬롭 채널 조회수에서 한국은 압도적 1위를 차지했습니다. 미국의 영상편집플랫폼... ,http://www.newstomato.com/ReadNews.aspx?no=1297081&inflow=N,"Wed, 08 Apr 2026 01:24:00 +0900"
'사람 마음 살 수 있을까'…이준석 AI 선거 실험의 명암,"이어 &quot;표는 결국 사람의 마음을 사는 것&quot;이라며 &quot;AI를 활용한 문자나 자동화된 방식은 유권자 관점에서 '<b>스팸</b> 문자'처럼 느껴질 가능성이 크다&quot;고 강조했다. 김 교수는 &quot;아직 한국 정치에서는 손을 잡고, 직접 만나 진정성을... ",https://n.news.naver.com/mnews/article/629/0000489275?sid=100,"Wed, 08 Apr 2026 00:01:00 +0900"
난리난 갤S26 '통화스크리닝'…LG유플 유저만 웃는다,"이용자가 직접 전화를 받지 않아도 AI 비서의 도움으로 발신자 이름과 용건 등을 확인할 수 있고, <b>스팸</b> 전화도 걸러낼 수 있다는 측면에서 주목받았다. 통화 스크리닝 기능은 지난 2월 삼성전자 갤럭시S26 언팩 때 처음... ",https://n.news.naver.com/mnews/article/008/0005340997?sid=105,"Tue, 07 Apr 2026 15:54:00 +0900"
성철·법정 스님 가짜 영상도 횡행…차단해도 계속되는 AI 딥페이크,또는 '<b>스팸</b> 및 사기' 항목 선택 △문제 영상 지정 △신고 사유 작성 순으로 진행하면 된다. 신고 사유를... 콘텐츠는 <b>스팸</b> 및 사기로도 신고가 가능하다. 취재 과정에서 진행한 신고 절차를 바탕으로 제작한 유튜브 딥페이크... ,https://www.beopbo.com/news/articleView.html?idxno=334782,"Tue, 07 Apr 2026 15:32:00 +0900"
"S25에서도 '통화 스크리닝' 지원...삼성, 구형 갤럭시에도 AI 기능 확대","통화 자체를 자동으로 차단하는 수준을 넘어, <b>스팸</b>·광고성 전화나 불필요한 수신을 줄이는 데 직접적인 체감도가 높다는 점에서 최근 스마트폰 AI 기능 가운데서도 활용성이 큰 편으로 평가된다. 실제로 삼성은 갤럭시... ",https://www.ekoreanews.co.kr/news/articleView.html?idxno=85453,"Tue, 07 Apr 2026 13:50:00 +0900"
[위클리 IT뷰] 삼성 갤럭시 스크리닝 논란과 애플-에픽 최종전 발발,"사용자는 내용을 눈으로 확인한 뒤 직접 전화를 넘겨받거나 텍스트로 답변을 입력할 수 있어, <b>스팸</b> 전화 차단과 통화 효율성 향상에 유용합니다. 하지만 이 기능이 새롭게 출시된 갤럭시 S26 시리즈 및 ONE UI 8.5... ",https://www.gamevu.co.kr/news/articleView.html?idxno=57057,"Tue, 07 Apr 2026 11:34:00 +0900"
"유리 방패의 역설, 쿠팡 고객 정보 유출에 비추어","보이스피싱과 <b>스팸</b> 메시지의 끊임없는 타깃이 되는 것도 시간문제다. 주민번호를 대체한다는 명목으로 도입된 수단이, 정작 주민번호와 다르지 않은 '고착화의 덫'으로 작동하게 된 아이러니. 안전을 위해 마련된 장치가... ",http://www.ilemonde.com/news/articleView.html?idxno=22206,"Tue, 07 Apr 2026 11:16:00 +0900"
"갤럭시S25 ‘통화 스크리닝’ 지원 논란 일단락.. 삼성, S/W 업데이트 통...","통화 스크리닝은 단순한 <b>스팸</b> 차단을 넘어, AI 어시스턴트가 사용자를 대신해 전화를 수신하고 상대방의 용건을 실시간 텍스트로 변환해 제공하는 기능이다. 여기에 사용자가 입력한 답변을 음성으로 전달하는 등... ",https://kbench.com/?q=node/277635,"Tue, 07 Apr 2026 09:36:00 +0900"
"카카오가 밀어붙인 브랜드 메시지, 광고주 '과징금 폭탄' 떠안나",불법<b>스팸</b> 처분 수위를 높이기로 하면서 카카오 '브랜드 메시지'로 광고를 발송하던 광고주들이 최대 매출액의 6%에 달하는 과징금을 부과받을 수 있다는 지적이 나온다. 암묵적으로 시행 중인 브랜드 메시지가 불법<b>스팸</b>... ,https://n.news.naver.com/mnews/article/417/0001137746?sid=105,"Tue, 07 Apr 2026 06:10:00 +0900"
[이승환 경감의 사기(詐欺) 심리학] 사기의 사회적 확산과 대응,"<b>스팸</b> 문자 메시지 딱 하나만 만들어 뿌려도, 그것을 받은 100명 중 단 한 명만 속으면 사기범은 이득을 챙기는 것이다. 더구나 이 중 한 명이 속아서 돈을 보내게 되면, 사기범들은 곧바로 그 피해자의 전화 연락처 목록을... ",https://www.pointdaily.co.kr/news/articleView.html?idxno=299848,"Tue, 07 Apr 2026 05:00:00 +0900"
"[종합] &quot;책임감이 나를 살게 했다&quot;…'말자쇼' 정선희, 은인들에 고마움...","당시 박진영으로부터 연락을 받았을 때 <b>스팸</b>인 줄 알고 무시했지만, 이후 실제 연락이라는 사실을 알고 녹음에 참여하게 됐다고 이야기를 풀었다. 이날 방송의 진정한 하이라이트는 인생의 무겁던 순간에 대한 진솔한... ",https://www.topstarnews.net/news/articleView.html?idxno=16027272,"Mon, 06 Apr 2026 23:52:00 +0900"
"&quot;<b>스팸</b>인 줄 알았다&quot;…'말자쇼' 정선희, 박진영 'HONEY' 인트로 비하인드...",어느 날 박진영에게 연락을 받았지만 처음에는 <b>스팸</b>으로 오해했지만 이후 실제 연락이라는 사실을 알게 됐다. 결국 제안을 수락하며 녹음에 참여하게 됐다. 정선희는 녹음 당시 상황도 생생하게 전했다. 녹음 시간이... ,https://www.topstarnews.net/news/articleView.html?idxno=16027244,"Mon, 06 Apr 2026 22:56:00 +0900"
선거철 홍보 공세 점입가경… '문자·단톡방 초대' 피로감 급증,"무작위로 보내는건지 번호가 유출된건지 불안하다&quot;며 &quot;개인정보 유출이 최근 잦아서 더 불안하고, <b>스팸</b>으로 이어질까봐 걱정된다&quot;고 우려했다. 6·3 전국동시지방선거를 앞두고 한 예비후보자의 반복되는 홍보 문자로 인해... ",https://www.joongboo.com/news/articleView.html?idxno=363722030,"Mon, 06 Apr 2026 17:32:00 +0900"
'포켓몬 챔피언스' 사전 환경에서는 어떤 메가진화가 인기일까?,■ 3위: 메가 눈여아 – '눈보라' <b>스팸</b>과 방어적 보강의 조화 채용률 3위를 기록하며 최대 이변을 일으킨 메가 눈여아는 특성 '눈퍼뜨리기'를 통해 얼음 타입 테마 파티의 핵심으로 급부상했다. 메가 눈여아는 메가 진화 후... ,https://www.gametoc.co.kr/news/articleView.html?idxno=107626,"Mon, 06 Apr 2026 17:16:00 +0900"
"<b>스팸</b>문자·보이스피싱 전화번호, 24시간 내 완전 차단…정부 시스템 개...","보이스피싱·<b>스팸</b>문자 등 불법 전화번호 차단에 걸리는 시간이 올 하반기부터 24시간 이내로 전면 단축된다.... 정부는 식별시간 단축을 위해 UNMS를 KTOA가 보유한 <b>스팸</b>번호 차단시스템, 번호관리시스템과 실시간... ",https://n.news.naver.com/mnews/article/030/0003415150?sid=105,"Mon, 06 Apr 2026 16:32:00 +0900"
&quot;문자 동의≠카톡 광고&quot;…카카오 모델 '시험대',최근 '불법<b>스팸</b> 방지를 위한 정보통신망법 안내서' 7차 개정본을 내고 광고수신 동의 과정에서 이용자의... 소관부처에 <b>스팸</b> 신고를 하는 사례가 늘고 있다. 이커머스 플랫폼 마켓컬리의 경우 회원 가입 시 마케팅 수신... ,https://n.news.naver.com/mnews/article/293/0000082251?sid=105,"Mon, 06 Apr 2026 15:04:00 +0900"
[다시보기] 4월 6일 (월) 오전 사이언스 투데이,"산불 원인 1위 '실화' ■ '사용자 번호 이용해 <b>스팸</b> 발송'…악성 앱 설치 주의 ■ 정부, 사이버 위협 대응 모의훈련 참여기업 모집 ■ AI 프로그램으로 토마토 재배...난방비 30% 절감 ■ 상속세 족쇄 벗어난 이재용...'사상... ",https://science.ytn.co.kr/program/view.php?mcd=0082&hcd=0023&key=202604061108272391,"Mon, 06 Apr 2026 13:52:00 +0900"
"영등포구, 주정차 단속 음성 알림 서비스 도입","즉각 안내로 혼선 최소화 <b>스팸</b> 속 안내 누락 해소... 단속 감소·교통 흐름 개선 앞으로 영등포구에서는... 쏟아지는 <b>스팸</b> 문자로 인해 단속 안내를 놓치는 주민들의 불편을 해소하고, 자발적인 차량 이동을 유도해 단속... ",https://n.news.naver.com/mnews/article/023/0003969117?sid=004,"Mon, 06 Apr 2026 13:27:00 +0900"
'사용자 번호 이용해 <b>스팸</b> 발송'…악성 앱 설치 주의,최근 악성 앱을 설치한 뒤 자신도 모르는 사이 불법 <b>스팸</b> 발송자가 되는 피해가 발생하고 있습니다. 이로 인해... 최근에는 개인정보 유출 피해를 넘어 사용자가 <b>스팸</b> 문자 발송자가 되는 사례도 확인됐습니다. '티비위키' 등... ,https://science.ytn.co.kr/program/view.php?mcd=0082&hcd=&key=202604061102211576,"Mon, 06 Apr 2026 13:26:00 +0900"
"스토어 점령한 '양산형 가짜 게임' 철퇴... 소니, 플랫폼 정화 나섰다",&quot;플랫폼의 큐레이션 책임 절실&quot; 스토어 내 <b>스팸</b>성 게임의 실태를 파악하고 문제 퍼블리셔를 사실상 생태계에서 완전히 퇴출시킨 소니의 행보는 플랫폼 내 품질 관리에 대한 강한 의지로 풀이된다. 이러한 고민은 비단... ,https://m.sports.naver.com/esports/article/439/0000032582,"Mon, 06 Apr 2026 13:17:00 +0900"
"&quot;가짜 댓글에 속았다&quot;...X, 암호화폐 <b>스팸</b> 봇에 완전히 뚫렸다","암호화폐 <b>스팸</b> 봇 확산으로 플랫폼 신뢰도와 이용자 보안이 동시에 흔들리는 위기에 직면했다. 4월 5일(현지시간) 암호화폐 전문 매체 비인크립토에 따르면, 일론 머스크(Elon Musk)가 인수한 X 내에서 암호화폐 관련 <b>스팸</b> 봇... ",http://coinreaders.com/228946,"Mon, 06 Apr 2026 12:14:00 +0900"
&quot;내 정보는 공공재? 포기 금물&quot;…유출 데이터에도 '수명' 있다,노드VPN에서 공개한 다크웹 도난 카드 거래 증가와 장기 피해 가능성(이미지=노드 VPN) <b>스팸</b> 넘어선 치명적 피해…명의 도용부터 대출 사기까지 연쇄 타격 사이버 공격으로 인한 개인 피해도 단순한 <b>스팸</b> 증가 수준을... ,https://n.news.naver.com/mnews/article/092/0002417575?sid=105,"Mon, 06 Apr 2026 12:02:00 +0900"
"엑스 제품 총괄 &quot;암호화폐 활동 80%는 봇…<b>스팸</b> 문제, 기술 해결 불가&quot;","달리는 <b>스팸</b> 답글 문제를 두고 &quot;기술만으로는 해결이 어렵다&quot;는 입장을 밝혔다. 5일(현지시간) 블록체인 매체 비인크립토에 따르면, 비어는 최근 &quot;암호화폐 계정의 <b>스팸</b> 답글을 해결할 기술은 세상에 없다&quot;며 &quot;암호화폐... ",https://www.digitaltoday.co.kr/news/articleView.html?idxno=653702,"Mon, 06 Apr 2026 09:36:00 +0900"
"&quot;추억의 파란 말풍선 안녕&quot;… 삼성 메시지 종료, 구글 '제미나이' 품은...","구글 메시지는 AI 기반 스캠 탐지 및 <b>스팸</b> 필터를 통해 의도치 않은 개인정보 유출을 방지하며, 구글의 생성형 AI인 '제미나이(Gemini)'를 탑재해 스마트 답장과 사진 리믹스 등 풍부한 표현력을 지원하는 것으로... ",https://n.news.naver.com/mnews/article/138/0002223367?sid=105,"Mon, 06 Apr 2026 09:11:00 +0900"
[이번주 한국은행 및 금융위·금감원 일정],"불법금융 <b>스팸</b>, 기술로 잡는다!(조간) *4월10일(금) ※최초 외부감사 회사를 위한 감사인 선임제도 온라인 설명회 실시(석간) *4월12일(일) ※투자자가 쉽게 이해하는 바이오 공시로의 전환-금융감독원, 제약... ",https://news.einfomax.co.kr/news/articleView.html?idxno=4407793,"Mon, 06 Apr 2026 07:06:00 +0900"
"삼성전자 미국, 메시지 앱 서비스 7월 중단…구글로 전면 전환",특히 구글의 생성형 AI '제미나이(Gemini)'가 접목되어 <b>스팸</b> 차단 및 대화 요약 기능이 대폭 강화된 점이 특징이다. 삼성전자는 이미 신규 플래그십 모델부터 삼성 메시지를 기본 앱 명단에서 제외하고 구글 메시지를... ,https://www.kpinews.kr/newsView/1065562313418410,"Mon, 06 Apr 2026 06:42:00 +0900"
금주 한국은행 및 금융당국(금융위·금감원) 주요 일정,"불법금융 <b>스팸</b>, 기술로 잡는다!(조간) *4월10일(금) ※최초 외부감사 회사를 위한 감사인 선임제도 온라인 설명회 실시(석간) *4월12일(일) ※투자자가 쉽게 이해하는 바이오 공시로의 전환-금감원, 제약... ",https://n.news.naver.com/mnews/article/123/0002380792?sid=101,"Mon, 06 Apr 2026 06:31:00 +0900"
탄핵 반대 외쳤던 극우 유튜버 ‘음모론’ 먹고 몸집 더 커졌다,뉴스피드는 지난달 13일 “<b>스팸</b>·기만적인 행위·사기 등 이유로 폐쇄됐다는 e메일을 받았다”며 “이의신청을 냈다”고 했다. 서울 강남경찰서는 최근 구독자 106만명을 보유한 유튜버 성제준을 음주운전 혐의로... ,https://n.news.naver.com/mnews/article/032/0003437900?sid=102,"Sun, 05 Apr 2026 20:29:00 +0900"
후보 지지 단톡방 기승…유권자는 괴롭다,선거와 무관한 상업 광고나 <b>스팸</b>성 메시지까지 뒤섞이면서 단톡방이 사실상 '무법지대'로 변질됐다는 지적도 나온다. 이처럼 단톡방이 무분별하게 운영되는 것은 단톡방 이용객 규모가 자칫 지지세로 보일 수 있는데다... ,https://www.ccdn.co.kr/news/articleView.html?idxno=1071678,"Sun, 05 Apr 2026 18:50:00 +0900"
"AI가 만든 디지털 쓰레기에 고심하는 포털…&quot;매일 수십만건 생성, 95%가...","노린 <b>스팸</b>·광고성 콘텐츠가 빠르게 늘어나는 추세다. 5일 네이버의 그린인터넷 운영 리포트에 따르면, 지난해 하반기 네이버가 운영정책 위반으로 제재한 게시물 가운데 95%가 <b>스팸</b> 및 홍보성 콘텐츠로 나타났다.... ",https://www.ajunews.com/view/20260405135932250,"Sun, 05 Apr 2026 17:32:00 +0900"
"여자 둘, 개 한마리가 캠핑카 타고 무작정 북유럽 여행 떠나 깨달은 점...","고급 식사 대신 <b>스팸</b>과 김치로 끼니를 해결하는 순간, 계획이 틀어져도 함께 웃어넘기는 장면 속에서 독자들은 오히려 더 진짜 같은 여행의 감각을 느낀다. 여행의 중심에는 언제나 ‘관계’가 있다. 결국 저자는 여행을... ",https://n.news.naver.com/mnews/article/009/0005661162?sid=103,"Sun, 05 Apr 2026 16:38:00 +0900"
X 제품 책임자 “암호화폐 게시물 활동 80%는 봇”,Odaily에 따르면 Coin Bureau는 X를 통해 X 제품 책임자 니키타 비어가 암호화폐 게시물의 <b>스팸</b> 문제와 관련해 “이를 해결할 수 있는 기술은 없다”며 “암호화폐 게시물 활동의 약 80%는 봇이 만든 것”이라고... ,https://www.tokenpost.kr/news/breaking/346478,"Sun, 05 Apr 2026 16:28:00 +0900"
"탄핵 1년, 극우 유튜버는 음모론과 논란을 먹고 계속 자랐다[윤석열 탄...",뉴스피드는 지난달 13일 “<b>스팸</b>·기만적인 행위·사기 등 이유로 폐쇄됐다는 e메일을 받았다”며 “이의신청을 냈다”고 밝혔다. 서울 강남경찰서는 최근 구독자 106만명을 보유한 유튜버 성제준을 음주운전... ,https://n.news.naver.com/mnews/article/032/0003437849?sid=102,"Sun, 05 Apr 2026 16:18:00 +0900"
"‘통화 스크리닝’ 적용 범위 논란 속… 삼성전자, ‘단계적 확산’ 방...","사용자는 이를 확인한 뒤 통화 지속 여부를 선택할 수 있어 <b>스팸</b> 대응과 통화 효율성을 높이는 기능으로 평가된다. 이번 업데이트에서는 해당 기능이 갤럭시 S26 시리즈에 우선 적용됐지만, 갤럭시 S25 시리즈와 갤럭시 Z... ",https://www.mediapen.com/news/view/1091353,"Sun, 05 Apr 2026 13:52:00 +0900"
"X, 첫 암호화폐 게시물 계정 자동 잠금 추진…밈코인 확산에 파장","이번 X의 정책이 <b>스팸</b>을 줄이는 ‘치료제’로 작용할지, 혹은 생태계 성장의 ‘마찰’로 남을지는 실제 적용 이후 효과로 판가름날 것으로 보인다. 기사요약 by TokenPost.ai 시장 해석 X(트위터)가 ‘첫 암호화폐 게시물’... ",https://www.tokenpost.kr/news/blockchain/346449,"Sun, 05 Apr 2026 13:06:00 +0900"
[사설] 공기관 설문조사 수집 정보 관리 나서라,"공기관 발신이라 <b>스팸</b>으로 걸러지지 않는 문제도 있으나, 무심결에 제출한 본인 연락처 정보가 다른 기관에도 유통된다는 느낌을 강하게 받게 된다. 이런 현상 뒤엔 공공기관이 엉망으로 벌이는 온라인 설문조사가... ",https://n.news.naver.com/mnews/article/030/0003414658?sid=105,"Sun, 05 Apr 2026 11:56:00 +0900"
[정희수의 이메일 해킹과 방어] 〈1〉SMTP 설계와 보안 취약점,"경로의 일관성을 분석하는 것이 무엇보다 중요하다. 나아가 발송서버 IP의 <b>스팸</b> 발송 이력 여부를 실시간 대조하고, 이를 통해 물리적 발송 인프라의 신뢰도를 기반으로 악성 메일을 차단해야 한다. 정희수",https://n.news.naver.com/mnews/article/030/0003414634?sid=102,"Sun, 05 Apr 2026 10:29:00 +0900"
이번주 국내 주요 금융일정(4.6~4.10),"불법금융 <b>스팸</b>, 기술로 잡는다(12시) 이창용 한국은행 총재, 보험연수원 협약식(14시) 한국은행, 2025년 자금순환(잠정)(12시) 한국은행, 3월 이후 국제금융·외환시장 동향(12시) 4월 10일(금요일) 이억원 금융위원장... ",https://www.newspim.com/news/view/20260403001014,"Sat, 04 Apr 2026 17:00:00 +0900"
"구형 갤럭시 사용자 희소식, S26의 획기적 기능 내장된다.","이를 통해 <b>스팸</b> 전화나 원치 않는 통화를 사전에 걸러낼 수 있다. 다수의 외신에 따르면, 삼성 측 관계자는... S26 시리즈에서도 통화 관련 기능이 강화되면서, <b>스팸</b> 탐지 및 자동 응답 기능 등이 함께 개선되고 있다.... ",https://www.betanews.net/article/view/beta202604040004,"Sat, 04 Apr 2026 12:54:00 +0900"
갤S26 AI 통화기능 논란…삼성 &quot;이전 모델 적용 검토 중&quot;,해당 기능은 AI가 전화를 대신 응대하거나 <b>스팸</b>·피싱 통화를 구분하는 기능이다. 이 과정에서 일부 이용자들은 갤럭시 S24·S25 시리즈에도 동일 기능을 제공해야 한다는 의견을 제기하고 있다. 삼성전자 내부에서는 기능... ,https://www.e-science.co.kr/news/articleView.html?idxno=128875,"Sat, 04 Apr 2026 11:54:00 +0900"
[다음주 한국은행 및 금융위·금감원 일정],"불법금융 <b>스팸</b>, 기술로 잡는다!(조간) *4월10일(금) ※최초 외부감사 회사를 위한 감사인 선임제도 온라인 설명회 실시(석간) *4월12일(일) ※투자자가 쉽게 이해하는 바이오 공시로의 전환-금융감독원, 제약... ",https://news.einfomax.co.kr/news/articleView.html?idxno=4407699,"Sat, 04 Apr 2026 08:06:00 +0900"
&quot;2026년 급여 인상&quot; 미끼로 계정 탈취... 정교해지는 피싱 메일 주의보,"바라쿠다 네트웍스(Barracuda Networks)가 발표한 '이메일 위협 보고서 2025'에 따르면, 지난해 2월 분석된 약 6억 7000만 통의 이메일 가운데 약 25%가 악성 메일이나 광고성 <b>스팸</b>으로 확인됐다. 해당 보고서는 이메일이 사이버... ",https://n.news.naver.com/mnews/article/014/0005502348?sid=105,"Sat, 04 Apr 2026 06:40:00 +0900"
다음주 금융당국 일정,"불법금융 <b>스팸</b>, 기술로 잡는다!(12:00) -금감원, ETF(상장지수펀드) 및 ELD(주가지수 연동예금) 관련 간담회 개최(14:00) -신안우이 해상풍력 발전산업 PF금융약정식 개최(14:00) -소상공인 신용평가체계 개편방안 발표... ",https://n.news.naver.com/mnews/article/018/0006250006?sid=101,"Sat, 04 Apr 2026 06:32:00 +0900"
지워도 지워도 불어난다…'복붙·저품질 쇼츠'에 점령당한 플랫폼 피드,"플랫폼들은 이들을 <b>스팸</b>으로 규정하고 차단하겠다고 공언하고 있지만, 정작 현장에서는 기술적 사각지대와... 대상인 <b>스팸</b>으로 규정하며 압박 수위를 높여왔다. 구글은 지난 2024년 대규모 콘텐츠 오남용(Scaled Content Abuse)... ",https://n.news.naver.com/mnews/article/018/0006250002?sid=105,"Sat, 04 Apr 2026 06:02:00 +0900"
"임영웅 팬클럽 '라온', '로뎀의집'서 57번째 급식 봉사 진행…누적 후원...","주요 식단으로는 불고기, 소고기배추된장국, <b>스팸</b>두부전, 새우부추전, 버섯볶음, 어묵볶음 등을 준비했으며, 간식·식자재로는 한우 양지 11kg, 제철 과일(딸기, 샤인머스켓, 오렌지 등), 우유·음료수를 제공했다. 당일 지역... ",https://m.entertain.naver.com/article/311/0001994266,"Fri, 03 Apr 2026 20:30:00 +0900"
스마트폰 ‘통화 스크리닝’ 기능 유용할까,"시도 때도 없이 걸려오는 <b>스팸</b> 전화, 보이스피싱, 혹은 알 수 없는 번호에서 걸려오는 전화 때문이다. 이에... 또한 ‘<b>스팸</b> 필터링’은 <b>스팸</b>이나 사기로 식별된 문자로, 알림이 가려지고 <b>스팸</b> 목록으로 이동된다. 삼성전자도... ",https://it.donga.com/108677/,"Fri, 03 Apr 2026 16:40:00 +0900"
&quot;2026년 급여가 인상됐습니다&quot;…만우절에 직장인 울린 피싱메일,바라쿠다 네트웍스(Barracuda Networks)의 '이메일 위협 보고서 2025'에 따르면 지난해 2월 분석한 이메일 약 6억 7000만 통 중 약 25%는 악성 메일이나 광고성 <b>스팸</b> 등으로 분류됐다. 보고서는 이메일이 사이버 위협의 주요 공격... ,https://n.news.naver.com/mnews/article/421/0008869026?sid=105,"Fri, 03 Apr 2026 14:49:00 +0900"
"삼성전자, ‘AI 통화 기능’ S26만…추가 적용 여부 주목","이 기능은 AI가 대신 전화를 받아 간단한 내용을 확인하거나, <b>스팸</b>·보이스피싱 여부를 판단해 걸러주는 역할을 한다. 갤럭시 S26부터 새롭게 적용됐다. 기존 모델 사용자들은 이 기능이 업데이트 되지 않고 있다는 점에... ",https://n.news.naver.com/mnews/article/031/0001019488?sid=105,"Fri, 03 Apr 2026 14:39:00 +0900"
대출중개 사후규제 압박에…'금융 혁신' 벼랑 끝 위기,플랫폼 창구가 사라지면 저축은행들은 과거처럼 고비용 오프라인 대출 모집인이나 <b>스팸</b>성 광고에 다시 의존할 수 밖에 없다. 이는 결국 대출 원가 상승으로 이어져 금리를 다시 끌어올리는 부메랑이 된다. 금융권에서는... ,https://n.news.naver.com/mnews/article/003/0013865519?sid=101,"Fri, 03 Apr 2026 11:34:00 +0900"
4월 2일 이브닝 뉴스 헤드라인,"법원은 이 같은 문자들이 법원을 사칭한 <b>스팸</b>이라며 링크 클릭이나 QR코드 스캔, 개인정보 입력을 절대 하지 말 것을 강조했다. 13.뉴욕증시의 3대 가지수가 혼조로 마감했다. 도널드 트럼프 대통령이 대국민 연설에서 이란... ",https://www.radiokorea.com/news/article.php?uid=492690,"Fri, 03 Apr 2026 11:16:00 +0900"
&quot;새 AI 기능 쓸 수 있나?&quot;...삼성 갤럭시 이용자들 뿔난 이유는,"<b>스팸</b> 전화나 보이스피싱을 걸러내는 데 효과적이고, 모르는 번호 응답을 꺼리는 '콜 포비아' 사용자에게 유용한 기능이다. 삼성전자 갤럭시 S25 시리즈 [사진=뉴스핌DB] 문제는 이 기능이 최신 모델인 S26에만 적용되고... ",https://www.newspim.com/news/view/20260403000483,"Fri, 03 Apr 2026 11:08:00 +0900"
인스타그램 마케팅 트렌드…해시태그 5개 제한 주목,인스타그램은 <b>스팸</b> 콘텐츠를 억제하기 위해 릴스 및 게시물에 허용되는 해시태그 개수를 5개로 제한하는 가이드라인을 발표했다. 또한 영미권을 중심으로 사용자가 직접 릴스 알고리즘을 제어할 수 있는 기능을... ,https://www.junggi.co.kr/news/articleView.html?idxno=36007,"Fri, 03 Apr 2026 10:52:00 +0900"
부산 여행 계획 중이라면? 바다보다 먼저 가야 할 맛집 리스트,"오돌뼈, 닭발, 추억의 <b>스팸</b>과 당면 만두, 최고의 페어링은 ‘끝없는 소주’. DAY 209:00 진주식당 옛날 뱃사람들이 즐기던 시원한 시락국 스타일의 고등어 해장국으로 완벽하게 속을 푼다. 새벽 4시부터 오후 1시까지만... ",https://www.gqkorea.co.kr/2026/04/03/%eb%b6%80%ec%82%b0-%ec%97%ac%ed%96%89-%ea%b3%84%ed%9a%8d-%ec%a4%91%ec%9d%b4%eb%9d%bc%eb%a9%b4-%eb%b0%94%eb%8b%a4%eb%b3%b4%eb%8b%a4-%eb%a8%bc%ec%a0%80-%ea%b0%80%ec%95%bc-%ed%95%a0-%eb%a7%9b%ec%a7%91/?utm_source=naver&utm_medium=partnership,"Fri, 03 Apr 2026 10:00:00 +0900"
"김동연 캠프, ‘적수’ 김은혜 의원에 <b>스팸</b>식 특보 임명장 발송",이번 일도 김 후보 캠프가 경선을 앞두고 지지층 결집과 세 확장에 급급한 나머지 기본적 확인조차 거치지 않고 ‘<b>스팸</b>식 임명장’을 남발한 결과로 보인다. 김 후보 캠프는 이번 임명장 발송과 관련해 별다른 입장은... ,https://n.news.naver.com/mnews/article/028/0002799045?sid=102,"Fri, 03 Apr 2026 09:40:00 +0900"
"‘지에스엔씨’ 메일보안, 기술보다 구조가 문제…분산된 운영이 보안 ...","<b>스팸</b> 차단을 넘어 피싱, 악성코드, 사회공학적 공격까지 대응 범위는 확대됐지만, 실질적인 운영 효율성 측면에서는 개선 체감도가 낮다는 평가다. 이 같은 괴리는 기술 자체가 아닌 ‘구조’에서 비롯된다는 분석이... ",https://www.gosiweek.com/article/1065589573514028,"Fri, 03 Apr 2026 09:06:00 +0900"
봄철 '가벼운 한 끼' 수요 증가…김가네 산뜻한 신메뉴 선보여,여기에 정겨운 맛을 느낄 수 있는 <b>스팸</b>옛날도시락은 간편하지만 든든한 한 끼를 원하는 수요를 공략하기 위한 메뉴다. 김가네 관계자는 &quot;봄은 식사 방식이 달라지는 계절로 겨울철 무겁고 기름진 음식보다 가볍고 산뜻한... ,https://www.itbiznews.com/news/articleView.html?idxno=208674,"Fri, 03 Apr 2026 09:00:00 +0900"
갤S26만 되는 AI 통화기능…추가 적용 검토 중,"통화 스크리닝 기능은 갤럭시 S26 시리즈에 탑재된 AI 기능으로, AI 어시스턴트가 자동으로 전화를 받아주거나 <b>스팸</b>·피싱 전화에 대응한다. 해당 기능이 갤럭시 S26 시리즈에만 적용된다는 사실이 알려지면서 S25·S24... ",https://dealsite.co.kr/articles/159611,"Fri, 03 Apr 2026 08:32:00 +0900"
"아동성착취물 제작, '피해자 동의'가 있어도 무거운 실형 처한다",만약 자동 다운로드 기능이나 <b>스팸</b> 링크 등으로 인해 비의도적으로 파일이 유입된 정황이 있다면 이를 논리적으로 소명하는 것이 방어의 핵심이다. 또한 성인물 차단 앱 설치나 전문가 상담 등 재범 방지를 위한 구체적인... ,http://www.ikoreanspirit.com/news/articleView.html?idxno=84623,"Fri, 03 Apr 2026 08:00:00 +0900"
"머스크의 X, 암호화폐 사기 차단 위한 대대적 개편 추진","이번 조치는 X가 그동안 암호화폐 관련 <b>스팸</b>과 사기성 광고, 유명인 사칭 계정 문제로 반복적으로 지적을 받아온 데 따른 대응으로 풀이된다. 특히 X는 암호화폐 투자자와 트레이더 이용 비중이 높은 플랫폼으로, 정책... ",https://www.tokenpost.kr/news/breaking/345836,"Fri, 03 Apr 2026 04:28:00 +0900"
[기고] ‘가짜 숫자’ 넘치는 선거판 ‘여론조사 문해력’ 키우자,"‘여론조사로 의심되는 <b>스팸</b> 전화입니다.’ <b>스팸</b>이라는 데 뭘 망설이나. 거절. 나도, 옆에 앉은 지인도, 모두 거절이다. 그래도 결과가 발표되는 여론조사가 넘쳐난다. 2년 전 22대 총선에는 공개된 여론조사만 1200건이... ",https://n.news.naver.com/mnews/article/023/0003968533?sid=110,"Thu, 02 Apr 2026 23:35:00 +0900"
"[Opinion] 남매의 항해 일지, 개화를 위한 여정 [음악]",찬혁이 직접 짠 운동 계획표를 보란듯이 배에 붙이고 다니는 우스꽝스런 모습과 수현의 캐리어를 불시 검문하거나 주머니에 몰래 숨겨둔 <b>스팸</b>을 뺏는 등 유쾌한 장면이 이어진다. &quot;이 추위를 이겨내면 수현이는 얼마나... ,https://www.artinsight.co.kr/news/view.php?no=80361,"Thu, 02 Apr 2026 21:10:00 +0900"
[썰-스데이] &quot;경찰도 못 믿게 만든다&quot;…피싱 범죄의 진화,"△피싱 범죄 예방법 -추형식 : 먼저 '010' 미끼전화와 문자는 방치마시고 바로 <b>스팸</b>신고, 수신차단 하세요. 원격제어앱 구동이나 신용조회를 위한 접속코드, 승인코드는 절대 알려줘선 안됩니다. 앱은 공식마켓에서... ",https://www.iusm.co.kr/news/articleView.html?idxno=1061277,"Thu, 02 Apr 2026 18:36:00 +0900"
3월 물티슈 브랜드 평판 분석...베베숲·브라운·앙블랑 순,"분석 과정에서는 홍보성 게시글, <b>스팸</b> 키워드, 타 제품군 관련 콘텐츠를 제외했으며, 2026년 2월부터는 블로그·유튜브 등에서 발생하는 수익형 콘텐츠(협찬, 제휴 마케팅 등)까지 추가적으로 필터링해 데이터... ",https://n.news.naver.com/mnews/article/215/0001247683?sid=103,"Thu, 02 Apr 2026 16:27:00 +0900"
프롬프트 한줄로 곡 창작해 수익화…국내 가이드라인은 안갯속,"유튜브와 스포티파이는 AI로 만든 <b>스팸</b>성 트랙을 삭제하고, 이에 더해 프랑스 플랫폼인 디저는 AI 생성 트랙을 식별하고 알고리즘 추천에서 배제하는 시스템을 구축했다. 디저는 지난 1월 기준 음악 스트리밍의 최대 85... ",https://n.news.naver.com/mnews/article/008/0005339089?sid=105,"Thu, 02 Apr 2026 16:19:00 +0900"
3월 물티슈 브랜드 평판 집계… 베베숲·브라운·앙블랑 뒤따라,"분석 과정에서는 광고성 게시물과 <b>스팸</b>성 키워드, 타 제품군 관련 내용 등을 제외했으며, 2026년 2월부터는 블로그와 유튜브 등에서 유통되는 협찬 및 제휴 기반 콘텐츠까지 추가로 걸러내는 방식을 적용해... ",https://edu.donga.com/news/articleView.html?idxno=105693,"Thu, 02 Apr 2026 15:40:00 +0900"
"‘야인시대 짝코’ 황우연, 시골서 공황장애 치료 “간 빼주던 이웃이 ...","황우연은 &quot;끝까지 믿었는데 결정적인 건 왜 안 믿었냐면 야반도주, 그러니까 전화 한 통이 없더라&quot;며 상대가 자신의 번호를 <b>스팸</b>으로 돌려놓았다고 주장했다. 황우연은 상대방과 주고받은 문자까지 공개하며 &quot;정말 가슴에... ",https://m.entertain.naver.com/article/609/0001109716,"Thu, 02 Apr 2026 15:27:00 +0900"
"베베숲, AI브랜드평판연구소 3월 물티슈 평판 분석결과 1위 기록","특히 AI브랜드평판연구소는 기존부터 홍보성 게시글, <b>스팸</b> 키워드, 타 제품군(기저귀 등)을 필터링하여 분석의 신뢰도를 유지해 왔으며, 2026년 2월부터는 블로그와 유튜브 등에 업로드된 수익성 콘텐츠(애드센스... ",https://www.businesskorea.co.kr/news/articleView.html?idxno=266830,"Thu, 02 Apr 2026 14:30:00 +0900"
[자취생 찐공감] 자취하고 알게 된 생각보다 비쌌던 아이템 7가지,<b>스팸</b>은 없으면 허전한데 있으면 돈 나간다 <b>스팸</b> 200g 한 캔이 5000원 안팎이다. 박스째 사면 싸다는 말은 맞는데 자취방 수납공간이 부족하다. 그렇다고 하나씩 사자니 계속 더 비싸니 손이 가지 않는다. 없으면 허전하고... ,http://www.dailypop.kr/news/articleView.html?idxno=97601,"Thu, 02 Apr 2026 13:50:00 +0900"
메타·디즈니 채용인 줄 알았는데…'가짜 채용포털' 성행,이메일은 구글 앱시트 등 합법 플랫폼을 통해 발송되기도 해 <b>스팸</b> 필터를 우회할 가능성이 있다. 대상은 링크드인 등에서 수집됐거나 과거 유출된 연락처일 가능성이 제기된다. 피해자가 링크를 클릭하면 특정... ,https://www.digitaltoday.co.kr/news/articleView.html?idxno=652773,"Thu, 02 Apr 2026 13:44:00 +0900"
'차단한 해외 로그인이 시도 되었습니다' 네 번의 메일을 받고,"처음엔 <b>스팸</b>이겠거니 넘기려 했지만, 불과 한 시간 사이에 지역을 바꿔가며 무려 네 번이나 반복된 '로그인 시도' 알림은 이것이 단순한 오류가 아님을 증명하고 있었다. 나의 아이디와 비밀번호가 지금 이 순간, 누군가의... ",https://n.news.naver.com/mnews/article/047/0002510439?sid=103,"Thu, 02 Apr 2026 13:21:00 +0900"
[11번가 테마쇼핑] '슈팅배송' 추천 봄나들이 간식템,"고객 선호도가 높은 맛으로 구성한 'CJ 햇반 컵반 황태국밥(170g, 2개) + 철판제육덮밥(256g, 2개) + 참치마요덮밥(204g, 2개) + <b>스팸</b>마요덮밥(219g, 2개)'(2만2000원대)는 취향에 맞춰 손쉽게 인기 외식메뉴를 즐기는 제품이다.... ",https://n.news.naver.com/mnews/article/030/0003413969?sid=101,"Thu, 02 Apr 2026 11:01:00 +0900"
&quot;아이들 뇌 위험하다&quot; 유튜브 키즈 점령한 'AI 슬롭',그는 서한에서 &quot;저품질 AI 콘텐츠의 확산을 줄이기 위해 <b>스팸</b> 및 낚시성 콘텐츠 차단에 성공적이었던 기존 시스템을 적극 활용하고 있다&quot;라고 밝혔다. 또한 불윙클은 &lt;뉴욕타임스&gt; 기사에 언급된 15개 채널은 유튜브... ,https://www.fortunekorea.co.kr/news/articleView.html?idxno=52054,"Thu, 02 Apr 2026 10:56:00 +0900"
선거철 SNS 폭탄...후보에게 도움될까?,"그걸 일일이 다 차단하고 <b>스팸</b> 신고를 하는 것도 일이더라고요. (제) 번호랑 이름이랑 다 자기들이 갖고 있단 얘기잖아요. 너무 황당하죠&quot;쉴세 없이 뜨는 알림에 대화방 나가기가 쇄도합니다.1,700명에 육박하던 초대받은... ",https://mbcgn.kr/01_new/new01_view.asp?idx=407064,"Wed, 01 Apr 2026 21:08:00 +0900"
욕먹어도 또 보낸다…선거 문자 끊이지 않는 이유,이와 함께 &quot;번호나 문구 등 통해 <b>스팸</b> 차단이 가능함에도 그렇게 하지 않는 것도 비슷한 이유&quot;라고 했다.현재 구조에선 '문자 폭탄' 현상이 반복될 가능성이 높다는 전망도 나온다. 하 교수는 &quot;유권자 입장에서는 불편할 수... ,https://www.yeongnam.com/web/view.php?key=20260401028285032,"Wed, 01 Apr 2026 17:44:00 +0900"
"KISA,120다산콜 AI 상담 도우미 고도화 돕는다","118상담센터는 해킹·바이러스, 개인정보 침해, 불법 <b>스팸</b> 등 국민 생활과 밀접한 사이버 고충을 상담하는 창구로, 2010년 개소했다. 앞서 KISA는 AI 산업 발전을 위한 공공데이터 개방 정책에 따라 118상담센터의... ",https://n.news.naver.com/mnews/article/277/0005743605?sid=105,"Wed, 01 Apr 2026 16:59:00 +0900"
AI·구독형 해킹 서비스로 날개 단 모바일 앱 공격... &quot;설계부터 보안 내...,통로인 '불법 <b>스팸</b>' 대응 정책을 강화 중&quot;이라고 말했다. 심 과장은 &quot;불법 <b>스팸</b> 대응 정책 강화 이후 1인당 월평균 문자 수신량이 약 75% 감소했다&quot;고 했다. 방미통위는 불법 <b>스팸</b> 방지 역량이 검증된 사업자만 시장에... ,https://n.news.naver.com/mnews/article/014/0005501061?sid=105,"Wed, 01 Apr 2026 16:42:00 +0900"
"여수시, 11월까지 '찾아가는 어르신 스마트폰 교육'","교육은 스마트폰 기본 설정(글자 확대·음량 조절·와이파이 연결), 사진 촬영 및 전송, 문자 및 SNS 활용, 보이스피싱·<b>스팸</b> 문자 예방법 등으로 실생활에 바로 활용할 수 있는 실습 중심으로 구성됐다. 시 관계자는... ",http://www.jndn.com/article.php?aid=1775028987429997107,"Wed, 01 Apr 2026 16:40:00 +0900"
"[Biz&amp;Law] 현대차, <b>스팸</b>메일 보냈다가 날벼락…美 집단소송 피소","현대자동차 미국법인이 불법 <b>스팸</b>메일 발송과 관련해 집단소송에 휘말렸다. 원고 측은 여행 관련 이메일로 예상하고 열어보니 현대차 판매 사이트로 연결됐다며, 이는 <b>스팸</b>메일을 금지한 캘리포니아 법에... ",http://www.seoulwire.com/news/articleView.html?idxno=714627,"Wed, 01 Apr 2026 16:40:00 +0900"
"스텔라떡볶이, 킥플립 컴백쇼 사전녹화 현장 점심 지원","꼬마김밥은 참치마요, 양념어묵, <b>스팸</b>, 불고기 등 4종으로 구성된 신제품으로, 1팩당 4줄 형태로 제공된다. 이날 현장에서는 <b>스팸</b> 꼬마김밥이 제공됐다. 스텔라떡볶이는 현장 참여자를 대상으로 SNS 후기 이벤트도... ",https://www.stardailynews.co.kr/news/articleView.html?idxno=530035,"Wed, 01 Apr 2026 15:28:00 +0900"
스페인 MWC 2026으로 본 AI 시대 모바일 산업의 변화,"한국기업 중에는 LG유플러스가 음성 AI 에이전트인 ‘익시오(ixi-O)’를 중심으로 통화 중 정보 검색, <b>스팸</b> 및 보이스피싱 맥락 분석 등 통신 서비스와 결합된 온디바이스 AI 활용 사례를 소개했다. &lt; 퀄컴의... ",http://dream.kotra.or.kr/kotranews/cms/news/actionKotraBoardDetail.do?SITE_NO=3&MENU_ID=110&CONTENTS_NO=1&bbsGbn=245&bbsSn=245&pNttSn=239821,"Wed, 01 Apr 2026 15:19:00 +0900"
[다시보기] 4월 1일 (수) 오전 사이언스 투데이,"■ 오늘 서울 등 서쪽 큰 일교차, 아침 안개...제주·동쪽 봄비 ■ 단비 그치고 '분홍빛 물결'...서울도 주 후반 '절정' ■ 원안위, 부산 기장군 고리원전 2호기 재가동 ■ 악성 앱 설치 주의…사용자 번호 이용해 <b>스팸</b>... ",https://science.ytn.co.kr/program/view.php?mcd=0082&hcd=0023&key=202604011110107825,"Wed, 01 Apr 2026 14:16:00 +0900"
&quot;불법 앱 설치했더니 <b>스팸</b> 발송자 됐다&quot;…휴대전화 정지 피해 잇따라,출처가 불분명한 악성 앱을 설치한 뒤 이용자가 인지하지 못한 상태에서 불법 <b>스팸</b> 발송자로 악용되는... 유도하는 <b>스팸</b> 문자가 대량 발송되는 사례가 잇따랐다. 이들 앱은 설치 과정에서 문자메시지 접근 권한을 확보한... ,https://www.thepublic.kr/news/articleView.html?idxno=299500,"Wed, 01 Apr 2026 13:52:00 +0900"
가파도는 노자가 꿈꾼 이상향이었을지도,매번 지인들께 '북토크에 모십니다'라는 안내 문자를 보낼 때마다 <b>스팸</b>처럼 느껴질까 봐 걱정스럽기도 하다. 그럼에도 불구하고 다시 신발 끈을 묶고 저자를 모실 준비를 하며 &quot;왜 나는 멈추지 않고 이 고독한 길을 가고... ,https://n.news.naver.com/mnews/article/047/0002510277?sid=103,"Wed, 01 Apr 2026 13:36:00 +0900"
악성 앱 설치 주의…사용자 번호 이용해 <b>스팸</b> 발송,불법 <b>스팸</b> 발송자가 돼 이동전화 서비스가 정지되는 피해가 발생하고 있습니다. 방송미디어통신위원회는 '티비위키' 등 불법 동영상 재생 앱을 설치한 이용자의 휴대전화가 도박 사이트 접속을 유도하는 <b>스팸</b> 문자를 대량... ,https://science.ytn.co.kr/program/view.php?mcd=0082&hcd=&key=202604011103467128,"Wed, 01 Apr 2026 13:26:00 +0900"
"안랩 “AhnLab XTG, 대기업과 데이터센터를 위한 차세대 방화벽”","안티 <b>스팸</b>, 디도스 완화, DLP(Data Loss Prevention) 등 확장된 네트워크 보안 기능을 제공해 더욱 안전한 비즈니스 환경을 구현한다.안랩 관계자는 안랩 XTG는 초대용량 트래픽을 수용하는 대기업 및... ",http://www.boannews.com/media/view.asp?idx=142961&kind=3,"Wed, 01 Apr 2026 13:24:00 +0900"
"KISA-120다산콜재단, AI 상담 고도화 맞손","118상담센터는 해킹과 바이러스, 개인정보 침해, 불법 <b>스팸</b> 등 국민 생활과 밀접한 사이버 피해를 상담하는 대표 창구다. KISA는 앞서 AI 산업 발전과 공공데이터 개방 정책에 맞춰 118상담센터 전화 상담 데이터를... ",https://n.news.naver.com/mnews/article/018/0006247303?sid=105,"Wed, 01 Apr 2026 12:02:00 +0900"
"비식별 데이터로 안전하게…KISA, 120다산콜 AI 상담 고도화","118상담센터는 해킹, 바이러스, 개인정보 침해, 불법 <b>스팸</b> 등 국민 생활과 밀접한 사이버 고충을 상담하는 창구로 지난 2010년 개소했다. 앞서 KISA는 AI 산업 발전을 위한 공공데이터 개방 정책에 따라 118상담센터의... ",https://n.news.naver.com/mnews/article/001/0015995326?sid=105,"Wed, 01 Apr 2026 12:00:00 +0900"
"[부산ㆍ경남 대학 브리핑 모음(4월1일)] 동서대, QS 예술·디자인 세계대...","먼저 실시간 번역과 통역, 사진 번역, 글자 추출 등 일상에서 활용 가능한 스마트폰 기본 기능이 소개됐으며, 발신번호 확인, <b>스팸</b>전화 식별, 사기 의심 전화 대응 방법 등 디지털 안전 수칙도 함께 안내됐다. 이어... ",https://www.dnews.co.kr/uhtml/view.jsp?idxno=202603311910011900438,"Wed, 01 Apr 2026 08:42:00 +0900"
"부산디지털대, 중장년층 대상 '찾아가는 스마트폰 특강' 운영","먼저 실시간 번역과 통역, 사진 번역, 글자 추출 등 일상에서 활용 가능한 스마트폰 기본 기능이 소개됐으며, 발신번호 확인, <b>스팸</b>전화 식별, 사기 의심 전화 대응 방법 등 디지털 안전 수칙도 함께 안내됐다. 이어 '정부24... ",http://www.enewstoday.co.kr/news/articleView.html?idxno=2413563,"Wed, 01 Apr 2026 08:05:00 +0900"
[써보니] 갤럭시 S26 울트라...AI가 제안하고 대신 실행하고,"<b>스팸</b>으로 판단되면 자동 차단되며, 보이스피싱 의심 상황에서는 경고 알림도 제공됐다. 보이스피싱으로 인한 피해가 급증하는 요즘 실용적인 기능이라는 생각이 들었다. 갤럭시 S26 울트라의 AI는 단순 보조 기능을 넘어... ",https://n.news.naver.com/mnews/article/031/0001018572?sid=105,"Wed, 01 Apr 2026 07:06:00 +0900"
불법 동영상 앱 설치했다가 날벼락...‘휴대폰 정지’ 주의보,악성 앱을 설치한 후 자신도 모르는 사이에 불법<b>스팸</b> 발송자가 돼 이동전화 서비스가 중지되는 피해가... 불법<b>스팸</b>을 대량 발송하는 피해가 있어 이용자들의 주의를 당부했다. 대량 불법<b>스팸</b> 발송에 악용된 번호는... ,https://n.news.naver.com/mnews/article/011/0004605711?sid=105,"Wed, 01 Apr 2026 06:25:00 +0900"
&quot;악성 앱 깔면 내 번호로 <b>스팸</b> 발송&quot;…주의 필요해,▲ <b>스팸</b> 문자 출처가 불분명한 악성 앱을 설치한 뒤 자신도 모르게 불법 <b>스팸</b> 발송자가 돼 이동전화 서비스가 중지되는 피해가 발생하고 있어 주의가 요구됩니다. 방송미디어통신위원회에 따르면 최근 '티비위키'와 같은... ,https://n.news.naver.com/mnews/article/055/0001344833?sid=102,"Wed, 01 Apr 2026 05:40:00 +0900"
[데스크칼럼] <b>스팸</b>이 아닌 공약으로 말하라,그러나 이렇게 일방적으로 발송되는 메시지는 '<b>스팸</b>'에 가깝게 느껴진다. 의도는 홍보를 위한 것이겠지만... 있고 구체적인 약속이 필요하다. 정치가 <b>스팸</b>이 되지 않기 위해서는 단순한 메시지가 아닌 공약으로 말해야 한다.,https://www.idaegu.co.kr/news/articleView.html?idxno=543514,"Tue, 31 Mar 2026 20:14:00 +0900"
"‘전격 복귀’ 선언한 백종원, “유튜브 활동 재개…억지 민원에 잃어버...","정가 대비 45% 할인 판매를 내세웠으나, 시장점유율 1위인 <b>스팸</b>보다 비싸면서 돼지고기 함량은 오히려 낮다는 비판이 쏟아졌다. 정가를 의도적으로 높게 책정한 뒤 할인율을 부풀린 상술이 아니냐는 지적도 제기됐다. 빽햄... ",https://n.news.naver.com/mnews/article/011/0004605647?sid=101,"Tue, 31 Mar 2026 19:54:00 +0900"
"&quot;불법 앱 깔았다가 <b>스팸</b> 발송자 낙인&quot;…방미통위, '악성앱' 주의보",악성 앱을 설치한 후 자신도 모르는 사이에 불법<b>스팸</b> 발송자가 되어 이동전화 서비스가 중지되는 피해가... 불법<b>스팸</b>을 대량 발송하는 피해가 있어 31일 이용자들의 주의를 당부했다. 이렇게 대량 불법<b>스팸</b> 발송에 악용된... ,https://n.news.naver.com/mnews/article/448/0000600446?sid=100,"Tue, 31 Mar 2026 18:27:00 +0900"
'팝 레전드' 폴 매카트니가 팬 커뮤에서 강퇴당한 이유? &quot;팬 서비스하려...,"정확한 원인은 밝혀지지 않았으나, 일부 이용자들은 레딧의 <b>스팸</b> 자동 방지 시스템이 '드롭박스'같은 외부 파일 공유 링크를 <b>스팸</b>으로 오인했거나 , 운영자가 계정 진위를 의심했을 가능성이 제기되고 있다. 팬... ",https://m.entertain.naver.com/article/108/0003421735,"Tue, 31 Mar 2026 16:56:00 +0900"
"부산디지털대, 중장년층 대상 '찾아가는 스마트폰 특강' 운영","먼저 실시간 번역과 통역, 사진 번역, 글자 추출 등 일상에서 활용 가능한 스마트폰 기본 기능이 소개됐으며, 발신번호 확인, <b>스팸</b>전화 식별, 사기 의심 전화 대응 방법 등 디지털 안전 수칙도 함께 안내됐다. 이어 '정부24... ",https://www.veritas-a.com/news/articleView.html?idxno=603857,"Tue, 31 Mar 2026 16:46:00 +0900"
불법 앱 깔았다가 <b>스팸</b> 발송자 낙인… 휴대전화 정지 피해 속출,출처가 불분명한 악성 애플리케이션을 설치한 뒤 자신도 모르게 불법 <b>스팸</b> 발송에 악용돼 이동전화... 유도하는 <b>스팸</b> 문자를 대량 발송하는 사례가 이어지고 있다. 이들 앱은 설치 과정에서 문자메시지 접근 권한을... ,https://n.news.naver.com/mnews/article/366/0001153084?sid=105,"Tue, 31 Mar 2026 16:43:00 +0900"
내가 <b>스팸</b> 발송자?...알고 보니 '불법 동영상 앱' 때문,"불법 동영상 재생 앱을 설치했다가 자신도 모르게 불법 <b>스팸</b> 발송자가 되는 경우가 잇따르면서 각별한... 유도하는 <b>스팸</b> 문자를 대량 발송하는 사례를 소개하며, 적극 신고를 안내하는 한편, 예방책을 안내했습니다.... ",https://n.news.naver.com/mnews/article/057/0001942426?sid=100,"Tue, 31 Mar 2026 16:40:00 +0900"
"부산디지털대, 중장년층 대상 ‘찾아가는 스마트폰 특강’ 운영","먼저 실시간 번역과 통역, 사진 번역, 글자 추출 등 일상에서 활용 가능한 스마트폰 기본 기능이 소개됐으며, 발신번호 확인, <b>스팸</b>전화 식별, 사기 의심 전화 대응 방법 등 디지털 안전 수칙도 함께 안내됐다. 이어... ",https://dhnews.co.kr/news/view/1065598132890174,"Tue, 31 Mar 2026 16:36:00 +0900"
갤럭시S26 독점 제공 ‘통화 스크리닝’… One UI 8.5에서 S24?S25 지원하...,"통화 스크리닝은 단순한 <b>스팸</b> 차단을 넘어, AI 어시스턴트가 사용자를 대신해 전화를 수신하고 상대방의 용건을 실시간 텍스트로 변환해 제공하는 기능이다. 또한 사용자가 입력한 답변을 음성으로 전달해주는 등... ",https://kbench.com/?q=node/277462,"Tue, 31 Mar 2026 16:30:00 +0900"
"[기자수첩] 현관문까지 배달된 공포, '아날로그 침투에 속수무책' 배민...","단순히 <b>스팸</b> 문자가 늘어나는 수준이 아니다. 누군가에게 '화가 났다'는 이유만으로 돈을 지불해 타인의 거주지를 파악하고, 현관문에 오물을 뿌리거나 래커로 욕설을 남기는 '사적 보복'에 배민의 데이터가 연료 역할을... ",http://www.dailypop.kr/news/articleView.html?idxno=97654,"Tue, 31 Mar 2026 16:16:00 +0900"
'악성 앱' 잘못 설치하면 불법 <b>스팸</b> 발송자 된다…다수 사례에 주의 요...,악성 앱을 설치한 후 자신도 모르게 불법 <b>스팸</b> 메시지가 발송돼 이동전화 서비스가 중지되는 피해가... 불법 <b>스팸</b> 메세지가 대량 발송돼 피해를 입는 사례가 발견됐다. 실제 불법 <b>스팸</b> 대응센터(☎118)에는 'cc취금이니... ,https://n.news.naver.com/mnews/article/656/0000172664?sid=102,"Tue, 31 Mar 2026 16:02:00 +0900"
“내가 불법<b>스팸</b> 발송자?”…악성앱 하나에 휴대폰 정지,불법<b>스팸</b> 발송자가 되어 이동전화 서비스가 중지되는 피해가 발생하고 있어 이용자 주의가 요구된다. 31일 방송미디어통신위원회에 따르면 최근 방미통위와 한국인터넷진흥원(KISA)이 운영하는 ‘불법<b>스팸</b> 대응센터’... ,https://n.news.naver.com/mnews/article/138/0002222757?sid=105,"Tue, 31 Mar 2026 16:01:00 +0900"
“공짜 영화 보려다 <b>스팸</b> 발송자됩니다”…방미통위 주의보,출처가 불분명한 악성 앱을 설치한 뒤 자신도 모르게 불법 <b>스팸</b> 발송자가 돼 이동전화 서비스가 중지되는... 유도하는 <b>스팸</b> 문자를 대량 발송하는 사례가 잇따랐습니다. 이들 앱은 설치 과정에서 문자메시지 접근 권한을... ,https://n.news.naver.com/mnews/article/056/0012152817?sid=103,"Tue, 31 Mar 2026 15:57:00 +0900"
&quot;불법 동영상 앱 깔았다가 <b>스팸</b> 발송자 됐다&quot;…악성 앱 설치 주의보,불법 <b>스팸</b> 발송자가 돼 이동전화 서비스가 중지되는 피해 사례가 발생하고 있다. 31일... 유도하는 <b>스팸</b> 문자를 대량 발송하는 사례가 잇따르고 있다. 이들 앱은 설치 과정에서 문자메시지 접근 권한을 확보한 뒤 이용자... ,https://n.news.naver.com/mnews/article/586/0000125696?sid=101,"Tue, 31 Mar 2026 15:44:00 +0900"
[카드] 방미통위 &quot;악성 앱 설치 시 <b>스팸</b> 발송 주의&quot;,방송미디어통신위원회(이하 방미통위)는 최근 불법 동영상 재생 앱을 설치한 이용자의 번호로 다른 사람들에게 도박 사이트 접속 등의 불법<b>스팸</b>을 대량 발송하는 피해가 있어 31일 이용자들의 주의를 당부한다고 밝혔다.,http://www.newsprime.co.kr/news/article.html?no=728760,"Tue, 31 Mar 2026 15:42:00 +0900"
&quot;공짜 드라마 보려다 <b>스팸</b> 발송자 된다&quot; 불법 영상 앱 설치 주의,방송미디어통신위원회는 최근 불법 동영상 재생 앱 설치 이용자의 번호가 도용돼 <b>스팸</b>이 발송되는 피해가 발생하고 있다며 31일 이용자 주의를 당부했다. 방미통위와 한국인터넷진흥원(KISA)이 운영하는 '불법<b>스팸</b> 대응센터... ,https://n.news.naver.com/mnews/article/014/0005500249?sid=105,"Tue, 31 Mar 2026 15:32:00 +0900"
"&quot;악성 앱 설치하면 내 번호로 <b>스팸</b> 발송&quot;…방미통위, 주의 당부",출처가 불분명한 악성 앱을 설치한 뒤 자신도 모르게 불법 <b>스팸</b> 발송자가 돼 이동전화 서비스가 중지되는... 유도하는 <b>스팸</b> 문자를 대량 발송하는 사례가 잇따랐습니다. 이들 앱은 설치 과정에서 문자메시지 접근 권한을... ,https://n.news.naver.com/mnews/article/422/0000850022?sid=105,"Tue, 31 Mar 2026 15:30:00 +0900"
악성 앱 깔았다가 내 번호로 <b>스팸</b>문자 발송… 주의 요구,출처가 불분명한 악성 앱을 설치한 뒤 이용자가 인지하지 못한 상태에서 불법 <b>스팸</b> 발송에 악용돼 이동전화... 유도하는 <b>스팸</b> 문자를 대량 발송하는 사례가 발생했다. 이들 앱은 설치 과정에서 문자메시지 접근 권한을... ,https://n.news.naver.com/mnews/article/654/0000173246?sid=102,"Tue, 31 Mar 2026 15:25:00 +0900"
앱 잘못 깔았다가 '<b>스팸</b> 발송자' 됐다,자신도 모르는 사이에 불법 <b>스팸</b> 발송자가 돼 이동전화 서비스가 정지되는 피해가 급증하고 있다. 방송미디어통신위원회는 31일 불법 동영상 재생 앱(티비위키 등)을 설치한 이용자들이 대량 불법 <b>스팸</b>을 발송하다가... ,https://www.thereport.co.kr/news/articleView.html?idxno=86059,"Tue, 31 Mar 2026 15:16:00 +0900"
모르는 앱 깔았다 '<b>스팸</b> 폭탄' 공범된다…불법 동영상 앱 주의보,악성 앱을 설치한 후 자신도 모르는 사이에 불법<b>스팸</b> 발송자가 돼 이동전화 서비스가 중지되는 피해가... 불법<b>스팸</b>을 대량 발송하는 피해가 있어 31일 이용자들의 주의를 당부했다. 이렇게 대량 불법<b>스팸</b> 발송에 악용된... ,https://n.news.naver.com/mnews/article/119/0003075328?sid=105,"Tue, 31 Mar 2026 15:15:00 +0900"
&quot;악성 앱 깔면 내 번호로 <b>스팸</b> 발송&quot;…주의 필요해,불법 <b>스팸</b> 발송자가 돼 이동전화 서비스가 중지되는 피해가 발생하고 있어 주의가 요구된다. 31일... 유도하는 <b>스팸</b> 문자를 대량 발송하는 사례가 잇따랐다. 이들 앱은 설치 과정에서 문자메시지 접근 권한을 확보한 뒤... ,https://n.news.naver.com/mnews/article/001/0015992859?sid=100,"Tue, 31 Mar 2026 14:55:00 +0900"
&quot;공짜 영화의 대가는 번호 정지?&quot; 악성 앱 설치가 부른 <b>스팸</b> 참사,최근 악성 앱 설치 후 자신도 모르는 새 불법<b>스팸</b> 발송자가 돼 이동전화 서비스가 중지되는 피해 사례가... 불법<b>스팸</b>을 대량 발송하는 피해가 있다며 31일 이용자들의 주의를 당부했다. 이렇게 대량 불법<b>스팸</b> 발송에... ,https://n.news.naver.com/mnews/article/003/0013857369?sid=105,"Tue, 31 Mar 2026 14:44:00 +0900"
방미통위 “악성 앱 잘못 설치하면 불법<b>스팸</b> 발송자로⋯ 주의 필요”,악성 앱을 설치한 후 자신도 모르는 사이에 불법<b>스팸</b> 발송자가 되어 이동전화 서비스가 중지되는 피해가... 불법<b>스팸</b>을 대량 발송하는 피해가 있어 이용자들의 주의를 당부했다. 이렇게 대량 불법<b>스팸</b> 발송에 악용된... ,https://www.viva100.com/article/20260331501038,"Tue, 31 Mar 2026 14:40:00 +0900"
티비위키? &quot;불법 동영상앱으로 도박 <b>스팸</b> 주의하세요&quot;,방송미디어통신위원회는 최근 티비위키 등 불법 동영상 재생 앱을 설치한 이용자의 번호로 다른 사람들에게 도박 사이트 접속 등 불법 <b>스팸</b>을 대량 발송하는 피해가 있어 주의를 당부한다고 31일 밝혔다. 대량 불법<b>스팸</b>... ,https://n.news.naver.com/mnews/article/092/0002416901?sid=105,"Tue, 31 Mar 2026 14:37:00 +0900"
네이버 메일 방치하면 사라진다…6개월 미사용 시 ‘차단’,"장기간 방치된 계정을 악용한 <b>스팸</b>, 해킹 등 보안 위험을 차단하기 위한 조치다. 휴면 계정으로 전환되면 기존 메일 데이터는 일정 기간 보관되지만, 이후 추가 이용이 없을 경우 계정 정보와 메일이 삭제될 수 있다. 특히... ",http://www.metroseoul.co.kr/article/20260331500321,"Tue, 31 Mar 2026 14:30:00 +0900"
"[ER리뷰] 26번째 갤럭시 울트라의 수호자, 불타지 않는 자, 폭풍에서 태...","<b>스팸</b>이나 보이스피싱 전화에 AI가 대응하고, 직접 응답하기 어려운 상황에서도 통화 내용을 파악할 수 있다. 녹스 볼트(Knox Vault)와 녹스 매트릭스(Knox Matrix) 기반의 다층적 보안 체계는 양자 내성 암호 기반의 종단... ",https://www.econovill.com/news/articleView.html?idxno=735349,"Tue, 31 Mar 2026 14:22:00 +0900"
배달앱 쓰다 '현관문 보복 테러' 당했다…배민發 공포 확산,"단순한 <b>스팸</b> 문자가 아니라 '실제 주거지 테러'로 이어졌다는 점이 이용자들의 역린을 건드렸다. 1인가구 A씨는 &quot;비밀번호는 바꾸면 그만이지만, 이미 털린 내 주소는 이사 가기 전엔 못 바꾼다&quot;며 &quot;고작 수십만원에 내... ",http://www.dailypop.kr/news/articleView.html?idxno=97653,"Tue, 31 Mar 2026 11:46:00 +0900"
"이란 전쟁 여파, 걸프 지역 겨냥 사이버 공격 130% 폭증","분석에 따르면 공격자들은 단순한 <b>스팸</b>을 넘어 송장이나 계약서, 금융 요청 등 비즈니스 서식을 정밀하게 위장해 신뢰를 얻는 수법을 썼다. 메일은 겉보기에 전혀 악성으로 보이지 않아 사용자뿐만 아니라 기존 보안... ",http://www.boannews.com/media/view.asp?idx=142933&kind=1,"Tue, 31 Mar 2026 11:42:00 +0900"
"합천경찰서, 제25회 합천벚꽃마라톤 대회서 피싱범죄 예방 홍보",직접 <b>스팸</b> 차단 앱설치를 도와주는 등 밀착형 홍보를 진행했다. 김해출 합천경찰서장은 &quot;수려한 합천의 벚꽃길을 달리는 축제 현장에서 군민과 관광객들의 소중한 재산을 보호하기 위해 홍보활동을 계획하였으며... ,http://www.gndomin.com/news/articleView.html?idxno=470470,"Mon, 30 Mar 2026 17:57:00 +0900"
"합천경찰서, 제25회 합천벚꽃마라톤 대회 피싱범죄 예방 홍보 실시",직접 <b>스팸</b> 차단 앱설치를 도와주는 등 밀착형 홍보를 진행하였다. 김해출 합천경찰서장은 “수려한 합천의 벚꽃길을 달리는 축제 현장에서 군민과 관광객들의 소중한 재산을 보호하기 위해 홍보활동을 계획하였으며... ,https://www.siminilbo.co.kr/news/newsview.php?ncode=1160274917518897,"Mon, 30 Mar 2026 17:32:00 +0900"
네이버 접속해도 메일 6개월 안 쓰면 '메일함' 끊긴다,'네이버 메일'을 쓰지 않는 네이버 이용자의 메일 서비스를 휴면 계정으로 전환해 <b>스팸</b> 등으로 인한... 이어 &quot;실사용되지 않는 계정으로 수신되는 대량의 <b>스팸</b> 및 악성 메일로 인한 서비스 품질 저하를 방지함으로써 많은... ,https://n.news.naver.com/mnews/article/421/0008858380?sid=105,"Mon, 30 Mar 2026 16:52:00 +0900"
한강 '작별하지 않는다' 번역가 &quot;'어멍·아방' 제주 방언의 결 그대로 살...,처음엔 <b>스팸</b>으로 착각할 뻔했다&quot;며 &quot;전혀 기대하지 않았다&quot;고 했다. 1975년 상 제정 이후 번역 소설의 수상은 이번이 세 번째다. 두 번에 걸쳐 서면으로 만난 그는 &quot;소설은 제주 4·3 사건이라는 한국의 특정 역사에... ,https://n.news.naver.com/mnews/article/469/0000922472?sid=103,"Mon, 30 Mar 2026 14:01:00 +0900"
&quot;<b>스팸</b>인줄 알았는데&quot;…KT 위약금 면제 부실 안내에 소비자들 분통,KT 해지 위약금 상담 93건 중 69건 '기한 내 미신청' &quot;피해 보상 조치는 별도 신청 없이 자동 적용돼야&quot; KT가 개인정보 유출 피해 보상으로 내건 '위약금 면제' 조치가 부실한 안내와 복잡한 신청 절차로 오히려 소비자... ,https://n.news.naver.com/mnews/article/586/0000125565?sid=101,"Mon, 30 Mar 2026 13:46:00 +0900"
"합천署, 벚꽃마라톤대회서 피싱범죄 예방 홍보","직접 <b>스팸</b> 차단 앱설치를 도와주는 등 밀착형 홍보를 진행했다. 김해출 합천경찰서장은 &quot;수려한 합천의 벚꽃길을 달리는 축제 현장에서 군민과 관광객들의 소중한 재산을 보호하기 위해 홍보활동을 계획, 앞으로도 지역... ",https://www.newsgn.com/news/articleView.html?idxno=543360,"Mon, 30 Mar 2026 12:20:00 +0900"
대표 되자마자 출근 안 해 ‘웅성’…축하주 대신 피싱 잡으러 간 정재...,정 대표를 포함한 SK텔레콤 임직원 20여명은 대리점 내방이 어려운 어르신 50여명의 휴대 전화를 하나씩 점검하며 <b>스팸</b> 문자·전화 차단 방법을 알려 주고 대표적인 사기 사례·방식을 설명하는 등 보이스피싱·스미싱... ,https://n.news.naver.com/mnews/article/009/0005658041?sid=101,"Mon, 30 Mar 2026 11:58:00 +0900"
"창립기념일 고객 찾아간 SKT, 자축 대신 다시 듣는 날로","SKT 구성원들은 어르신들의 휴대폰을 하나씩 살펴보며 <b>스팸</b> 문자∙전화를 차단하고, 느려진 휴대폰을 빠르게 쓸 수 있는 최적화 방법도 알려드렸다. 최적화 메뉴를 찾기 어려운 어르신들을 위해 단축 버튼을 만들어... ",https://www.thisisgame.com/articles/418223,"Mon, 30 Mar 2026 10:26:00 +0900"
"지에스엔씨 '아이즈레인', 단일 장비 기반 통합 구조로 메일 보안 성능...","최근 메일 보안 솔루션은 <b>스팸</b>, BEC(기업 이메일 사기), 악성코드 탐지, 발신 보안 등 다양한 기능이 결합되면서 시스템 복잡도가 증가하는 추세다. 이에 따라 관리자 및 사용자 페이지가 분산되고, 사용자 수 증가에 따른... ",https://www.epnc.co.kr/news/articleView.html?idxno=330506,"Mon, 30 Mar 2026 09:00:00 +0900"
"33떡볶이, <b>스팸</b> 김치볶음밥 신메뉴 출시","분식 프랜차이즈 33떡볶이가 <b>스팸</b> 김치볶음밥을 새롭게 선보였다. 해당 메뉴는 볶은 김치와 <b>스팸</b>을 함께 조리하고 반숙 계란을 곁들인 구성이 특징이다. 가격은 8,500원으로 책정됐다. 매콤한 김치와 짭짤한 <b>스팸</b>의 조합을... ",https://www.shinailbo.co.kr/news/articleView.html?idxno=5005607,"Mon, 30 Mar 2026 08:10:00 +0900"
농번기 선거전화·문자 ‘폭탄’…“농사 지장” 하소연,이들 농가들은 <b>스팸</b> 메일에도 시달리고 있다. 체험 신청과 후보자 홍보 메일이 뒤섞여 있어 확인 과정에서 불필요한 시간을 빼앗기는 실정이다. 지역과 무관한 선거 홍보 메시지도 적잖다. 경기 고양에서 고추 등을... ,https://n.news.naver.com/mnews/article/662/0000091705?sid=102,"Mon, 30 Mar 2026 05:02:00 +0900"
취임 첫 행보 '고객 방문' SKT 정재헌 '현장 경영',이날 현장에서 SKT 임직원 20여명은 어르신 50여명의 휴대폰을 하나씩 살펴보며 <b>스팸</b>문자·전화 차단방법을 알려주는 등 보이스피싱·스미싱 예방교육을 진행했다. 어르신들은 &quot;이런 문자도 사기냐&quot; &quot;보이스피싱을 당하면... ,https://n.news.naver.com/mnews/article/008/0005336655?sid=105,"Mon, 30 Mar 2026 04:24:00 +0900"
"정재헌 SKT CEO, 대표이사 선임이후 첫 행보로 어르신 고객 찾아","SKT 구성원들은 어르신들의 휴대폰을 하나씩 살펴보며 <b>스팸</b> 문자∙전화를 차단하고, 느려진 휴대폰을 빠르게 쓸 수 있는 최적화 방법도 알려드렸다. 최적화 메뉴를 찾기 어려운 어르신들을 위해 단축 버튼을 만들어... ",http://www.paxetv.com/news/articleView.html?idxno=267236,"Sun, 29 Mar 2026 21:40:00 +0900"
불법<b>스팸</b> 강력 제재...매출액 최대 6% 과징금,불법<b>스팸</b> 전송자와 관련 사업자에 대한 제재가 대폭 강화된다. 단순 과태료 중심의 기존 규제에서 벗어나 매출 연동 과징금과 부당이익 환수 제도가 도입되면서 불법<b>스팸</b> 시장 전반에 구조적 변화가 예상된다.... ,https://www.todayeconomic.com/news/article.html?no=30046,"Sun, 29 Mar 2026 17:34:00 +0900"
"SKT, 42주년 자축 대신 '경청'…정재헌 &quot;고객은 AI 시대도 불변 가치&quot;","SKT 구성원들은 어르신들의 휴대폰을 하나씩 살펴보며 <b>스팸</b> 문자∙전화를 차단하고, 느려진 휴대폰을 빠르게 쓸 수 있는 최적화 방법도 알려드렸다. 최적화 메뉴를 찾기 어려운 어르신들을 위해 단축 버튼을 만들어... ",https://www.apnews.kr/news/articleView.html?idxno=3047221,"Sun, 29 Mar 2026 17:16:00 +0900"
“문자 폭탄에 네거티브 공방까지”⋯대구 달서구청장 경선 ‘민심 피로...,일부 유권자들은 <b>스팸</b> 차단까지 고려하는 등 거부감도 커지는 분위기다. 경선이 정책 경쟁보다 정당성 공방과 네거티브 중심으로 흐르면서 당 전체에 대한 이미지 훼손을 우려하는 목소리도 나온다. 특히 지역 기반이 강한... ,https://www.kbmaeil.com/article/20260329500534,"Sun, 29 Mar 2026 16:28:00 +0900"
개인정보 탈취 노린 보복 테러…범죄 노출된 배달앱,<b>스팸</b> 전화가 늘어나는 수준을 넘어 개인정보가 강력 범죄에 쓰였다는 소식을 접했기 때문이다. 배달 라이더 모습.(사진=우아한청년들) 대한민국 외식 문화의 중심인 배달앱에 적신호가 켜졌다. 29일 업계 등에 따르면... ,https://www.asiatime.co.kr/article/20260329500139,"Sun, 29 Mar 2026 14:42:00 +0900"
KT &quot;불법 스트리밍 사이트 주의&quot;···삭제 권고·스미싱 경고,"최근 정식 앱마켓을 통하지 않은 악성 불법 스트리밍을 통해 사용자 동의 없이 도박 문자 등 불법 <b>스팸</b>... 악성 앱은 설치 이후 스마트폰으로 수신된 문자 메시지를 탈취하거나, 피해자 명의로 도박 등 불법 <b>스팸</b>문자를... ",http://www.enewstoday.co.kr/news/articleView.html?idxno=2412036,"Sun, 29 Mar 2026 14:16:00 +0900"
"정재헌 SKT CEO, 포천 찾아 ‘디지털 안심 교육’",이어진 실습 시간에는 임직원들이 어르신들의 휴대폰을 직접 점검하며 <b>스팸</b> 차단 설정과 기기 최적화 방법을 안내했다. 특히 복잡한 기능을 쉽게 활용할 수 있도록 단축 버튼을 설정해주자 어르신들은 놀라움을... ,https://www.seoultimes.news/news/article.html?no=2000094449,"Sun, 29 Mar 2026 11:09:00 +0900"
"SK텔레콤, 창사 42주년 맞아 현장 방문…정재헌 신임 대표 첫 행보","현장에서는 <b>스팸</b> 차단, 스마트폰 최적화 방법 안내 등이 이뤄졌다. 어르신 고객들은 쇼핑 광고 노출, 메신저 다운로드 지연 등의 불편함을 언급했다. 정 대표는 고객 스마트폰을 확인하고 개선 방안에 대해 의견을... ",https://www.digitaltoday.co.kr/news/articleView.html?idxno=648248,"Sun, 29 Mar 2026 10:06:00 +0900"
"SK텔레콤, 창립 42주년 맞아 고객 접점 방문…“다시 듣는 날”","현장에서는 보이스피싱·스미싱 예방 교육과 함께 휴대폰 점검, <b>스팸</b> 차단, 기기 최적화 안내 등이 진행됐다. 일부 어르신들은 &quot;이런 문자도 사기냐&quot;, &quot;보이스피싱을 당하면 돈을 찾을 방법은 없냐&quot; 등 질문을 이어갔다. 또... ",http://www.metroseoul.co.kr/article/20260329500068,"Sun, 29 Mar 2026 09:58:00 +0900"
창립기념일은 '다시 듣는 날'…취임 직후 고객부터 찾은 정재헌,"이날 현장에서 SKT 임직원 20여명은 어르신 50여명의 휴대폰을 하나씩 살펴보며 <b>스팸</b> 문자·전화 차단 방법을 알려주는 등 보이스피싱·스미싱 예방 교육을 진행했다. 어르신들은 &quot;이런 문자도 사기냐&quot;, &quot;보이스피싱을... ",https://n.news.naver.com/mnews/article/008/0005336510?sid=105,"Sun, 29 Mar 2026 09:58:00 +0900"
"'케이크' 대신 '어르신 폰' 쥔 정재헌… SKT, 창사 42주년 맞아 현장 행...",실습 시간에는 SK텔레콤 직원들이 일일이 휴대폰을 확인하며 <b>스팸</b> 문자를 차단하고 기기 최적화를 도왔다. 조작이 서툰 이들을 위해 화면에 단축 버튼을 배치하자 곳곳에서 탄성이 나오기도 했다. 교육에 참여한 권화자... ,https://www.financialpost.co.kr/news/articleView.html?idxno=253379,"Sun, 29 Mar 2026 09:54:00 +0900"
"&quot;잘못하면 번호 정지됩니다&quot;…KT, 악성 사이트 통한 스미싱 경고",KT가 최근 악성 불법 스트리밍 앱을 통한 악성앱 설치 유도 및 불법 <b>스팸</b>문자 발송 사례 등이 나타나고 있다며... 불법 <b>스팸</b>문자가 발송되는 사례가 탐지되고 있어 관련 앱 삭제 등 사용자 주의가 필요하다”고 밝혔다. KT는... ,https://n.news.naver.com/mnews/article/003/0013852148?sid=105,"Sun, 29 Mar 2026 09:50:00 +0900"
&quot;개인+학교정보 유출에 2차 피해 우려&quot; 교사 단체 강경 대응…아이스크...,"연맹은 &quot;이번 사건은 단순한 개인정보 유출을 넘어 교사의 안전과 교육활동을 위협할 수 있는 심각한 권익 침해 사건&quot;이라며, &quot;교사의 이름, 연락처, 학교 정보 등이 결합돼 노출될 경우 <b>스팸</b>·피싱·사칭·악성 민원... ",https://n.news.naver.com/mnews/article/076/0004389628?sid=103,"Sun, 29 Mar 2026 09:45:00 +0900"
"창립기념일 고객 찾아간 SKT, &quot;자축 대신 '다시 듣는 날' 로&quot;","SKT 구성원들은 어르신들의 휴대폰을 하나씩 살펴보며 <b>스팸</b> 문자∙전화를 차단하고, 느려진 휴대폰을 빠르게 쓸 수 있는 최적화 방법도 알려드렸다. 박재경 관인노인대학 학장은 &quot;보이스피싱이 무서워 아예 전화를 받지... ",http://www.econonews.co.kr/news/articleView.html?idxno=433231,"Sun, 29 Mar 2026 08:24:00 +0900"
KT &quot;불법 스트리밍 악성행위 탐지&quot;…삭제 권고·이용자 주의 당부,"KT는 &quot;최근 정식 앱마켓을 통하지 않은 악성 불법 스트리밍을 통해 사용자 동의 없이 도박 문자 등 불법 <b>스팸</b>... 악성 앱은 설치 이후 스마트폰으로 수신된 문자 메시지를 탈취하거나, 피해자 명의로 도박 등 불법 <b>스팸</b>문자... ",https://n.news.naver.com/mnews/article/031/0001017644?sid=105,"Sun, 29 Mar 2026 06:26:00 +0900"
"XRP 레저, 1초당 거래량 120건 처리...3일 만에 3배 폭증",이러한 동적 수수료 체계는 <b>스팸</b> 거래를 차단하고 가치가 높은 거래를 우선적으로 처리하여 전체적인 네트워크 붕괴를 막는 보호 장치로 작용한다. 현재 XRP 레저는 120 TPS라는 높은 처리량 속에서도 합의 알고리즘의... ,http://coinreaders.com/227355,"Sun, 29 Mar 2026 03:02:00 +0900"
'성공의 정석 꾼' 서울 오금동 김치찜 맛집 위치는? &quot;깊은 풍미&quot;,"삼겹김치찜, 목살김치찜, 우돈김치찜, 대패김치찜, 꽁치김치찜, <b>스팸</b>김치찜, 우삼겹김치찜 등을 판매한다. SBS Biz 시사교양 프로그램 '성공의 정석 꾼'은 격주로 토요일 낮 1시에 방송된다. [톱스타뉴스=]",https://www.topstarnews.net/news/articleView.html?idxno=16018298,"Sat, 28 Mar 2026 13:16:00 +0900"
취업 준비하고 영화 봤을 뿐인데…줄줄이 새는 개인정보,이러한 분위기 속 불법 영화 스트리밍 앱을 통해 <b>스팸</b>문자가 발송되고 있다는 경고도 나왔다. 해당 앱을... ◆ &quot;동의 없이 <b>스팸</b> 발송&quot;…불법 스트리밍 앱 정보탈취 주의 불법 스트리밍 앱을 활용해 개인정보를 탈취하려는... ,https://n.news.naver.com/mnews/article/138/0002222384?sid=105,"Sat, 28 Mar 2026 09:01:00 +0900"
"&quot;1대1로 알기 쉽게&quot; 여수, 고령층 맞춤형 스마트폰 실습 교육 강화","교육 내용은 스마트폰 기본 설정과 사진 촬영 및 전송, 문자와 SNS 활용, 보이스피싱·<b>스팸</b> 문자 예방법 등 실생활에 바로 연결되는 항목으로 구성됐다. 디지털 기술이 일상 전반에 자리 잡았지만, 고령층은 여전히 활용... ",https://www.aitimes.com/news/articleView.html?idxno=208457,"Fri, 27 Mar 2026 15:42:00 +0900"
"여수시, 찾아가는 어르신 스마트폰 교육 실시… 디지털 격차 해소","주요 교육내용은 △스마트폰 기본 설정(글자 확대, 음량 조절, 와이파이 연결) △사진 촬영 및 전송 △문자 및 SNS 활용 △보이스피싱·<b>스팸</b> 문자 예방법 등으로 실생활에 바로 활용할 수 있는 실습 중심으로 구성됐다. 시... ",https://gj.newdaily.co.kr/site/data/html/2026/03/27/2026032700232.html,"Fri, 27 Mar 2026 15:22:00 +0900"
"안드로이드만 즐긴다? RCS 4.0 혁신, 아이폰은 아직 멀었다","26일(현지시간) IT매체 폰아레나에 따르면, 이번 RCS 4.0 버전에는 메시징 계층에 직접 통합된 실시간 영상 통화 기능과 확장된 그룹 메시징, 더욱 강력해진 <b>스팸</b> 및 사기 필터링 기능이 새롭게 추가됐다. 특히 업계의... ",https://www.digitaltoday.co.kr/news/articleView.html?idxno=647418,"Fri, 27 Mar 2026 14:02:00 +0900"
"여수시, 찾아가는 어르신 스마트폰 교육 실시… 디지털 격차 해소","주요 교육내용은 ▲스마트폰 기본 설정(글자 확대, 음량 조절, 와이파이 연결) ▲사진 촬영 및 전송 ▲문자 및 SNS 활용 ▲보이스피싱·<b>스팸</b> 문자 예방법 등으로 실생활에 바로 활용할 수 있는 실습 중심으로 구성됐다. 시... ",http://www.netongs.com/news/articleView.html?idxno=331901,"Fri, 27 Mar 2026 12:02:00 +0900"
"<b>스팸</b>과 슬롭[한성우 교수의 맛의 말, 말의 맛]","<b>스팸</b>은 좋아하지만 <b>스팸</b>을 싫어하면 한국인이고, 둘 다 싫어한다면 미국인이다. 이리 쓴다면 헷갈릴 수밖에 없지만, 통조림 햄의 제품명과 여기서 유래한 인터넷 용어 ‘Spam’이니 어쩔 수 없다. 돼지고기를 햄으로 가공해... ",https://n.news.naver.com/mnews/article/021/0002780322?sid=103,"Fri, 27 Mar 2026 11:18:00 +0900"
"&quot;코인 보내면 빚 면제&quot;…금감원, 해킹發 피싱 확산에 소비자경보","실제 침해사고를 악용한 수법으로, 단순 <b>스팸</b>을 넘어 추가 금융피해로 이어질 수 있다는 점에서 각별한 주의가 요구된다. 27일 금융감독원은 채무면제를 미끼로 코인 전송을 유도하는 피싱 이메일과 관련해 소비자경보를... ",https://www.newsworks.co.kr/news/articleView.html?idxno=835698,"Fri, 27 Mar 2026 09:56:00 +0900"
"구글, 반도체 수요 줄이는 AI기술 '터보퀀트' 공개[글로벌AI브리핑]","글과 댓글을 작성하는 ‘위장형 봇’이 빠르게 늘어나고 있다. 이들은 단순 <b>스팸</b>을 넘어 정치적 여론 형성, 허위정보 확산, 상품 홍보 등 다양한 목적에 활용되며 플랫폼 신뢰도를 위협하는 요인으로 지목되고 있다.",https://n.news.naver.com/mnews/article/014/0005498332?sid=105,"Fri, 27 Mar 2026 09:05:00 +0900"
"레딧, AI 봇 확산에 '진짜 인간' 인증 도입","이들은 단순 <b>스팸</b>을 넘어 정치적 여론 형성, 허위정보 확산, 상품 홍보 등 다양한 목적에 활용되며 플랫폼... 한편, <b>스팸</b>이나 조작 목적의 계정은 지속적으로 제거한다는 계획이다. 회사 측에 따르면 현재도 하루 평균 약... ",https://it.chosun.com/news/articleView.html?idxno=2023092159354,"Fri, 27 Mar 2026 07:58:00 +0900"
나도 모르게 빠져드는 ‘유명인 리딩방 광고’의 늪,"과거 사기꾼들이 <b>스팸</b> 문자나 무작위 전화를 활용했다면, 이제는 유튜브의 정교한 타기팅 알고리즘을 역이용한다. 재테크에 관심 있는 시청자에게만 집중적으로 노출되는 이 광고들은, 플랫폼이 제공하는 신뢰라는 옷을... ",https://n.news.naver.com/mnews/article/262/0000019268?sid=102,"Fri, 27 Mar 2026 07:02:00 +0900"
"외국인, 지난달에 한국 주식 19.5조 던졌다","원), 미주(1조 3000억 원) 등이 순투자한 것으로 나타났다. 종류별로는 국채는 9조 5000억 원 순투자한 반면 통안채는 1조 9000억 원 순회수했다. 자고 일어났더니 계좌가 0원? 금감원이 긴급 경고한 ‘<b>스팸</b>의 비극’",https://n.news.naver.com/mnews/article/011/0004604008?sid=101,"Fri, 27 Mar 2026 06:01:00 +0900"
[디벗과보안] ③ 창보다 빠른 방패 ‘AI’…온디바이스 보안으로 청소년...,"이는 전년 대비 35% 가량 증가한 수치로 음성 <b>스팸</b>·보이스피싱 통화 2억5000만건(전년 대비 119% 증가), <b>스팸</b> 문자 8억5000만건(전년 대비 22% 증가)을 막아낸 것입니다. SKT가 자체 개발한 AI 기반 금융사기 탐지 기술인... ",https://www.inthenews.co.kr/news/article.html?no=84807,"Fri, 27 Mar 2026 06:00:00 +0900"
"시바이누 거래량, 300% 급증은 가짜 호재?...&quot;알고보니 깡통 거래&quot;",전문가들은 이러한 빈 거래의 급증 원인을 네트워크 성능 테스트나 <b>스팸</b>성 활동 혹은 특정 보상을 노린 자동화된 트랜잭션 발생 때문으로 보고 있다. 특히 시바이누 커뮤니티에서 추진 중인 시바번 활동이나 신규 서비스... ,http://coinreaders.com/226816,"Fri, 27 Mar 2026 01:42:00 +0900"
[생생경제] 내 돈보다 크게 베팅…신용융자가 무서운 이유,"문자 수신이 차단돼 있거나, 안내 번호를 <b>스팸</b>으로 인식해 확인하지 못한 경우도 있었습니다. 투자자 입장에서는 아무런 연락을 받지 못했다고 느낄 수 있지만, 약정상 정해진 방식으로 통지가 이뤄졌다면 반대매매가... ",http://www.srtimes.kr/news/articleView.html?idxno=199560,"Thu, 26 Mar 2026 18:18:00 +0900"
패션 트렌드 미리 엿본다…'특화 AI' 꺼낸 뉴엔AI,<b>스팸</b> 탐지 AI로는 악성 콘텐츠를 자동 감지·차단하고 외부 API에 의존하지 않는 독자적 검색증강생성(RAG) 기술 기반의 '퀘타 트렌드GPT'를 통해 외부 환경 영향 없이 신뢰도 높은 분석 결과를 제공한다. 박 이사는 &quot;패션 AI... ,https://n.news.naver.com/mnews/article/015/0005267551?sid=105,"Thu, 26 Mar 2026 18:10:00 +0900"
고희(古稀)를 넘어 다시 디지털 세계로 가는 길을 배우다,"스마트폰 기본 조작부터 환경 설정, 위젯 및 연락처 관리, <b>스팸</b> 차단, 캘린더 스케줄 관리, 카메라 및 갤러리 사진 편집, 카카오톡의 다양한 기능(친구 추가, 지도 첨부, 오픈채팅)까지 두루 익혔다. 특히 지도 앱을... ",http://www.joongang.tv/news/articleView.html?idxno=211440,"Thu, 26 Mar 2026 17:54:00 +0900"
토스 행운퀴즈 3월26일 오후 정답은?,"화면에는 비비고 왕교자뿐 아니라 햇반, <b>스팸</b>, 국물 제품 등 CJ 주요 식품군이 포함돼 있으며, 할인율을 강조한 마케팅 구조가 특징이다. 특히 이번 퀴즈는 단순 정보 확인을 넘어 플랫폼 유입을 유도하는 구조로 설계된... ",https://www.cbci.co.kr/news/articleView.html?idxno=563525,"Thu, 26 Mar 2026 16:30:00 +0900"
"카페24, 쇼핑몰 게시판 '<b>스팸</b> 게시글 자동 삭제' 기능 선보여",글로벌 전자상거래 플랫폼 '카페24(대표 이재석)'가 쇼핑몰 게시판의 고질적인 문제인 <b>스팸</b> 게시글을 자동으로 탐지하고 삭제하는 '<b>스팸</b> 게시글 자동 삭제' 기능을 선보인다고 26일 밝혔다. 이번 기능은 프리미엄 서비스... ,https://n.news.naver.com/mnews/article/050/0000104171?sid=101,"Thu, 26 Mar 2026 15:55:00 +0900"
"개인정보위, 지방선거 앞두고 선거문자 개인정보 수집 관리 강화","선거문자와 전화 <b>스팸</b>, 수집 출처 미고지 같은 민원이 반복되는 만큼, 정당과 후보자에게 관련 사항을 적극 안내해 달라고 요청할 계획이다. 특히 공직선거법에 따라 문자와 전화, 전자우편을 통한 선거운동에는 수신거부... ",https://byline.network/?p=9004111222596570,"Thu, 26 Mar 2026 15:02:00 +0900"
"&quot;미스김이라뇨? 피가 끓어&quot; 호칭부터 '박살'낸 女최초 3선 도전자, 진짜...","어쨌든 <b>스팸</b> 문자나 <b>스팸</b> 전화 조심하셔야 됩니다. 말씀을 들어보면 정말 많은 벽들을 넘어서 뚫고 여기까지 오셨는데, 그럼에도 불구하고 대한민국의 여성 정치가 유리천장을 더 극복하기 위해서 나아가야 할 길 어디에... ",https://radio.ytn.co.kr/program/?f=2&id=108022&s_mcd=0433&s_hcd=01,"Thu, 26 Mar 2026 14:00:00 +0900"
"&quot;미스김이라뇨? 피가 끓어&quot; 호칭부터 '박살'낸 女최초 3선 도전자, 진짜...","어쨌든 <b>스팸</b> 문자나 <b>스팸</b> 전화 조심하셔야 됩니다. 말씀을 들어보면 정말 많은 벽들을 넘어서 뚫고 여기까지 오셨는데, 그럼에도 불구하고 대한민국의 여성 정치가 유리천장을 더 극복하기 위해서 나아가야 할 길 어디에... ",https://n.news.naver.com/mnews/article/052/0002332536?sid=102,"Thu, 26 Mar 2026 11:37:00 +0900"
“번호 어디서 났어요?”… 선거 <b>스팸</b> 문자 뿌린 후보자 ‘시정명령’ ...,"실제로 선거철마다 기승을 부리는 '<b>스팸</b>성 문자'에 대한 유권자의 대응 요령도 구체화됐다. 유권자는 선거사무소가 정보 수집 출처를 명확히 밝히지 않거나 정보 삭제 요청을 거부할 경우, 한국인터넷진흥원(KISA)... ",https://www.daily365.news/2026/03/26/%eb%b2%88%ed%98%b8-%ec%96%b4%eb%94%94%ec%84%9c-%eb%82%ac%ec%96%b4%ec%9a%94-%ec%84%a0%ea%b1%b0-%ec%8a%a4%ed%8c%b8-%eb%ac%b8%ec%9e%90-%eb%bf%8c%eb%a6%b0-%ed%9b%84%eb%b3%b4/,"Thu, 26 Mar 2026 11:30:00 +0900"
"[주총] 정재헌 체제 SKT, '글로벌 AI 컴퍼니' 실행력 높인다(종합)","또한 AI 기반 <b>스팸</b>·스미싱 차단 등 안전한 네트워크를 구현에도 앞장선다. 아울러 상품·서비스 및 고객 정보 관리와 정산 프로세스를 아우르는 IT 시스템을 AI 비즈니스 시스템으로 발전시키고, 다변화된... ",https://n.news.naver.com/mnews/article/119/0003073618?sid=105,"Thu, 26 Mar 2026 11:10:00 +0900"
"뉴엔AI, '패션 AI 분석 서비스' 공개…소비자 패션 감성까지 읽어내","또 AI 기반 작성자 유형 분류(Quetta_Buzztype)를 통해 실제 소비자의 리얼 보이스만 정밀하게 추출하며, <b>스팸</b> 탐지 AI(Quetta_SpamDetection)로 악성 콘텐츠를 자동 감지 및 필터링으로 차단한다. 또한, 외부 API에 의존하지 않는... ",https://n.news.naver.com/mnews/article/030/0003411505?sid=105,"Thu, 26 Mar 2026 10:29:00 +0900"
"비트페이머 랜섬웨어 공격에 악용된 봇넷 운영자, 미국서 징역 2년 선고","검찰은 안겔로프 일당이 <b>스팸</b> 이메일에 악성 첨부파일을 넣어 대규모로 배포했고, 이를 통해 감염된... 하루 최대 70만 통의 <b>스팸</b> 메일을 발송할 수 있었고, 한창 활동이 활발하던 시기에는 하루 약 3,000대의... ",https://www.dailysecu.com/news/articleView.html?idxno=205913,"Thu, 26 Mar 2026 08:28:00 +0900"
"XRP 레저, 네트워크 수수료 기습 인상...리플 CTO &quot;시스템 자동 방어 기...",레저가 <b>스팸</b> 공격이나 과도한 트래픽으로부터 네트워크 무결성을 유지하기 위해 수수료를 유동적으로... 네트워크에 가해지는 부하가 임계치를 넘어서면 시스템은 자동으로 수수료를 상향 조정하여 불필요한 <b>스팸</b>... ,http://coinreaders.com/226489,"Thu, 26 Mar 2026 01:22:00 +0900"
[참성단] 마약왕 박왕열 강제 송환,"방치하면 동남아 한국 마피아들이 범죄수익금으로 마약, <b>스팸</b> 범죄를 국내에 역수출하는 지경에 이르고, 손 쓸 방법이 묘연해진다. 대통령은 “대한민국을 해치는 자는 지구 끝까지 추적해서라도 반드시 잡는다” 고... ",https://www.kyeongin.com/article/1760823,"Wed, 25 Mar 2026 19:04:00 +0900"
"뉴엔AI, 패션 산업 특화 '인텔리전스 플랫폼' 공개…&quot;핵심 트렌드·시장...","더불어, <b>스팸</b> 탐지 AI로 악성 콘텐츠를 자동 감지 및 필터링해 차단한다. 이는 외부 API에 의존하지 않는 독자적 검색 증강 생성(RAG) 기술을 바탕으로 하며, '퀘타_트렌드GPT'를 적용해 외부 환경 영향 없이 신뢰도 높은 분석... ",https://www.aitimes.com/news/articleView.html?idxno=208337,"Wed, 25 Mar 2026 15:48:00 +0900"
"뉴엔AI, 패션 읽는 AI 공개","뉴엔AI 관계자는 &quot;또 감성 분석, 작성자 유형 분류, <b>스팸</b> 탐지, 자체 검색 증강 생성 기술을 적용해 데이터 정확도와 신뢰성을 높였다&quot;고 밝혔다. 한국섬유개발연구원 관계자는 &quot;정교한 데이터 분석이 패션 기업의 경쟁력... ",http://www.hansbiz.co.kr/news/articleView.html?idxno=827439,"Wed, 25 Mar 2026 15:10:00 +0900"
"[Tech &amp; Now] 마인드로직, 공공 데이터 분석 AI 코리아인데이터·로인데...","아울러 감성 분석 AI(Quetta_SentimentAnalysis), 작성자 유형 분류(Quetta_Buzztype), <b>스팸</b> 탐지(Quetta_SpamDetection) 모델을 적용해 데이터 신뢰도를 높였다. 독자적 검색 증강 생성(RAG) 기술 기반의 '퀘타_TrendGPT'를 도입해 외부 환경... ",https://www.ebn.co.kr/news/articleView.html?idxno=1703388,"Wed, 25 Mar 2026 15:10:00 +0900"
"뉴엔AI, ‘Fashion AI Connect 2026’서 패션 산업 분석 플랫폼 공개","이와 함께 감성 분석, 작성자 유형 분류, <b>스팸</b> 탐지 등 AI 모델을 적용해 데이터의 신뢰도를 높였다고 회사 측은 설명했다. 외부 API에 의존하지 않는 검색증강생성(RAG) 기반 분석 기능도 포함돼 데이터 검색과 문서... ",http://digitalchosun.dizzo.com/site/data/html_dir/2026/03/25/2026032580094.html,"Wed, 25 Mar 2026 10:54:00 +0900"
"[위클리오늘] 문자 차단 사이 '반대매매'…금감원, 신용거래 투자자 주...",그러나 투자자가 이를 <b>스팸</b>으로 오인해 차단하거나 확인하지 못할 경우 별도 통보 없이 반대매매가 진행될 수 있다. 반대매매 과정에서는 예상보다 많은 물량이 매도될 수 있다. 증권사는 체결 가능성을 높이기 위해 전일... ,http://www.weeklytoday.com/news/articleView.html?idxno=767112,"Wed, 25 Mar 2026 10:38:00 +0900"
갑자기 주식 ‘0원’ 무슨일…이달만 4125억 반대매매 공포 확산,하지만 투자자가 <b>스팸</b> 메시지로 오인해 문자 수신을 차단하거나 제때 안내를 확인하지 못하는 경우에도 반대매매는 별도 통보 없이 진행될 수 있다. 반대매매 시 예상보다 많은 수량이 매도될 수 있다는 점도 유의해야... ,https://n.news.naver.com/mnews/article/021/0002779671?sid=101,"Wed, 25 Mar 2026 10:30:00 +0900"
"지란지교시큐리티, 자사주 40만주 전량 소각한다",회사의 △<b>스팸</b>스나이퍼(이메일 통합보안 솔루션) △오피스하드(보안파일서버) △모바일키퍼(엔터프라이즈 모바일 통합 솔루션)는 국내 시장점유율 1위를 기록하고 있다.,https://n.news.naver.com/mnews/article/293/0000081496?sid=105,"Wed, 25 Mar 2026 00:10:00 +0900"
‘불법 <b>스팸</b>’ 매출 최대 6% 과징금 부과,불법 <b>스팸</b> 전송자와 사업자에 대한 과징금 등 제재가 강화됩니다. 방송미디어통신위원회는 오늘 불법 <b>스팸</b> 전송자와 불법 <b>스팸</b> 방지 의무를 소홀히 한 사업자에게 관련 매출액의 6% 이하 과징금을 부과하는 내용의... ,https://n.news.naver.com/mnews/article/056/0012148268?sid=105,"Tue, 24 Mar 2026 17:16:00 +0900"
"코인베이스, ‘대학농구 예측’ 푸시 논란…거래소 알림 신뢰 흔들리나","투자·거래 앱으로서 기대하는 핵심 기능과 무관한 메시지가 반복되자, 일부 이용자는 ‘<b>스팸</b>’에 가깝다는 반응까지 내놓고 있다. 문제의 문구는 “predict(예측)”를 전면에 내세운 스포츠 이벤트 성격의 안내로... ",https://www.tokenpost.kr/news/cryptocurrency/342746,"Tue, 24 Mar 2026 17:04:00 +0900"
김준엽 라바웨이브 대표 “창과 방패는 기술 아닌 시간 싸움” [테크포...,그는 “저를 사칭해 직원들에게 <b>스팸</b> 메일을 보내는 사례가 꾸준히 발견되고 있다”며 “<b>스팸</b> 메일을 보니 저와 말투까지 유사해 깜짝 놀랐다. 그만큼 직원 보안 교육이 중요하다는 얘기를 하고 싶어 이런 말을 꺼내는... ,https://n.news.naver.com/mnews/article/243/0000095032?sid=105,"Tue, 24 Mar 2026 16:59:00 +0900"
불법<b>스팸</b> 강력 제재…매출 6% 과징금·이익 몰수,"정부가 불법<b>스팸</b> 전송자와 관련 사업자에 대해 매출액의 최대 6%까지 과징금을 부과하고, 부당 이익을 몰수·추징한다. 방송미디어통신위원회는 24일 불법<b>스팸</b> 관련 과징금 부과와 부당 이익 환수 등을 규정한 '정보통신망... ",https://n.news.naver.com/mnews/article/029/0003017852?sid=105,"Tue, 24 Mar 2026 16:57:00 +0900"
불법<b>스팸</b> 전송 시 매출액 6% 이하 과징금 부과 … 부당이익 몰수,뉴데일리 김성현 기자 = 불법<b>스팸</b> 사업자에 대한 제재가 과태료 처분에서 과징금으로 상향 조정된다. 불법<b>스팸</b> 전송으로 취득한 부당이익은 몰수하는 등 어떠한 이득도 얻지 못하게 하겠다는 취지다.... ,https://biz.newdaily.co.kr/site/data/html/2026/03/24/2026032400404.html,"Tue, 24 Mar 2026 16:56:00 +0900"
개인정보 유출 반복 시 매출액 따라 과징금,"불법 <b>스팸</b>에 대한 규제도 강화됐다. 광고성 정보 전송 위반 시 매출액의 최대 6% 내에서 과징금을 부과할 수 있게 됐다. 그동안 불법 <b>스팸</b>에 대한 규제는 3000만원 이하의 과태료에 그쳤는데, 앞으로는 부당이익을 전액... ",https://www.dnews.co.kr/uhtml/view.jsp?idxno=202603241637585480482,"Tue, 24 Mar 2026 16:42:00 +0900"
“<b>스팸</b>인 줄 알고 차단했는데” 자고 일어나니 주식 ‘0원’…개미들 피...,하지만 투자자가 <b>스팸</b> 메시지로 오인해 문자 수신을 차단하거나 제때 안내를 확인하지 못하는 경우에도 반대매매는 별도 통보 없이 진행될 수 있다. 반대매매 시 예상보다 많은 수량이 매도될 수 있다는 점도 유의해야... ,https://n.news.naver.com/mnews/article/011/0004602864?sid=101,"Tue, 24 Mar 2026 16:34:00 +0900"
불법<b>스팸</b> 전송 시 매출액 6% 과징금... 부당이익 전액 몰수,퍼블릭타임스=방송미디어통신위원회는 불법<b>스팸</b> 전송자와 관련 사업자에게 과징금을 부과하고 부당이익을... 불법<b>스팸</b> 전송자와 <b>스팸</b> 방지 의무를 소홀히 한 사업자에 대해 관련 매출액의 6% 이하 과징금을 부과하는... ,https://www.public25.com/news/articleView.html?idxno=42514,"Tue, 24 Mar 2026 16:26:00 +0900"
"불법<b>스팸</b> 관련자, 매출액 6% 이하 과징금 내야","불법<b>스팸</b> 전송자와 사업자는 앞으로 매출액의 6% 이하의 과징금을 내야 하고, 악성<b>스팸</b> 전송자의 부당이익은 몰수·추징된다. 방송미디어통신위원회는 24일 불법<b>스팸</b> 관련 과징금 부과 및 부당이익 환수 등을 규정한... ",https://it.chosun.com/news/articleView.html?idxno=2023092159145,"Tue, 24 Mar 2026 16:24:00 +0900"
"불법<b>스팸</b> 관련자, 매출액 6% 이하 과징금",불법<b>스팸</b> 관련 과징금 부과 및 부당이익 환수 등을 규정한 '정보통신망 이용촉진 및 정보보호 등에 관한 법률' 일부개정 법률안이 국무회의를 통과했다고 24일 밝혔다. 이날 의결된 법률안은 불법<b>스팸</b> 전송자와 불법<b>스팸</b>... ,http://www.sisafocus.co.kr/news/articleView.html?idxno=357647,"Tue, 24 Mar 2026 16:16:00 +0900"
불법 <b>스팸</b> 전송 시 매출액 6% 이하 과징금…부당이익도 몰수,이투데이=김연진 기자 | 불법 <b>스팸</b> 전송자와 사업자는 앞으로 매출액의 6% 이하 과징금을 내야 한다. 악성 <b>스팸</b> 전송자의 부당 이익은 몰수‧추징된다. 방송미디어통신위원회는 24일 불법 <b>스팸</b> 관련 과징금 부과 및 부당... ,https://www.etoday.co.kr/news/view/2568788,"Tue, 24 Mar 2026 16:14:00 +0900"
불법<b>스팸</b>문자 전송하면 매출액 6% 과징금 낸다,"앞으로 불법<b>스팸</b> 전송자와 사업자는 매출액의 6% 이하의 과징금을 내야 하고, 악성<b>스팸</b> 전송자의 부당이익은 몰수·추징된다. 방송미디어통신위원회는 24일 불법<b>스팸</b> 관련 과징금 부과 및 부당이익 환수 등을 규정한... ",https://n.news.naver.com/mnews/article/215/0001246438?sid=101,"Tue, 24 Mar 2026 15:50:00 +0900"
불법<b>스팸</b> 전송 시 매출액 6% 이하 과징금…부당이익 몰수·추징,"불법<b>스팸</b> 전송자와 사업자는 앞으로 매출액의 6% 이하 과징금을 내야 하고, 부당이익은 몰수·추징된다. 방송미디어통신위원회는 24일 불법<b>스팸</b> 관련 과징금 부과 및 부당이익 환수 등을 규정한 '정보통신망 이용촉진 및... ",https://www.korea.kr/news/policyNewsView.do?newsId=148961346&call_from=naver_news,"Tue, 24 Mar 2026 15:48:00 +0900"
"“<b>스팸</b>으로 번 돈, 이젠 전부 환수한다”",앞으로 불법 <b>스팸</b> 전송자와 관련 사업자는 매출액의 최대 6%에 해당하는 과징금을 부과받고 악성 <b>스팸</b> 전송으로 얻은 부당이익은 몰수·추징된다. 방송미디어통신위원회는 24일 이 같은 내용을 담은 ‘정보통신망 이용촉진... ,https://n.news.naver.com/mnews/article/138/0002221805?sid=105,"Tue, 24 Mar 2026 15:40:00 +0900"
불법<b>스팸</b> 적발 시 매출 6% 과징금…부당이익도 몰수,앞으로 불법<b>스팸</b> 전송자와 관련 사업자에 대해 매출액의 최대 6%까지 과징금을 부과하고 부당이익을 몰수... 개정안에 따르면 불법<b>스팸</b> 전송자와 <b>스팸</b> 방지 의무를 소홀히 한 사업자에 대해 관련 매출액의 6% 이하 과징금이... ,https://n.news.naver.com/mnews/article/374/0000499969?sid=101,"Tue, 24 Mar 2026 15:32:00 +0900"
&quot;매출 6% 과징금에 수익 몰수&quot; 불법<b>스팸</b> 제재 강화,불법 <b>스팸</b> 전송자와 관련 사업자에 대한 제재가 대폭 강화된다. 불법 사업자에 대한 과징금이 매출액 6% 이하로 책정되며 부당이익은 몰수한다. 방송미디어통신위원회는 이같은 내용의 불법 <b>스팸</b> 과징금 부과와 부당이익... ,https://www.safetimes.co.kr/news/articleView.html?idxno=241093,"Tue, 24 Mar 2026 15:08:00 +0900"
"방미통위, 불법<b>스팸</b> 과징금 매출 최대 6% 부과…&quot;피해방지 기대&quot;",불법 <b>스팸</b> 전송자와 사업자는 매출액의 6% 이하의 과징금을 내는 제도가 마련됐다. 악성 <b>스팸</b>일 경우에는 부당 이익이 전액 몰수된다. 방송미디어통신위원회(방미통위)는 24일 불법 <b>스팸</b> 관련 과징금 부과 및 부당 이익 환수... ,https://n.news.naver.com/mnews/article/277/0005739304?sid=105,"Tue, 24 Mar 2026 15:06:00 +0900"
불법<b>스팸</b> 제재 대폭 강화…관련자 매출액 6% 이하 과징금,불법<b>스팸</b> 전송자와 관련 사업자에 대한 제재가 대폭 강화된다. 앞으로 불법<b>스팸</b> 전송자와 <b>스팸</b> 방지 의무를 소홀히 한 사업자는 관련 매출액의 6% 이하 과징금을 부과받게 된다. 악성 <b>스팸</b> 전송자가 얻은 부당이익에... ,https://n.news.naver.com/mnews/article/018/0006241811?sid=105,"Tue, 24 Mar 2026 15:00:00 +0900"
"해킹 조사 자료 제출 안 한 기업, ‘이행강제금’ 낸다","정보통신망법 개정안은 불법<b>스팸</b> 전송자와 불법<b>스팸</b> 방지 의무를 소홀히 한 사업자에 대해 관련 매출액의 6% 이하 과징금을 부과하고, 전송자의 부당이익을 몰수·추징하는 내용도 담고 있다. 정보통신망법 개정안은... ",https://n.news.naver.com/mnews/article/032/0003435325?sid=105,"Tue, 24 Mar 2026 14:58:00 +0900"
불법<b>스팸</b> 전송하면 매출액 6% 이하 과징금 낸다,불법<b>스팸</b> 관련 과징금 부과 및 부당이익 환수 등을 규정한 정보통신망 이용촉진 및 정보보호 등에 관한 법률 일부개정 법률안이 국무회의를 통과했다고 24일 밝혔다. 이날 의결된 법률안은 불법<b>스팸</b> 전송자와 불법<b>스팸</b>... ,https://n.news.naver.com/mnews/article/014/0005496533?sid=105,"Tue, 24 Mar 2026 14:55:00 +0900"
"방미통위 &quot;불법<b>스팸</b> 전송자·사업자, 매출액 6% 이하 과징금 내야&quot;",개정안은 불법<b>스팸</b> 전송자와 방지 의무를 소홀히 한 사업자에게 관련 매출액 6% 이하 과징금을 부과하고... 김종철 방미통위원장은 &quot;이번 법 개정이 불법<b>스팸</b>으로 인한 국민 불편과 피해 방지에 크게 기여할 것으로... ,https://www.digitaltoday.co.kr/news/articleView.html?idxno=644761,"Tue, 24 Mar 2026 14:50:00 +0900"
지겨운 ‘불법<b>스팸</b>’…방미통위 “매출 최대 6% 과징금”,"불법 <b>스팸</b> 전송자와 사업자는 앞으로 매출액의 6% 이하의 과징금을 내야 하고, 악성일 경우에는 부당 이익이 몰수·추징됩니다. 방송미디어통신위원회(위원장 김종철)는 오늘(24일) 불법 <b>스팸</b> 관련 과징금 부과 및 부당 이익... ",https://n.news.naver.com/mnews/article/056/0012148141?sid=105,"Tue, 24 Mar 2026 14:37:00 +0900"
"[주총] SKT 정재헌 &quot;1등 익숙함 버리고, 고객 중심 '기본'으로&quot;","또한 AI 기반 <b>스팸</b>·스미싱 차단 등 안전한 네트워크를 구현에도 앞장선다. 아울러 상품·서비스 및 고객 정보 관리와 정산 프로세스를 아우르는 IT 시스템을 AI 비즈니스 시스템으로 발전시키고, 다변화된... ",https://n.news.naver.com/mnews/article/119/0003072755?sid=105,"Tue, 24 Mar 2026 14:34:00 +0900"
불법<b>스팸</b> 과징금 최대 6% 부과…부당이익 몰수·추징,불법<b>스팸</b> 전송자와 사업자에 대한 제재가 대폭 강화된다. 관련 매출의 최대 6%까지 과징금이 부과되고 부당이익은 환수된다. 방송미디어통신위원회는 24일 불법<b>스팸</b> 과징금 부과와 부당이익 환수 내용을 담은 '정보통신망... ,https://n.news.naver.com/mnews/article/031/0001016219?sid=105,"Tue, 24 Mar 2026 14:26:00 +0900"
“불법<b>스팸</b> 뿌리 뽑는다”… 전송자·관리 소홀 사업자에 매출 6% 과징금...,"불법<b>스팸</b> 전송자와 관련 사업자에 대해 매출액의 최대 6%까지 과징금을 부과하고, 광고성 정보 전송으로... 개정안에 따르면 불법<b>스팸</b>을 전송한 자는 물론 <b>스팸</b> 방지 의무를 소홀히 한 사업자도 관련 매출액의 6% 이하... ",https://n.news.naver.com/mnews/article/366/0001151103?sid=105,"Tue, 24 Mar 2026 14:25:00 +0900"
"방미통위, 불법<b>스팸</b> 과징금 최대 6% 부과···부당이익 몰수·추징",불법<b>스팸</b> 전송자와 사업자는 앞으로 매출액의 6% 이하 과징금을 내야 한다. 악성<b>스팸</b> 전송자의 부당이익 역시 몰수·추징된다. 방송미디어통신위원회(방미통위)는 24일 불법<b>스팸</b> 관련 과징금 부과 및 부당이익 환수 등을... ,http://www.enewstoday.co.kr/news/articleView.html?idxno=2409948,"Tue, 24 Mar 2026 14:19:00 +0900"
'불법<b>스팸</b>' 보내면 매출액 6% 이하 과징금… 부당이익 몰수·추징,앞으로 불법<b>스팸</b> 전송자와 사업자에게 매출액의 6% 이하의 과징금이 부과되고 악성<b>스팸</b> 전송자의 부당이익이 몰수·추징된다. 방송미디어통신위원회(방미통위)는 불법<b>스팸</b> 관련 과징금 부과 및 부당이익 환수 등을 규정한... ,https://www.newscj.com/news/articleView.html?idxno=3387780,"Tue, 24 Mar 2026 14:14:00 +0900"
불법<b>스팸</b> 과징금 최대 매출 6%…부당이익 몰수,/사진=방송미디어통신위원회 로고 방송미디어통신위원회는 불법<b>스팸</b> 전송자와 관련 사업자에 대해 매출액의... 개정안은 불법<b>스팸</b> 전송자뿐 아니라 <b>스팸</b> 방지 의무를 소홀히 한 사업자에 대해서도 관련 매출액의 6% 이하... ,http://www.issuenbiz.com/news/articleView.html?idxno=74616,"Tue, 24 Mar 2026 14:04:00 +0900"
불법<b>스팸</b> 과징금 '매출 최대 6%'…부당이익 몰수,불법<b>스팸</b> 전송자와 관련 사업자에 대해 매출액의 최대 6%까지 과징금을 부과하고 부당이익을 몰수·추징하는... 개정안에 따르면 불법<b>스팸</b> 전송자와 <b>스팸</b> 방지 의무를 소홀히 한 사업자에 대해 관련 매출액의 6% 이하... ,https://n.news.naver.com/mnews/article/448/0000598708?sid=100,"Tue, 24 Mar 2026 14:02:00 +0900"
불법<b>스팸</b> 과징금 '매출 최대 6%'…부당이익 몰수한다,국무회의 통과…과태료→매출연동 제재로 전환 불법<b>스팸</b> 전송자와 관련 사업자에 대해 매출액의 최대 6%까지... 개정안에 따르면 불법<b>스팸</b> 전송자와 <b>스팸</b> 방지 의무를 소홀히 한 사업자에 대해 관련 매출액의 6% 이하... ,https://n.news.naver.com/mnews/article/001/0015978319?sid=102,"Tue, 24 Mar 2026 13:56:00 +0900"
불법<b>스팸</b> 과징금 매출 6%로 상향…부당이익 몰수·추징까지 가능,"불법<b>스팸</b> 전송자와 방지 의무를 소홀히 한 사업자에게 매출의 6% 이하 과징금을 부과하고, 악성 <b>스팸</b> 전송자의 부당이익을 몰수·추징할 수 있도록 하는 법률안이 국무회의를 통과했다. 기존의 최대 3000만원 과태료... ",https://www.newsworks.co.kr/news/articleView.html?idxno=835221,"Tue, 24 Mar 2026 13:44:00 +0900"
"방미통위, 불법<b>스팸</b> 과징금 최대 6% 부과…부당이익 환수 강화",24일 국무회의 의결 아주경제=나선혜 기자 hisunny20@ajunews.com 불법<b>스팸</b> 전송자와 사업자는 앞으로 매출액의 6% 이하 과징금을 내야하고 악성<b>스팸</b> 전송자의 부당이익은 몰수·추징된다. 방송미디어통신위원회(방미통위)는... ,https://www.ajunews.com/view/20260324133636362,"Tue, 24 Mar 2026 13:40:00 +0900"
불법<b>스팸</b> 보내면 '매출 6% 과징금'…&quot;이익보다 더 크게 때린다&quot;,앞으로 불법 <b>스팸</b>을 보내거나 이를 방치한 사업자는 매출액의 최대 6%에 달하는 과징금을 물게 된다. 방송미디어통신위원회는 불법<b>스팸</b>에 대한 과징금 부과와 부당이익 환수를 담은 정보통신망법 개정안이 국무회의를... ,https://n.news.naver.com/mnews/article/079/0004128377?sid=101,"Tue, 24 Mar 2026 13:35:00 +0900"
통신사 최적요금제 고지 의무화…사용량 분석해 적합한 요금 알려야,"이날 국무회의에서는 불법<b>스팸</b> 전송자와 이를 방조한 사업자에게 매출액 6% 이하의 과징금을 부과하고, 악성<b>스팸</b> 전송자의 부당이익을 몰수·추징하는 내용의 정보통신망법 개정안도 통과됐다.",https://n.news.naver.com/mnews/article/030/0003410662?sid=105,"Tue, 24 Mar 2026 13:33:00 +0900"
'악성<b>스팸</b> 전송자' 부당이익 몰수…방미통위 &quot;국민 피해 방지&quot;,"불법<b>스팸</b> 전송자와 사업자는 앞으로 매출액의 6% 이하의 과징금을 내야 하고, 악성<b>스팸</b> 전송자의 부당이익은 몰수·추징된다. 방송미디어통신위원회(위원장 김종철)는 24일 불법<b>스팸</b> 관련 과징금 부과 및 부당이익 환수... ",https://n.news.naver.com/mnews/article/448/0000598689?sid=100,"Tue, 24 Mar 2026 13:30:00 +0900"
불법 <b>스팸</b> 전송하면 매출액 6% 과징금 낸다,"불법<b>스팸</b> 전송자와 사업자는 앞으로 매출액의 6% 이하의 과징금을 내게 된다. 또 악성<b>스팸</b> 전송자의 부당이익은 몰수, 추징된다. 방송미디어통신위원회는 24일 불법<b>스팸</b> 관련 과징금 부과와 부당이익 환수 등을 규정한... ",https://n.news.naver.com/mnews/article/092/0002415837?sid=105,"Tue, 24 Mar 2026 13:27:00 +0900"
'불법<b>스팸</b>' 매출액 6% 이하 과징금 부과…부당이득은 몰수·추징,불법<b>스팸</b> 사업자에 대한 제재가 과태료에서 과징금으로 상향된다. 또 악성<b>스팸</b>을 전송한 경우 부당이익은 몰수·추징된다. 불법<b>스팸</b>으로 어떤 이득도 얻을 수 없게 하겠다는 취지다. 방송미디어통신위원회는 24일 이같은... ,https://n.news.naver.com/mnews/article/003/0013842234?sid=105,"Tue, 24 Mar 2026 13:25:00 +0900"
"<b>스팸</b> 팔아 번 돈, 다 뱉는다… 정부, 매출 6% 과징금 ‘폭탄’ 투하","솜방망이 과태료 시대 끝, 악성 <b>스팸</b> 부당이익 몰수·추징법 국무회의 통과 대량문자 전송자격인증제 의무화와 병행… <b>스팸</b> 유통 고리 원천 차단 전형적인 <b>스팸</b> 문자. (사진=경찰청) 국민의 일상을 침해하는 불법 <b>스팸</b>... ",https://www.daily365.news/2026/03/24/%ec%8a%a4%ed%8c%b8-%ed%8c%94%ec%95%84-%eb%b2%88-%eb%8f%88-%eb%8b%a4-%eb%b1%89%eb%8a%94%eb%8b%a4-%ec%a0%95%eb%b6%80-%eb%a7%a4%ec%b6%9c-6-%ea%b3%bc%ec%a7%95%ea%b8%88-%ed%8f%ad/,"Tue, 24 Mar 2026 13:21:00 +0900"
불법<b>스팸</b> 보내면 매출액 6% 이하 과징금 내야,"불법<b>스팸</b> 예시 / 방송미디어통신위원회. 불법<b>스팸</b> 전송자와 사업자는 앞으로 매출액의 6% 이하의 과징금을 내야 하고 악성<b>스팸</b> 전송자의 부당이익은 몰수, 추징된다. 방송미디어통신위원회는 24일 불법<b>스팸</b> 관련 과징금... ",https://www.safetynews.co.kr/news/articleView.html?idxno=246991,"Tue, 24 Mar 2026 13:16:00 +0900"
불법<b>스팸</b> 수익 끊는다…매출 6% 과징금·이익 환수,불법<b>스팸</b> 전송사·사업자에게 매출액의 6% 이하 과징금을 부과하고 악성<b>스팸</b> 전송자의 부당이익을 몰수·추징하는 법안이 마련됐다. 방송미디어통신위원회(방미통위)는 24일 이런 내용이 담긴 '정보통신망 이용촉진 및... ,https://n.news.naver.com/mnews/article/421/0008845547?sid=105,"Tue, 24 Mar 2026 13:03:00 +0900"
"&quot;<b>스팸</b>으로 번 돈, 1원도 못 챙긴다&quot;… 매출 6% 과징금에 부당이익 몰수...",불법<b>스팸</b> 전송자와 사업자는 앞으로 매출액의 6% 이하의 과징금을 내야한다. 악성<b>스팸</b> 전송자의 부당이익은 몰수·추징된다. 방송미디어통신위원회는 24일 불법<b>스팸</b> 관련 과징금 부과 및 부당이익 환수 등을 규정한... ,https://n.news.naver.com/mnews/article/119/0003072710?sid=105,"Tue, 24 Mar 2026 12:57:00 +0900"
불법<b>스팸</b> 방조자도 매출액 6% 이하 과징금…부당이익은 몰수·추징,불법<b>스팸</b> 전송자와 이를 방조한 사업자는 앞으로 매출액의 6% 이하의 과징금을 부과받는다. 악성<b>스팸</b> 전송자의 부당이익은 몰수·추징된다. 24일 방송미디어통신위원회는 불법<b>스팸</b> 관련 과징금 부과 및 부당이익 환수 등을... ,https://n.news.naver.com/mnews/article/030/0003410630?sid=105,"Tue, 24 Mar 2026 12:55:00 +0900"
&quot;주민번호 입력하세요&quot; … 사업자대출 전수조사 틈탄 <b>스팸</b>사기 기승,"공공기관을 가장해 개인정보와 자금을 탈취하는 신종 <b>스팸</b> 사기가 급증하며 시장 혼란을 파고드는 양상이다. 24일 금융권에 따르면 최근 자영업자 커뮤니티, SNS 등을 통해 &quot;국세청 세무조사 사전통지서나 지자체의 주택... ",https://biz.newdaily.co.kr/site/data/html/2026/03/24/2026032400192.html,"Tue, 24 Mar 2026 11:40:00 +0900"
"오므라이스, 마지막 1분에 '이렇게'만 해 보세요…한 입 먹고 깜짝 놀랍...","재료는 대파, 양파, 당근, 그리고 아이들이 좋아하는 <b>스팸</b>이나 소시지를 준비한다. 당근은 아이들이... [3인분 재료] 밥 5공기 양파 1개 (큰 거) 대파 3대 당근 조금 <b>스팸</b> 300그람 (1캔) 계란 12개 [3인분 소스] 돈까스 소스 6숟갈... ",https://www.wikitree.co.kr/articles/1127210,"Tue, 24 Mar 2026 11:28:00 +0900"
늘어나는 공공기관 사칭 문자…‘안심문자’ 효과 있나,"“혹시 이런 문자도 <b>스팸</b>일까요?”, “링크를 눌러도 괜찮은 걸까요?” 23일 온라인 커뮤니티와 SNS에는... 송파구 관계자는 “구청 안내 문자를 <b>스팸</b>으로 오해해 삭제하는 경우가 많다”며 “공공기관을 사칭한 가짜... ",https://www.kukinews.com/article/view/kuk202603230207,"Tue, 24 Mar 2026 06:02:00 +0900"
[길섶에서] 선거 홍보 문자,070으로 시작하는 <b>스팸</b> 의심 전화는 받지 않을 자유라도 있다. 그러나 선거 문자는 다르다. 공직선거법상 <b>스팸</b>으로 분류되지 않아 사전 차단이 어렵다. 문자가 오면 일일이 확인한 뒤 수신 거부를 해야 한다. 그렇다고 마냥... ,https://n.news.naver.com/mnews/article/081/0003628665?sid=110,"Tue, 24 Mar 2026 05:12:00 +0900"
"[단독] 'AI 따발총' 저품질 블로그글 하루 100건씩...네이버, 제재 강화...","[네이버 반론] &quot;<b>스팸</b>성·매크로·도배 등 비정상적 이용행태 모니터링·제재 강화&quot; 네이버 관계자는 &quot;이용약관에 따라 <b>스팸</b>성, 광고성, 매크로, 도배 등 비정상적인 이용 행태를 모니터링하는 시스템과 제재를 강화하고... ",https://www.newsverse.kr/news/articleView.html?idxno=9959,"Tue, 24 Mar 2026 00:28:00 +0900"
영월군 행정전화 발신기관명 표시 도입,앞서 그동안 행정기관에서 발신하는 전화나 문자메시지는 단말기에 전화번호만 표시돼 군민들이 <b>스팸</b> 전화로 오인하는 사례가 발생해 중요한 행정 안내를 놓치거나 공공기관을 사칭한 범죄에 노출될 위험성이 있다는... ,https://n.news.naver.com/mnews/article/654/0000172053?sid=102,"Tue, 24 Mar 2026 00:08:00 +0900"
"통신 3사, '에이전틱 AI' 경쟁 속 R&amp;D 엇갈려…인력은 일제히 감소","주요 연구 성과로는 ixi-O(익시오) 통화 중 AI 에이전트 호출 및 응답 기술, 고객센터 불만콜 상세 인입원인 추론 엔진 개발, AI <b>스팸</b>문자필터 개발 및 자동화 배포 시스템 구축 등이 꼽힌다. 작년 통신사... ",https://n.news.naver.com/mnews/article/119/0003072436?sid=105,"Mon, 23 Mar 2026 18:35:00 +0900"
"금감원 &quot;<b>스팸</b> 오인 차단 증권사 전화, 반대매매 화 부른다&quot;",#투자자 A씨는 평소 모르는 번호로 오는 전화를 받지 않아 B증권사 고객센터 번호를 <b>스팸</b>으로 차단했다. 하지만 해당 전화는 담보부족금액 추가 납입을 요청하는 반대매매 경고 통지였다. 결국 통지를 확인하지 못한 A씨의... ,http://www.newsprime.co.kr/news/article.html?no=727897,"Mon, 23 Mar 2026 17:58:00 +0900"
"영월군, 행정전화 '발신기관명 표시'…스미싱 범죄 차단",그동안 행정기관에서 발신하는 전화나 문자는 단말기에 번호만 표시돼 군민들이 <b>스팸</b>으로 오인해 중요한 안내를 놓치거나 범죄에 노출될 위험이 있다는 우려가 제기돼 왔다. 이에 군은 이날부터 모든 행정전화 발신 시... ,http://www.enewstoday.co.kr/news/articleView.html?idxno=2409482,"Mon, 23 Mar 2026 16:57:00 +0900"
[SKT 이사회 리빌딩]③사외이사 기술색 강화…삼성·네이버와 대등,"이후 GATA는 지난해 영국에 합작회사 '신텔리전스AI'를 세우고 AI 기반 <b>스팸</b>전화 차단, 음성비서 등 AI기술 고도화를 추진하고 있다. 이 회사의 이사회 의장은 정석근 SKT 최고기술책임자(CTO) 겸 AI 사내독립기업(CIC)장이... ",https://n.news.naver.com/mnews/article/293/0000081397?sid=105,"Mon, 23 Mar 2026 16:34:00 +0900"
"주식회사 지에스엔씨, ‘아이즈레인(ISREIGN)’ 세계보안엑스포 2026(eGIS...","아이즈레인(ISREIGN)은 <b>스팸</b> 및 피싱 메일 차단, 첨부파일 악성코드 탐지, 동적 분석, 발신 메일 보안 및 유출 방지, 이상 행위 탐지 등 이메일 전 영역을 단일 체계로 통합 관리한다. 이를 통해 기업은 다수의 보안... ",http://www.globalepic.co.kr/view.php?ud=2026032314060459636cf2d78c68_29,"Mon, 23 Mar 2026 14:08:00 +0900"
"카스퍼스키, 시장조사기관 QKS 선정 '기업용 사이버보안 리더'로 인정받...","분석가들은 QR 코드 피싱 보호, 샌드박싱, 적응형 <b>스팸</b> 필터링을 포함한 다계층 탐지가 진화하는 이메일 위협에 대응하는 역량을 크게 강화한다고 평가했다. 또한 유연한 도입 옵션과 카스퍼스키 Expertise... ",https://www.dailysecu.com/news/articleView.html?idxno=205858,"Mon, 23 Mar 2026 13:48:00 +0900"
"지란지교시큐리티, 자사주 40만주 소각…주주가치 제고 목적","주요 사업으로는 이메일 통합 보안 솔루션 '<b>스팸</b>스나이퍼', 문서중앙화 솔루션 '다큐원', 모바일 통합 솔루션 '모바일키퍼' 등을 영위하고 있다. 특히 <b>스팸</b>스나이퍼는 국내 <b>스팸</b>메일 차단 솔루션 시장 점유율의 약 60... ",https://www.fetv.co.kr/news/article.html?no=215504,"Mon, 23 Mar 2026 13:38:00 +0900"
"영월군, '발신기관명 표시' 도입…공무원 사칭 스미싱 선제 차단","기존에는 행정기관이 발신한 전화나 문자메시지에 단순한 번호만 표시돼 군민들이 <b>스팸</b>으로 오인하거나, 반대로 공공기관을 가장한 범죄에 노출될 가능성이 꾸준히 제기돼 왔다. 이로 인해 중요한 행정 안내를 놓치는... ",https://www.joongdo.co.kr/web/view.php?key=20260323010007442,"Mon, 23 Mar 2026 12:50:00 +0900"
트윗 2개로 3.7兆 날리게 생긴 머스크… 美 법원 &quot;주가 하락 유책&quot;,"이후 같은 해 5월 13일 &quot;<b>스팸</b>·가짜 계정 비율이 5% 미만이라는 근거 확인 전까지 인수를 보류한다&quot;는 트윗을 올렸다. 해당 발언 직후 트위터 주가는 8~10% 하락했다. 이후 인수 절차는 지연됐고, 주가는 제안가 대비 최대... ",https://www.thepublic.kr/news/articleView.html?idxno=298312,"Mon, 23 Mar 2026 12:38:00 +0900"
"15배 반대매매 폭탄 터졌다…금감원, 신용융자 주의보","하지만 투자자가 증권사 번호를 <b>스팸</b>으로 차단해 이를 확인하지 못할 경우, 납입 기한을 넘겨 익일 장 개시와 동시에 주식이 강제 처분될 수 있어 주의가 요구된다. 투자자는 반대매매 수량이 예상보다 과도하게 산정될... ",https://n.news.naver.com/mnews/article/029/0003017453?sid=101,"Mon, 23 Mar 2026 12:30:00 +0900"
"&quot;증시 급등락으로 반대매매 위험 증가&quot;…금감원, 개미 향한 '옐로카드'",금감원은 안내 메시지 발신 번호를 <b>스팸</b>으로 등록한 투자자가 반대매매를 겪고 분쟁을 제기한 사례가 있다며 주의를 당부했다. 증권사별 할인 비율에 따라 담보부족금액과 무관하게 반대매매 대상 종목의 모든 수량이... ,https://n.news.naver.com/mnews/article/119/0003072218?sid=101,"Mon, 23 Mar 2026 12:01:00 +0900"
"&quot;스미싱 예방&quot;…영월군, 오늘부터 행정 전화 발신 기관 표시",군에 따르면 그간 행정기관 발신전화나 문자메시지는 단말기에 전화번호만 표시돼 군민들이 <b>스팸</b>전화로 오인하는 사례도 발생해 왔다. 이에 군은 군민들이 중요한 행정안내를 놓치거나 공공기관 사칭범죄에 노출될 위험이... ,https://n.news.naver.com/mnews/article/421/0008842718?sid=102,"Mon, 23 Mar 2026 11:25:00 +0900"
"영웅시대 '라온', 57번째 급식 봉사..후원금만 2억1739만원","이날 식탁에는 불고기와 소고기배추된장국, <b>스팸</b>두부전, 새우부추전, 버섯볶음, 어묵볶음이 올랐다. 여기에 한우 양지 11㎏과 딸기, 샤인머스캣, 오렌지 등 제철 과일, 우유와 음료수까지 더해져 한층 풍성한 한 끼가... ",https://n.news.naver.com/mnews/article/014/0005495660?sid=103,"Mon, 23 Mar 2026 10:52:00 +0900"
"일론 머스크, 트위터 인수 당시 '주가 조작' 혐의 일부 인정... 투자자에...",민사소송에서 &quot;트위터에 <b>스팸</b>·가짜 계정이 만연하다고 주장한 머스크의 게시물 때문에 투자자들이 속아... 그러나 머스크는 돌연 &quot;<b>스팸</b> 및 가짜 계정이 실제 트위터 사용자의 5% 미만이라는 계산의 구체적인 근거를... ,https://www.insight.co.kr/news/547339,"Mon, 23 Mar 2026 10:46:00 +0900"
"월드, '에이전트키트' 공개…AI 에이전트 뒤 '고유한 인간' 증명","이는 과거 <b>스팸</b>, 데이터 수집, 공격 등을 목적으로 한 악성 봇 환경에서는 효과적이었지만 실제 사용자를 대신하는 생산적인 AI 에이전트까지 동일하게 차단되는 한계를 드러내고 있다. 에이전트키트는 코인베이스... ",https://www.epnc.co.kr/news/articleView.html?idxno=330235,"Mon, 23 Mar 2026 10:40:00 +0900"
월드 '에이전트키트' 공개···AI에이전트 뒤 인간 증명,"이는 과거 <b>스팸</b>, 데이터 수집, 공격 등을 목적으로 한 악성 봇 환경에서는 효과적이었지만, 실제 사용자를 대신하는 생산적인 AI 에이전트까지 차단되는 한계가 있다. 에이전트키트는 코인베이스와 클라우드플레어가... ",https://n.news.naver.com/mnews/article/018/0006240796?sid=105,"Mon, 23 Mar 2026 10:23:00 +0900"
"일론 머스크, 트위터 인수 관련 소송 패소…&quot;주주 기만&quot; 판단",소송의 핵심 쟁점은 머스크가 인수 제안 이후 <b>스팸</b> 계정 문제를 이유로 거래를 보류한 과정이다. 당시 머스크의 트윗 이후 트위터 주가는 단일 거래 세션에서 약 10% 급락했다. 배심원단은 5월 13일과 17일 게시된 그의... ,https://www.digitaltoday.co.kr/news/articleView.html?idxno=643981,"Mon, 23 Mar 2026 09:32:00 +0900"
"월드, ‘AgentKit’ 공개… AI 에이전트 뒤 ‘고유한 인간’ 증명한다","이는 과거 <b>스팸</b>, 데이터 수집, 공격 등을 목적으로 한 악성 봇 환경에서는 효과적이었지만, 실제 사용자를 대신하는 생산적인 AI 에이전트까지 동일하게 차단되는 한계를 드러내고 있다. 에이전트키트는 코인베이스... ",https://www.tokenpost.kr/news/blockchain/342171,"Mon, 23 Mar 2026 09:28:00 +0900"
"임영웅 팬클럽 영웅시대 봉사나눔방 '라온', 양평 로뎀의집에 57번째 온...","라온은 매달 로뎀의집에 급식비와 물품을 후원해 왔으며, 이번에는 직접 주방 봉사에 참여해 불고기, 소고기배추된장국, <b>스팸</b>두부전, 새우부추전, 버섯볶음, 어묵볶음 등으로 구성된 영양 식단을 준비했다. 또한 한우... ",https://m.entertain.naver.com/article/108/0003419027,"Mon, 23 Mar 2026 08:30:00 +0900"
메모리 가격 치솟자...중국에선 폐전자제품 재활용 '활황',"업체는 데이터를 완전히 삭제하지 않거나, 심지어 사용자 정보를 되팔기도 한다는 것이다. 실제로 과거에는 중고폰을 판매한 뒤 개인정보가 유출돼 <b>스팸</b> 메시지나 사기 연락을 빈번하게 받는 사례도 발생한 바 있다.",http://www.choicenews.co.kr/news/articleView.html?idxno=162632,"Mon, 23 Mar 2026 08:22:00 +0900"
"[영웅신문] 임영웅,팬클럽 '라온' 양평 로뎀의집 58개월의 나눔…팬덤이...","불고기와 소고기배추된장국, <b>스팸</b>두부전과 새우부추전, 버섯볶음과 어묵볶음까지, 반찬 하나하나에 정성이 담겼다. 여기에 한우 양지 11kg과 딸기·샤인머스켓·오렌지 등 제철 과일, 우유와 음료수도 함께 전달됐다.... ",https://www.topstarnews.net/news/articleView.html?idxno=16013363,"Mon, 23 Mar 2026 08:08:00 +0900"
임영웅 팬들 또 해냈다…라온의 57번째 감동,"이날 식탁에는 불고기와 소고기배추된장국, <b>스팸</b>두부전, 새우부추전, 버섯볶음, 어묵볶음이 올랐다. 여기에 한우 양지 11kg과 딸기, 샤인머스켓, 오렌지 등 제철 과일, 우유와 음료수까지 더해져 한층 풍성한 한 끼가... ",https://m.entertain.naver.com/article/382/0001263276,"Mon, 23 Mar 2026 07:11:00 +0900"
"58개월째 이어진 나눔…영웅시대 라온, 누적 후원 2억1739만원","사진|임영웅팬클럽 이날 식단에는 불고기, 소고기배추된장국, <b>스팸</b>두부전, 새우부추전, 버섯볶음, 어묵볶음이 올랐다. 간식과 식자재로는 한우 양지 11kg, 딸기와 샤인머스켓, 오렌지 등 제철 과일, 우유와 음료수도 함께... ",https://n.news.naver.com/mnews/article/468/0001227245?sid=102,"Mon, 23 Mar 2026 07:04:00 +0900"
"임영웅 팬클럽 봉사모임 '라온', 중증장애아동 시설에 급식 봉사","이날 식단에는 불고기, 소고기배추된장국, <b>스팸</b>두부전, 새우부추전, 버섯볶음, 어묵볶음 등 여러 반찬이 포함됐다. 아이들이 식탁에서 접한 음식은 정성이 담긴 영양 식단이었다. 한우 양지 11kg과 제철 과일인 딸기... ",https://www.topstarnews.net/news/articleView.html?idxno=16013289,"Mon, 23 Mar 2026 06:54:00 +0900"
"닉 자보 &quot;비트코인, 데이터 저장소 변질 시 붕괴&quot;...노드 운영자 처벌 경...",비트코인 개발 진영은 현재 자보 전문가나 아담 백(Adam Back)과 같이 비금전적 데이터를 <b>스팸</b>으로 간주하는 미니멀리스트 진영과 더 많은 기능을 수용하려는 진영으로 나뉘어 대립하고 있다. 미니멀리스트들은... ,http://coinreaders.com/225587,"Mon, 23 Mar 2026 03:02:00 +0900"
"美법원 “머스크, 트위터 주가 조작 배상해야”",AFP연합뉴스 AP통신과 블룸버그통신 등에 따르면 미 캘리포니아 북부 연방지방법원 배심원단은 20일(현지시간) 머스크 CEO와 트위터 투자자 간 민사소송에서 트위터에 <b>스팸</b>·가짜 계정이 만연하다고 주장한 머스크 CEO의... ,https://n.news.naver.com/mnews/article/022/0004114855?sid=104,"Sun, 22 Mar 2026 21:17:00 +0900"
"美 법원 “일론 머스크, 트위터 인수 당시 게시글로 주가 조작”","머스크가 트위터에 <b>스팸</b> 및 가짜 계정이 만연하다고 주장한 게시물이 주가 하락을 유도했고, 이로 인해 투자자들이 피해를 입었다는 것이다. 배심원단은 머스크가 주당 3~8달러 수준의 손해를 배상해야 한다고 봤다.... ",https://n.news.naver.com/mnews/article/366/0001150609?sid=105,"Sun, 22 Mar 2026 17:53:00 +0900"
"“머스크, 트위터 인수 때 고의로 주가 떨어뜨려”...투자자에 수조원 ...","하지만 그해 5월 13일 머스크는 자신의 트위터에, “(트위터 내) <b>스팸</b>·가짜 계정이 5% 미만이라는 계산 근거 확인 전까지 트위터 인수를 일시 보류한다”는 글을 올려 혼란을 초래했다. 이 글이 올라온 후 트위터... ",https://n.news.naver.com/mnews/article/023/0003966053?sid=105,"Sun, 22 Mar 2026 14:33:00 +0900"
“누구냐 넌? 또 깜빡 속았네”…인터넷 접속 절반 이상이 AI라는데,구글도 전 세계 <b>스팸</b> 사이트와 양산형 인공지능 사이를 검색 결과에서 한꺼번에 삭제하는 강력한 규칙을 적용했죠. 가짜 계정과 정보기술 기업이 벌이는 대결은 앞으로도 계속 이어질 전망이에요. 세계경제포럼은... ,https://n.news.naver.com/mnews/article/009/0005653879?sid=105,"Sun, 22 Mar 2026 09:21:00 +0900"
"美 배심원단 “머스크, 트위터 투자자 오도”…최대 26억달러 배상 가능...",당시 머스크는 트위터의 가짜 계정과 <b>스팸</b> 계정 비율에 의문을 제기하며 인수 계약이 “일시 중단됐다”고 밝힌 바 있다. 이 발언 뒤 트위터 주가는 하루 만에 약 10% 급락했다. 원고 측은 머스크의 이런 발언이 트위터... ,https://www.g-enews.com/view.php?ud=2026032121230313749a1f309431_1,"Sun, 22 Mar 2026 04:00:00 +0900"
"&quot;머스크, 고의로 트위터 주가 조작&quot;⋯수십억 달러 배상 위기",소송에서 &quot;트위터에 <b>스팸</b>·가짜 계정이 만연하다고 주장한 머스크의 게시물 때문에 투자자들이 속아... 그러나 돌연 트위터에 &quot;<b>스팸</b> 및 가짜 계정이 트위터 사용자의 5% 미만이라는 계산의 구체적인 근거를 기다리는 동안... ,https://n.news.naver.com/mnews/article/031/0001015498?sid=104,"Sat, 21 Mar 2026 21:51:00 +0900"
"미 법원 &quot;일론 머스크, 트위터 인수 당시 게시글로 주가 조작&quot;",트위터에 <b>스팸</b>·가짜 계정이 만연하다고 주장한 머스크의 게시물 때문에 투자자들이 속아 넘어갔다며... 하지만 돌연 &quot;<b>스팸</b> 및 가짜 계정이 트위터 사용자의 5% 미만이라는 계산의 구체적인 근거를 기다리는 동안 인수... ,https://n.news.naver.com/mnews/article/469/0000920808?sid=104,"Sat, 21 Mar 2026 17:45:00 +0900"
"美 법원 &quot;머스크, 트위터 인수 때 고의로 주가 떨어뜨려&quot;",트위터에 <b>스팸</b>·가짜 계정이 만연하다고 주장해 트위터 투자자들을 속였다고 배심원단은 결론지었다. 머스크는 지난 2022년 4월 트위터를 총 440억 달러(약 64조 원)에 인수하겠다고 계약을 체결했지만 돌연 &quot;<b>스팸</b> 및 가짜... ,https://news.einfomax.co.kr/news/articleView.html?idxno=4405129,"Sat, 21 Mar 2026 16:26:00 +0900"
"머스크, 고의로 트위터 '주가 조작' 평결…&quot;수십억 달러 배상해야&quot;","트위터에 <b>스팸</b>·가짜 계정이 만연하다고 주장한 머스크의 게시물 때문에 투자자들이 속아 넘어갔다며... 20달러, 총 440억 달러(약 64조원)에 인수하겠다고 계약을 체결했다가 돌연 &quot;<b>스팸</b> 및 가짜 계정이 트위터 사용자의 5... ",https://n.news.naver.com/mnews/article/422/0000846545?sid=104,"Sat, 21 Mar 2026 13:18:00 +0900"
"&quot;고의로 트위터 주가 하락 유도&quot;…머스크, '수십억달러' 배상하나","머스크는 2022년 4월 트위터를 주당 54달러20센트, 총 440억달러에 인수하기로 계약했으나 같은 해 5월 &quot;<b>스팸</b>·가짜 계정이 실제 사용자의 5% 미만이라는 세부 사항이 확인될 때까지 트위터 인수를 잠정 보류한다&quot;고 밝혔다.... ",https://n.news.naver.com/mnews/article/417/0001135225?sid=104,"Sat, 21 Mar 2026 13:14:00 +0900"
"X 인수에 주가조작한 일론머스크, 수십억 달러 배상 판결","트위터에 <b>스팸</b>·가짜 계정이 만연하다고 주장한 머스크의 게시물 때문에 투자자들이 속아 넘어갔다며... 20달러, 총 440억 달러(약 64조원)에 인수하겠다고 계약을 체결했다가 돌연 &quot;<b>스팸</b> 및 가짜 계정이 트위터 사용자의 5... ",https://www.sentv.co.kr/article/view/sentv202603210014,"Sat, 21 Mar 2026 11:58:00 +0900"
[뉴스락 특별기획] 해킹이 바꾼 통신판…이통 3사 '뉴리더십'의 생존 방...,"<b>스팸</b> 감지, 통화 중 AI 검색 등 생활 밀착형 기능으로 고객 록인 효과를 높이는 동시에 글로벌 B2C 경쟁력을 강화한다는 방침이다. 주총 시즌, 이통 3사 이사회 재편...비통신 B2B로 무게중심 이동 리더십 교체와 신사업... ",http://www.newslock.co.kr/news/articleView.html?idxno=127126,"Sat, 21 Mar 2026 11:58:00 +0900"
<b>스팸</b>을 잘라 '밥솥'에 넣으세요...너무 편해서 하고도 믿기지가 않습니...,"<b>스팸</b>을 따로 조리하지 않고 그대로 밥솥에 넣어 한 번에 완성하는 ‘<b>스팸</b> 밥솥 한 끼’가 간편식으로 주목받고 있다. 최근 바쁜 일상 속에서 최소한의 조리로 한 끼를 해결하려는 수요가 늘면서, 재료를 한 번에 넣고 취사만... ",https://www.wikitree.co.kr/articles/1126001,"Sat, 21 Mar 2026 11:30:00 +0900"
"&quot;일론 머스크, 트위터 인수 과정서 고의로 주가 조작…배상해야&quot; 평결","트위터에 <b>스팸</b>·가짜 계정이 만연하다고 주장한 머스크의 게시물 때문에 투자자들이 속아 넘어갔다며... 20달러, 총 440억 달러(약 64조원)에 인수하겠다고 계약을 체결했다가 돌연 &quot;<b>스팸</b> 및 가짜 계정이 트위터 사용자의 5... ",https://n.news.naver.com/mnews/article/374/0000499412?sid=104,"Sat, 21 Mar 2026 11:13:00 +0900"
머스크 ‘트위터 주가 조작’ 책임 인정…배상액 최대 26억달러 전망,"머스크는 지난 2022년 4월 트위터를 주당 54.20달러, 총 440억 달러(약 64조원)에 인수하기로 계약했으나, 5월에 &quot;<b>스팸</b>·가짜 계정이 실제로 사용자의 5% 미만을 차지한다는 세부사항이 나올 때까지 트위터 인수를 잠정... ",https://n.news.naver.com/mnews/article/243/0000094866?sid=101,"Sat, 21 Mar 2026 11:01:00 +0900"
"&quot;머스크, 고의로 주가 떨어뜨렸다&quot;…수십억 달러 배상해야","트위터에 <b>스팸</b>·가짜 계정이 만연하다고 주장한 머스크의 게시물 때문에 투자자들이 속아 넘어갔다며... 20달러, 총 440억 달러(약 64조 원)에 인수하겠다고 계약을 체결했다가 돌연 &quot;<b>스팸</b> 및 가짜 계정이 트위터 사용자의 5... ",https://n.news.naver.com/mnews/article/055/0001342253?sid=104,"Sat, 21 Mar 2026 10:44:00 +0900"
"&quot;고의로 트위터 주가 조작&quot; 머스크, 투자자에 수십억 달러 배상 위기","머스크는 2022년 4월 트위터를 주당 54.20달러, 총 440억 달러에 인수하기로 계약했으나 5월 &quot;<b>스팸</b>·가짜 계정이 실제로 사용자의 5% 미만을 차지한다는 세부사항이 나올 때까지 트위터 인수를 잠정 보류한다&quot;고 말했다.이에... ",https://n.news.naver.com/mnews/article/008/0005333052?sid=104,"Sat, 21 Mar 2026 10:32:00 +0900"
"머스크, 투자자에 수조원 배상 위기…&quot;트위터 주가 고의로 떨어뜨려&quot;",소송에서 &quot;트위터에 <b>스팸</b>·가짜 계정이 만연하다&quot;라고 주장한 머스크의 게시물 때문에 투자자들이 속아... 하지만 돌연 &quot;<b>스팸</b> 및 가짜 계정이 트위터 사용자의 5% 미만이라는 계산의 구체적인 근거를 기다리는 동안... ,https://n.news.naver.com/mnews/article/277/0005737832?sid=101,"Sat, 21 Mar 2026 10:25:00 +0900"
"美법원 &quot;머스크, 트위터 인수 과정 주가조작 책임져야&quot; 배심원 평결","머스크는 2022년 4월 트위터를 주당 54.20달러, 총 440억 달러(약 64조원)에 인수하기로 계약했지만, 5월에 &quot;<b>스팸</b>·가짜 계정이 실제로 사용자의 5% 미만을 차지한다는 세부사항이 나올 때까지 트위터 인수를 잠정 보류한다&quot;고... ",https://n.news.naver.com/mnews/article/015/0005265136?sid=104,"Sat, 21 Mar 2026 10:19:00 +0900"
"&quot;일론 머스크, 트위터 주가 조작…배상해야&quot; 평결","트위터에 <b>스팸</b>·가짜 계정이 만연하다고 주장한 머스크의 게시물 때문에 투자자들이 속아 넘어갔다며... 20달러, 총 440억 달러(약 64조원)에 인수하겠다고 계약을 체결했다가 돌연 &quot;<b>스팸</b> 및 가짜 계정이 트위터 사용자의 5... ",https://n.news.naver.com/mnews/article/448/0000597999?sid=104,"Sat, 21 Mar 2026 10:11:00 +0900"
"일론 머스크, 트위터 인수 투자자 기망 혐의 패소…수십억 달러 배상 가...",이에 머스크는 증인석에 서서 당시 트위터 경영진이 <b>스팸</b> 계정 수에 대해 자신을 속였다고 믿었기에 합의를 망설였을 뿐이라고 항변했다. 머스크 측 변호인단은 이번 평결에 대해 즉각 항소하겠다는 뜻을 밝혔다.... ,https://www.ebn.co.kr/news/articleView.html?idxno=1702994,"Sat, 21 Mar 2026 10:02:00 +0900"
"美법원, 머스크 트위터 인수 시 주가 조작 인정…&quot;4조원 배상 가능성&quot;","머스크는 지난 2022년 4월 트위터를 주당 54.20달러, 총 440억 달러(약 64조원)에 인수하기로 계약했으나, 5월에 &quot;<b>스팸</b>·가짜 계정이 실제로 사용자의 5% 미만을 차지한다는 세부사항이 나올 때까지 트위터 인수를 잠정... ",https://n.news.naver.com/mnews/article/421/0008839616?sid=104,"Sat, 21 Mar 2026 09:57:00 +0900"
"“일론 머스크, 트위터 인수 때 고의로 주가 조작…배상해야” 평결","트위터에 <b>스팸</b>·가짜 계정이 만연하다고 주장한 머스크의 게시물 때문에 투자자들이 속아 넘어갔다며... 20달러, 총 440억 달러(약 64조원)에 인수하겠다고 계약을 체결했다가 돌연 “<b>스팸</b> 및 가짜 계정이 트위터 사용자의... ",https://n.news.naver.com/mnews/article/029/0003017136?sid=104,"Sat, 21 Mar 2026 09:46:00 +0900"
"미 법원 “머스크, 트위터 주가 조작”…수십억 달러 배상 위기",배심원단은 ‘트위터에 <b>스팸</b>·가짜 계정이 만연하다’고 주장한 머스크의 게시물에 투자자들이 속아... 하지만 이후 “<b>스팸</b> 및 가짜 계정이 트위터 사용자의 5% 미만이라는 계산의 구체적인 근거를 기다리는 동안 인수... ,https://n.news.naver.com/mnews/article/018/0006239730?sid=104,"Sat, 21 Mar 2026 09:33:00 +0900"
"&quot;일론 머스크, 고의로 주가 조작&quot;...배상 판결 [지금이뉴스]","트위터에 <b>스팸</b>·가짜 계정이 만연하다고 주장한 머스크의 게시물 때문에 투자자들이 속아 넘어갔다며... 20달러, 총 440억 달러(약 64조원)에 인수하겠다고 계약을 체결했다가 돌연 &quot;<b>스팸</b> 및 가짜 계정이 트위터 사용자의 5... ",https://n.news.naver.com/mnews/article/052/0002330309?sid=104,"Sat, 21 Mar 2026 09:20:00 +0900"
"&quot;고의로 트위터 주가 조작&quot;…머스크, 수십억 달러 배상 위기","트위터에 <b>스팸</b>·가짜 계정이 만연하다고 주장한 머스크의 게시물 때문에 투자자들이 속아 넘어갔다며... 20달러, 총 440억 달러(약 64조원)에 인수하겠다고 계약을 체결했다가 돌연 “<b>스팸</b> 및 가짜 계정이 트위터 사용자의... ",https://n.news.naver.com/mnews/article/025/0003510603?sid=104,"Sat, 21 Mar 2026 08:54:00 +0900"
머스크의 수상한 인수 과정...법원에서 밝혀진 충격적인 진실 [지금이뉴...,"트위터에 <b>스팸</b>과 가짜 계정이 만연하다고 주장한 머스크의 게시물 때문에 투자자들이 속아 넘어갔다며... 20달러, 총 440억 달러(약 64조 원)에 인수하겠다고 계약을 체결했다가 돌연 &quot;<b>스팸</b>과 가짜 계정이 트위터 사용자의... ",https://n.news.naver.com/mnews/article/052/0002330306?sid=104,"Sat, 21 Mar 2026 08:26:00 +0900"
"&quot;일론 머스크, 고의로 트위터 주가 조작...배상해야&quot; 평결","트위터에 <b>스팸</b>과 가짜 계정이 만연하다고 주장한 머스크의 게시물 때문에 투자자들이 속아 넘어갔다며... 20달러, 총 440억 달러(약 64조 원)에 인수하겠다고 계약을 체결했다가 돌연 &quot;<b>스팸</b>과 가짜 계정이 트위터 사용자의... ",https://n.news.naver.com/mnews/article/052/0002330299?sid=104,"Sat, 21 Mar 2026 08:26:00 +0900"
"트위터 주가 고의로 떨어뜨려…머스크, 투자자에 수십억 달러 배상 위기","트위터에 <b>스팸</b>·가짜 계정이 많다고 주장한 게시물로 투자자들이 속아 넘어갔다고 판단했다. 다만 계획적... 20달러, 총 440억 달러(약 64조원)에 인수하겠다고 계약했다가 이후 트위터 게시물을 통해 “<b>스팸</b> 및 가짜... ",https://n.news.naver.com/mnews/article/032/0003434704?sid=101,"Sat, 21 Mar 2026 08:24:00 +0900"
&quot;고의로 주가 조작&quot;…머스크 수조원 배상 위기,"머스크는 당시 주당 54.20달러, 총 440억 달러(약 64조원)에 트위터를 인수하기로 계약했지만, 돌연 &quot;<b>스팸</b> 및 가짜 계정이 트위터 사용자의 5% 미만이라는 계산의 구체적인 근거를 기다리는 동안 인수 거래를 일시적으로... ",https://n.news.naver.com/mnews/article/215/0001246062?sid=104,"Sat, 21 Mar 2026 08:19:00 +0900"
"&quot;일론 머스크, 고의로 트위터 주가 조작…배상해야&quot; 평결","트위터에 <b>스팸</b>·가짜 계정이 만연하다고 주장한 머스크의 게시물 때문에 투자자들이 속아 넘어갔다며... 20달러, 총 440억 달러(약 64조원)에 인수하겠다고 계약을 체결했다가 돌연 &quot;<b>스팸</b> 및 가짜 계정이 트위터 사용자의 5... ",https://www.tfmedia.co.kr/news/article.html?no=202853,"Sat, 21 Mar 2026 08:16:00 +0900"
"“고의로 트위터 주가 조작”…연방지방법원, 일론 머스크에 배상 평결","트위터에 <b>스팸</b>·가짜 계정이 만연하다고 주장한 머스크의 게시물로 인해 투자자들이 속아 넘어갔다며... 20달러, 총 440억 달러(약 64조원)에 인수하겠다고 계약을 체결했다가 돌연 “<b>스팸</b> 및 가짜 계정이 트위터 사용자의... ",https://n.news.naver.com/mnews/article/009/0005653631?sid=102,"Sat, 21 Mar 2026 08:05:00 +0900"
"&quot;일론 머스크, 고의로 트위터 주가 조작…배상해야&quot; 평결","트위터에 <b>스팸</b>·가짜 계정이 만연하다고 주장한 머스크의 게시물 때문에 투자자들이 속아 넘어갔다며... 20달러, 총 440억 달러(약 64조원)에 인수하겠다고 계약을 체결했다가 돌연 &quot;<b>스팸</b> 및 가짜 계정이 트위터 사용자의 5... ",https://n.news.naver.com/mnews/article/001/0015972541?sid=104,"Sat, 21 Mar 2026 07:46:00 +0900"
"미 법원 &quot;트위터 인수 때 투자자 오도, 배상하라&quot;",머스크는 트위터의 가짜 계정 및 <b>스팸</b> 계정 수가 트위터가 규제 당국 제출 서류에서 밝힌 5%보다 훨씬 많다고 증언했다. 그는 트위터가 자사 서비스의 가짜 계정 수를 허위로 표시했다는 점을 인수 포기의 이유로... ,https://n.news.naver.com/mnews/article/003/0013836298?sid=104,"Sat, 21 Mar 2026 07:12:00 +0900"
“미납된 교통 범칙금 납부하라” 뉴저지 법원 사칭 신종 사기 활개,전문가들은 ▲문자에 답장하거나 개인정보를 제공하지 말 것 ▲각 정부 공식 웹사이트나 전화번호를 통해 직접 확인할 것 ▲문자 수신시 ‘<b>스팸</b> 신고’ 할 것▶이미 클릭했거나 개인정보를 입력했다면 즉시 금융기관에... ,http://www.koreatimes.com/article/1605942,"Sat, 21 Mar 2026 01:14:00 +0900"
"송파구, ‘RCS 안심문자 서비스’ 도입으로 공공기관 사칭 막는다","최근 가짜 문자를 활용한 사기(스미싱, 피싱)가 늘면서 구청에서 보낸 안내 문자를 <b>스팸</b>으로 오해해... 글자와 인터넷 주소(URL) 링크 중심이었던 기존 문자는 <b>스팸</b>이나 위조 가능성이 크다는 한계가 있었다. 이제... ",https://www.siminilbo.co.kr/news/newsview.php?ncode=1160282472965482,"Fri, 20 Mar 2026 17:42:00 +0900"
"텔레그램 자동저장 악몽, '아청물 소지' 범죄자 될까","A씨는 방의 성격을 알아차리자마자 <b>스팸</b> 신고 후 방을 나갔고, 즉시 텔레그램 계정까지 탈퇴했다. 문제는 텔레그램의 '자동 저장' 기능이었다. A씨의 의사와 무관하게 방에 있던 일부 영상과 사진이 그의 스마트폰에... ",https://lawtalknews.co.kr/article/YQNG3PJZGBVB,"Fri, 20 Mar 2026 17:04:00 +0900"
"주식회사 지에스엔씨, ‘아이즈레인(ISREIGN)’ 이메일 통합보안 솔루션...","아이즈레인(ISREIGN)은 <b>스팸</b> 및 피싱 메일 차단 첨부파일 악성코드 탐지, 동적분석 발신 메일 보안 및 유출 방지 및 이상 행위 탐지 등 이메일 전 영역을 단일 체계로 통합 관리한다. 이를 통해 기업은 다수의 보안... ",https://www.megaeconomy.co.kr/news/newsview.php?ncode=1065598379889816,"Fri, 20 Mar 2026 16:36:00 +0900"
"서울대병원 환자정보 1만6000건 유출 &quot;병원, 재발 방지 대책 마련&quot;","단순 <b>스팸</b>이나 보이스피싱을 넘어, 보험·취업·사회적 낙인 등 다양한 영역에서 부정적 영향을 미칠 수 있다는 점에서 일반 개인정보 유출보다 위험성이 높다. 환자 입장에서는 병원을 통한 정보 보호에 대한 신뢰가 크게... ",https://www.ppss.kr/news/articleView.html?idxno=288988,"Fri, 20 Mar 2026 16:16:00 +0900"
무작위 발송 피싱 문자에…“코웨이 사칭 주의하세요”,"특정 고객 정보를 기반으로 한 범죄가 아니라, 불특정 다수를 대상으로 메시지를 발송한 뒤 반응자를 노리는 ‘<b>스팸</b>형 사칭 범죄’로 보고 있다. 코웨이 관계자는 “최근 코웨이를 사칭해 허위 결제나 인출 사실을... ",https://www.kukinews.com/article/view/kuk202603200125,"Fri, 20 Mar 2026 15:26:00 +0900"
"송파구, 공공기관 사칭 막는 'RCS 안심문자 서비스' 도입","최근 가짜 문자를 활용한 사기(스미싱, 피싱)가 늘면서 구청에서 보낸 안내 문자를 <b>스팸</b>으로 오해해... 글자와 인터넷 주소(URL) 링크 중심이었던 기존 문자는 <b>스팸</b>이나 위조 가능성이 크다는 한계가 있었다. 이제... ",https://www.gukjenews.com/news/articleView.html?idxno=3534528,"Fri, 20 Mar 2026 15:04:00 +0900"
"하워드 막스 &quot;AI는 확실한 게임체인저, 그러나 투자는 신중하게&quot;","제가 퍼플렉시티에게 AI의 역사에 대한 질문을 던졌더니 제게 알려주기를, AI는 2010년 직전에 눈에 보이지 않는 형태로(예: <b>스팸</b> 필터 및 추천 엔진) 장치 속에 들어가기 시작했다고 합니다. 그 후 몇 년이 지나면서 시리... ",https://n.news.naver.com/mnews/article/015/0005264858?sid=101,"Fri, 20 Mar 2026 14:30:00 +0900"
“콘셉트가 좋다고 장사가 되는 건 아니다” 식당이 오래 살아남는 진짜...,"흰쌀밥과 차돌된장찌개 또는 김치찌개나 순두부찌개, 계란후라이, 제육볶음, <b>스팸</b> 두 조각과 맛김이 들어가는 한상차림은 12000~13000원대 가격이다. 한식 전문점 못지않은 풍성한 구성은 분식에서는 드문 메뉴지만, ‘정성’... ",https://n.news.naver.com/mnews/article/009/0005653329?sid=101,"Fri, 20 Mar 2026 14:14:00 +0900"
“구청에서 보낸 소식 맞습니다”,구는 “글자와 인터넷 주소(URL) 중심인 기존 문자는 <b>스팸</b>이나 위조 가능성이 크다는 한계가 있었다”며 “송파구 안심문자에는 구 로고와 기관 명칭이 함께 표시된다”고 설명했다. 한국인터넷진흥원이 인증한 파란색... ,https://www.naeil.com/news/read/581988?ref=naver,"Fri, 20 Mar 2026 13:06:00 +0900"
민주당 광주시당 기초의원 후보 26명 확정…‘ARS 먹통’ 오점,‘<b>스팸</b> 분류’에 투표 전화 불통…4년 전 사태 재현 ‘빈축’ 순조로워야 할 경선 과정은 기술적 결함으로 큰... 조사 결과 해당 통신사의 AI 시스템이 여론조사 번호를 <b>스팸</b>으로 자동 차단한 것이 원인이었다. 시당은... ,https://www.kukinews.com/article/view/kuk202603200057,"Fri, 20 Mar 2026 12:10:00 +0900"
코웨이 &quot;선결제 설치 안내 문자 주의하세요&quot;…사칭 피싱 주의,"특정 고객 정보를 확보해 접근하는 것이 아니라, 불특정 다수에게 무차별적으로 메시지를 뿌린 뒤 반응이 오는 대상을 낚는 '<b>스팸</b>형 사칭 범죄'를 벌이고 있는 것으로 예상된다. 코웨이 관계자는 &quot;현재 발생하는 사례들은... ",https://n.news.naver.com/mnews/article/421/0008838080?sid=101,"Fri, 20 Mar 2026 12:06:00 +0900"
“진짜 송파구입니다”사칭 막는 안심문자 확인하세요[서울25],글자와 인터넷 주소(URL) 링크 중심이었던 기존 문자는 <b>스팸</b>이나 위조 가능성이 크다는 한계가 있었는데... 지금까지는 가짜 문자를 활용한 사기(스미싱·피싱)가 늘면서 구청에서 보낸 안내 문자를 <b>스팸</b>으로 오해해... ,https://n.news.naver.com/mnews/article/032/0003434585?sid=102,"Fri, 20 Mar 2026 11:36:00 +0900"
민주당 광주시당 기초의원 경선 26명 확정…시스템 오류 '빈축',"확인 결과 A통신사의 인공지능(AI) 시스템이 여론조사 업체의 발신 번호를 <b>스팸</b>으로 자동 분류하면서 투표 연락이 차단된 것으로 파악됐다. 시당은 투표 시작 3~4시간이 지나서야 상황을 인지하고 조치에 나섰으나, 이... ",https://www.newsworks.co.kr/news/articleView.html?idxno=834775,"Fri, 20 Mar 2026 11:26:00 +0900"
"송파구, 공공기관 사칭 ‘가짜문자’ 막는다",글자와 인터넷 주소(URL) 링크 중심이었던 기존 문자는 <b>스팸</b>이나 위조 가능성이 크다는 한계가 있었다. 이제 송파구의 안심문자를 받으면 화면에 구 로고와 기관 명칭이 함께 나타난다. 또한 한국인터넷진흥원(KISA)이... ,https://n.news.naver.com/mnews/article/016/0002616867?sid=102,"Fri, 20 Mar 2026 11:19:00 +0900"
"&quot;가짜 문자 OUT&quot; 송파구, RCS 안심문자 도입","구에 따르면 최근 가짜 문자를 이용한 스미싱, 피싱이 증가하면서 구청 안내 문자를 <b>스팸</b>으로 오인해... 기존 문자는 <b>스팸</b>이나 위조의 위험이 컸지만, 새 서비스는 구 로고와 기관 명칭이 화면에 표시되며 KISA 인증 파란색... ",https://www.jeonmae.co.kr/news/articleView.html?idxno=1240399,"Fri, 20 Mar 2026 10:06:00 +0900"
"“송파구 공식 문자 메시지, 이제 한눈에 확인하세요”",문자를 <b>스팸</b>으로 오해해 삭제하는 경우가 많아진데 따른 것이다. 구는 RCS 안심문자 도입으로 구 로고와... 구민들이 <b>스팸</b>으로 오인해 문자를 삭제하는 일이 줄어들 것으로 기대하고 있다. 상세 정보 역시 안전하게... ,https://n.news.naver.com/mnews/article/081/0003627734?sid=100,"Fri, 20 Mar 2026 09:58:00 +0900"
"송파구, 공공기관 사칭 막는 'RCS 안심문자 서비스' 도입","이 서비스를 통해 공공기관 사칭 문자로 인한 혼란을 줄이고, 구정 소식을 <b>스팸</b>으로 오해해 삭제하는 일이 줄어들면서 행정서비스 전달력도 높아질 것으로 구는 기대했다. 서강석 구청장은 &quot;앞으로도 새로운 기술을... ",https://n.news.naver.com/mnews/article/001/0015970463?sid=102,"Fri, 20 Mar 2026 09:06:00 +0900"
"감튀·경도·케첩까지… 당근, 오프라인 모임 문화 키운다","감자튀김, 계란말이, <b>스팸</b> 등 케첩과 어울리는 음식을 매개로 참가자들이 취향을 나누고, 케첩 아티스트 전시와 소스 취향 토론 프로그램도 진행한다. 참가 신청은 3월 19일부터 31일까지 앱 내 이벤트 페이지에서 받는다.... ",https://www.venturesquare.net/1061511/,"Fri, 20 Mar 2026 09:05:00 +0900"
[SKT 이사회 리빌딩]② '재무통' 전면 배치… AI 투자 새판 짠다,"현재 AI 기반 <b>스팸</b>전화 차단, 음성 비서 등 AI 기술 고도화를 추진 중이며 AI CIC장인 정석근 최고기술책임자(CTO)가 이사회 의장을 맡고 있다. 또한 윤 사장은 IBM 코리아에서 IT 개발자로 수년간 근무하며 그룹 내 대표... ",https://n.news.naver.com/mnews/article/293/0000081253?sid=105,"Fri, 20 Mar 2026 09:04:00 +0900"
"송파구, 공공기관 사칭 막는 ‘RCS 안심 문자 서비스’ 도입",송파구청 제공 최근 가짜 문자를 활용한 사기가 기승을 부리면서 구청에서 보낸 공식 안내 문자조차 <b>스팸</b>으... 글자와 인터넷주소(URL) 링크 중심이었던 기존 문자는 악성 앱 설치를 유도하는 <b>스팸</b>이나 위조 가능성이... ,https://n.news.naver.com/mnews/article/021/0002778562?sid=102,"Fri, 20 Mar 2026 08:48:00 +0900"
"&quot;케첩도 취향이다&quot;… 당근×하인즈, 을지로서 '찍먹 토크파티' 개최","감자튀김을 비롯해 계란말이, <b>스팸</b> 등 다양한 메뉴와 케첩의 궁합을 찾아보는 페어링 체험이 마련되며, 케첩 아티스트 작품 감상과 소스 취향 토론, '케첩 고백' 등 유쾌한 콘텐츠도 함께 운영된다. 참가자들에게는... ",http://www.newsian.co.kr/news/articleView.html?idxno=87445,"Fri, 20 Mar 2026 07:48:00 +0900"
"송파구, 공공기관 사칭 막는 ‘RCS 안심문자 서비스’ 도입","최근 가짜 문자를 활용한 사기(스미싱, 피싱)가 늘면서 구청에서 보낸 안내 문자를 <b>스팸</b>으로 오해해... 글자와 인터넷 주소(URL) 링크 중심이었던 기존 문자는 <b>스팸</b>이나 위조 가능성이 크다는 한계가 있었다. 이제... ",https://n.news.naver.com/mnews/article/016/0002616581?sid=102,"Fri, 20 Mar 2026 07:31:00 +0900"
"[단독]LG, 美 프라이버시 플랫폼 '클로크드' 투자","또 AI 기반 콜가드(Call Guard) 기능을 통해 수신 전화를 실시간으로 필터링해 <b>스팸</b>, 사기 등을 방지한다. 아울러 데이터 중개업체와 인물 검색 사이트 등에서 개인 정보를 자동으로 삭제해준다.",https://thetracker.co.kr/View.aspx?No=4010792,"Fri, 20 Mar 2026 06:31:00 +0900"
"비트코인 인플루언서, X 수익 창출 중단에 억울함 호소...알고보니 악어...",X(구 트위터) 측은 해당 계정이 비정상적인 활동과 <b>스팸</b> 정책을 위반했다는 이유로 이 같은 조치를 내렸다.... 제작자는 자신의 활동이 <b>스팸</b>으로 분류된 것이 잘못된 판단이라며 X(구 트위터) 측의 결정을 받아들이기... ,http://coinreaders.com/224918,"Thu, 19 Mar 2026 23:52:00 +0900"
"당근, 하인즈와 '공식 케첩모임' 개최","현장에서 감자튀김, 계란말이, <b>스팸</b> 등과 케첩을 페어링하는 프로그램을 진행한다. 케첩 아티스트 작품 감상, 소스 취향 토론 등도 운영된다. 참가자에게는 '하인즈 케첩 파우치 세트', '당근×하인즈 미니 냉장고' 등 협업... ",http://www.lawissue.co.kr/view.php?ud=20260319184812904204ead0791_12,"Thu, 19 Mar 2026 18:50:00 +0900"
"하인즈, 당근과 손잡고 '케첩모임' 연다…을지로 골뱅이집서 이색 오프...","지원자는 '제출하기' 버튼을 클릭한 후 감자튀김, 계란말이, <b>스팸</b> 중 케첩과 함께 즐기고 싶은 메뉴를... 행사 당일에는 감자튀김을 비롯해 계란말이, <b>스팸</b> 등 케첩과 페어링하기 좋은 메뉴가 무료로 제공되며, 참여자들은... ",https://www.businesskorea.co.kr/news/articleView.html?idxno=265637,"Thu, 19 Mar 2026 18:08:00 +0900"
[홍준성의 개념 쌓기] 지능과 능지 그리고 교만한 안도감,곧 대박이 날 주식 정보를 알려주겠다거나 손쉬운 부업을 통해 고수익을 올리게 해주겠다는 등의 온갖 <b>스팸</b> 문자들이 쇄도한다. 금융기관을 사칭해 가짜 정책금융상품 가입을 유도하고 돈을 갈취하기도 한다. 사기는... ,https://n.news.naver.com/mnews/article/082/0001371838?sid=110,"Thu, 19 Mar 2026 18:03:00 +0900"
‘감튀모임’ 열풍에 하인즈도 나섰다… 당근과 손잡고 을지로 노포에서...,"행사 당일에는 바삭한 감자튀김은 물론 계란말이, <b>스팸</b> 등 케첩 페어링을 제대로 즐길 수 있는 메뉴가 무료로... 감자튀김·계란말이·<b>스팸</b> 중 케첩과 함께 먹고 싶은 메뉴 하나를 고르고 지원동기를 작성해 제출하면 된다.... ",https://n.news.naver.com/mnews/article/020/0003705446?sid=101,"Thu, 19 Mar 2026 17:50:00 +0900"
"가까운 고객만 노린다…당근, 100m 단위 ‘핀셋 광고’ 도입","이용자 또한 내 생활권과 밀접한 할인 소식이나 오픈 정보 등을 받아보게 되어, 광고를 <b>스팸</b>이 아닌 유용한 지역 정보로 인식하게 되는 효과가 있다. 로컬에 특화된 광고 모델이 연달아 적중하며 당근의 외형 성장도... ",https://n.news.naver.com/mnews/article/092/0002415254?sid=105,"Thu, 19 Mar 2026 17:18:00 +0900"
"﻿당근, 하인즈와 '공식 케첩모임' 개최","현장에서는 감자튀김, 계란말이, <b>스팸</b> 등 케첩과 가장 잘 어울리는 메뉴를 찾는 페어링 프로그램을 진행한다. ﻿케첩 아티스트 작품 감상, 다양한 소스 취향 토론, 양심 고백 대신 케첩을 향한 케첩 고백 등 다채로운... ",https://www.pointdaily.co.kr/news/articleView.html?idxno=297076,"Thu, 19 Mar 2026 16:50:00 +0900"
"하인즈, 당근과 손잡고 '케첩모임' 연다","지원자는 '제출하기' 버튼을 클릭한 후 감자튀김, 계란말이, <b>스팸</b> 중 케첩과 함께 즐기고 싶은 메뉴를... 행사 당일에는 감자튀김을 비롯해 계란말이, <b>스팸</b> 등 케첩과 페어링하기 좋은 메뉴가 무료로 제공되며 참여자들은... ",http://www.bizwnews.com/news/articleView.html?idxno=129780,"Thu, 19 Mar 2026 16:14:00 +0900"
"하인즈X당근, 을지로 골뱅이집서 이색 '케첩모임' 진행","지원자는 '제출하기' 버튼을 클릭한 후 감자튀김, 계란말이, <b>스팸</b> 중 케첩과 함께 즐기고 싶은 메뉴를... 행사 당일에는 감자튀김을 비롯해 계란말이, <b>스팸</b> 등 케첩과 페어링하기 좋은 메뉴가 무료로 제공되며, 참여자들은... ",https://www.cstimes.com/news/articleView.html?idxno=698417,"Thu, 19 Mar 2026 16:10:00 +0900"
"허구일색, AI 슬롭","<b>스팸</b>은 광고 형태를 띄나, 슬롭은 유익한 정보나 뉴스 등으로 위장하는  교묘함 논란에 그 피해 역시 지대하다. 슬롭 콘텐츠를 지속적으로 소비하는 이용자는 지적 사고와 판단력이 떨어지는 '브레인롯(brain-rot)... ",http://www.samdailbo.com/news/articleView.html?idxno=261297,"Thu, 19 Mar 2026 16:00:00 +0900"
"하인즈, 당근과 손잡고 ‘케첩모임’ 연다","지원자는 ‘제출하기’ 버튼 클릭 후 감자튀김, 계란말이, <b>스팸</b> 중 케첩과 함께 즐기고 싶은 메뉴를 선택하고... 행사 당일에는 감자튀김을 비롯해 계란말이, <b>스팸</b> 등 케첩과 페어링하기 좋은 메뉴를 무료로 제공하며... ",https://n.news.naver.com/mnews/article/382/0001262764?sid=101,"Thu, 19 Mar 2026 15:27:00 +0900"
"[Daily New유통] 풀무원다논, 세븐일레븐, 삼양식품 外","감자튀김, 계란말이, <b>스팸</b> 등 케첩과 어울리는 메뉴를 즐기는 페어링 프로그램과 케첩 아티스트 작품 감상, 소스 취향 토론 등 체험 프로그램을 운영한다. 참가 신청은 3월 19일부터 31일까지 당근 앱 이벤트 페이지에서... ",https://biz.newdaily.co.kr/site/data/html/2026/03/19/2026031900048.html,"Thu, 19 Mar 2026 15:10:00 +0900"
"KT·LGU+, '기회비용' 따져 해킹 은폐…'처벌 강화' 촉구",▲사업자 고의 또는 중과실에 의한 침해사고가 5년 이내 2회 이상 반복 발생 시 매출액의 3% 이내 과징금 부과 ▲침해 정황만으로도 정부 직권으로 민관합동조사단 구성 ▲불법<b>스팸</b> 전송·방치하는 등 정보통신망법에... ,https://www.newsway.co.kr/news/view?ud=2026031914280473397,"Thu, 19 Mar 2026 14:58:00 +0900"
"하인즈, 당근과 손잡고 ‘케첩모임’…오프라인 이벤트 개최","<b>스팸</b> 중 케첩과 함께 즐기고 싶은 메뉴를 선택하고 지원동기를 작성해 제출하면 된다. 지원동기를 기준으로 총 100명을 선발한다. 행사는 4월 7일 서울 을지로 '대성골뱅이'에서 열린다. 현장에서 감자튀김, 계란말이, <b>스팸</b>... ",https://www.betanews.net/article/view/beta202603190046,"Thu, 19 Mar 2026 14:58:00 +0900"
"“감튀로 친구 찾던 MZ, 이번엔 을지로 ‘케첩모임’ 몰린다”",지원자는 감자튀김·계란말이·<b>스팸</b> 중 가장 선호하는 ‘케첩 페어링 메뉴’를 선택하고 참여 이유를 작성해야 한다. 선정된 참가자들은 행사 당일 다양한 안주와 함께 새로운 이웃과 교류하는 시간을 갖게 된다. 행사... ,https://n.news.naver.com/mnews/article/022/0004114113?sid=101,"Thu, 19 Mar 2026 14:10:00 +0900"
"[르포] CJ프레시웨이, 외식 트렌드·유통 혁신 ‘푸드솔루션페어’ 현장...",이 같은 바잉파워로 비비고·햇반·<b>스팸</b> 등에 들어가는 원료를 대량으로 조달하며 가격 경쟁력을 확보할 수 있다. ▲CJ프레시웨이 원료사업부 부스/사진=토요경제 원료사업부는 “글로벌 원산지 인프라를 기반으로... ,https://sateconomy.co.kr/news/view/1065619170650484,"Thu, 19 Mar 2026 13:56:00 +0900"
"수수료 막히고 이자비용 폭등 … 카드사, '회원 데이터'로 새 먹거리 찾...",무차별적인 <b>스팸</b> 광고가 아닌 실시간 결제 정보를 기반으로 맞춤형으로 면세점 정보를 제공하는 등 데이터 수익을 창출하고 있다. 이같은 행보는 금융당국이 추진하는 상생금융 및 디지털 금융 혁신 기조와도 맞닿아... ,https://biz.newdaily.co.kr/site/data/html/2026/03/19/2026031900240.html,"Thu, 19 Mar 2026 13:52:00 +0900"
"케첩과 어울리는 메뉴 찾아라…당근, 하인즈와 모임 개최",현장에서는 ▲감자튀김 ▲계란말이 ▲<b>스팸</b> 등 케첩과 가장 잘 어울리는 메뉴를 찾는 페어링 프로그램이 진행되며 ▲케첩 아티스트 작품 감상 ▲다양한 소스 취향 토론 ▲양심 고백 대신 케첩을 향한 케첩 고백 등 다양한... ,https://n.news.naver.com/mnews/article/092/0002415172?sid=105,"Thu, 19 Mar 2026 13:21:00 +0900"
"하인즈, 당근과 협업해 '케첩모임' 개최","<b>스팸</b> 중 케첩과 함께 즐기고 싶은 메뉴를 선택하고 지원동기를 작성해 제출하면 된다. 지원동기를 기준으로 총 100명을 선발한다. 행사는 4월 7일 서울 을지로 '대성골뱅이'에서 열린다. 현장에서 감자튀김, 계란말이, <b>스팸</b>... ",http://www.lawissue.co.kr/view.php?ud=202603191246212219204ead0791_12,"Thu, 19 Mar 2026 12:48:00 +0900"
교육 현장 개인정보 유출 사고 반복…&quot;처벌 규정 마련해야&quot;,인터뷰: 강석조 위원장 / 초등교사노동조합 &quot;아이스크림에 개인정보 유출된 다음에 (피해 교사에게) <b>스팸</b>메일이 처음으로 왔다고 하더라고요. 초등교사 90% 이상이 가입하고 있는 사이트에서 심지어 디지털교과서까지... ,http://news.ebs.co.kr/ebsnews/allView/60704895/N,"Thu, 19 Mar 2026 12:42:00 +0900"
"당근, 하인즈와 손잡고 '케첩 모임' 연다…을지로서 이색 이벤트 진행","현장에서는 감자튀김, 계란말이, <b>스팸</b> 등과 케첩의 궁합을 비교하는 페어링 프로그램이 운영되며, 케첩 아티스트 작품 전시와 소스 취향 토론, 케첩을 주제로 한 참여형 콘텐츠 등 이색 프로그램도 진행된다.... ",https://www.joongangenews.com/news/articleView.html?idxno=503800,"Thu, 19 Mar 2026 11:30:00 +0900"
"KT, 이동통신·인터넷·IPTV 브랜드파워 2년 연속 1위","당일 발생하는 <b>스팸</b>에 신속 대응할 수 있도록 'AI 실시간 <b>스팸</b> 차단 키워드 등록 시스템'을 마련하고, 보이스피싱을 3중으로 탐지하는 서비스를 제공한다. 초고속인터넷 부문에선 KT 기가인터넷이 26년 연속 1위를... ",https://www.digitaltoday.co.kr/news/articleView.html?idxno=642839,"Thu, 19 Mar 2026 10:46:00 +0900"
당근×하인즈 '공식 케첩모임' 연다,"현장에서는 감자튀김, 계란말이, <b>스팸</b> 등 케첩과 가장 잘 어울리는 메뉴를 찾는 페어링 프로그램이 진행된다. 케첩 아티스트 작품 감상, 다양한 소스 취향 토론, 양심 고백 대신 케첩을 향한 케첩 고백 등의 프로그램도... ",https://www.shinailbo.co.kr/news/articleView.html?idxno=5002661,"Thu, 19 Mar 2026 10:08:00 +0900"
"당근, 맥도날드 이어 하인즈와 '케첩모임' 개최…온·오프라인 이웃 연...","이번 행사는 케첩과 잘 어울리는 감자튀김, 계란말이, <b>스팸</b> 등의 메뉴를 맛보는 페어링 프로그램을 시작으로, 케첩 아티스트 작품 감상, 소스 취향 토론, 케첩 고백 등 다채로운 코너로 꾸려진다. 참가자에게는 양사가... ",https://www.pointe.co.kr/news/articleView.html?idxno=75687,"Thu, 19 Mar 2026 09:58:00 +0900"
"KT, 한국산업 브랜드파워 조사 3관왕","당일 발생하는 <b>스팸</b>에 신속 대응할 수 있도록 ‘AI 실시간 <b>스팸</b> 차단 키워드 등록 시스템’을 마련하고, 보이스피싱을 3중으로 탐지하는 서비스를 제공한다. KT가 WiFi7 표준을 지원하는 ‘KT WiFi 7D’를 선보였다. (사진... ",https://n.news.naver.com/mnews/article/092/0002415112?sid=105,"Thu, 19 Mar 2026 09:58:00 +0900"
"당근, 을지로서 '케첩모임' 개최…지역 모임 활성화 나선다","감자튀김, 계란말이, <b>스팸</b> 등과 케첩의 궁합을 비교하는 페어링 프로그램이 진행된다. 케첩 아트 전시와 소스 취향 토론 등 참여형 콘텐츠도 마련된다. 참가자는 100명 규모로 모집한다. 신청은 3월 19일부터 31일까지 당근... ",https://www.megaeconomy.co.kr/news/newsview.php?ncode=1065574471824380,"Thu, 19 Mar 2026 09:56:00 +0900"
"하인즈, 당근과 손잡고 ‘케첩모임’ 연다… 을지로 골뱅이집서 이색 오...","지원자는 ‘제출하기’ 버튼을 클릭한 후 감자튀김, 계란말이, <b>스팸</b> 중 케첩과 함께 즐기고 싶은 메뉴를... 행사 당일에는 감자튀김을 비롯해 계란말이, <b>스팸</b> 등 케첩과 페어링하기 좋은 메뉴가 무료로 제공되며... ",https://www.wikitree.co.kr/articles/1126210,"Thu, 19 Mar 2026 09:54:00 +0900"
"KT, 이동통신·인터넷·IPTV 전 부문 브랜드파워 2년 연속 1위",당일 발생하는 <b>스팸</b>에 대응할 수 있도록 'AI 실시간 <b>스팸</b> 차단 키워드 등록 시스템'을 마련하고 보이스피싱을 3중으로 탐지하는 서비스를 제공하고 있다. 초고속인터넷 부문에서는 KT 기가인터넷이 26년 연속 1위를... ,https://n.news.naver.com/mnews/article/014/0005493947?sid=105,"Thu, 19 Mar 2026 09:50:00 +0900"
"박기석號 시공테크, 아이스크림미디어 '유출 사고'로...그룹 재정비 발...","그러면서도 웹사이트의 명의도용이나 보이스피싱, <b>스팸</b> 문자 등의 2차 피해 발생 가능성에 대해 각별한 주의를 당부했다. 전자공시시스템에 따르면 아이스크림미디어 '하이클래스'의 교사·학생·학부모 회원 누적... ",https://www.pointe.co.kr/news/articleView.html?idxno=75600,"Thu, 19 Mar 2026 09:44:00 +0900"
"KT, 韓 브랜드파워 조사 통신·인터넷·IPTV 전 부문 2년 연속 1위","당일 발생하는 <b>스팸</b>에 신속 대응할 수 있도록 ‘AI 실시간 <b>스팸</b> 차단 키워드 등록 시스템’을 마련하고, 보이스피싱을 3중으로 탐지하는 서비스를 통해 안전한 통신 환경과 차별화된 고객 가치를 제공하고 있다.... ",https://n.news.naver.com/mnews/article/003/0013831650?sid=105,"Thu, 19 Mar 2026 09:42:00 +0900"
"[리얼푸드] ‘감튀모임’ 이어 ‘케첩모임’?…하인즈, 당근과 손잡고 ...","지원자는 ‘제출하기’ 버튼을 클릭한 후 감자튀김, 계란말이, <b>스팸</b> 중 케첩과 함께 즐기고 싶은 메뉴를... 행사 당일에는 감자튀김을 비롯해 계란말이, <b>스팸</b> 등 케첩과 페어링하기 좋은 메뉴가 무료로 제공된다.... ",https://www.realfoods.co.kr/article/10697727?ref=naver,"Thu, 19 Mar 2026 09:38:00 +0900"
"당근, 하인즈와 '케첩' 이벤트…을지로 야장서 모인다","현장에서는 감자튀김, 계란말이, <b>스팸</b> 등 케첩과 가장 잘 어울리는 메뉴를 찾는 페어링 프로그램이 진행된다. 케첩 아티스트 작품 감상, 소스 취향 토론, 양심 고백 대신 케첩을 향한 케첩 고백 등 프로그램을 운영한다.... ",https://n.news.naver.com/mnews/article/030/0003408962?sid=101,"Thu, 19 Mar 2026 09:29:00 +0900"
"당근 X 하인즈, '공식 케첩모임' 개최...&quot;을지로 야장서 케첩 짝꿍 찾자...","현장에서는 감자튀김, 계란말이, <b>스팸</b> 등 케첩과 가장 잘 어울리는 메뉴를 찾는 페어링 프로그램이 진행되며, 케첩 아티스트 작품 감상, 다양한 소스 취향 토론, 양심 고백 대신 케첩을 향한 케첩 고백 등 다채로운... ",https://www.businesskorea.co.kr/news/articleView.html?idxno=265552,"Thu, 19 Mar 2026 09:18:00 +0900"
"당근, 하인즈와 '케첩모임' 개최","현장에서는 감자튀김, 계란말이, <b>스팸</b> 등 케첩과 가장 잘 어울리는 메뉴를 찾는 페어링 프로그램이 진행된다. 케첩 아티스트 작품 감상, 다양한 소스 취향 토론, 양심 고백 대신 케첩을 향한 케첩 고백 등 다채로운... ",http://www.hansbiz.co.kr/news/articleView.html?idxno=825585,"Thu, 19 Mar 2026 09:08:00 +0900"
"지에스엔씨(GSNC), 차세대 메일보안 솔루션 '아이즈레인(ISREIGN)' 공식 출...","기존 메일보안이 <b>스팸</b>, 악성 파일, URL 차단 등 필터링 중심 기능에 집중해 온 것과 달리, 공격의 의도와 위험 요소를 분석해 보안 판단의 근거를 보다 명확하게 제시하는 데 초점을 맞춘 것이 특징이다. 특히 메일에... ",https://www.epnc.co.kr/news/articleView.html?idxno=330065,"Thu, 19 Mar 2026 09:00:00 +0900"
"하인즈, 당근과 '케첩모임'…을지로 골뱅이집서 이색 이벤트","지원자는 '제출하기' 버튼을 클릭한 후 감자튀김, 계란말이, <b>스팸</b> 중 케첩과 함께 즐기고 싶은 메뉴를... 행사 당일에는 감자튀김을 비롯해 계란말이, <b>스팸</b> 등 케첩과 페어링하기 좋은 메뉴가 무료로 제공되며, 참여자들은... ",https://www.slist.kr/news/articleView.html?idxno=724915,"Thu, 19 Mar 2026 08:40:00 +0900"
"당근, 하인즈와 '케첩모임' 연다","현장에서는 감자튀김, 계란말이, <b>스팸</b> 등 케첩과 가장 잘 어울리는 메뉴를 찾는 페어링 프로그램이 진행된다. 케첩 아티스트 작품 감상, 다양한 소스 취향 토론, 양심 고백 대신 케첩을 향한 케첩 고백 등 다채로운... ",https://n.news.naver.com/mnews/article/277/0005736613?sid=101,"Thu, 19 Mar 2026 08:36:00 +0900"
민주당 광주시당 기초 경선 '자동응답 오류',"민주당 광주시당은 뒤늦게 통신사 AI <b>스팸</b> 차단 문제를 확인해 일정을 조정했지만, 일부 당원이 투표를 포기하고 개표 결과 발표도 미뤄졌습니다. 민주당 광주시당은 2022년 지방선거 때도 자동응답 전화투표 오류로... ",https://n.news.naver.com/mnews/article/660/0000105567?sid=100,"Thu, 19 Mar 2026 08:24:00 +0900"
&quot;당근 오프라인 소셜 플랫폼 진화&quot; 하인즈 손잡고 취향 공동체 구축,이번 모임은 감자튀김 계란말이 <b>스팸</b> 등 케첩과 어울리는 메뉴를 하인즈 제품과 함께 즐기는 자리다. 참석자들은 현장에서 가장 잘 어울리는 메뉴를 찾는 페어링 프로그램에 참여한다. 케첩 아티스트 작품 감상 소스 취향... ,https://www.econovill.com/news/articleView.html?idxno=733802,"Thu, 19 Mar 2026 08:16:00 +0900"
"[장욱희의 중장년 취업에세이] 서치펌 활용, 중장년 재취업의 &quot;새 기회...",많은 중장년이 서치펌에서 연락이 오면 '혹시 <b>스팸</b>이 아닐까?' 또는 '나와는 상관없는 제안일 것'이라고 생각하며 대화를 짧게 끝내는 경우도 있다. 그러나 그 한 번의 대화가 새로운 경력 기회의 출발점이 되기도 한다.... ,https://www.newspim.com/news/view/20260317000324,"Thu, 19 Mar 2026 07:00:00 +0900"
이더리움 재단 ‘중립 스튜어드’ 선언…리더십 공백 논쟁 재점화,"아니라 “특정한 유일한 인간에게 귀속된 주체”임을 증명하려는 시도입니다. 이를 통해 <b>스팸</b>·사기·중복 계정 문제를 줄이고, 에이전트 상거래(에이전틱 커머스)가 현실 경제로 확장되는 기반을 만들 수 있습니다.",https://www.tokenpost.kr/news/blockchain/340948,"Thu, 19 Mar 2026 01:32:00 +0900"
"KT, 고객 중심 상품·AI기반 보안 강화",당일 발생하는 <b>스팸</b>에도 신속하게 대응할 수 있는 'AI 실시간 <b>스팸</b> 차단 키워드 등록 시스템'을 마련했다. KT는 앞으로도 상품과 서비스 전반에 생활과 밀접한 혜택을 확대하고 AI 기술을 활용한 실질적인 가치 제공을... ,https://n.news.naver.com/mnews/article/009/0005652417?sid=101,"Thu, 19 Mar 2026 00:02:00 +0900"
[팩트추적] 피해 구제도 막막…달콤한 분양의 덫,"이 정보가 여러 영업조직에 공유되면, 계약이 성사될 때까지 무차별적인 <b>스팸</b> 전화와 끈질긴 설득이 이어집니다. 일부 시행사들은 관심 고객을 알선한 업체에 수수료를 지급하기도 하는데, 이런 관행을 악용해 일단... ",https://n.news.naver.com/mnews/article/052/0002329165?sid=004,"Wed, 18 Mar 2026 23:45:00 +0900"
"민주당 광주시당, 경선관리 부실",확인 결과 A통신사의 인공지능(AI) 시스템이 여론조사 업체 발신 번호를 <b>스팸</b>으로 자동 분류하면서 투표 연락이 도달하지 않은 것으로 파악하고 <b>스팸</b> 등록해제 등 조치를 취하고 투표 일정을 조정했다. 광주시당은 “이번... ,http://www.jndn.com/article.php?aid=1773834989429104003,"Wed, 18 Mar 2026 21:00:00 +0900"
"SKT, 찾아가는 서비스 확대…“고객 신뢰, 현장 소통으로 회복”","온오프라인 접근성이 낮은 디지털 취약 계층을 직접 찾아가 <b>스팸</b>·스미싱 차단 점검, 보이스피싱 예방 등 보안 교육부터 불필요한 부가서비스 해지, 통신 요금제 설계 등까지 도와주는 활동이다. 이동식 차량 ‘AS... ",https://it.donga.com/108577/,"Wed, 18 Mar 2026 18:28:00 +0900"
S26 인공지능 AI 기능 총정리... 촬영·편집·알림까지 완전 새로워,"삼성이 갤럭시S26 시리즈를 통해 선보인 새로운 인공지능(AI) 기능들이 공개되면서, 이번 세대에서는 단순한 기능 추가를 넘어 ‘사용 방식 변화’에 초점이 맞춰졌다는 평가가 나온다. 특히 원UI 8.5 기반의... ",https://www.betanews.net/article/view/beta202603180077,"Wed, 18 Mar 2026 18:14:00 +0900"
"SKT, ‘에이닷 전화’에 성문 데이터 분석 결합…AI 보이스피싱 탐지 고...","통화 전 단계에서는 AI가 <b>스팸</b>·피싱 의심 번호를 실시간으로 분석해 위험 전화 연결 자체를 차단한다. 통화 중에는 AI 모델이 대화 흐름과 패턴, 보이스피싱 의심 키워드, 금융 정보 요구 여부 등 요소를 실시간으로... ",https://n.news.naver.com/mnews/article/029/0003016679?sid=105,"Wed, 18 Mar 2026 17:53:00 +0900"
"[현장] &quot;고객 신뢰는 경험으로 회복&quot;…SKT, 사이버 침해사고 이후 '현장...",인천공항 로밍센터와 스포츠 경기장 등 주요 접점에서 '스마트폰 보안 점검' 캠페인을 운영하며 스미싱·<b>스팸</b> 대응 등 실질적인 보호 조치를 제공하고 있다. 고객 의견을 경영에 반영하는 구조 역시 강화됐다. SK텔레콤은... ,https://www.industrynews.co.kr/news/articleView.html?idxno=79121,"Wed, 18 Mar 2026 15:44:00 +0900"
솔라나 6주년 맞았지만…반복된 장애·해킹에 ‘신뢰’ 논쟁 재점화,봇 <b>스팸</b>과 인프라 병목이 드러낸 취약성 전환점은 2021년 9월이었다. 레이디움(Raydium) 기반 토큰 세일(IDO) 과정에서 봇 <b>스팸</b>(Bot Spam)이 폭발적으로 유입되며 초당 수십만 건 규모의 트랜잭션이 네트워크를 압박했고... ,https://www.tokenpost.kr/news/cryptocurrency/340689,"Wed, 18 Mar 2026 15:40:00 +0900"
"[창원 24시] 창원시, 공공기관 2차 이전 대응 '공공기관 유치원회' 출범","매월 22일 기후행동의 날에는 불필요한 메일 삭제와 <b>스팸</b>차단 등을 통해 탄소발자국 줄이기, '종이 없는 회의 확대', '양면·흑백 인쇄 생활화' 등 탄소중립을 위한 노력을 이어간다. 이와 더불어 실질적인 에너지 절약과... ",https://n.news.naver.com/mnews/article/586/0000124683?sid=102,"Wed, 18 Mar 2026 15:18:00 +0900"
X 프로덕트 총괄 “30일 내 <b>스팸</b> 금전적 유인 크게 줄어들 것”,"소셜 미디어 플랫폼 X의 프로덕트 총괄 니키타 비어가 향후 30일 이내에 X에서 <b>스팸</b>을 통해 얻을 수 있는 금전적 인센티브가 크게 감소할 것이라고 밝혔다. 비어는 이 같은 내용을 X를 통해 전하며, <b>스팸</b>을 통한 수익 창출이... ",https://www.tokenpost.kr/news/breaking/340670,"Wed, 18 Mar 2026 15:08:00 +0900"
"멈춤 반복 속 6년…솔라나, 생존했지만 신뢰 시험은 계속","1월 6~12일에는 중복 트랜잭션을 쏟아내는 봇 <b>스팸</b>으로 거래 성공률이 70%까지 떨어졌고, 1월 21~23일에는... (1) 봇 트래픽/<b>스팸</b>으로 인한 과부하(IDO, NFT 민팅 등), (2) 합의·블록 전파(터빈) 등 핵심 소프트웨어 버그, (3)... ",https://www.tokenpost.kr/news/cryptocurrency/340659,"Wed, 18 Mar 2026 14:58:00 +0900"
"&quot;검찰입니다&quot; 그놈 말투 알아채는 AI…SKT, 위험 목소리 탐지 기능 도입","우선 에이닷 전화는 통화 전 단계에서 <b>스팸</b> 및 피싱 의심 번호를 실시간으로 분석해 위험 전화 연결 자체를 차단한다. 통화가 이뤄지면 대화 내용을 텍스트로 실시간 분석한다. 이 과정에서 보이스피싱 의심 키워드, 대화... ",https://n.news.naver.com/mnews/article/003/0013829998?sid=105,"Wed, 18 Mar 2026 14:13:00 +0900"
"고객 찾아 71개 군으로…SKT &quot;고객 신뢰 회복, 최우선 목표&quot; (현장)","이를 바탕으로 구성원들이 현장에 가서 생활 속 디지털 보안을 강화하기 위한 스마트폰 건강검진을 지원하고 <b>스팸</b>, 스미싱 등에 대해 교육을 진행 중이다. 인천공항 로밍센터에서 5000여명을 지원했고 '서울 SK 나이츠'의... ",https://www.mhj21.com/news/articleView.html?idxno=251092,"Wed, 18 Mar 2026 14:00:00 +0900"
"민주당 광주시당, 기초의원 경선 'ARS 시스템' 오류 발생",SK텔레콤 인공지능(AI) 시스템이 여론조사 업체 전화번호를 <b>스팸</b>으로 인식한 데서 비롯됐다. 이에 광주시당 선거관리위원회는 <b>스팸</b> 번호 등록을 해체하고 투표에 참여하지 못한 권리당원을 대상으로 전날 오후 9시 3회... ,https://www.newspim.com/news/view/20260318000679,"Wed, 18 Mar 2026 13:10:00 +0900"
민주당 광주시당 경선 또 오류…특정 통신사 ARS 투표 ‘먹통’,"투표 시작 직후부터 &quot;전화가 오지 않는다&quot;는 문의가 이어졌지만, 시당은 &quot;<b>스팸</b> 등록 여부를 확인하라&quot;고... 해당 통신사의 인공지능(AI) 시스템이 여론조사 업체 발신 번호를 <b>스팸</b>으로 분류하면서 투표 전화가 전달되지... ",https://n.news.naver.com/mnews/article/277/0005736278?sid=102,"Wed, 18 Mar 2026 12:50:00 +0900"
"&quot;금 대신 먹는다&quot;…1돈 100만원 시대, '금박 디저트' 불티",CJ제일제당이 선보인 '<b>스팸</b> 골드바 에디션'은 한정 판매와 순금 경품 이벤트를 결합해 출시 직후 빠르게 완판되며 화제를 모았다. 호텔업계도 이 흐름에 동참하고 있다. 파크 하얏트 서울은 금박 장식을 더한 페스티브... ,https://n.news.naver.com/mnews/article/243/0000094700?sid=101,"Wed, 18 Mar 2026 11:20:00 +0900"
배달비 아낀 한 끼…'1㎏ 김치찜' 소량 공식 깬 GS25,"18일 관련 업계에 따르면 GS25는 오는 19일 즉시 배송(퀵커머스) 특화 상품인 '<b>스팸</b>순두부김치찜'을 출시한다. 이번 신제품은 무게가 1072g으로 2~3명이 함께 먹을 수 있는 양이다. <b>스팸</b> 3장과 순두부, 김치찜, 도시락 김... ",https://n.news.naver.com/mnews/article/417/0001134702?sid=101,"Wed, 18 Mar 2026 11:12:00 +0900"
"민주당 광주시당, 경선관리 부실…기초의원 ARS 오류 투표 지연",통신사 <b>스팸</b> 처리 뒤늦게 파악 4년전 경선서도 ARS 투표 시스템 오류·재투표 전력 박철홍 정다움 기자... 않고 &quot;개인적으로 <b>스팸</b> 등록이 돼 있는지 확인하라&quot;고만 안내했다. 그러나 관련 문의가 계속 반복되자 뒤늦게... ,https://n.news.naver.com/mnews/article/001/0015965725?sid=100,"Wed, 18 Mar 2026 10:48:00 +0900"
민주당 광주시당 기초의원 경선 통신사 <b>스팸</b> 오인에 투표 차질… 결과 ...,전날 진행되던 권리당원 자동응답(ARS) 투표가 특정 통신사의 인공지능(AI) <b>스팸</b> 필터링 시스템에 막혀... 원인을 파악한 결과 해당 통신사의 AI <b>스팸</b>망이 여론조사 업체의 발신 번호를 <b>스팸</b> 전화로 잘못 인식해 아예... ,http://www.kwangju.co.kr/article.php?aid=1773797400796797373,"Wed, 18 Mar 2026 10:36:00 +0900"
민주당 광주시당 기초의원 경선 첫날 시스템 '삐걱',그러나 SK텔레콤 인공지능 <b>스팸</b> 차단 시스템이 여론조사 업체 전화번호를 <b>스팸</b>으로 인식하면서 SK텔레콤 가입 권리당원들에게 투표 전화가 정상적으로 연결되지 않는 문제가 발생했다. 광주시당 선거관리위원회는... ,https://n.news.naver.com/mnews/article/079/0004126064?sid=102,"Wed, 18 Mar 2026 10:16:00 +0900"
與 광주 지방선거 후보 경선 차질…&quot;여론조사 전화를 <b>스팸</b>으로 인식&quot;,"시당은 &quot;SK텔레콤의 AI 시스템이 여론조사 업체 전화번호를 <b>스팸</b>으로 처리해 해당 통신사 가입자인 당원들에게 연결되지 않았다&quot;고 설명했다. 시당 선관위는 <b>스팸</b> 번호 등록을 해제토록 하는 한편, 투표가 진행되지... ",https://n.news.naver.com/mnews/article/421/0008832502?sid=162,"Wed, 18 Mar 2026 09:36:00 +0900"
"전쟁으로 주목?···금값, 케이크·떡까지 번진 '황금 선물' 열풍",CJ제일제당이 선보인 '<b>스팸</b> 골드바 에디션' 역시 순금 1돈 당첨 기회를 제공하는 마케팅에 힘입어 출시 하루 만에 전량 완판되는 기염을 토했다. 호텔 및 외식업계도 이러한 흐름에 가세했다. 파크 하얏트 서울은 금박... ,https://www.smartbizn.com/news/articleView.html?idxno=139412,"Wed, 18 Mar 2026 09:16:00 +0900"
SK텔레콤 <b>스팸</b> 차단에 막힌 민주당 광주 경선 ARS 투표 차질,"통신사 <b>스팸</b> 차단 시스템에 가로막히며 투표 차질 사태를 빚었다. 17일 실시된 기초의원 후보 선출 권리당원 ARS 투표에서 SK텔레콤의 AI 기반 <b>스팸</b> 필터링이 여론조사 업체 발신 번호를 차단하면서, SK텔레콤 이용 당원... ",https://www.mhns.co.kr/news/articleView.html?idxno=741837,"Wed, 18 Mar 2026 08:00:00 +0900"
1인 가구 '구세주' 냉동 볶음밥 나트륨 함량 너무 높아...85%가 WHO 기준 ...,"이어 ▶CJ제일제당 '햇반 <b>스팸</b>김치볶음밥'도 1인분 기준 나트륨 함량이 1400mg으로 한 끼 적정 섭취량의... CJ제일제당 '햇반 <b>스팸</b>김치볶음밥'(1400mg, 중량 440g)과 풀무원의 '우삼겹김치볶음밥(540mg, 중량 420g)'은... ",http://www.consumernews.co.kr/news/articleView.html?idxno=751924,"Wed, 18 Mar 2026 06:20:00 +0900"
'AI <b>스팸</b>'에 막힌 민주당 경선…광주 기초의원 투표 지연 촌극,(AI) <b>스팸</b>필터에 가로막혀 투표 일정이 도중에 지연되는 초유의 사건이 발생했다. 18일 민주당 광주시당... 원인은 한 통신사의 AI <b>스팸</b> 차단 시스템이었다. 시스템이 이번 경선을 진행하는 여론조사 업체의 발신... ,https://n.news.naver.com/mnews/article/002/0002432291?sid=102,"Wed, 18 Mar 2026 05:02:00 +0900"
민주당 광주시당 기초의원 경선 'ARS 불통' 파행…&quot;선거 관리 부실&quot; 비판...,이번 오류는 인공지능(AI) 기반 <b>스팸</b> 차단 시스템을 사용하는 특정 통신사 측이 여론조사 업체의 발신 번호를 <b>스팸</b>으로 등록하면서 빚어진 것으로 파악됐다. 광주시당은 상황 인지 직후 해당 번호에 대한 <b>스팸</b> 등록을... ,https://www.newsworks.co.kr/news/articleView.html?idxno=834386,"Tue, 17 Mar 2026 23:58:00 +0900"
민주당 광주시당 첫 경선부터 오류로 투표 지연,오류는 해당 통신사 측 사용하는 AI시스템에서 여론조사 업체 전화번호를 <b>스팸</b>으로 처리하면서 발생한 것으로 확인됐다. 뒤늦게 상황을 확인한 광주시당 선거관리위원회는 <b>스팸</b> 번호 등록을 해제했다. 또 투표를... ,https://www.jnilbo.com/news/articleView.html?idxno=90000026738,"Tue, 17 Mar 2026 23:04:00 +0900"
與 광주시당 기초의원 후보 경선서 'ARS투표 오류' 발생,민주당 관계자는 &quot;투표에 앞서 원활한 소통이 이뤄지지 않아 특정 통신사 측 시스템이 권리당원 일부의 전화번화를 광고성 <b>스팸</b>으로 인식한 것 같다&quot;며 &quot;즉각 시정 조처했다&quot;고 설명했다. 이어 &quot;남은 일정에 차질이... ,https://n.news.naver.com/mnews/article/003/0013828364?sid=102,"Tue, 17 Mar 2026 23:03:00 +0900"
"민주당 광주시당, 기초의원 경선 ARS투표 일부 지연… SKT 'AI <b>스팸</b> 차단...","전화번호를 <b>스팸</b>으로 분류하면서 SK텔레콤 가입 권리당원들에게 전화 연결이 정상적으로 이뤄지지 않았다. 이에 광주광역시당 선거관리위원회는 해당 번호의 <b>스팸</b> 등록 해제를 조치한 뒤, 아직 투표에 참여하지 않은... ",http://www.newsworker.co.kr/news/articleView.html?idxno=417882,"Tue, 17 Mar 2026 21:14:00 +0900"
민주당 광주시당 경선 첫 시작부터 '삐걱'…후보자들 분통,오류는 인공지능(AI) 시스템을 사용하는 통신사 측이 여론조사 업체의 전화번호를 <b>스팸</b> 번호로 등록하면서 발생했다고 광주시당은 설명했다. 뒤늦게 상황을 인지한 광주시당은 <b>스팸</b> 번호 등록을 해제했다. 이와 함께... ,https://n.news.naver.com/mnews/article/001/0015964984?sid=100,"Tue, 17 Mar 2026 20:58:00 +0900"
광주 기초의원 경선 차질…ARS투표 연결 장애로 일정 긴급 조정,전화번호를 <b>스팸</b>으로 인식하면서 일부 권리당원에게 전화 연결이 정상적으로 이뤄지지 않았다고 밝혔다.... 이에 따라 광주시당 선거관리위원회는 해당 번호의 <b>스팸</b> 등록을 해제하고 투표에 참여하지 못한... ,https://www.getnews.co.kr/news/articleView.html?idxno=864791,"Tue, 17 Mar 2026 20:54:00 +0900"
[뉴스하이킥] 장예찬 &quot;한동훈 부산 출마? 간보다 못 나올 것… 전북 군산...,◎ 장예찬 &gt; 돼지고기 없으면 <b>스팸</b> 넣으면 되고요. 요새는 동태 김치찌개도 맛있거든요. 참치캔도... (웃음) ◎ 진행자 &gt; 아무것도 안 주지 않습니까? 당연히 <b>스팸</b>도 안 주고 동태도 안 주고... ◎ 장예찬 &gt; 저는 후보로서 당에... ,https://n.news.naver.com/mnews/article/214/0001486815?sid=100,"Tue, 17 Mar 2026 20:27:00 +0900"
민주당 광주시당 ARS 경선 일부 지연…SKT AI <b>스팸</b> 처리 '발단',(AI) <b>스팸</b> 필터링 시스템이 문제를 일으켜 일부 투표가 지연되는 사태가 발생했다. 17일 광주광역시당에... 번호를 <b>스팸</b>으로 분류해 일부 권리당원들에게 전화 연결이 되지 않았다. 시당은 즉시 원인을 확인하고... ,https://www.namdonews.com/news/articleView.html?idxno=904357,"Tue, 17 Mar 2026 20:02:00 +0900"
금값 치솟자 '먹는 금' 선물 뜬다…건기식·디저트로 번진 골드 소비,"CJ제일제당이 지난해 8월 선보인 ‘<b>스팸</b> 골드바 에디션’은 1000개 한정으로 판매를 시작했는데 하루 만에 완판되며 화제를 모았다. 일부 제품에 순금 1돈을 받을 수 있는 ‘골든 티켓’을 넣어 희소성을 키운 데다, 판매... ",https://n.news.naver.com/mnews/article/015/0005263497?sid=101,"Tue, 17 Mar 2026 18:01:00 +0900"
금값 1돈 100만원 시대…금박 뿌린 디저트도 인기,CJ제일제당이 지난해 8월 선보인 ‘<b>스팸</b> 골드바 에디션’은 1000개 한정으로 판매했는데 하루 만에 모두 팔려 화제가 됐다. 일부 제품에 순금 1돈을 받을 수 있는 ‘골든 티켓’을 넣어 눈길을 끌었다. 호텔업계에서는... ,https://n.news.naver.com/mnews/article/015/0005263436?sid=101,"Tue, 17 Mar 2026 17:24:00 +0900"
"창원시, 공무원부터 '탄소중립 일상화' 실천 나선다","또한, 매월 22일 기후행동의 날에는 불필요한 메일 삭제와 <b>스팸</b>차단 등을 통해 탄소발자국 줄이기, '종이 없는 회의 확대', '양면·흑백 인쇄 생활화' 등 탄소중립을 위한 노력들도 이어간다. 이와 더불어, 실질적인 에너지... ",https://www.newsgn.com/news/articleView.html?idxno=540600,"Tue, 17 Mar 2026 17:10:00 +0900"
"LGU+, IMSI 보안 논란에…&quot;글로벌 기준 부합, 문제 없어&quot;",보안 설계의 가장 기초적인 원칙인 '식별자와 인증자 분리'라는 기본조차 지키지 않았다&quot;며 &quot;IMSI 캐처로 주변 IMSI값을 캐처하면 고객 전화번호를 알 수 있어 스미싱 등 대량 <b>스팸</b>도 살포할 수 있다&quot;고 우려했다. 이에... ,http://www.newsprime.co.kr/news/article.html?no=727276,"Tue, 17 Mar 2026 17:08:00 +0900"
"[주간보안동향] MS, 3월 보안 패치 배포…제로 클릭 공격 주의보 外","의심스러운 문자는 즉시 <b>스팸</b>으로 신고하고, 카카오톡 ‘보호나라’ 채널의 ‘스미싱·피싱 확인서비스’를 활용해 악성 여부를 확인하다. 알 수 없는 출처의 앱 설치 제한 설정을 유지하고 백신을 항상 최신으로... ",https://it.donga.com/108567/,"Tue, 17 Mar 2026 16:20:00 +0900"
"카스퍼스키, SEO <b>스팸</b> 공격 경고...숨겨진 링크로 기업 평판 훼손 사례 ...",카스퍼스키가 검색 엔진 최적화(SEO)를 악용한 <b>스팸</b> 공격이 확산되고 있다며 웹사이트 운영자들에게 보안 점검을 권고했다. SEO <b>스팸</b> 공격은 평판이 높은 웹사이트에 숨겨진 링크를 삽입해 음란물이나 도박 등 불법... ,https://www.hellot.net/news/article.html?no=111414,"Tue, 17 Mar 2026 16:16:00 +0900"
"대구 달서구-iM뱅크, 중장년·노인 대상 '보이스피싱 예방교육'","이해하고, 피해를 예방하도록 하려는 취지로 마련됐다. 교육은 '자녀 사칭 메신저 피싱' 수법, '정부지원금과 저금리 대출 빙자' <b>스팸</b> 문자 구별법, '악성 애플리케이션 설치 유도' 대응 요령 등에 초점을 맞춰 진행됐다.",https://n.news.naver.com/mnews/article/421/0008831440?sid=102,"Tue, 17 Mar 2026 16:00:00 +0900"
&quot;IMSI로는 위치 추적 불가능&quot; LG유플러스 보안체계 재점검,LG유플러스 관계자는 “프라이버시는 통신 신뢰의 출발점”이라며 “IMSI와 같은 가입자 식별체계 외에도 AI 기술로 <b>스팸</b>·피싱·보이스피싱을 24시간 감시해 고객 보호 수준을 산업 최고 수준으로 유지하겠다”고... ,http://www.fntimes.com/html/view.php?ud=2026031711165151177fd637f543_18,"Tue, 17 Mar 2026 15:36:00 +0900"
"카스퍼스키 &quot;공격자들, 웹사이트 최적화 도중 불법 링크 삽입한다&quot;",이효은 카스퍼스키 한국지사장은 &quot;많은 기업이 온라인을 통해 사업을 확장하고 있는 한국에서는 SEO <b>스팸</b>과 숨겨진 링크의 위협을 결코 과소평가해서는 안 된다&quot;며 &quot;공격자들은 웹사이트의 취약점을 악용해 악성 링크를... ,https://n.news.naver.com/mnews/article/092/0002414755?sid=105,"Tue, 17 Mar 2026 14:43:00 +0900"
블록스트림 CEO &quot;BIP-110 잘못됐다…시작도 전에 실패할 것&quot;,"네트워크의 <b>스팸</b> 문제를 해결하겠다는 BIP-110 제안에 대해 강력히 반발하며, 이를 '검열 시도'로 규정했다. 16일(현지시간) 블록체인 매체 크립토폴리탄에 따르면 그는 &quot;BIP-110은 <b>스팸</b> 방지보다 특정... ",https://www.digitaltoday.co.kr/news/articleView.html?idxno=641959,"Tue, 17 Mar 2026 14:16:00 +0900"
주주서한 발송한 정재헌 SKT &quot;단기 성과 아닌 오래가는 SK텔레콤 만들 것...,"AI 기술을 접목한 지능형 네트워크 구축, AI에이전트를 활용한 체감 품질 개선, AI 기반 <b>스팸</b>/스미싱 차단 등을 과제로 제시했다. AI 기반 개인화 마케팅 체계 전환을 위해 IT 시스템을 AI 비즈니스 스스템으로... ",https://www.techm.kr/news/articleView.html?idxno=150264,"Tue, 17 Mar 2026 11:50:00 +0900"
정재헌 SKT CEO “고객 중심으로 체질 개선…AI 성장동력 확보”,"기반 <b>스팸</b>·스미싱 차단 등 안전한 네트워크를 구현하겠다”고 말했다. 그러면서 “AI 기반 개인화가 작동하는 마케팅 체계로 전환하기 위해, 상품·서비스 및 고객 정보 관리와 정산 프로세스를 아우르는 IT 시스템을... ",https://n.news.naver.com/mnews/article/030/0003408192?sid=105,"Tue, 17 Mar 2026 11:22:00 +0900"
정재헌 SKT CEO &quot;AI로 통신 경쟁력 강화…고객 중심 체질 개선&quot;,"AI 에이전트를 활용해 체감 품질을 개선하고 AI 기반 <b>스팸</b>·스미싱 차단 등 네트워크 보안 기능도 강화하기로 했다. 마케팅 체계 역시 AI 기반 개인화 구조로 전환한다. 그는 &quot;상품·서비스 관리와 고객 정보, 정산... ",https://n.news.naver.com/mnews/article/031/0001014009?sid=105,"Tue, 17 Mar 2026 10:58:00 +0900"
‘도구’에서 ‘동반자’로…갤럭시 S26이 연 에이전틱 AI 시대,"<b>스팸</b>이나 보이스피싱 여부를 AI가 먼저 판단해 끊어주거나, 중요한 전화를 받을 수 없는 상황에서 텍스트로 요약된 내용을 확인하는 경험은 모바일 통신 기술이 연결을 넘어 관리의 영역으로 진입했음을 시사한다. 특히... ",https://n.news.naver.com/mnews/article/666/0000099476?sid=101,"Tue, 17 Mar 2026 10:41:00 +0900"
암호화 숫자에 '고객 전화번호'...LG유플 '통신 주민번호' 허점[only 이데...,무차별 <b>스팸</b>이 아니라 ‘누가 그 자리에 있었는지’를 노린 표적형 범죄로 진화할 수 있다는 뜻이다. 해외선 군사 표적 추적부터 민간 범죄까지 현실화 해외에서도 IMSI 캐처를 활용한 추적 시도는 실제로 있었다.... ,https://n.news.naver.com/mnews/article/018/0006236919?sid=105,"Tue, 17 Mar 2026 10:09:00 +0900"
정재헌 SKT 사장 &quot;단기 성과 급급 안 해…체질 개선 집중&quot;,"기반 <b>스팸</b>·스미싱 차단 등 안전한 네트워크를 구현하겠다&quot;고 설명했다. 또 &quot;AI 기반 개인화가 작동하는 마케팅 체계로 전환하기 위해 상품·서비스, 고객 정보 관리와 정산 프로세스를 아우르는 IT 시스템을 AI 비즈니스... ",https://www.widedaily.com/news/articleView.html?idxno=290401,"Tue, 17 Mar 2026 09:28:00 +0900"
정재헌 SKT 사장 &quot;단기 성과 급급 안 해…체질 개선 집중&quot;,"기반 <b>스팸</b>·스미싱 차단 등 안전한 네트워크를 구현하겠다&quot;고 설명했다. 또 &quot;AI 기반 개인화가 작동하는 마케팅 체계로 전환하기 위해 상품·서비스, 고객 정보 관리와 정산 프로세스를 아우르는 IT 시스템을 AI 비즈니스... ",https://n.news.naver.com/mnews/article/003/0013826022?sid=105,"Tue, 17 Mar 2026 09:18:00 +0900"
교사 17만명 어디까지 털렸나…'아이스크림' 정보 유출 일주일째 깜깜,"특히 교사의 이름과 연락처, 학교 정보 등이 결합된 상태로 유출될 경우 <b>스팸</b>이나 피싱, 사칭, 악성 민원, 스토킹 등 2차 피해로 이어질 가능성이 있다는 지적이다. 아이스크림미디어는 전체 회원 수를 공개하고 있진... ",https://n.news.naver.com/mnews/article/421/0008829575?sid=102,"Tue, 17 Mar 2026 07:00:00 +0900"
OpenClaw 창립자 “신규 버전 일요일 공개… 플러그인 구조 개선·OpenAI ...,"피터 스타인베르거는 또한 X 플랫폼용으로 개발한 자동 필터링·태스크 실행 기능이 5분마다 실행되며, <b>스팸</b>·마케팅성 댓글 등을 자동 식별·정리해 실제 유효한 상호작용 경험을 높이는 데 효과를 보이고 있다고... ",https://www.tokenpost.kr/news/breaking/339927,"Mon, 16 Mar 2026 22:04:00 +0900"
"LG유플러스, AIDC 사업 확대·AI 투자 강화…미래사업 본격화","세부적으로는 보이스피싱 탐지, 딥보이스 대응, <b>스팸</b> 문자 필터 등 보안·사기 대응 AI 기술이 4건으로 가장 큰 비중을 차지했다. 통신사가 보유한 통화 데이터와 네트워크 정보를 활용해 금융 사기와 <b>스팸</b> 범죄를... ",https://n.news.naver.com/mnews/article/079/0004125455?sid=105,"Mon, 16 Mar 2026 21:43:00 +0900"
[현장] &quot;2030년 6G 상용화...모바일에서 AI로 대전환&quot;,"이어 &quot;익시오는 통화 녹음·요약과 보이스피싱·<b>스팸</b> 탐지 등 편리한(Conveient) 기능과, AI 스마트요약·전화 대신받기 등 똑똑한(Smart) 비서 기능 두 가지를 갖추고 있다&quot;고 설명했다. 아울러 &quot;MWC 2026 LG유플러스... ",http://www.4th.kr/news/articleView.html?idxno=2109097,"Mon, 16 Mar 2026 18:04:00 +0900"
"'아이스크림미디어' 교사 정보 유출에…교사노조, 권익위에 민원","또 &quot;교사의 이름과 연락처, 학교 정보 등이 결합돼 노출될 경우 <b>스팸</b>·피싱·사칭·악성 민원·스토킹 등 다양한 2차 피해로 이어질 위험이 크다&quot;며 &quot;이는 단순한 사생활 침해를 넘어 교사의 안전과 교육활동 전반을... ",https://n.news.naver.com/mnews/article/008/0005330588?sid=102,"Mon, 16 Mar 2026 16:54:00 +0900"
학교도 털려…아이스크림미디어 개인정보 유출 논란 '확산',"또한 &quot;교사의 이름, 연락처, 학교 정보 등이 결합돼 노출될 경우 <b>스팸</b>·피싱·사칭·악성 민원·스토킹 등 다양한 2차 피해로 이어질 위험이 크다&quot;며 &quot;이는 단순한 사생활 침해를 넘어 교사의 안전과 교육활동 전반을... ",https://n.news.naver.com/mnews/article/003/0013825182?sid=102,"Mon, 16 Mar 2026 15:50:00 +0900"
“<b>스팸</b> 의심 전화입니다” 아들보다 낫네…진화하는 스마트폰 ‘4억건 ...,"2년 만에 1,400% 폭증… ‘010’ 가면 쓴 역대 최악 <b>스팸</b> 대란 “말투만 들어도 딱 알아”... 갤럭시 S26 ‘실시간 AI 탐지’의 위력 ‘<b>스팸</b>으로 의심되는 전화입니다’ 최근 삼성 갤럭시 S26 모델로 휴대폰을 바꾼 최모씨(62... ",https://n.news.naver.com/mnews/article/022/0004113147?sid=101,"Mon, 16 Mar 2026 15:17:00 +0900"
"카스퍼스키, 검색 엔진 최적화SEO 공격 확산 속 웹사이트 보안 점검 권고","(SEO) <b>스팸</b>과 정상 웹사이트에 삽입된 숨겨진 링크에 대해 경고했다. SEO는 키워드 최적화, 고품질 콘텐츠 제작... SEO <b>스팸</b>은 기업의 디지털 신뢰도와 재무적 안정성을 조용히 훼손할 수 있는 심각한 위협이다. 이러한... ",https://www.thisisgame.com/articles/416989,"Mon, 16 Mar 2026 14:32:00 +0900"
"CJ 손잡은 SSG닷컴, 구독 띄우고 배송 키우며 '탈팡' 빈자리 채울까","CJ제일제당 햇반과 <b>스팸</b>, 백설, 비비고 등 인기 브랜드들의 신상품도 함께 선보였다. 지난해 10월 열린 SSG닷컴의 오프라인 페스타 '미(美)지엄'에서도 CJ제일제당이 별도 부스를 마련하는 등 양 사의 협력은 갈수록... ",https://n.news.naver.com/mnews/article/629/0000481750?sid=101,"Mon, 16 Mar 2026 13:52:00 +0900"
"카스퍼스키, 검색 엔진 최적화(SEO) 공격 확산 속 웹사이트 보안 점검 권...","(SEO) <b>스팸</b>과 정상 웹사이트에 삽입된 숨겨진 링크에 대해 경고했다. SEO는 키워드 최적화, 고품질 콘텐츠... SEO <b>스팸</b>은 기업의 디지털 신뢰도와 재무적 안정성을 조용히 훼손할 수 있는 심각한 위협이다. 이러한 숨겨진... ",https://www.dailysecu.com/news/articleView.html?idxno=205722,"Mon, 16 Mar 2026 13:10:00 +0900"
"홍범식 LG유플러스 대표 MWC 기조연설, 조회수 ‘170만’ 넘었다","익시오는 <b>스팸</b>과 같은 의심 신호를 미리 감지하고, 통화의 맥락 속에서 보이스피싱을 탐지하는 기능을 탑재하고 있다. 특히 통화 중 AI를 호출해 궁금한 내용을 검색할 수 있는 기능 등도 제공한다. 유튜브에는... ",https://n.news.naver.com/mnews/article/016/0002614198?sid=101,"Mon, 16 Mar 2026 11:38:00 +0900"
"교사노조, 아이스크림미디어 개인정보 유출 국민권익위원회에 민원","이름과 연락처, 학교 정보가 결합된 개인정보 유출은 <b>스팸</b>, 피싱, 사칭, 악성 민원, 스토킹 등 2차 피해 위험을 높인다고 강조했다. 특히 아이스크림미디어는 교육 현장에서 광범위하게 활용되는 대표적 에듀테크... ",https://www.edupress.kr/news/articleView.html?idxno=30000,"Mon, 16 Mar 2026 11:08:00 +0900"
“검색엔진 최적화 <b>스팸</b> 공격 확산”...웹사이트 숨은 링크 점검해야,(SEO) <b>스팸</b>과 숨겨진 링크 삽입 공격에 대한 주의를 당부했다. 카스퍼스키는 16일 정상 웹사이트에 악성 링크를 몰래 심는 방식의 SEO <b>스팸</b>이 기업 평판과 온라인 신뢰도에 심각한 타격을 줄 수 있다고 경고했다. 공격자는... ,https://n.news.naver.com/mnews/article/018/0006236028?sid=105,"Mon, 16 Mar 2026 09:04:00 +0900"
"MWC 기조연설 나선 홍범식 LG+ CEO, 영상 조회수 ‘170만’ 넘었다","익시오는 <b>스팸</b>과 같은 의심 신호를 미리 감지하고, 통화의 맥락 속에서 보이스피싱을 탐지하는 기능을 탑재하고 있다. 특히 통화 중 AI를 호출해 궁금한 내용을 검색할 수 있는 기능 등도 제공한다. 유튜브에는... ",https://n.news.naver.com/mnews/article/016/0002613883?sid=105,"Mon, 16 Mar 2026 08:29:00 +0900"
"비밀번호 가려주고, 비서처럼 전화받고… 새 기능 ‘맘에 쏙’",보이스피싱 또는 <b>스팸</b>으로 의심되는 전화가 걸려오자 AI가 응답 단계에서 걸러낸 것도 인상적이었다. 하루에 많으면 수십 통씩 쏟아지는 불필요한 전화에 신경을 쓰지 않아도 됐다. ‘통화 스크리닝’ 기능을 켜면... ,https://n.news.naver.com/mnews/article/005/0001837260?sid=101,"Mon, 16 Mar 2026 02:22:00 +0900"
[CISO 조찬] 카스퍼스키 &quot;기술보다 중요한 것은 공격 전체 흐름을 보는 ...,"카스퍼스키는 1억2천만 명 규모의 자발적 공유 데이터, 웹 크롤러, 봇팜, <b>스팸</b> 함정, 센서, APT 연구팀, 파트너, 오픈소스 인텔리전스(OSINT)를 통해 데이터를 확보하고 있으며, 매일 48만 개 이상의 새로운 위협을 탐지하고... ",https://www.dailysecu.com/news/articleView.html?idxno=205714,"Mon, 16 Mar 2026 00:44:00 +0900"
"CZ “바이낸스 Web3 지갑, 주소 투기 방지 위해 <b>스팸</b> 거래 필터링 지원”",바이낸스 창업자 CZ가 X를 통해 바이낸스 Web3 지갑이 <b>스팸</b>성 거래를 자동 필터링해 주소 투기(오염) 공격... 그는 AI 기술을 활용한 <b>스팸</b>·악성 거래 식별 및 필터링이 업계 전반에 도입돼야 한다고도 제안했다.,https://www.tokenpost.kr/news/breaking/339616,"Sun, 15 Mar 2026 17:12:00 +0900"
"[김순복의 올바른 공문서 작성법] 클릭을 부르는 이메일, 비즈니스의 시...","수신자는 제목만 보고 메일을 열어볼지, 나중에 읽을지, 혹은 <b>스팸</b>통으로 보낼지를 결정한다. &quot;안녕하세요, 홍길동입니다&quot;나 &quot;문의 드립니다&quot;와 같은 제목은 최악이다. 좋은 제목은 본문을 읽지 않아도 용건을 알 수... ",https://www.lecturernews.com/news/articleView.html?idxno=198658,"Sun, 15 Mar 2026 09:56:00 +0900"
[써보고서] 엿보기 완벽 차단에 짐벌급 수평 유지...갤S26 울트라의 디테...,"평소와 다름없는 <b>스팸</b> 문자였지만, 옆에 있던 지인은 “뭐라고 온 거야? 화면이 검게 보여서 잘 안 보인다”고 말했다. 측면에서 본 화면은 검은색 블록처럼 보였지만, 정면에서 기기를 보고 있던 기자에게는 문자 내용이... ",https://n.news.naver.com/mnews/article/092/0002414368?sid=105,"Sun, 15 Mar 2026 08:59:00 +0900"
"“플랫폼 조작 시도 지속”… X(구 트위터), 1년간 계정 8억 개 정지","소셜미디어 플랫폼 X(구 트위터)가 지난 1년 동안 플랫폼을 악용하거나 <b>스팸</b> 활동을 벌인 계정 약 8억 개를... 또한 타 계정에 원치 않은 반복적인 행위로 지속적인 영향을 미치거나, 저품질 콘텐츠를 전송하는 것은 <b>스팸</b>으... ",https://n.news.naver.com/mnews/article/022/0004112795?sid=104,"Sun, 15 Mar 2026 07:10:00 +0900"
잊혀져 가는 '쿠팡 소상공인 신고센터'…2월 접수 9건뿐,"이 외에도 부대비용(광고비, 창고비, 물류비 등) 부담, 사업용 이메일로 <b>스팸</b> 메일 수신을 포함한 정보보안 피해도 접수된 것으로 알려졌다. 신고센터를 이용한 소상공인 10명 중 4명(41.3%)은 '쿠팡 매출이 전년 동기... ",https://n.news.naver.com/mnews/article/003/0013822198?sid=101,"Sun, 15 Mar 2026 05:01:00 +0900"
"카카오 '브랜드 메시지', 문자보다 광고 효과 높았다",반면 <b>스팸</b> 가능성이나 개인정보 침해와 같은 '지각된 위험 인식'은 SMS 광고에서 상대적으로 높게 나타났다. 이러한 플랫폼 인식 차이는 실제 광고 효과에도 영향을 미쳤다. 연구에 따르면 브랜드 메시지는 SMS 광고보다... ,https://n.news.naver.com/mnews/article/003/0013822019?sid=105,"Sat, 14 Mar 2026 17:00:00 +0900"
"CZ “블록체인 탐색기, 주소 투기 방지 위해 쓰레기 거래 필터링해야”",거래(<b>스팸</b> 트랜잭션)를 사용자 화면에서 직접 필터링해야 한다고 주장했다. CZ는 이 같은 유형의 거래는... 예를 들어 트러스트월렛(Trust Wallet)은 관련 <b>스팸</b> 거래를 표시하지 않도록 처리하고 있다는 것이다. CZ는 다만... ,https://www.tokenpost.kr/news/breaking/339457,"Sat, 14 Mar 2026 14:54:00 +0900"
"디그, 인력 감축·앱 종료…AI <b>스팸</b>과 전쟁에서 패배","디그는  링크, 미디어, 텍스트를 공유하고 토론하는 플랫폼을 목표로 했지만, 초창기부터 AI 봇과 <b>스팸</b> 공격에 시달렸다. 디그 CEO 저스틴 메젤은 &quot;디그 베타 버전이 출시되자마자 SEO 스패머들이 몰려들었고, 인터넷이 AI... ",https://www.digitaltoday.co.kr/news/articleView.html?idxno=641135,"Sat, 14 Mar 2026 10:46:00 +0900"
"‘임신 준비’ 김지민, ♥김준호 식단 정성 “오빠가 건강해진다” [IS하...","공개된 사진에는 김지민이 직접 만든 콩나물솥밥, 소고기고추다짐, 세발나물두부무침, 감자<b>스팸</b>볶음, 맛살깻잎말이 등으로 구성된 아침 밥상이 담겨있다. 특히 김지민은 소고기고추다짐을 직접 볶는 짧은 영상도 게시해... ",https://m.entertain.naver.com/article/241/0003499250,"Sat, 14 Mar 2026 09:32:00 +0900"
&quot;한 달 131건 폭주한 쿠팡 피해 신고&quot;… 개인정보 유출·판매자 갑질 도...,소비자 피해는 개인정보 유출 이후 해킹 시도와 <b>스팸</b>전화 증가가 다수를 차지했고 판매자들은 환불 강요와... 소비자 피해 대부분… &quot;개인정보 유출 이후 해킹·<b>스팸</b>전화 급증&quot; 접수된 131건의 신고 중 소비자 피해는 114건... ,https://www.ngonews.kr/news/articleView.html?idxno=226196,"Sat, 14 Mar 2026 09:32:00 +0900"
"김지민, 임신 준비→금연·절주 ♥김준호 건강 내조 열혈 “오빠가 건강...","공개된 사진에는 콩나물솥밥, 소고기고추다짐, 세발나물두부무침, 감자<b>스팸</b>볶음, 맛살깻잎말이 등으로 구성된 김지민표 밥상이 담겼다. 김지민은 &quot; 영양식 완성! 오빠가 건강해진다!!&quot;라며 남편 김준호를 향한 애정을... ",https://m.entertain.naver.com/article/609/0001102617,"Sat, 14 Mar 2026 09:22:00 +0900"
"&quot;부장님, 말 한 번 안 섞은 옆팀 신입 모바일 청첩장은 '<b>스팸</b>' 아닌가요...","본격적인 봄 웨딩 시즌이 시작되면서, 대한민국 오피스는 지금 '축의금 인플레이션'과 '청첩장 <b>스팸</b>' 논란으로 뜨겁게 달아오르고 있다. ◇ &quot;카톡으로 띡 날아온 청구서&quot;… '품앗이'와 '<b>스팸</b>' 사이의 동상이몽 갈등의 핵심은... ",https://n.news.naver.com/mnews/article/014/0005491281?sid=102,"Sat, 14 Mar 2026 08:01:00 +0900"
부테린 “이더리움 핵심은 결제·스마트컨트랙트 아닌 ‘검열 저항 데이...,"다만 <b>스팸</b> 방지와 무허가 접근을 유지하기 위해서는 경제적 장치가 필요하며, 이 과정에서 토큰과 결제... 이와 함께 그는 결제 기능 역시 여전히 중요하지만, 주된 목적은 상거래가 아니라 ‘<b>스팸</b> 방지’와 ‘시빌... ",https://www.tokenpost.kr/news/tech/339296,"Sat, 14 Mar 2026 01:24:00 +0900"
국민건강보험공단 사칭 '보험료 면제·급여정지 안내' 유포…건보공단...,확인된 <b>스팸</b> 메일은 '(국민건강보험공단) 보험료 면제 및 급여정지 안내'라는 제목으로 발송되고 있다. 특히 해당 메일은 본문에 건보공단 공식 상징체계(CI) 등을 무단 포함해 마치 공단에서 발송한 정식 문서인 것처럼... ,https://www.cstimes.com/news/articleView.html?idxno=697496,"Sat, 14 Mar 2026 00:40:00 +0900"
&quot;쿠팡·통신사도 뚫린다…'신뢰'가 해커 무기 됐다&quot;,그룹아이비는 현재 한국 통신사들과 <b>스팸</b>·피싱 인프라 차단을 위해 접촉 중이라고 밝혔다. 수천만 명이 쓰는 통신망이 공격 경로가 될 수 있다는 점에서 위험도는 단순 해킹과 차원이 다르다. 실제로 한국은 최근 몇 년... ,https://www.pointdaily.co.kr/news/articleView.html?idxno=295944,"Fri, 13 Mar 2026 23:06:00 +0900"
그룹아이비 “공급망 보안 앞세워 국내 금융·대기업 공략”,"그룹아이비는 금융권 외에 통신사의 <b>스팸</b> 대응, 공공 분야, MSSP와의 협력도 추진하고 있다. 김 대표는 “글로벌 조직이 축적한 공급망 위협 인텔리전스를 한국 시장에도 적용해 보안이 시급한 분야를 중심으로... ",https://byline.network/?p=9004111222595252,"Fri, 13 Mar 2026 19:54:00 +0900"
신뢰 악용한 AI 피싱·공급망 해킹 확산… 한국도 랜섬웨어 공격 ‘아태...,아나스타샤 책임자는 자동으로 <b>스팸</b> 메일을 생성하는 ‘<b>스팸</b> GPT(Spam GPT)’와 딥페이크 기술을 활용한 신원 도용 사례를 소개했다. 일례로 북한 기반 해커가 페이스 스왑(Face Swap) 기술로 외모를 위장해 IT 인력으로... ,https://kidd.co.kr/news/245255,"Fri, 13 Mar 2026 18:40:00 +0900"
홍채 스캔하고 분식 먹고…‘월드챗 포차’ 익선동 팝업 오픈,"보이스피싱이나 <b>스팸</b>, AI 봇 발신 메시지를 원천적으로 걸러내는 것이 목적이다. 지갑 기능도 제공된다. 월드 앱 사용자끼리는 국가에 상관없이 월드코인(WLD)을 수수료 없이 주고받을 수 있다. 현장에서 월드 ID를... ",https://n.news.naver.com/mnews/article/015/0005262187?sid=101,"Fri, 13 Mar 2026 18:19:00 +0900"
쿠팡 신고센터 한 달 131건 신고…'해킹시도·<b>스팸</b> 증가' 최다,"소비자 신고는 개인정보 유출 이후 해킹 시도 및 <b>스팸</b>피싱 전화의 증가에 관한 내용이 가장 많았다. 무단결제 7건, 개인통관고유번호 도용 1건 등에 대한 제보도 있었다. 판매자 신고는 17건으로 △무료반품·환불 사유가... ",https://n.news.naver.com/mnews/article/421/0008825181?sid=102,"Fri, 13 Mar 2026 17:38:00 +0900"
"김지민, '2세 준비' 위한 ♥김준호 영양식...&quot;오빠가 건강해진다&quot;","찬으로는 세발나물 두부무침, 감자 <b>스팸</b>볶음. 맛살 깻잎말이! 화룡점정 애호박 된장찌개는 사랑입니다&quot;라면서 이날의 밥상을 설명했다. 앞서 12일에도 김지민은 &quot;아침 영양식은 황제처럼 먹는다. 내일은 뭐 먹지? 아침 먹고... ",https://m.entertain.naver.com/article/076/0004384233,"Fri, 13 Mar 2026 17:19:00 +0900"
그룹아이비 “23년 쌓은 범죄 데이터 무기로 韓 공급망 보안 시장 공략...,특히 오라클 공급망 공격으로 10만 개 기업이 피해를 본 사례와 다중 인증(MFA)을 우회하는 AI 기반 ‘<b>스팸</b>GPT’의 등장은 보안 위협이 새로운 국면에 접어들었음을 시사한다. 인간의 신뢰를 이용한 공격도 진화... ,https://it.donga.com/108558/,"Fri, 13 Mar 2026 17:06:00 +0900"
"민생경제위원회·참여연대, 쿠팡 소비자·판매자 피해신고센터 활동 발...","소비자 신고 내용의 다수는 개인정보 유출로 이후 해킹시도 및 <b>스팸</b>·피싱 전화의 증가였으며, 개인통관고유번호 도용(1건)과 무단결제(7건)에 대한 제보도 접수됐다. 또한, 쿠팡이 주거지역 내 물류창고 설치를... ",http://www.intn.co.kr/news/articleView.html?idxno=2049560,"Fri, 13 Mar 2026 16:36:00 +0900"
“눈 한 번 깜빡이니 코인이 쏙”…익선동 접수한 ‘월드코인 포차’,"실제로 행사장 한편에는 봇과 매크로, <b>스팸</b>, 가짜 리뷰 등 월드 ID가 해결할 수 있는 다양한 일상 속 문제들이 전시되어 있었다. 이 밖에도 행사장 내부에는 오브의 부품을 분해해 내부 구조를 투명하게 공개한 전시물과... ",https://n.news.naver.com/mnews/article/009/0005649923?sid=101,"Fri, 13 Mar 2026 16:23:00 +0900"
"&quot;카카오 브랜드 메시지, 플랫폼 신뢰 기반 긍정적 성과&quot;","특히 <b>스팸</b> 가능성이나 개인정보 침해 등 소비자 인식에서 긍정적인 결과를 나타냈다. 해당 논문은 &quot;카카오 브랜드 메시지는 기존 SMS 광고와 달리, 카카오톡 내 별도의 수신 동의 절차와 발신자 인증, 다양한 리치 콘텐츠... ",https://n.news.naver.com/mnews/article/421/0008825001?sid=105,"Fri, 13 Mar 2026 16:05:00 +0900"
"그룹아이비, 공급망 공격 위협 고도화…&quot;사이버범죄, 암묵적 규칙도 깨...","AI를 활용한 위험 사례도 <b>스팸</b>GPT의 생성과정을 통해 언급했다. 그는 &quot;개발자가 오랜 기간 업계에서 활동하며 축적한 지식을 이용해 GPT와 딥시크 등의 프로그램들을 악용했고, 이를 통해 수작업이 아닌 자동으로 <b>스팸</b>... ",https://www.epnc.co.kr/news/articleView.html?idxno=329830,"Fri, 13 Mar 2026 16:00:00 +0900"
"글로벌 보안기업 그룹아이비, 韓 공략 본격화...&quot;필요한 위협만 걸러낸...",티호노바 리서치 책임자는 &quot;<b>스팸</b>GPT 같은 도구는 GPT와 딥시크 모델을 참고해 자동으로 <b>스팸</b> 메시지를 생성하고 전송할 수 있도록 설계됐다&quot;며 &quot;공격자는 별도의 인프라 구축 없이도 대규모 공격을 수행할 수 있다&quot;고... ,https://www.techm.kr/news/articleView.html?idxno=150176,"Fri, 13 Mar 2026 15:48:00 +0900"
쿠팡 '소비자 분노·노조 갈등' 확산…로저스 대표는 새벽배송,"소비자 피해 유형으로는 개인정보 유출 이후 해킹 시도나 <b>스팸</b>·피싱 전화 증가 사례가 다수 접수됐다. 개인통관고유번호 도용과 무단결제 사례도 확인됐으며, 일부 사례에 대해서는 경찰에 수사를 의뢰한 것으로... ",http://www.4th.kr/news/articleView.html?idxno=2109012,"Fri, 13 Mar 2026 15:48:00 +0900"
[마켓人싸] &quot;동네 경험의 모든 것&quot;...전길중 당근 PM이 그리는 '행복한'...,&quot; <b>스팸</b> 구매부터 여행지 찐맛집 검색까지...생활 밀착형 커뮤니티의 진화 최근 당근은 단순한 중고거래를 넘어 동네 생활의 모든 것을 아우르는 커머스 플랫폼처럼 변모하고 있습니다. 소비자들은 <b>스팸</b>이나 생필품을 살 때... ,https://www.techm.kr/news/articleView.html?idxno=150178,"Fri, 13 Mar 2026 15:48:00 +0900"
"아이스크림미디어, 회원 개인정보 유출...“깊은 사과 전해”","회사 측은 유출된 개인정보가 악용되는 경우 명의도용, 보이스피싱, <b>스팸</b> 문자 등 2차 피해가 발생할 수 있다며 각별한 주의를 당부했다. 특히 출처가 불분명한 전화, 이메일, 문자 메시지에 대해 신중히 대응할 것을... ",https://www.m-economynews.com/news/article.html?no=65396,"Fri, 13 Mar 2026 15:34:00 +0900"
가스비 급락의 역설…이더리움 ‘주소 포이즈닝’ 피해 6330만달러로 급...,"또 레이어2에서조차 MEV(최대추출가치) <b>스팸</b>성 활동이 확장 효과를 상쇄해, 일반 사용자의 수수료... 살포(<b>스팸</b>형 공격)를 더 수익성 있게 만들어 보안 리스크가 함께 확대됨 - 주소 포이즈닝 트랜잭션이 3만건/일... ",https://www.tokenpost.kr/news/cryptocurrency/339132,"Fri, 13 Mar 2026 15:22:00 +0900"
"통신 3사, 보안 관리 체제 강화···체질 개선 속도",해킹사고를 반복하거나 불법 <b>스팸</b>을 전송한 기업에게 징벌적 과징금을 부과하도록 하는 법안이 최근 국회 문턱을 넘은 가운데 SK텔레콤ㆍKTㆍLG유플러스 등 국내 통신 3사가 보안 체제 강화에 적극 나서고 있다. 13일... ,http://www.wsobi.com/news/articleView.html?idxno=307109,"Fri, 13 Mar 2026 15:06:00 +0900"
"X 제품 책임자 “잘못된 대규모 계정 차단 오류, 99% 복구 완료”",X 플랫폼이 새로 도입한 <b>스팸</b> 필터링 시스템 오류로 일부 정상 이용자 계정이 일시적으로 차단되는... “새로운 <b>스팸</b> 필터가 약 12시간 동안 일부 정상 계정을 <b>스팸</b> 계정으로 잘못 분류했다”며 “오탐으로 차단된... ,https://www.tokenpost.kr/news/breaking/339114,"Fri, 13 Mar 2026 14:46:00 +0900"
"비탈릭 부테린 &quot;이더리움, 이제는 전역 공유 메모리&quot;",부테린은 이더리움이 지속 가능한 성장을 이루기 위해서는 데이터 가용성(Data Availability)과 <b>스팸</b> 방어(Spam... 두 번째 핵심 요소로 꼽힌 <b>스팸</b> 방어는 네트워크의 자원 낭비를 막고 효율성을 극대화하기 위한 전략적... ,http://coinreaders.com/223608,"Fri, 13 Mar 2026 14:36:00 +0900"
남가주 가짜 회사 800곳? 신원 도용 범죄 확산,오 변호사는 “미국을 떠날 경우 은행 계좌나 금융 기록을 정리하고 개인정보 관리에 각별히 신경 써야 한다”며 “여권이나 운전면허 등 신분증 사본을 함부로 제공하지 말고 비밀번호 관리와 <b>스팸</b> 이메일에도... ,https://www.koreadaily.com/article/20260312220034844,"Fri, 13 Mar 2026 14:02:00 +0900"
"&quot;아이 인식표, 이제 QR로 개인정보 지키세요&quot;",기존 차량 전화번호판이 번호를 그대로 노출해 <b>스팸</b> 전화나 개인정보 수집에 취약했던 문제를 QR 익명 연결 방식으로 원천 차단했다. 유사 QR제품과는 달리 1588 등의 통신망을 거치지 않고 곧바로 연락되는 것이... ,https://n.news.naver.com/mnews/article/014/0005491028?sid=101,"Fri, 13 Mar 2026 13:46:00 +0900"
"스노큐(SNOQ), 개인정보 보호 강화한 QR 안심번호 서비스 리뉴얼 출시",이를 통해 번호 노출에 따른 <b>스팸</b> 및 개인정보 오남용 문제를 차단한다는 것이 업체 측 설명이다. QR 코드를... 기존 차량 전화번호판이 번호를 그대로 노출해 <b>스팸</b> 전화나 개인정보 수집에 취약했던 문제를 이번 리뉴얼... ,https://www.dailysecu.com/news/articleView.html?idxno=205698,"Fri, 13 Mar 2026 13:32:00 +0900"
"&quot;한 곳 뚫리면 연쇄 피해&quot;…공급망 공격, 글로벌 사이버 위협 부상",대표 사례가 <b>스팸</b> GPT(SpamGPT)다. 이 프로그램은 자동으로 피싱 이메일을 생성하고 대량 발송할 수 있도록 설계된 도구다. 이 시스템을 이용하면 공격자는 이메일 작성이나 공격 대상 선정 작업을 직접 수행할 필요가 없다.... ,https://n.news.naver.com/mnews/article/003/0013820480?sid=105,"Fri, 13 Mar 2026 13:22:00 +0900"
보이스피싱 의심 전화? AI로 더 정확히 탐지하고 잡는다,"얼마 전 어머니께서 친구 분들과 모임에 나가셨을 때 <b>스팸</b> 전화가 왔다고 하셨다. 최근 텔레마케팅, 광고성 <b>스팸</b> 전화가 급증했다는 어머니의 말씀에 '인공지능(AI) 기반 보이스피싱 탐지·알림 서비스'를 미리 신청해... ",https://www.korea.kr/news/reporterView.do?newsId=148960626&call_from=naver_news,"Fri, 13 Mar 2026 13:09:00 +0900"
"롯데카드, 개인정보 유출에 과징금 96억…기업 보안 관리 책임 법제화 ...","국회 본회의를 통과한 '정보통신망법' 개정안은 침해사고가 반복될 경우 매출액의 최대 3%, 불법 <b>스팸</b> 방치 시 최대 6%의 과징금을 부과할 수 있도록 규정했다. 올해 9월 시행을 앞둔 '개인정보보호법' 개정안은 처벌... ",https://www.pointe.co.kr/news/articleView.html?idxno=74979,"Fri, 13 Mar 2026 11:54:00 +0900"
"SK텔레콤, 'AI 중심 체질전환' 속도…비핵심 사업 매각으로 투자재원 확...","이 회사는 AI 기반 <b>스팸</b>전화 차단과 음성비서 등 통신 서비스 고도화를 위한 기술 개발을 추진 중이다. 한편, SK텔레콤 AI CIC를 이끄는 정석근 최고기술책임자(CTO)가 신텔리전스 AI 이사회 의장을 맡고 있다.",http://www.seouleconews.com/news/articleView.html?idxno=89950,"Fri, 13 Mar 2026 11:46:00 +0900"
이더리움 ‘푸사카’ 이후 주소 독살 공격 급증…낮아진 가스비의 역설,"레이어2(L2) 환경에서도 ‘MEV(최대추출가치)’ 기반 <b>스팸</b> 활동이 확장 효과를 상쇄해, 일반 사용자... 남기거나 <b>스팸</b>/사기에 활용되는 전송 - 레이어2(L2): 메인넷 부담을 줄이기 위해 거래를 별도 네트워크에서... ",https://www.tokenpost.kr/news/tech/339029,"Fri, 13 Mar 2026 10:30:00 +0900"
"비탈릭, 이더리움 역할 3가지로 재정의…‘공유 메모리’ 비전 주목",두 번째 역할은 ‘<b>스팸</b> 필터’다. 탈중앙화 환경에서는 누구나 프로토콜과 상호작용할 수 있기 때문에 공격이나 <b>스팸</b>을 막기 위한 경제적 장벽이 필요하다. 이더리움(ETH)은 이러한 비용 구조를 담당하는 ‘마찰... ,https://www.tokenpost.kr/news/blockchain/339022,"Fri, 13 Mar 2026 10:14:00 +0900"
"황정아 의원, &quot;정보통신망법 개정안 통해 해킹·불법<b>스팸</b> 제재 수위 높...",해킹 사고를 반복하거나 불법 <b>스팸</b>을 방치한 사업자에 대한 제재를 강화하는 정보통신망법 개정안이 국회 문턱을 넘었다. 사이버 침해와 <b>스팸</b> 피해가 일상화하는... ,http://www.breaknews.com/1191458,"Fri, 13 Mar 2026 09:16:00 +0900"
[본회의] 대미투자법·가습기살균제 국가배상 등 55개 법안 통과...李 &quot;국...,또 불법 <b>스팸</b> 규제 강화를 위해 광고성 정보 전송 위반에 대한 과징금 부과 규정도 마련했다. 이번 개정안은 최근 이동통신사와 금융회사 등에서 발생한 대규모 침해사고를 계기로 추진됐다. 지난해만 해도 4월 SK텔레콤... ,https://www.polinews.co.kr/news/articleView.html?idxno=725322,"Fri, 13 Mar 2026 06:34:00 +0900"
"중국, 국가 안보 위해 ‘AI 에이전트’ 사용 통제… 글로벌 테크 전쟁터...","보안 전문가들은 오픈클로가 아이메시지(iMessage) 접근권을 획득한 뒤 수백 건의 <b>스팸</b>을 발송한 사례를 들어, AI의 자율성이 ‘양날의 검’임을 경고해 왔다. 특히 지리 정보와 유전자 데이터 등 민감한 자산을... ",https://www.g-enews.com/view.php?ud=2026031306043954452bd56fbc3c_1,"Fri, 13 Mar 2026 06:16:00 +0900"
‘4세 고시’ 영어유치원 레벨테스트 금지법 통과,여야가 영어유치원 등 영유아 학원 ‘레벨테스트’를 금지하는 학원법 개정안과 불법 <b>스팸</b> 문자 등에 대해... 불법 <b>스팸</b> 문자 등을 방지하기 위한 정보통신망법 개정안도 본회의 문턱을 넘었다. 불법 <b>스팸</b> 문자 등을... ,https://n.news.naver.com/mnews/article/020/0003703734?sid=100,"Fri, 13 Mar 2026 04:33:00 +0900"
부테린 “이더리움 본질은 스마트컨트랙트 아닌 ‘공개 게시판’”…역...,"다만 부테린은 이런 시스템이 항상 결제를 필요로 하진 않더라도, 개방형 네트워크에서 <b>스팸</b>을 막기... 누구나 무료로 무제한 계정을 만들 수 있다면, 공격자는 <b>스팸</b> 계정을 대량 생성해 서비스 품질을 떨어뜨릴 수... ",https://www.tokenpost.kr/news/blockchain/338849,"Fri, 13 Mar 2026 00:46:00 +0900"
해킹 반복·불법<b>스팸</b> 방치 사업자에 징벌 과징금…정보통신망법 개정안...,더불어민주당 황정아 의원이 대표발의한 이른바 '해킹사고·<b>스팸</b>폭탄 징벌 강화법' 취지가 반영된 정보통신망법 개정안이 3월 12일 국회 본회의를 통과했다. 이번 개정안은 반복되는 해킹사고와 불법<b>스팸</b> 문제에 대해... ,https://www.dailysecu.com/news/articleView.html?idxno=205690,"Thu, 12 Mar 2026 21:40:00 +0900"
교무실 몰래 들어간 중학생들…266명 개인정보 유출,"학교 측은 &quot;이번 사고로 유출된 개인정보를 이용한 보이스피싱, 피싱 메일, <b>스팸</b> 문자 등 2차 피해 우려가 있다&quot;며 &quot;출처가 불분명한 전화나 메일 수신 시 각별히 주의해달라&quot;라고 당부했다. 현재까지 개인정보 유출로... ",https://n.news.naver.com/mnews/article/277/0005733660?sid=102,"Thu, 12 Mar 2026 20:01:00 +0900"
해킹 사고·불법<b>스팸</b> 제재 강화법 국회 통과,해킹 사고와 불법 <b>스팸</b>에 대한 제재를 강화하는 정보통신망법 개정안이 12일 국회 본회의를 통과했다. 더불어민주당 황정아 의원(과학기술정보방송통신위원회·대전 유성을)이 대표발의한 해킹 사고·<b>스팸</b>폭탄 징벌 강화... ,https://n.news.naver.com/mnews/article/656/0000170336?sid=100,"Thu, 12 Mar 2026 19:54:00 +0900"
해킹사고 반복 시 매출 3% 과징금…정보통신망법 개정안 통과,해킹 사고와 불법 <b>스팸</b> 전송에 대한 처벌을 강화하는 내용의 정보통신망법 개정안이 12일 국회 본회의를... 불법<b>스팸</b>을 방지하기 위한 과징금 규정도 신설했다. 불법 <b>스팸</b>을 전송하거나 이를 방치하는 등 정보통신망법상... ,https://n.news.naver.com/mnews/article/138/0002220437?sid=105,"Thu, 12 Mar 2026 18:45:00 +0900"
SK텔레콤 '선택과 집중'… 비주력 계열사 팔아 AI 키운다,"(싱가포르) △소프트뱅크(일본) 등 5개 기업이 참여한다. 현재 AI 기반 <b>스팸</b>전화 차단, 음성 비서 등 AI 기술 고도화를 추진 중이다. SK텔레콤 AI CIC장인 정석근 최고기술책임자(CTO)가 이사회 의장을 맡았다.",https://n.news.naver.com/mnews/article/014/0005490696?sid=105,"Thu, 12 Mar 2026 18:26:00 +0900"
대미투자법 106일만에 통과…유아 ‘레테’ 전면 금지된다,아울러 불법 <b>스팸</b> 규제를 강화하기 위해 광고성 정보 전송 관련 의무 위반에 과징금을 부과하기로 했다. 관련 의무를 위반한 경우 매출액의 6% 이하로 과징금을 부과받는다. 12·29 여객기참사 피해구제 및 지원 등을 위한... ,https://n.news.naver.com/mnews/article/011/0004598723?sid=100,"Thu, 12 Mar 2026 18:21:00 +0900"
"[eGISEC 2026] 지에스엔씨, 보안과 편의 모두 잡은 메일보안 솔루션 아이...","보안 솔루션 업계에서 20년 이상 현장을 경험해 온 보안 경험자들이, 기존 보안의 한계를 직접 넘기 위해 뜻을 모아 설립했다.<b>스팸</b>, APT, BEC와 같은 지능화된 공격을 정밀하게 탐지하고, 정보 유출까지 고려한 통합 보안... ",http://www.boannews.com/media/view.asp?idx=142532&kind=3,"Thu, 12 Mar 2026 18:06:00 +0900"
'통신사기피해방지법' 개정…가상자산 이용 보이스피싱도 환급 가능,개정안은 또한 불법<b>스팸</b>을 전송하거나 방치하는 등 사업자 의무를 위반할 경우 매출액 6% 를 초과하지 않는 범위에서 과징금을 부과하는 징벌적 제재가 새로 포함됐다. 교육 분야에서는 학원의 설립·운영 및 과외교습에... ,https://www.straightnews.co.kr/news/articleView.html?idxno=297317,"Thu, 12 Mar 2026 17:56:00 +0900"
침해사고 반복 기업 매출 최대 3% 과징금…해킹방지법 국회 통과,"해킹사고를 반복하거나 불법 <b>스팸</b>을 전송한 기업에게 각각 매출 3%, 6% 이하에서 부과할 수 있는 징벌적... 또 불법 <b>스팸</b>을 전송하거나 이를 방치하는 등 정보통신망법상 의무를 위반한 사업자에게는 매출액 최대 6% 수준의... ",https://n.news.naver.com/mnews/article/003/0013819011?sid=105,"Thu, 12 Mar 2026 17:49:00 +0900"
영유아 학원 테스트 금지 어기면 과징금…학원법 등 53개 법안 본회의 ...,여야가 영어유치원 등 영유아 학원 ‘레벨테스트’를 금지하는 학원법 개정안과 불법 <b>스팸</b> 문자 등에 대해... 불법 <b>스팸</b> 문자 등을 방지하기 위한 정보통신망법 개정안도 본회의 문턱을 넘었다. 불법 <b>스팸</b> 문자 등을... ,https://n.news.naver.com/mnews/article/020/0003703613?sid=100,"Thu, 12 Mar 2026 17:46:00 +0900"
"해킹사고 반복·불법<b>스팸</b> 방치시 '징벌적 과징금'법, 국회 통과",해킹사고를 반복하거나 불법<b>스팸</b>을 전송·방치한 사업자에게 막대한 과징금을 부과하는 법안이 국회 본회의를 통과했다. 12일 황정아 더불어민주당 의원은 '해킹사고·<b>스팸</b>폭탄 징벌 강화법'인 정보통신망법 개정안 2건이... ,https://n.news.naver.com/mnews/article/008/0005329287?sid=105,"Thu, 12 Mar 2026 17:36:00 +0900"
황정아 발의 ‘해킹사고·<b>스팸</b>폭탄 징벌 강화법’ 대안반영 국회 통과,중대 해킹사고 반복·불법<b>스팸</b> 폭탄 사업자에 징벌적 과징금 신설 해킹 정황 있으면 신고 없어도 조사단... 해킹사고·<b>스팸</b>폭탄 징벌 강화법인 정보통신망법 개정안 2건이 대안 반영돼 국회 본회의를 통과했다고 12일... ,http://www.segyebiz.com/newsView/20260312517346?OutUrl=naver,"Thu, 12 Mar 2026 17:30:00 +0900"
"여야, 대미투자특별법 등 민생법안 53건 합의 처리","불법<b>스팸</b>을 방지하기 위한 과징금 규정도 신설했다. 가습기살균제 피해 구제를 위한 특별법 개정안도 통과됐다. 국가의 손해배상책임을 명시하고 정부출연금, 사업자의 분담금, 원료물질 사업자의 별도 분담금을... ",https://n.news.naver.com/mnews/article/469/0000919109?sid=100,"Thu, 12 Mar 2026 17:21:00 +0900"
'해킹 반복·<b>스팸</b> 방치 징벌 강화법' 국회 통과,불법 <b>스팸</b>을 보내거나 방치한 사업자에 대해서도 매출의 최대 6%까지 과징금을 부과하는 개정안도 이날... 사고 축소나 신고 지연으로 조사가 늦어지는 문제를 보완하기 위한 조치다.불법 <b>스팸</b>에 대한 처벌도 강화됐다.... ,https://news.mtn.co.kr/news-detail/2026031216503288202,"Thu, 12 Mar 2026 17:00:00 +0900"
해킹 반복 기업엔 징벌적 과징금…가상자산 보이스피싱 피해 환급 가능,불법<b>스팸</b> 전송자에게 징벌적 과징금을 부과하는 '정보통신망 이용촉진 및 정보보호 등에 관한 법률... ◆해킹 반복·불법<b>스팸</b> 징벌적 과징금 신설…직권 조사단 구성 근거 마련 황정아 의원이 대표발의한 정통망법 개정안... ,https://www.newsworks.co.kr/news/articleView.html?idxno=833897,"Thu, 12 Mar 2026 16:52:00 +0900"
"개혁신당, 선거 노하우 '오픈소스' 공개…후보자 핸드북 발간",&quot;길바닥에 떨어진 명함을 봐도 속상해하지 말 것.&quot; &quot;해시태그(#)가 너무 많으면 온라인 홍보물이 <b>스팸</b> 처리될 수 있음.&quot; &quot;득표율이 아니라 '득표수'를 목표로 선거운동을 할 것.&quot; 개혁신당이 발간한 '지방선거 후보자 핸드북... ,https://n.news.naver.com/mnews/article/277/0005733564?sid=100,"Thu, 12 Mar 2026 16:45:00 +0900"
황정아 발의 ‘해킹사고·<b>스팸</b>폭탄 징벌 강화’ 법안 국회 통과,황정아 더불어민주당 국회의원(대전 유성을)이 대표발의한 해킹사고와 불법 <b>스팸</b> 대응을 강화하는... 이와 함께 불법 <b>스팸</b>을 전송하거나 이를 방치하는 등 정보통신망법상 의무를 위반한 사업자에 대해 매출액의 6... ,https://n.news.naver.com/mnews/article/421/0008822886?sid=102,"Thu, 12 Mar 2026 16:40:00 +0900"
황정아 의원 발의 '해킹·<b>스팸</b> 징벌 강화법' 국회 본회의 통과,ⓒ황정아 의원실 황정아 더불어민주당(대전 유성을) 의원이 대표발의한 해킹사고·<b>스팸</b>폭탄 징벌 강화법인... 이와 함께 불법 <b>스팸</b>을 전송하거나 방치하는 등 정보통신망법에 따른 사업자의 의무를 위반한 경우에도... ,https://www.ibabynews.com/news/articleView.html?idxno=149570,"Thu, 12 Mar 2026 16:30:00 +0900"
'침해 사고 반복시 매출액 3% 과징금' 정보통신망법 개정안 국회 통과,불법<b>스팸</b> 위반 행위에 매출액 6% 이하 과징금을 부과하는 개정안도 이날 처리됐다. 황정아 더불어민주당... 이날 통과한 개정안에 따라 불법<b>스팸</b> 대응도 강화됐다. 불법<b>스팸</b>을 전송하거나 이를 방치하는 등 정보통신망법상... ,https://n.news.naver.com/mnews/article/031/0001012813?sid=105,"Thu, 12 Mar 2026 16:09:00 +0900"
"황정아 의원, 해킹사고·<b>스팸</b>폭탄 징벌 강화법 대안 국회 본회의 통과","해킹사고·<b>스팸</b>폭탄 징벌 강화법인 정보통신망법 개정안 2건이 대안반영되어 국회 본회의를 통과했다고 밝혔다. / 뉴스티앤티 DB 더불어민주당 황정아(초선, 대전 유성을) 의원은 12일 자신이 대표 발의한 해킹사고·<b>스팸</b>폭... ",http://www.newstnt.com/news/articleView.html?idxno=595034,"Thu, 12 Mar 2026 16:06:00 +0900"
'반복적 해킹사고·<b>스팸</b>폭탄 처벌 강화법' 본회의 통과…징벌적 과징금...,해킹 사고를 반복하거나 불법 <b>스팸</b>을 대량 전송한 사업자에 대해 징벌적 과징금을 부과하는 법안이 국회를... 2026.03.12 mironj19@newspim.com 이와 함께 불법 <b>스팸</b>을 전송하거나 방치하는 등 정보통신망법에 따른 사업자의... ,https://www.newspim.com/news/view/20260312001036,"Thu, 12 Mar 2026 16:06:00 +0900"
정보통신망법 본회의 통과…해킹 반복 땐 매출 3% 과징금,아울러 불법<b>스팸</b> 규제를 강화하기 위해 광고성 정보 전송 관련 의무 위반에 과징금을 부과하기로 했다. 관련 의무를 위반한 경우 매출액의 6% 이하로 과징금을 부과하게 됐다. 이번에 통과한 정보통신망법은 조인철... ,https://n.news.naver.com/mnews/article/277/0005733530?sid=100,"Thu, 12 Mar 2026 15:47:00 +0900"
[단독] 학생 일탈에 구멍 뚫린 보안…부천 한 중학교서 개인정보 유출,"그러면서 &quot;상급 기관에도 즉각 신고를 마쳤다. 관할 지역 교육청에서도 점검을 실시했다&quot;며 &quot;보이스피싱, 피싱 메일, <b>스팸</b> 문자 등 2차 피해와 관련해서는 아직 신고가 들어온 사항은 없다&quot;고 말했다.",http://www.iminju.net/news/articleView.html?idxno=160234,"Thu, 12 Mar 2026 15:26:00 +0900"
구글 메시지 업데이트 예고…하드웨어 기반 문자 사기 방어막 구축,"이 과정에서 2G 네트워크의 보안 취약점을 악용해 메시지 앱의 <b>스팸</b> 필터를 우회할 수 있으며, 실제 사례에서는 시간당 10만건 이상의 문자 메시지가 발송된 사례도 보고됐다. 또한 연결부터 문자 발송까지의 과정이... ",https://www.digitaltoday.co.kr/news/articleView.html?idxno=640191,"Thu, 12 Mar 2026 14:40:00 +0900"
"[K-VIBE] 석수선의 K-디자인 이야기…할루시네이션, 상상력의 엔진이 되...","<b>스팸</b>메일이 늘어나면 <b>스팸</b> 필터가 정교해지듯, 합성 콘텐츠가 늘어날수록 감각도 '합성 신호'를 더 빨리 잡아낸다. 이때 사람들이 가장 빨리 감지하는 단서 중 하나가 할루시네이션(Hallucination)이다. 할루시네이션은 근거가... ",https://n.news.naver.com/mnews/article/001/0015954833?sid=105,"Thu, 12 Mar 2026 14:00:00 +0900"
"개인정보 노출없이 연락 닿는다…스노큐, QR 안심번호 리뉴얼 2종 출시","기존 차량 전화번호판처럼 번호가 그대로 노출되지 않아 <b>스팸</b> 전화나 개인정보 수집 위험을 줄인 것이 특징이다. 또한 1588 등 중계 통신망을 거치지 않고 바로 연결되며, 사용자가 응답하지 못할 경우 사전에 등록한 최대... ",https://www.e-science.co.kr/news/articleView.html?idxno=127902,"Thu, 12 Mar 2026 13:10:00 +0900"
이더리움·비트마인 공매도 리포트 해부…컬퍼 리서치 &quot;플라이휠이 역회...,"Ethereum (ETH USD): What Vitalik Knows, and Tom Lee Doesn’t / Culper Research 논증 ②: 활동 급증의 실체는 '<b>스팸</b>'이다... 이 <b>스팸</b> 활동이 ETH 트랜잭션 성장의 50% 이상을 설명하며, 전체 ETH 트랜잭션의 22.5%를 차지한다. 컬퍼는... ",https://www.tokenpost.kr/news/insights/338542,"Thu, 12 Mar 2026 09:42:00 +0900"
"메타, 사기 광고·계정 대거 제거…AI 기반 사기 탐지 강화","탐지하고, 필요 시 AI 사기 검토 기능을 활성화하도록 안내한다. 메타는 이번 조치를 통해 플랫폼 내 사기와 <b>스팸</b> 문제를 줄이고, 사용자가 보다 안전하게 서비스를 이용할 수 있는 환경을 조성하려는 노력을 이어가고 있다.",https://www.digitaltoday.co.kr/news/articleView.html?idxno=640012,"Thu, 12 Mar 2026 08:40:00 +0900"
"﻿스노큐, QR 안심번호 제품 전면 리뉴얼 출시","기존 차량 전화번호판이 번호를 그대로 노출해 <b>스팸</b> 전화나 개인정보 수집에 취약했던 문제를, 이번 리뉴얼 제품은 QR 익명 연결 방식으로 원천 차단했다. 유사 QR제품과는 달리 1588 등의 통신망을 거치지 않고 곧바로... ",https://www.pinpointnews.co.kr/news/articleView.html?idxno=436014,"Thu, 12 Mar 2026 07:20:00 +0900"
‘멀티 AI’ 플래그십 VS ‘용량 2배’ 보급형,AI가 모르는 번호로 걸려온 전화를 대신 받아 내용을 요약해주는 ‘통화 스크리닝’ 기능으로 <b>스팸</b>이나 보이스피싱 등도 차단할 수 있다. 반면 메모리 반도체 가격 폭등에 따라 출고가가 최소 10만원 인상됐다.... ,https://n.news.naver.com/mnews/article/032/0003432744?sid=105,"Wed, 11 Mar 2026 20:56:00 +0900"
"초등 교과서 기업 '아이스크림미디어', 회원 학교 정보까지 털렸다","아이스크림미디어는 &quot;유출된 개인정보가 악용될 경우 명의도용이나 보이스피싱, <b>스팸</b> 문자 등 2차 피해가 발생할 수 있다&quot;며 &quot;출처가 불분명한 연락이나 의심스러운 문자·이메일에 각별한 주의를 부탁드린다&quot;고 말했다.",https://n.news.naver.com/mnews/article/008/0005328729?sid=102,"Wed, 11 Mar 2026 20:33:00 +0900"
"中, 자율형 AI '오픈클로' 사용 제한… 보안 우려","하지만 최근 한 사용자 계정에서 AI 에이전트가 수백건의 <b>스팸</b> 메시지를 전송하는 사례가 발생하면서 보안 우려도 커지고 있다. 사이버 보안 전문가들은 오픈클로가 개인 데이터 접근과 외부 통신, 신뢰할 수 없는... ",https://it.chosun.com/news/articleView.html?idxno=2023092158481,"Wed, 11 Mar 2026 19:46:00 +0900"
"잘 나가던 '오픈클로' 급제동…中 정부, 사용 금지령 내린 이유는",하지만 최근 한 사용자의 아이메시지를 통해 수백 건의 <b>스팸</b> 메시지를 발송하는 등 '폭주' 사례가 보고되면서 보안 및 통제 불능 리스크가 도마 위에 오른 바 있다. 로버트 리아 블룸버그 인텔리전스 분석가는 &quot;중국... ,https://n.news.naver.com/mnews/article/092/0002413950?sid=105,"Wed, 11 Mar 2026 18:32:00 +0900"
[르포] &quot;프라이버시 기능 제일 기대돼&quot;…갤럭시 S26 출시일부터 흥행 조...,<b>스팸</b> 전화 등을 걸러주는 기능이 도입됐다. AI 기반 '통화 스크리닝' 기능은 모르는 번호로 걸려온 전화를 AI가 사용자 대신 받아 상대방이 AI에게 말한 발신자 정보와 내용을 간단히 요약해 제공해준다. <b>스팸</b>이나... ,https://www.ajunews.com/view/20260311153618731,"Wed, 11 Mar 2026 17:18:00 +0900"
"나노아이티, 게이트웨이단 대량 문자 <b>스팸</b> 차단 기술 특허 등록",대량 <b>스팸</b>·스미싱 메시지를 게이트웨이 단계에서 차단할 수 있는 기술 특허를 등록했다고 11일 밝혔다. 특허명은 '다차원 평판 및 AI(인공지능) 분석 기반의 하이브리드 <b>스팸</b> 차단 시스템 및 방법'이다. 업체에 따르면... ,https://n.news.naver.com/mnews/article/008/0005328553?sid=101,"Wed, 11 Mar 2026 15:42:00 +0900"
‘멀티AI’냐 ‘보급형’이냐…갤럭시 S26 대 아이폰 17e 맞대결,AI가 모르는 번호로 걸려온 전화를 대신 받아 내용을 요약해주는 ‘통화 스크리닝’ 기능으로 <b>스팸</b>이나 보이스피싱 등도 차단할 수 있다. 반면 메모리 반도체 가격 폭등에 따라 출고가가 최소 10만원 인상됐다.... ,https://n.news.naver.com/mnews/article/032/0003432619?sid=105,"Wed, 11 Mar 2026 15:28:00 +0900"
삼성 '갤S26·버즈4' 120개국 출시…역대급 사전판매 흥행 이을까,이 기능은 <b>스팸</b>이나 보이스피싱 가능성이 있는 전화를 AI가 먼저 응답해 내용을 정리해 주는 방식이다. 한국인터넷진흥원(KISA)에 따르면 2025년 상반기 <b>스팸</b> 문자와 음성 신고·탐지 건수는 약 3779만 건에 달했다. 또... ,https://n.news.naver.com/mnews/article/123/0002379253?sid=101,"Wed, 11 Mar 2026 14:55:00 +0900"
삼성 갤럭시 S26·버즈4 공식 출시…AI 스마트폰 경쟁 본격화,"<b>스팸</b> 전화나 불필요한 통화를 줄이고 사용자의 시간을 절약하는 데 초점을 맞춘 기능이다. 카메라 기능 역시 대폭 강화됐다. AI 이미지 처리 기술을 활용해 저조도 촬영 성능이 개선됐으며, 촬영 후 사진과 영상을... ",https://www.todayeconomic.com/news/article.html?no=29840,"Wed, 11 Mar 2026 14:32:00 +0900"
"[eGISEC 2026] 안랩, AhnLab XTG","강력한 방화벽 및 VPN 기능뿐만 아니라 ZTNA(Zero Trust Network Access), Light-weight VPN, SD-WAN, 정책 기반 제어, IPS(Intrusion Prevention System), 애플리케이션 제어, URL 제어, C2 탐지 및 차단, 안티 <b>스팸</b>, 디도스 완화, DLP(Data... ",http://www.boannews.com/media/view.asp?idx=142182&kind=3,"Wed, 11 Mar 2026 10:22:00 +0900"
"AI브랜드평판연구소 “2월 물티슈 평판 분석, 베베숲·앙블랑·브라운 순...","특히 2026년 2월 분석부터는 평가 모델을 일부 개선해 홍보성 게시물과 <b>스팸</b> 키워드, 타 제품군(기저귀 등) 관련 콘텐츠를 제외하는 방식의 데이터 정제 기준을 강화했다. 또 블로그와 유튜브 등에 게시된 수익형... ",http://www.beyondpost.co.kr/view.php?ud=2026031016420410549aeda69934_30,"Wed, 11 Mar 2026 10:02:00 +0900"
“멍멍” 짖자 전화 울렸다…‘펫폰’ 등장에 화들짝,외신들은 “주인의 목소리가 어디서 들리는지 몰라 반려동물이 오히려 혼란스러워할 수 있다” “활동량이 많은 반려견의 경우 이 장치가 하루 종일 울리는 ‘<b>스팸</b> 전화’가 된다”는 우려가 있다고 전했다.,https://n.news.naver.com/mnews/article/662/0000090266?sid=104,"Wed, 11 Mar 2026 10:01:00 +0900"
"메일보안 시장, ‘레드오션인가’…GSNC, 새로운 경쟁 기준 제시","그룹웨어와 협업툴 중심의 업무 환경이 확산되면서 메일보안 역시 단순한 <b>스팸</b> 솔루션이 아닌 통합 업무... 실제로 수 많은 조직에서 메일보안 솔루션을 통해 <b>스팸</b>, 악성 파일, URL 등에 대한 기본적인 필터링을 수행하고... ",https://swtvnews.com/news/newsview.php?ncode=1065573619202803,"Wed, 11 Mar 2026 10:00:00 +0900"
"&quot;가짜뉴스 그만&quot; 엑스, 조직적 여론조작 대응…계정 8억개 차단","해당 계정들은 플랫폼 내 조작 및 <b>스팸</b> 관련 규정을 위반했다는 이유로 2024년 12개월 동안 집중적으로 정지됐다. 조사 결과, 엑스를 <b>스팸</b>으로 도배하려 시도한 계정의 배후에는 러시아가 가장 많이 연루됐으며, 이란과... ",https://www.digitaltoday.co.kr/news/articleView.html?idxno=639442,"Wed, 11 Mar 2026 09:42:00 +0900"
'매일아침' 서울 서초동 김치찌개 맛집 위치는? &quot;대접밥 무한리필&quot;,"김치찌개를 비롯해 계란부침, 고등어구이, <b>스팸</b>구이 등을 판매한다. 대접밥을 무한리필로 제공해 더욱 각광을 받는 모습이다. MBN 생활정보 프로그램 '매일아침'은 매주 월요일부터 목요일까지 오전 9시 30분에 방송된다.... ",https://www.topstarnews.net/news/articleView.html?idxno=15999694,"Wed, 11 Mar 2026 09:36:00 +0900"
프라이버시 지키는 'AI폰'…삼성 갤럭시 S26·버즈4 전 세계 출격,사용자는 통화 연결 전에 상대방과 통화 내용을 확인한 뒤 응답 여부를 결정할 수 있어 <b>스팸</b>·보이스피싱 대응에도 도움이 될 것으로 보인다. 사진·영상 촬영과 이미지 편집 기능 역시 한층 업그레이드됐다. 고성능... ,http://www.newsroad.co.kr/news/articleView.html?idxno=55820,"Wed, 11 Mar 2026 09:22:00 +0900"
"2월 물티슈 AI 브랜드 평판 분석 결과 공개...&quot;베베숲, 종합 1위 기록&quot;","특히 이번 2월 분석부터는 평가 모델을 일부 조정해 홍보성 게시물과 <b>스팸</b> 키워드, 타 제품군 콘텐츠 등을 제외하고 데이터를 정제하는 방식이 강화됐다. 연구소 측은 블로그나 유튜브 등에서 수익 목적의 협찬... ",http://www.thebigdata.co.kr/view.php?ud=2026031015221084869aeda69934_23,"Wed, 11 Mar 2026 09:02:00 +0900"
"AI브랜드평판연구소 &quot;2월 물티슈 평판 분석, 베베숲 종합 1위&quot;","특히 2026년 2월 분석부터는 평가 모델을 일부 개선해 홍보성 게시물과 <b>스팸</b> 키워드, 타 제품군(기저귀 등) 관련 콘텐츠를 제외하는 방식의 데이터 정제 기준을 강화했다. 또 블로그와 유튜브 등에 게시된 수익형... ",http://www.e2news.com/news/articleView.html?idxno=328495,"Wed, 11 Mar 2026 09:00:00 +0900"
"삼성전자, 갤럭시 S26·버즈4로 프리미엄 생태계 띄운다..120여개국 동시...",모르는 번호로 전화가 오면 AI가 대신 전화를 받고 발신자 정보와 통화 내용을 요약해 알려줘 <b>스팸</b>과 보이스피싱 위험을 줄여준다. 카메라와 편집 기능도 3세대 수준으로 업그레이드했다. 나이토그래피는 저조도... ,https://kpenews.com/View.aspx?No=3999390,"Wed, 11 Mar 2026 08:20:00 +0900"
[정옥재의 스마트 라이프] &quot;이름 용건 먼저 알려주세요&quot;...'3세대 AI폰' 써...,통화 스크리닝은 ▷<b>스팸</b>이나 불법 전화는 자동으로 수신하고 ▷불법 전화가 아닌 경우에는 사용자가 통화 스크리닝 기능을 사용할 수 있도록 했다. 10일 오후 070으로 시작되는 전화가 걸려왔다. 사용자에게는 “<b>스팸</b>으... ,https://n.news.naver.com/mnews/article/658/0000137570?sid=101,"Wed, 11 Mar 2026 06:02:00 +0900"
&quot;보이스피싱 막아라&quot; 이통3사 '미사용 회선' 정리 나서,"피해자가 발생하지 않게 하기 위해 선제 조치를 나선 것으로 보인다&quot;며 &quot;이와 관련된 범죄 예방 뿐만 아니라 불필요한 <b>스팸</b> 문자 등의 피해도 줄어들 가능성이 높다&quot;고 말했다. #SKT, #KT, #LG U+ 이재현 글로벌이코노믹 기자",https://www.g-enews.com/view.php?ud=2026031012273273573d7a510102_1,"Tue, 10 Mar 2026 17:32:00 +0900"
"스노큐, 개인정보 보호 위한 QR 안심번호 제품 리뉴얼 출시","기존 차량 전화번호판이 번호를 그대로 노출해 <b>스팸</b> 전화나 개인정보 수집에 취약했던 문제를, 이번 리뉴얼 제품은 QR 익명 연결 방식으로 원천 차단했다. 유사 QR제품과는 달리 1588 등의 통신망을 거치지 않고 곧바로... ",https://n.news.naver.com/mnews/article/396/0000737888?sid=103,"Tue, 10 Mar 2026 16:54:00 +0900"
"스노큐, QR 안심번호 제품 전면 리뉴얼 출시","기존 차량 전화번호판이 번호를 그대로 노출해 <b>스팸</b> 전화나 개인정보 수집에 취약했던 문제를, 이번 리뉴얼 제품은 QR 익명 연결 방식으로 원천 차단했다. 유사 QR제품과는 달리 1588 등의 통신망을 거치지 않고 곧바로... ",http://www.segyebiz.com/newsView/20260310516887?OutUrl=naver,"Tue, 10 Mar 2026 16:52:00 +0900"
[ESG 칼럼] 2025 국내외 ESG 공시 트렌드 리뷰(4),"또한 단시간 내 유해 이미지 차단을 위해 지난 2019년부터 지속적인 AI 머신러닝 기술을 개발 중이며, 성인(<b>스팸</b>) 이미지 추천 시스템을 실제 서비스에 적용하고 있다. 대한항공은 지속가능한 마케팅 정책을 수립하여... ",https://www.hellot.net/news/article.html?no=111258,"Tue, 10 Mar 2026 16:28:00 +0900"
X &quot;1년 동안 조작·<b>스팸</b> 계정 8억 개 삭제&quot;,"X는 그해 플랫폼 조작, <b>스팸</b> 관련 규칙을 위반한 약 8억 개 계정을 정지한 것으로 나타났다. 다만 이 가운데... <b>스팸</b>은 타인에게 영향을 미치며 요청되지 않은 행위로 대개 저급한 콘텐츠를 쏟아내는 것을 뜻한다．",https://n.news.naver.com/mnews/article/003/0013812795?sid=104,"Tue, 10 Mar 2026 14:08:00 +0900"
"'예비후보 ○○○입니다'…또 시작됐다, 선거 <b>스팸</b>",6·3 지방선거를 앞두고 끊임없이 쏟아지는 선거 전화와 문자메시지가 유권자들에게 적지 않은 피로감을 주고 있다. 한 명이라도 더 많은 유권자에게 자신의 이름을 알리겠다는 취지지만 많게는 하루 십수통의 연락을 받는... ,https://n.news.naver.com/mnews/article/421/0008816549?sid=102,"Tue, 10 Mar 2026 10:37:00 +0900"
"앤트로픽 손잡은 MS, 'AI 에이전트'로 SaaS 위기 돌파",스파타로 부사장은 &quot;AI 에이전트도 사람처럼 피싱이나 <b>스팸</b> 공격의 대상이 될 수 있다&quot;며 기존의 보안 인프라를 에이전트 관리까지 확장한 배경을 설명했다. 현재 MS 내부에서는 이미 50만 개 이상의 에이전트가... ,https://www.fortunekorea.co.kr/news/articleView.html?idxno=51833,"Tue, 10 Mar 2026 09:16:00 +0900"
"GS25, 김밥 풀체인지 리뉴얼…튀김유부참치김밥과 THE근본김밥 등 출시","새로 출시하는 김밥 대상으로 네이버페이 결제 시 40% 페이백 혜택을 제공한다. 튀김유부참치김밥, THE근본김밥, 종가김치참치김밥, <b>스팸</b>김치볶음김밥 등 4종에 대해서는 1000원 QR 할인 행사도 진행한다.",http://www.econonews.co.kr/news/articleView.html?idxno=430337,"Mon, 09 Mar 2026 22:16:00 +0900"
"GS25, 김밥 전면 리뉴얼 추진…&quot;밥·토핑 균형 강화&quot;",3월 출시 김밥을 네이버페이로 결제하면 40% 페이백 혜택을 제공하며 ▲튀김유부참치김밥 ▲THE근본김밥 ▲종가김치참치김밥 ▲<b>스팸</b>김치볶음김밥 등 4종은 1000원 QR 할인 행사도 진행한다. 안진웅 GS리테일 FF팀... ,https://www.insightkorea.co.kr/news/articleView.html?idxno=242401,"Mon, 09 Mar 2026 18:04:00 +0900"
[오늘의 편의점] CU·세븐일레븐·GS25,"3월 새로 출시하는 김밥 대상으로 네이버페이 결제 시 40% 페이백 혜택을 제공하며, 튀김유부참치김밥, THE근본김밥, 종가김치참치김밥, <b>스팸</b>김치볶음김밥 등 4종에 대해서는 1000원 QR 할인 행사도 함께 운영할... ",http://www.financialreview.co.kr/news/articleView.html?idxno=40771,"Mon, 09 Mar 2026 17:02:00 +0900"
"GS25, 김밥 '풀체인지 리뉴얼' 나선다",3월 새로 출시하는 김밥 대상으로 네이버페이 결제 시 40% 페이백 혜택을 제공하며 △튀김유부참치김밥 △THE근본김밥 △종가김치참치김밥 △<b>스팸</b>김치볶음김밥 등 4종에 대해서는 1000원 QR 할인 행사도 함께 운영할... ,http://www.finomy.com/news/articleView.html?idxno=251005,"Mon, 09 Mar 2026 17:00:00 +0900"
"4월의 하와이, ‘관광객’ 말고 ‘로컬’처럼 즐기는 완벽한 방법","◇ 와이키키 거리를 점령한 하와이의 소울푸드, ‘<b>스팸</b> 잼(SPAM JAM)’ 매년 4월에 개최되는 ‘와이키키 <b>스팸</b> 잼’은 하와이 최대 규모의 스트리트 푸드 페스티벌이다. 축제 기간 동안 칼라카우아 애비뉴 일대는 차 없는... ",https://n.news.naver.com/mnews/article/468/0001223255?sid=103,"Mon, 09 Mar 2026 16:20:00 +0900"
"&quot;제품 완성도 높인다&quot;…GS25, '김밥 풀체인지' 리뉴얼 추진","3월 새로 출시하는 김밥 대상으로 네이버페이 결제 시 40% 페이백 혜택을 제공하며, 튀김유부참치김밥, THE근본김밥, 종가김치참치김밥, <b>스팸</b>김치볶음김밥 등 4종에 대해서는 1000원 QR 할인 행사도 함께 운영할 예정이다.... ",https://www.newspim.com/news/view/20260309000967,"Mon, 09 Mar 2026 16:04:00 +0900"
"“전문점 수준 맛 낸다” GS25, 김밥 상품 전면 리뉴얼","이달 새로 출시하는 김밥 대상으로 네이버페이 결제 시 40% 페이백 혜택을 제공하며, 튀김유부참치김밥, THE근본김밥, 종가김치참치김밥, <b>스팸</b>김치볶음김밥 등 4종에 대해서는 1000원 QR 할인 행사도 함께 운영할 예정이다.",https://www.etoday.co.kr/news/view/2563391,"Mon, 09 Mar 2026 15:48:00 +0900"
"GS25, 김밥 풀체인지 나선다…“토핑 비중 늘리고 참깨 사용량 확대”","이달 새로 출시하는 김밥 대상으로 네이버페이 결제 시 40% 페이백 혜택을 제공하며, 튀김유부참치김밥, THE근본김밥, 종가김치참치김밥, <b>스팸</b>김치볶음김밥 등 4종에 대해서는 1000원 QR 할인 행사도 함께 운영할... ",https://weekly.cnbnews.com/news/article.html?no=208065,"Mon, 09 Mar 2026 15:36:00 +0900"
[브리프]현대백화점 다이소 SSG 롯데온 GS25 外,"3월 새로 출시하는 김밥 대상으로 네이버페이 결제 시 40% 페이백 혜택을 제공하며, 튀김유부참치김밥, THE근본김밥, 종가김치참치김밥, <b>스팸</b>김치볶음김밥 등 4종에 대해서는 1,000원 QR 할인 행사도 함께 운영할 예정이다.... ",http://www.biztribune.co.kr/news/articleView.html?idxno=350098,"Mon, 09 Mar 2026 15:34:00 +0900"
하루 150개씩 사라진다…직장인들이 출근길에 무조건 구매하는 '이것','겟모닝 통<b>스팸</b> 꼬마김밥'과 '겟모닝 <b>스팸</b>청양 꼬마김밥'은 출시 직후 CU 전체 김밥 카테고리에서 각각 판매 순위 2위와 5위에 이름을 올렸다. 기존의 대형 김밥보다 크기가 작아 이동 중에도 깔끔하게 먹을 수 있다는... ,https://www.wikitree.co.kr/articles/1123364,"Mon, 09 Mar 2026 15:30:00 +0900"
"재료부터 공정까지… GS25, 김밥 '풀체인지' 나서","튀김유부참치김밥, THE근본김밥, 종가김치참치김밥, <b>스팸</b>김치볶음김밥 등 4종에 대해서는 1000원 QR 할인 행사도 함께 운영할 예정이다. 안진웅 GS리테일 FF팀 MD는 “최근 편의점 김밥이 간단한 간식을 넘어 한 끼 식사로... ",https://n.news.naver.com/mnews/article/138/0002219974?sid=103,"Mon, 09 Mar 2026 15:15:00 +0900"
“한교총이 단일 소통 창구 역할해야”,"아니라 국내 정치권과의 관계에서도 한교총이 단일 소통 창구 역할을 해야한다”고 강조했습니다. 한교총은 또 이날 회의에서 “최근 한교총 사칭 <b>스팸</b> 메일이 유포되고 있다”며, “회원 교단의 주의”를 당부했습니다.",http://www.cts.tv/news/view?ncate=&dpid=336987,"Mon, 09 Mar 2026 15:08:00 +0900"
"하와이 와이키키, 4월 최대 길거리 음식 축제 '<b>스팸</b> 잼' 개최","‘와이키키 <b>스팸</b> 잼’(Waikiki SPAM JAM)이 열린다. 이번 축제 기간에는 와이키키 칼라카우아 애비뉴 일대가 보행자 전용 거리로 전환된다. 현지 레스토랑과 셰프들이 참여해 <b>스팸</b>을 활용한 무스비, 볶음밥 등 다양한... ",https://n.news.naver.com/mnews/article/243/0000094177?sid=103,"Mon, 09 Mar 2026 15:01:00 +0900"
"GS25, 김밥 풀체인지 나서","이달 새로 출시하는 김밥을 대상으로 네이버페이 결제 시 40% 페이백 혜택을 제공하며, 튀김유부참치김밥, THE근본김밥, 종가김치참치김밥, <b>스팸</b>김치볶음김밥 등 4종에 대해 1000원 QR 할인 행사도 운영한다. 안진웅... ",https://weekly.hankooki.com/news/articleView.html?idxno=7153518,"Mon, 09 Mar 2026 13:32:00 +0900"
"GS25, 김밥 풀체인지 ‘밥과 재료 맛 강조'","3월 새로 출시하는 김밥 대상으로 네이버페이 결제 시 40% 페이백 혜택을 제공하며, 튀김유부참치김밥, THE근본김밥, 종가김치참치김밥, <b>스팸</b>김치볶음김밥 등 4종에 대해서는 1,000원 QR 할인 행사도 함께 운영할 예정이다.... ",http://kor.theasian.asia/archives/402177,"Mon, 09 Mar 2026 12:04:00 +0900"
하와이 소울푸드 <b>스팸</b>이 거리로 나온다,"이 축제가 특별한 이유는 '<b>스팸</b>'이라는 독특한 음식 아이콘에 있다. 제2차 세계대전 이후 하와이에 정착한 <b>스팸</b>은 이제 무수비, 볶음밥, 퓨전 요리 등으로 재해석되며 지역 식문화의 일부가 되었다. SPAM JAM은 관광객을... ",https://www.gukjenews.com/news/articleView.html?idxno=3523430,"Mon, 09 Mar 2026 11:46:00 +0900"
"아웃리거, 4월의 하와이를 가장 로컬답게 즐기는 법 공개","이 축제가 특별한 이유는 '<b>스팸</b>'이라는 독특한 음식 아이콘에 있다. 제2차 세계대전 이후 하와이에 정착한 <b>스팸</b>은 이제 무수비, 볶음밥, 퓨전 요리 등으로 재해석되며 지역 식문화의 일부가 되었다. SPAM JAM은 관광객을... ",https://www.discoverynews.kr/news/articleView.html?idxno=1086517,"Mon, 09 Mar 2026 11:40:00 +0900"
'소상공인 점포 정보 전송 서비스' 2년 연장,방미통위는 소상공인들의 긍정적인 평가와 함께 민원 및 불법 <b>스팸</b> 신고 증가가 나타나지 않았다는 점 등을 종합적으로 고려해 예외 허용을 연장하기로 결정했다고 설명했다. 김종철 방미통위원장은 &quot;이번 결정이... ,http://www.kbiznews.co.kr/news/articleView.html?idxno=113622,"Mon, 09 Mar 2026 11:30:00 +0900"
[유통가 레이더] 현대백화점엔 진짜 '와규'가 있다... 국내 최초 전국 규...,"3월 새로 출시하는 김밥 대상으로 네이버페이 결제 시 40% 페이백 혜택을 제공하며, 튀김유부참치김밥, THE근본김밥, 종가김치참치김밥, <b>스팸</b>김치볶음김밥 등 4종에 대해서는 1000원 QR 할인 행사도 함께 운영할 예정이다.... ",https://www.greened.kr/news/articleView.html?idxno=337739,"Mon, 09 Mar 2026 11:21:00 +0900"
"GS25, '김밥 풀체인지 리뉴얼' 진행","새로 출시하는 김밥 대상으로 네이버페이 결제 시 40% 페이백 혜택을 제공하며, 튀김유부참치김밥, THE근본김밥, 종가김치참치김밥, <b>스팸</b>김치볶음김밥 등 4종에 대해서는 1000원 QR 할인 행사도 함께 운영할 예정이다.... ",http://www.seoulwire.com/news/articleView.html?idxno=710139,"Mon, 09 Mar 2026 10:44:00 +0900"
"&quot;밥과 재료 맛 뚜렷하게&quot;…GS25, 김밥 제품 '풀체인지 리뉴얼' 진행","튀김유부참치김밥, THE근본김밥, 종가김치참치김밥, <b>스팸</b>김치볶음김밥 등 4종에 대해서는 1000원 QR 할인 행사도 운영할 예정이다. 안진웅 GS리테일 FF팀 MD는 &quot;최근 편의점 김밥이 간식을 넘어 한 끼 식사로 자리 잡으면서... ",https://daily.hankooki.com/news/articleView.html?idxno=1344088,"Mon, 09 Mar 2026 10:28:00 +0900"
"GS25, 김밥 전면 리뉴얼…밥 10% 줄이고 재료 강화","또 새로 출시하는 김밥 대상으로 네이버페이 결제 시 40% 페이백 혜택을 제공한다. 튀김유부참치김밥, THE근본김밥, 종가김치참치김밥, <b>스팸</b>김치볶음김밥 등 4종에 대해서는 1000원 QR 할인 행사도 진행한다.",https://www.widedaily.com/news/articleView.html?idxno=289898,"Mon, 09 Mar 2026 10:24:00 +0900"
"GS25, 김밥 전면 리뉴얼…밥은 10% 줄인다","이와 함께 '튀김유부참치김밥', 'THE근본김밥', '종가김치참치김밥', '<b>스팸</b>김치볶음김밥' 등 4종에 대해서는 1000원 QR 할인 행사도 병행한다. 안진웅 GS리테일 FF(프레시푸드)팀 MD는 &quot;편의점 김밥이 이제는 간단한 간식을... ",http://www.issuenbiz.com/news/articleView.html?idxno=73880,"Mon, 09 Mar 2026 10:10:00 +0900"
"디지털 고독사, 당신의 클라우드는 사후에 어떻게 될까","주인이 사망한 후에도 계정이 삭제되지 않고 방치된 수만 장의 고화질 사진과 동영상, <b>스팸</b> 이메일은 이 거대한 서버의 한구석을 영원히 차지하게 된다.   글로벌 IT 통계에 따르면 전 세계 데이터 센터에서 소비하는... ",https://news.appstory.co.kr/plan18880,"Mon, 09 Mar 2026 10:00:00 +0900"
"전문점보다 맛있게…GS25, 김밥 전면 재단장 추진","GS25는 3월 새로 출시하는 김밥 대상으로 네이버페이 결제 시 40% 페이백 혜택을 제공하며, 튀김유부참치김밥, THE근본김밥, 종가김치참치김밥, <b>스팸</b>김치볶음김밥 등 4종에 대해서는 1000원 QR 할인 행사도 함께 운영한다.... ",https://n.news.naver.com/mnews/article/092/0002413381?sid=105,"Mon, 09 Mar 2026 09:33:00 +0900"
"[유통갤러리] 현대백화점, 100% 순혈 와규 출시 外","3월 새로 출시하는 김밥 대상으로 네이버페이 결제 시 40% 페이백 혜택을 제공하며 튀김유부참치김밥, THE근본김밥, 종가김치참치김밥, <b>스팸</b>김치볶음김밥 등 4종에 대해서는 1000원 QR 할인 행사도 함께 운영할 예정이다.... ",https://theviewers.co.kr/View.aspx?No=3996318,"Mon, 09 Mar 2026 09:32:00 +0900"
"GS25, 토핑 늘려 김밥 풀체인지 리뉴얼…10여종 출시","3월 새로 출시하는 김밥 대상으로 네이버페이 결제 시 40% 페이백 혜택을 제공하며, 튀김유부참치김밥, THE근본김밥, 종가김치참치김밥, <b>스팸</b>김치볶음김밥 등 4종에 대해서는 1000원 QR 할인 행사도 운영한다. GS리테일... ",https://n.news.naver.com/mnews/article/629/0000479121?sid=101,"Mon, 09 Mar 2026 08:48:00 +0900"
"&quot;토핑 늘려 맛 살린다&quot;…GS25, 김밥 풀체인지 시작","3월 새로 출시하는 김밥 대상으로 네이버페이 결제 시 40% 페이백 혜택을 제공하며 튀김유부참치김밥, THE근본김밥, 종가김치참치김밥, <b>스팸</b>김치볶음김밥 등 4종에 대해서는 1000원 QR 할인 행사도 함께 운영한다. GS리테일... ",https://n.news.naver.com/mnews/article/015/0005259665?sid=101,"Mon, 09 Mar 2026 08:42:00 +0900"
"GS25, 김밥 전면 리뉴얼…밥 10% 줄이고 재료 강화","또 새로 출시하는 김밥 대상으로 네이버페이 결제 시 40% 페이백 혜택을 제공한다. 튀김유부참치김밥, THE근본김밥, 종가김치참치김밥, <b>스팸</b>김치볶음김밥 등 4종에 대해서는 1000원 QR 할인 행사도 진행한다.",https://n.news.naver.com/mnews/article/003/0013808973?sid=101,"Mon, 09 Mar 2026 08:30:00 +0900"
"GS25, &quot;전문점 이상 김밥&quot; 선언…밥 줄이고 토핑 늘린다","이와 함께 '튀김유부참치김밥', 'THE근본김밥', '종가김치참치김밥', '<b>스팸</b>김치볶음김밥' 등 4종에 대해서는 1,000원 QR 할인 행사도 병행한다. 안진웅 GS리테일 FF(프레시푸드)팀 MD는 &quot;편의점 김밥이 이제는 간단한 간식을... ",http://www.newsroad.co.kr/news/articleView.html?idxno=55655,"Mon, 09 Mar 2026 07:46:00 +0900"
"밥과 재료 맛 더 살려..GS25, 김밥 풀체인지 리뉴얼","튀김유부참치김밥, THE근본김밥, 종가김치참치김밥, <b>스팸</b>김치볶음김밥 등 4종에 대해서는 1000원 QR 인하 행사도 함께 운영할 예정이다. 안진웅 GS리테일 FF팀 MD는 “최근 편의점 김밥이 간단한 간식을 넘어 든든한 한 끼... ",https://kpenews.com/View.aspx?No=3996240,"Mon, 09 Mar 2026 07:42:00 +0900"
"GS25, 김밥 '풀체인지 리뉴얼' 진행...40% 페이백 혜택","3월 새로 출시하는 김밥 대상으로 네이버페이 결제 시 40% 페이백 혜택을 제공하며 튀김유부참치김밥, THE근본김밥, 종가김치참치김밥, <b>스팸</b>김치볶음김밥 등 4종에 대해서는 1000원 QR 할인 행사도 함께 운영할 예정이다.",https://www.slist.kr/news/articleView.html?idxno=722117,"Mon, 09 Mar 2026 07:24:00 +0900"
"GS25, 김밥 재료 맛 중심으로 상품 경쟁력 재정비","3월 새로 출시하는 김밥 대상으로 네이버페이 결제 시 40% 페이백 혜택을 제공하며, 튀김유부참치김밥, THE근본김밥, 종가김치참치김밥, <b>스팸</b>김치볶음김밥 등 4종에 대해서는 1000원 QR 할인 행사도 함께 운영할 예정이다.... ",https://www.newswhoplus.com/news/articleView.html?idxno=56282,"Mon, 09 Mar 2026 07:20:00 +0900"
"&quot;070 둔갑 막아라&quot;…SKT, '피싱 위장막' 10개월 미사용 회선 대청소","번호 자원 활용을 효율화해 잘못 걸린 전화나 <b>스팸</b> 문자를 받는 등 불편도 완화될 전망이다. 8일 이통업계에... 다른 사람이 쓰다가 해지한 번호를 얼마 지나지 않아 재사용하면 잘못 걸린 전화, <b>스팸</b> 문자 등을 받아야... ",https://n.news.naver.com/mnews/article/008/0005326925?sid=105,"Mon, 09 Mar 2026 05:00:00 +0900"
"&quot;편의점 아침 시장 커진다&quot; CU, get모닝 시리즈 100만개 돌파","출시 이후, 전체 김밥 판매량 순위에서 ‘get모닝 통<b>스팸</b> 꼬마김밥’이 2위, ‘get모닝 <b>스팸</b>청양 꼬마김밥’은 5위를 기록하며 높은 판매량을 보이고 있다. 특히, get모닝 시리즈 상품은 공항, KTX 역사, 터미널, 공원... ",https://www.fetv.co.kr/news/article.html?no=214511,"Sun, 08 Mar 2026 16:54:00 +0900"
<b>스팸</b> 굽기 전에 무조건 '이것' 먼저 무치세요…반찬 걱정할 필요가 없습...,"이번 주인공은 <b>스팸</b> 그리고 '대파'다. <b>스팸</b>과 대파만으로도 밥 한 공기를 금세 비우게 만드는 조합의 레시피로, 바쁜 일상 속에서 누구나 시도할 수 있어 소개한다. <b>스팸</b>은 짭짤한 감칠맛과 고소한 풍미로 오랫동안 사랑받아... ",https://www.wikitree.co.kr/articles/1122882,"Sun, 08 Mar 2026 15:00:00 +0900"
"&quot;보이스피싱 잡아라&quot; SKT, 장기 미사용회선 정리","번호 자원 활용을 효율화해 잘못 걸린 전화나 <b>스팸</b> 문자를 받는 등 불편도 완화될 전망이다. SKT는 다음 달... 다른 사람이 쓰다가 해지한 번호를 얼마 지나지 않아 재사용하면 잘못 걸린 전화, <b>스팸</b> 문자 등을 받아야 하는... ",https://n.news.naver.com/mnews/article/008/0005326836?sid=105,"Sun, 08 Mar 2026 14:51:00 +0900"
CU ‘get모닝’ 아침 간편식 출시 두 달 만에 판매 100만개 돌파,"‘get모닝 통<b>스팸</b> 꼬마김밥’과 ‘get모닝 <b>스팸</b>청양 꼬마김밥’은 CU 김밥 카테고리 매출 상위권에도 이름을 올렸다. 출시 이후 김밥 판매량 순위에서 통<b>스팸</b> 꼬마김밥은 2위, <b>스팸</b>청양 꼬마김밥은 5위를 기록했다.... ",https://www.megaeconomy.co.kr/news/newsview.php?ncode=1065590259369676,"Sun, 08 Mar 2026 14:20:00 +0900"
CU 'get모닝 시리즈' 출시 두 달 만에 100만개 돌파… 편의점 아침 시장...,"특히 'get모닝 통<b>스팸</b> 꼬마김밥'과 'get모닝 <b>스팸</b>청양 꼬마김밥'은 각각 전체 김밥 카테고리 판매 순위 2위와 5위에 안착하며 주력 상품으로 떠올랐다. 입지별로는 공항, KTX 역사, 터미널 등 이동 수요가 많은 특수... ",https://www.pointe.co.kr/news/articleView.html?idxno=74217,"Sun, 08 Mar 2026 14:10:00 +0900"
[트렌드] ‘두쫀쿠’ 다음은 ‘봄동비빔밥’…알고리즘 점령한 제철 한...,"이번에는 기본 달걀프라이 봄동비빔밥에 ▲무말랭이 ▲우삼겹 ▲참치 ▲<b>스팸</b> 등 네 가지 재료를 추가해... 참치는 담백하면서도 깔끔한 맛으로 호불호가 적었고, <b>스팸</b>은 강한 짠맛과 풍미로 ‘밥도둑’이라는 반응이... ",http://www.kwangju.co.kr/article.php?aid=1772944200796355391,"Sun, 08 Mar 2026 13:36:00 +0900"
"CU, 'get모닝 시리즈' 누적 판매 100만 개 돌파…편의점 아침 시장 장악","'get모닝 통<b>스팸</b> 꼬마김밥'과 'get모닝 <b>스팸</b>청양 꼬마김밥'은 김밥 카테고리 매출 상위권에도 안착하며 강세를 이어가고 있다. 특히 공항, KTX 역사, 터미널 등 이동객이 많은 특수 입지에서 높은 판매량을 기록했다.... ",https://n.news.naver.com/mnews/article/277/0005730923?sid=101,"Sun, 08 Mar 2026 12:58:00 +0900"
"편의점에서 아침 먹는 사람 늘었다… CU ‘get모닝 시리즈’, 100만개 돌...","출시 이후, 전체 김밥 판매량 순위에서 ‘get모닝 통<b>스팸</b> 꼬마김밥’이 2위, ‘get모닝 <b>스팸</b>청양 꼬마김밥’은 5위를 기록하며 높은 판매량을 보이고 있다. 특히, get모닝 시리즈 상품은 공항, KTX 역사, 터미널, 공원... ",https://n.news.naver.com/mnews/article/138/0002219860?sid=101,"Sun, 08 Mar 2026 11:29:00 +0900"
"CU, get모닝 시리즈 100만개 돌파...편의점 아침 시장 선점","출시 이후, 전체 김밥 판매량 순위에서 'get모닝 통<b>스팸</b> 꼬마김밥'이 2위, 'get모닝 <b>스팸</b>청양 꼬마김밥'은 5위를 기록하며 높은 판매량을 보이고 있다. 특히, get모닝 시리즈 상품은 공항, KTX 역사, 터미널, 공원 등... ",https://www.newspim.com/news/view/20260308000054,"Sun, 08 Mar 2026 11:03:00 +0900"
"&quot;편의점이 '아침 맛집'으로&quot;…CU, 'get모닝' 100만개 돌파","전체 김밥 판매량 순위에서 'get모닝 통<b>스팸</b> 꼬마김밥'이 2위, 'get모닝 <b>스팸</b>청양 꼬마김밥'은 5위를 기록했다. get모닝 시리즈 상품은 공항, KTX 역사, 터미널, 공원 등 이동 수요가 많은 특수 입지에서 높은... ",https://n.news.naver.com/mnews/article/008/0005326761?sid=101,"Sun, 08 Mar 2026 10:50:00 +0900"
"“점점 커지는 편의점 아침 시장” CU, get모닝 시리즈 100만개 돌파","출시 이후, 전체 김밥 판매량 순위에서 ‘get모닝 통<b>스팸</b> 꼬마김밥’이 2위, ‘get모닝 <b>스팸</b>청양 꼬마김밥’은 5위를 기록하며 높은 판매량을 보이고 있다. 특히, get모닝 시리즈 상품은 공항, KTX 역사, 터미널, 공원... ",https://n.news.naver.com/mnews/article/119/0003066448?sid=101,"Sun, 08 Mar 2026 10:45:00 +0900"
[편의점 브리핑] 아침 간편식 통했다…CU get모닝 시리즈 100만개 돌파,"출시 이후, 전체 김밥 판매량 순위에서 ‘get모닝 통<b>스팸</b> 꼬마김밥’이 2위, ‘get모닝 <b>스팸</b>청양 꼬마김밥’은 5위를 기록하며 높은 판매량을 보이고 있다. 특히, get모닝 시리즈 상품은 공항, KTX 역사, 터미널, 공원 등... ",https://www.viva100.com/article/20260308500186,"Sun, 08 Mar 2026 10:34:00 +0900"
"CU, 아침 간편식 ‘get모닝 시리즈’ 100만개 판매 돌풍","특히 ‘get모닝 통<b>스팸</b> 꼬마김밥’과 ‘get모닝 <b>스팸</b>청양 꼬마김밥’은 각각 전체 김밥 판매량 순위 2위와 5위에 올랐다. 입지별로는 공항, KTX 역사, 터미널 등 이동 수요가 많은 특수 점포에서 판매 상위권을... ",https://www.etoday.co.kr/news/view/2562936,"Sun, 08 Mar 2026 10:32:00 +0900"
"CU 'get모닝' 시리즈, 100만개 돌파","출시 이후, 전체 김밥 판매량 순위에서 'get모닝 통<b>스팸</b> 꼬마김밥'이 2위, 'get모닝 <b>스팸</b>청양 꼬마김밥'은 5위를 기록하며 높은 판매량을 보이고 있다. get모닝 시리즈 상품은 공항, KTX, 터미널, 공원 등 이동이 많은... ",https://www.startuptoday.co.kr/news/articleView.html?idxno=595308,"Sun, 08 Mar 2026 10:30:00 +0900"
이더리움 ‘구조적 위기’ 진짜일까…공매도 보고서 논쟁 확산,또한 최근 증가한 거래량과 활성 주소 수가 실제 네트워크 성장 때문이 아니라 <b>스팸</b> 거래와 주소 오염 공격(address-poisoning) 때문일 가능성도 제기됐다. 보고서는 2025년 1월부터 2026년 2월 사이 생성된 신규 지갑의... ,http://coinreaders.com/222082,"Sun, 08 Mar 2026 10:24:00 +0900"
비트코인·이더리움 가격 하락 원인은? 투자자들이 경계해야 할 이유,공매도 전문 리서치 기업 컬퍼 리서치(Culper Research)는 지난해 12월 진행된 푸사카 업그레이드(Fusaka 업그레이드)가 거래 수요보다 빠르게 블록 용량을 확대하면서 저가치 거래와 <b>스팸</b> 트랜잭션이 증가했다고... ,http://coinreaders.com/222078,"Sun, 08 Mar 2026 10:00:00 +0900"
"편의점이 ‘아침 식당’ 됐다…CU, 'get모닝' 100만개 돌파","전체 김밥 판매량 순위에서 ‘get모닝 통<b>스팸</b> 꼬마김밥’이 2위, ‘get모닝 <b>스팸</b>청양 꼬마김밥’은 5위를 기록하며 높은 판매량을 보이고 있다. get모닝 시리즈 상품은 공항, KTX 역사, 터미널, 공원 등 이동 수요가... ",https://n.news.naver.com/mnews/article/018/0006230237?sid=101,"Sun, 08 Mar 2026 09:46:00 +0900"
"아침 먹는 편의점…CU, get모닝 시리즈 100만개 판매","출시 이후 전체 김밥 판매량 순위에서 'get모닝 통<b>스팸</b> 꼬마김밥'이 2위, 'get모닝 <b>스팸</b>청양 꼬마김밥'은 5위를 기록하며 높은 판매량을 보이고 있다. 특히 get모닝 시리즈 상품은 공항, KTX 역사, 터미널, 공원 등 이동... ",https://n.news.naver.com/mnews/article/421/0008812448?sid=101,"Sun, 08 Mar 2026 09:41:00 +0900"
CU ‘get모닝 시리즈’ 100만개 상회…편의점 아침 간편식 시장 공략 가...,"특히 ‘get모닝 통<b>스팸</b> 꼬마김밥’과 ‘get모닝 <b>스팸</b>청양 꼬마김밥’은 출시 이후 CU 김밥 카테고리 매출 상위권에 빠르게 안착했다. 현재 전체 김밥 판매량 순위에서 통<b>스팸</b> 꼬마김밥이 2위, <b>스팸</b>청양 꼬마김밥이... ",https://www.seoultimes.news/news/article.html?no=2000093025,"Sun, 08 Mar 2026 09:38:00 +0900"
CU 아침 간편식 통했다 … 'get모닝 시리즈' 판매 100만개 돌파,"출시 이후 전체 김밥 판매량 순위에서 'get모닝 통<b>스팸</b> 꼬마김밥'이 2위, 'get모닝 <b>스팸</b>청양 꼬마김밥'은 5위를 기록하며 높은 판매량을 보이고 있다. 특히, get모닝 시리즈 상품은 공항, KTX 역사, 터미널, 공원 등 이동... ",https://biz.newdaily.co.kr/site/data/html/2026/03/08/2026030800013.html,"Sun, 08 Mar 2026 09:36:00 +0900"
"CU, 간편 아침 '겟 모닝 시리즈' 판매 100만개 돌파","출시 이후, 전체 김밥 판매량 순위에서 'get모닝 통<b>스팸</b> 꼬마김밥'이 2위, 'get모닝 <b>스팸</b>청양 꼬마김밥'은 5위를 기록했다. get모닝 시리즈 상품은 공항, KTX 역사, 터미널, 공원 등 이동 수요가 많은 특수 입지에서 높은... ",https://n.news.naver.com/mnews/article/030/0003405224?sid=101,"Sun, 08 Mar 2026 09:36:00 +0900"
"&quot;편의점 아침 시장 커진다&quot; CU, get모닝 시리즈 100만개 판매 돌파","출시 이후 전체 김밥 판매량 순위에서 'get모닝 통<b>스팸</b> 꼬마김밥'이 2위, 'get모닝 <b>스팸</b>청양 꼬마김밥'은 5위를 기록하며 높은 판매량을 보이고 있다. 특히 get모닝 시리즈 상품은 공항, KTX 역사, 터미널, 공원 등 이동... ",https://n.news.naver.com/mnews/article/003/0013807881?sid=101,"Sun, 08 Mar 2026 09:36:00 +0900"
"CU, 편의점 아침 시장 선점...get모닝 100만개 판매","출시 이후, 전체 김밥 판매량 순위에서 'get모닝 통<b>스팸</b> 꼬마김밥'이 2위, 'get모닝 <b>스팸</b>청양 꼬마김밥'은 5위를 기록하며 높은 판매량을 보이고 있다. 특히 get모닝 시리즈 상품은 공항, KTX 역사, 터미널, 공원 등 이동... ",https://www.newswhoplus.com/news/articleView.html?idxno=56261,"Sun, 08 Mar 2026 09:24:00 +0900"
"CU, 'get모닝 시리즈' 누적 판매 100만 돌파","출시 이후, 전체 김밥 판매량 순위에서 'get모닝 통<b>스팸</b> 꼬마김밥'이 2위, 'get모닝 <b>스팸</b>청양 꼬마김밥'은 5위를 기록하며 높은 판매량을 보이고 있다. 특히, get모닝 시리즈 상품은 공항, KTX 역사, 터미널, 공원 등 이동... ",https://www.ziksir.com/news/articleView.html?idxno=126263,"Sun, 08 Mar 2026 09:00:00 +0900"
"컬퍼 리서치, 이더리움 공매도…수수료 급락이 스테이킹 경제 흔들까","지표는 ‘<b>스팸</b>’ 의혹 컬퍼 리서치는 최근 이더리움의 거래량 증가, 활성 주소 수 확대 같은 ‘강세 지표’로 언급되는 현상도 실사용 확산이 아니라 <b>스팸</b>성 거래와 ‘주소 오염(address-poisoning)’ 공격에서 비롯됐을... ",https://www.tokenpost.kr/news/cryptocurrency/337064,"Sun, 08 Mar 2026 08:16:00 +0900"
"CU, 'get모닝 시리즈' 100만개 돌파...편의점 아침시장 선점","출시 이후 전체 김밥 판매량 순위에서 'get모닝 통<b>스팸</b> 꼬마김밥'이 2위, 'get모닝 <b>스팸</b>청양 꼬마김밥'은 5위를 기록하며 높은 판매량을 보이고 있다. 특히 get모닝 시리즈 상품은 공항, KTX 역사, 터미널, 공원 등 이동... ",https://www.slist.kr/news/articleView.html?idxno=721981,"Sun, 08 Mar 2026 08:14:00 +0900"
"삭제하면 그만? '짠한형 신동엽', 논란 자초한 뒷북 비공개 [MD이슈](종합...",유튜브 정책상 <b>스팸</b> 필터나 신고 누적 등으로 개별 댓글이 삭제되는 경우는 있어도 특정 시간대 댓글이 한꺼번에 사라지는 사례는 찾아보기 어렵다. 특히 비판 댓글이 사라진 이후에는 프로그램을 응원하는 반응 위주의... ,https://m.entertain.naver.com/article/117/0004041652,"Sun, 08 Mar 2026 05:39:00 +0900"
비트코인 ETF 자금 순유출 전환…BTC 7만달러 붕괴·ETH는 ‘토큰 이코노...,"트랜잭션과 <b>스팸</b>성 활동이 블록을 채우는 부작용이 나타났다는 주장이다. 컬퍼 리서치는 이 과정에서... 여기에 주소 오염 같은 <b>스팸</b>/사기성 거래 증가 우려까지 겹치며 신뢰 논쟁이 커졌고, 이런 내러티브가... ",https://www.tokenpost.kr/news/cryptocurrency/337050,"Sun, 08 Mar 2026 05:16:00 +0900"
"민심 거르는 '짠한형 신동엽', 비공개보다 '댓글 삭제'가 우선? 의혹 증...","유튜브 정책에 따르면 ▲<b>스팸</b> 및 광고 ▲욕설 등은 자체 필터링될 수 있지만, 이번 콘텐츠에 달린 댓글은 이에 해당하지 않는다는 의견이 지배적이다. 유튜브 시스템의 실제 작동인지 제작진의 개입인지 확인되지 않으나... ",https://m.entertain.naver.com/article/117/0004041483,"Sat, 07 Mar 2026 17:22:00 +0900"
"초개인화 시대, 보안에 각별한 신경… S26 울트라의 가치 '안심(安心)'","일상에서 빼놓을 수 없는 기기지만, 동시에 정보 유출의 고리이자 <b>스팸</b>과 광고 메시지가 쏟아지는 통로가... 텔레마케팅이나 <b>스팸</b> 전화를 직접 응대하며 감정을 낭비할 필요 없이 AI가 일차적인 ‘방어막’ 역할을 해주는... ",https://n.news.naver.com/mnews/article/138/0002219827?sid=105,"Sat, 07 Mar 2026 10:01:00 +0900"
"이더리움 죽음의 소용돌이로...공매도 세력 '2,000달러 붕괴' 베팅",반면 이더리움 강세론자로 알려진 비트마인(BitMine) 톰 리(Tom Lee) 회장은 활성 주소 수와 거래량 증가를 근거로 낙관론을 유지하고 있으나 컬퍼 리서치는 이러한 지표가 주소 포이즈닝 등 <b>스팸</b> 거래로 발생하는 착시... ,http://coinreaders.com/221891,"Sat, 07 Mar 2026 09:02:00 +0900"
[2026 제11회 투데이신문 직장인 신춘문예 소설 부문 당선작] 무결성 검...,"수진은 처음엔 부동산 홍보용 <b>스팸</b>인 줄 알고 수신 거부를 외치려 했다. 그러나 남자가 현관 틈으로 내민 노란 봉투 속 서류를 본 순간, 그녀의 사고 회로는 일시적으로 정지했다. 공고문에 적힌 사건 번호와 소재지... ",https://www.ntoday.co.kr/news/articleView.html?idxno=125746,"Fri, 06 Mar 2026 17:16:00 +0900"
영양소보다 ‘화학 물질’이 더 많은 10가지 식품은?,"가공육 핫도그, 살라미, 햄, <b>스팸</b> 등은 질산염과 아질산염 같은 방부제가 사용된다. 세계보건기구(WHO)는 가공육을 1군 발암물질로 분류했다. 나트륨과 안정제가 많은 것도 문제다. 집에서 직접 조리한 닭고기나 소고기를... ",https://n.news.naver.com/mnews/article/145/0000023325?sid=103,"Fri, 06 Mar 2026 15:44:00 +0900"
이메일도 AI에 먹혔다…사람 손 탄 건 고작 13%,이메일 자동화가 확산할수록 <b>스팸</b> 필터링도 강화되면서 마케팅 이메일의 도달률은 급격히 낮아지고 있다.... 한다&quot;며 &quot;<b>스팸</b> 필터와 낮은 참여율로 이메일의 가시성이 떨어지고 있다&quot;고 말했다. AI 기반 자동화가 이메일... ,https://www.digitaltoday.co.kr/news/articleView.html?idxno=637781,"Fri, 06 Mar 2026 11:38:00 +0900"
"&quot;오늘 장사해요?&quot;…방미통위, 소상공인 점포 정보 문자 서비스 2년 연장","방미통위는 현재도 소상공인에 대한 지원 필요성이 계속되고 있으며, 해당 서비스에 대한 소상공인들의 긍정적 평가와 민원 및 불법<b>스팸</b> 신고량 추이 등을 종합적으로 고려해 이같이 예외적 허용을 연장한다고 설명했다.... ",http://www.itdaily.kr/news/articleView.html?idxno=238266,"Fri, 06 Mar 2026 11:30:00 +0900"
[김작가의 웃으면 젊어져요 64] 부자가 염라대왕(閻羅大王)을 만날 때,"1 이상한 <b>스팸</b>은 받지 말아야. 천국 출두서를 다른 서류로 오해하니 조심. 2 사람 수명 길어져 천국 인구가 절대 부족, 걔네들의 소환장 남발. 3 보청기, 안경, 틀니, 목발 등 그런 것들 염라 잘 아는 거래처에서 사야 함.",https://www.100ssd.co.kr/news/articleView.html?idxno=206661,"Fri, 06 Mar 2026 11:20:00 +0900"
◇한국거래소의 이상기류①투자경고·위험종목 지정제도 꼭 필요할까,"투자주의종목 지정의 경우는 다양한 요인(소수지점 거래집중, 소수계좌 거래집중, 종가 급변, 단일계좌 거래량 상위, 15일간 상승 종목의 당일 소수계좌 매수관여 과다, 특정계좌군 매매관여 과다, 풍문관여 과다, <b>스팸</b>... ",http://www.econotelling.com/news/articleView.html?idxno=19497,"Fri, 06 Mar 2026 09:24:00 +0900"
"[단독] 최태원 'AI 초협력' 글로벌 결실…SKT, 5개국 연합군과 500억 출자...","시큐리티 실드는 5개 통신사가 제공하는 방대한 통신 데이터셋을 기반으로 실시간 패턴을 분석해, 네트워크 단에서 <b>스팸</b> 및 보이스피싱을 원천 차단하는 지능형 시스템이다. 특히 신텔리전스는 초기 논의됐던... ",https://www.theguru.co.kr/news/article.html?no=98821,"Fri, 06 Mar 2026 09:00:00 +0900"
"머스크 “트위터 인수 관련 트윗, 현명하지 않았을 수도”…주가조작 소...",같은 해 5월 13일 머스크 CEO는 트위터에 “<b>스팸</b> 또는 가짜 계정이 전체 이용자의 5% 미만이라는 점이 확인될 때까지 거래를 일시 중단한다”고 올렸다. 이 게시물 이후 시장이 개장하자 트위터 주가는 약 9% 하락했다.... ,https://www.g-enews.com/view.php?ud=2026030607484512509a1f309431_1,"Fri, 06 Mar 2026 07:52:00 +0900"
선거 임박 지지-기부 요청 문자-이메일 급증,선거 캠페인 혁신 센터는 이 같은 문자나 이메일을 받고 싶지 않을 때는 가능한 한 수신을 거부하고 지속적으로 오는 이메일은 <b>스팸</b>으로 표시하고 원치 않는 문자 메시지는 7726(SPAM의 약자)으로 전달해 통신사로 하여금... ,https://www.koreadaily.com/article/20260305134556663,"Fri, 06 Mar 2026 06:46:00 +0900"
"비탈릭 “이더리움, 디파이 수익률 경쟁에 갇히면 ‘원래 미션’ 배반할...",보존 + <b>스팸</b>/시빌 공격 억제) - 리스크: ‘제로섬 도박 앱’ 중심 확장 시 규제·평판 리스크가 커져 장기 채택(기관/대중/개발자) 저해 가능 용어정리 - 디파이(DeFi): 중개자 없이 블록체인 스마트컨트랙트로 대출·거래... ,https://www.tokenpost.kr/news/blockchain/336323,"Thu, 05 Mar 2026 23:36:00 +0900"
[[아침에 읽는 詩]] 현수막,"방식 바람아 나를 찢어다오 구린내가 들끓나니, 〈약력〉 신라문학대상 수상 2016년 경상일보 신춘문예 등단 오늘의시조시인상 수상 나래시조 젊은시인상 수상 첫 시집 '<b>스팸</b>메일' 이후 '타클라마칸을 건너다'(2026·산아래)",https://www.dkilbo.com/news/articleView.html?idxno=536012,"Thu, 05 Mar 2026 22:10:00 +0900"
"법정 선 머스크, '트위터 주가조작' 부인",그러나 같은 해 5월 자신의 트위터 계정에서 &quot;트위터 사용자 중 <b>스팸</b>·가짜 계정이 5% 미만이라는 계산의 구체적인 근거를 확인할 때까지 인수 절차를 일시 보류하겠다&quot;고 밝히면서 논란이 시작됐다. 이후 같은 해  7월... ,https://it.chosun.com/news/articleView.html?idxno=2023092158197,"Thu, 05 Mar 2026 18:46:00 +0900"
‘트위터 주가 조작 의혹’에 법정 선 머스크…“손해 입힐 의도 없었다...,"머스크 CEO는 지난 2022년 4월 주당 54.20달러, 총 440억 달러(약 64조원)에 트위터를 인수한다는 계약을 체결했다가 같은 해 5월 돌연 자신의 트위터 계정을 통해 “<b>스팸</b>과 가짜 계정이 트위터 사용자의 5% 미만이라는 계산의... ",https://n.news.naver.com/mnews/article/366/0001146158?sid=105,"Thu, 05 Mar 2026 17:28:00 +0900"
"“돈 써도 안 들린다”⋯1초에 1원 ‘선거 ARS’, 차단 앱에 막혀 메아리",선거철이면 후보자들이 문자와 ARS 전화를 통해 이름 알리기에 나서지만 최근에는 통신사 <b>스팸</b> 차단 서비스와... 5일 경북매일 취재를 종합하면 통신사들은 <b>스팸</b> 의심 번호 표시나 차단 서비스를 제공하고 있다. 이용자가... ,https://www.kbmaeil.com/article/20260305500558,"Thu, 05 Mar 2026 17:10:00 +0900"
"방송미디어통신위원회, ‘소상공인 점포 정보 전송 서비스’ 2년 연장....",방미통위는 현재도 소상공인에 대한 지원 필요성이 계속되고 있고 해당 서비스에 대한 소상공인들의 긍정적 평가와 민원 및 불법<b>스팸</b> 신고량 추이 등을 종합적으로 고려해 이같이 예외적 허용을 연장한다고 설명했다.... ,https://idsn.co.kr/news/view/1065598332104886,"Thu, 05 Mar 2026 16:34:00 +0900"
"방미통위, 소상공인 점포 정보 문자 전송 서비스 2년 연장",방미통위는 소상공인 지원 필요성이 지속되고 있고 가입자들의 긍정적 평가와 불법<b>스팸</b> 신고량 추이 등을 종합 고려해 연장을 결정했다고 설명했다. 김종철 방미통위원장은 &quot;이번 결정이 소상공인 경제회복에... ,https://www.digitaltoday.co.kr/news/articleView.html?idxno=637300,"Thu, 05 Mar 2026 16:00:00 +0900"
"디지털 마케팅 환경 속 '휴먼 터치'의 역할… 세일즈웍스, F2F 전략 고도...","스마트폰을 통한 광고와 <b>스팸</b> 메시지가 증가하며 소비자들이 피로감을 나타내고 있다. 디지털 마케팅의 확산성에도 불구하고 정보의 휘발성이 높다는 한계 속에서, 사람이 직접 소통하는 대면(Face-to-Face, 이하 F2F)... ",https://n.news.naver.com/mnews/article/119/0003065809?sid=101,"Thu, 05 Mar 2026 16:00:00 +0900"
"양배추, 이렇게 요리해보세요... 가족들이 더 만들어달라고 난리입니다",후 참기름을 뿌리고 비벼 먹으면 따로 간을 더 할 필요가 없다. 취향에 따라 마요네즈를 살짝 뿌리면 고소함이 배가된다. 참치 대신 <b>스팸</b>을 써도 훌륭하다. <b>스팸</b>의 짠맛을 양배추의 수분이 잡아줘 의외의 조화를 만들어낸다.,https://www.wikitree.co.kr/articles/1122595,"Thu, 05 Mar 2026 15:34:00 +0900"
"40만 명 개인정보유출사례, 기업 과실은 인정됐는데 배상금은 '0원'… 대...","30만 원도 받을 수 없었던 피해자, 무엇이 부족했나 운영사의 과실이 확인되자 피해자 A씨는 <b>스팸</b>메일 수신... A씨는 사고 이후 <b>스팸</b>메일이 증가했다고 주장했으나, 사고 이전부터 유사한 <b>스팸</b>메일을 수신해 온 정황이... ",https://lawtalknews.co.kr/article/K2PMAKQL0KJO,"Thu, 05 Mar 2026 15:00:00 +0900"
"&quot;멍청한 트윗이지만…&quot; 머스크, 트위터 주가조작 의혹 법정출석","그러다 같은 해 5월 SNS를 통해 &quot;트위터에 <b>스팸</b>, 가짜 계정이 넘쳐난다&quot;며 &quot;가짜 계정이 사용자의 5% 미만이라는 트위터 주장에 대한 구체적인 근거를 확인할 때까지 인수 거래를 일시적으로 보유한다&quot;고 밝혔다. 또 같은... ",https://n.news.naver.com/mnews/article/008/0005325862?sid=104,"Thu, 05 Mar 2026 14:46:00 +0900"
"방미통위, ‘소상공인 점포 정보 전송 서비스’ 2년 연장",방미통위는 현재도 소상공인에 대한 지원 필요성이 계속되고 있고 해당 서비스에 대한 소상공인들의 긍정적 평가와 민원 및 불법<b>스팸</b> 신고량 추이 등을 종합적으로 고려해 이같이 예외적 허용을 연장한다고 설명했다.... ,http://journal.kobeta.com/?post_type=post&p=61980,"Thu, 05 Mar 2026 14:40:00 +0900"
[MWC26 바르셀로나 포럼]류탁기 SKT부사장 “자율 네트워크 구현…생산...,"류 부사장은 “지난해에도 보안 관련 여러 일들이 있었고, <b>스팸</b> 범죄 역시 사회적으로 큰 문제가 되고 있다”며 “이러한 문제로부터 방어할 시스템을 갖춰야 하며, 이는 통신사의 기본”이라고 말했다. AI를 기반으로... ",https://n.news.naver.com/mnews/article/030/0003404658?sid=105,"Thu, 05 Mar 2026 14:18:00 +0900"
&quot;가게 몇 시 열어요?&quot; 묻지 않아도 척척… 소상공인 점포 정보 안내 2년...,방미통위는 현재도 소상공인에 대한 지원 필요성이 계속되고 있고 해당 서비스에 대한 소상공인들의 긍정적 평가와 민원 및 불법<b>스팸</b> 신고량 추이 등을 종합적으로 고려해 이같이 예외적 허용을 연장한다고 설명했다.... ,https://n.news.naver.com/mnews/article/119/0003065706?sid=105,"Thu, 05 Mar 2026 14:16:00 +0900"
"&quot;피싱은 개인이 대처 못해&quot;…아톤, AI 기반 보이스피싱 예방 서비스 확...",그는 “<b>스팸</b> 신고 건수는 연초보다 19% 줄었지만 실제 피해는 줄지 않았다”며 “피싱 채널이 문자메시지(SMS)에서 사회관계망서비스(SNS)와 메신저로 이동하고 있기 때문”이라고 밝혔다. 피해 규모는 빠르게 커지고... ,https://n.news.naver.com/mnews/article/138/0002219633?sid=105,"Thu, 05 Mar 2026 14:02:00 +0900"
일론 머스크 ‘트위터 주가 조작 의혹’ 법정 출두···“주가 하락 의...,그러나 같은 해 5월 자신의 트위터 계정에 “<b>스팸</b> 및 가짜 계정이 트위터 사용자의 5% 미만이라는 계산의 구체적인 근거를 기다리는 동안 인수 거래를 일시적으로 보류한다”고 밝히며 거래 중단을 선언했다. 이후 같은... ,https://n.news.naver.com/mnews/article/032/0003431360?sid=101,"Thu, 05 Mar 2026 13:46:00 +0900"
"&quot;멍청한 트윗 올렸다 재판&quot;...법정 선 머스크, 수조 원 물어내나 [지금이...","2022년 4월 머스크는 주당 54.20달러, 총 440억 달러(약 64조 원)에 트위터를 인수한다는 계약을 체결했다가 같은 해 5월 돌연 자신의 트위터 계정을 통해 &quot;<b>스팸</b>과 가짜 계정이 트위터 사용자의 5% 미만이라는 계산의 구체적인... ",https://n.news.naver.com/mnews/article/052/0002323000?sid=104,"Thu, 05 Mar 2026 12:00:00 +0900"
법정 선 머스크…트위터 인수 번복 과정 '주가조작 의혹' 정면 대응,그러나 한 달 뒤 그는 자신의 트위터 계정을 통해 &quot;<b>스팸</b> 및 가짜 계정이 전체 사용자의 5% 미만이라는 산정 근거를 확인하는 동안 거래를 일시 보류한다&quot;고 밝혔다. 이 발언 이후 시장은 크게 흔들렸다. 7월에는 계약 파기를... ,https://www.mstoday.co.kr/news/articleView.html?idxno=100741,"Thu, 05 Mar 2026 11:58:00 +0900"
"머스크, 수조 원 물어내나...트위터 인수 '주가조작 의혹' 법정 출두","2022년 4월 머스크는 주당 54.20달러, 총 440억 달러(약 64조 원)에 트위터를 인수한다는 계약을 체결했다가 같은 해 5월 돌연 자신의 트위터 계정을 통해 &quot;<b>스팸</b>과 가짜 계정이 트위터 사용자의 5% 미만이라는 계산의 구체적인... ",https://n.news.naver.com/mnews/article/052/0002322976?sid=104,"Thu, 05 Mar 2026 11:31:00 +0900"
"방미통위, 소상공인 정보 전송 서비스 2년 연장 한다",방미통위는 현재도 소상공인에 대한 지원 필요성이 계속되고 있고 해당 서비스에 대한 소상공인들의 긍정적 평가와 민원 및 불법<b>스팸</b> 신고량 추이 등을 종합적으로 고려해 이같이 예외적 허용을 연장한다고 설명했다.... ,https://biz.newdaily.co.kr/site/data/html/2026/03/05/2026030500154.html,"Thu, 05 Mar 2026 11:20:00 +0900"
"법정 선 머스크, 트위터 인수 당시 “주가조작 의도 없었다” 진술","2022년 4월 머스크는 주당 54.20달러, 총 440억 달러(약 64조원)에 트위터를 인수한다는 계약을 체결했다가 같은 해 5월 돌연 자신의 트위터 계정을 통해 “<b>스팸</b> 및 가짜 계정이 트위터 사용자의 5% 미만이라는 계산의... ",https://n.news.naver.com/mnews/article/029/0003013982?sid=104,"Thu, 05 Mar 2026 11:17:00 +0900"
'소상공인 점포 정보 전송 서비스' 2년 연장… 사전동의 예외적 허용,방미통위는 현재도 소상공인에 대한 지원 필요성이 계속되고 있고 해당 서비스에 대한 소상공인들의 긍정적 평가와 민원 및 불법<b>스팸</b> 신고량 추이 등을 종합적으로 고려해 이같이 예외적 허용을 연장한다고 설명했다.... ,https://www.newscj.com/news/articleView.html?idxno=3381304,"Thu, 05 Mar 2026 11:12:00 +0900"
머스크 '트위터 주가조작' 재판 출석…&quot;해끼칠 의도 없어&quot;,"머스크는 2022년 4월 머스크는 주당 54.20달러, 총 440억 달러(약 64조원)에 트위터를 인수한다는 계약을 체결했다가 같은 해 5월 &quot;<b>스팸</b> 및 가짜 계정이 트위터 사용자의 5% 미만이라는 계산의 구체적인 근거를 기다리는 동안... ",https://n.news.naver.com/mnews/article/422/0000840624?sid=104,"Thu, 05 Mar 2026 11:08:00 +0900"
"방미통위, 소상공인 문자전송 사전동의 의무 예외적용 2년 연장 “점포...",방미통위는 소상공인에 대한 지원 필요성이 지속되고 있고 소상공인 긍정 평가와 민원 및 불법<b>스팸</b> 신고량 추이 등을 종합적으로 고려해 예외적 허용을 연장하기로 했다. 김종철 방미통위원장은 “이번 결정이 소상공인... ,https://n.news.naver.com/mnews/article/138/0002219610?sid=105,"Thu, 05 Mar 2026 11:04:00 +0900"
"방미통위, 소상공인 점포정보 문자 서비스 2년 연장","방미통위는 소상공인에 대한 지원 필요성이 계속되고 있는 점, 소상공인들의 긍정적 평가와 민원 및 불법<b>스팸</b> 신고량 추이 등을 고려해 예외적 허용을 연장했다고 설명했다. 김종철 방미통위원장은 “이번 결정이... ",https://n.news.naver.com/mnews/article/030/0003404568?sid=105,"Thu, 05 Mar 2026 11:04:00 +0900"
"머스크 “멍청한 트윗 올려 재판”…트위터 고의 주가 조작 의혹, 법원...","2022년 4월 머스크는 주당 54.20달러, 총 440억 달러(약 64조원)에 트위터를 인수한다는 계약을 체결했다가 같은 해 5월 돌연 자신의 트위터 계정을 통해 “<b>스팸</b> 및 가짜 계정이 트위터 사용자의 5% 미만이라는 계산의... ",https://n.news.naver.com/mnews/article/029/0003013975?sid=102,"Thu, 05 Mar 2026 11:02:00 +0900"
소상공인 점포정보 문자 서비스 2년 연장,"그러면서 현재도 소상공인에 대한 지원 필요성이 여전하고 해당 서비스에 대한 소상공인들의 긍정적 평가와 민원, 불법 <b>스팸</b> 신고량 추이 등을 종합적으로 고려했다고 덧붙였다. 김종철 방미통위원장은 &quot;이번 결정이... ",https://n.news.naver.com/mnews/article/001/0015939350?sid=100,"Thu, 05 Mar 2026 10:58:00 +0900"
"소상공인 가게 안내 문자, 사전 동의 없어도 전송 가능…2년 연장","방미통위는 현재도 소상공인 지원 필요성이 계속되고 있고, 해당 서비스에 대한 소상공인들의 긍정적인 평가와 민원, 불법<b>스팸</b> 신고량 추이 등을 종합적으로 고려해 연장을 결정했다. 김종철 방미통위원장은 &quot;이번 결정이... ",https://n.news.naver.com/mnews/article/003/0013802943?sid=105,"Thu, 05 Mar 2026 10:48:00 +0900"
“몇 시에 열어요? 가격은요?” 전화하지 마세요,방송미디어통신위원회는 소상공인 지원 필요성이 여전히 크고 해당 서비스에 대한 만족도와  민원·불법 <b>스팸</b> 신고 추이 등을 종합적으로 검토한 결과 연장 결정을 내렸다고 설명했다. 김종철 위원장은 “이번 조치가... ,https://www.kbmaeil.com/article/20260305500252,"Thu, 05 Mar 2026 10:44:00 +0900"
&quot;가게 몇 시에 열어요?&quot;…전화 대신 문자 안내 2년 연장,"방미통위는 민원 및 불법 <b>스팸</b> 신고 추이와 서비스 운영 성과 등을 종합적으로 검토한 결과, 소상공인 지원 효과가 있다고 판단해 연장을 결정했다고 설명했다. 김종철 방미통위원장은 &quot;이번 결정이 소상공인 경제... ",https://n.news.naver.com/mnews/article/079/0004121357?sid=101,"Thu, 05 Mar 2026 10:37:00 +0900"
법정 선 머스크…트위터 인수 당시 주가조작 의혹에 &quot;해끼칠 의도없어&quot;,"2022년 4월 머스크는 주당 54.20달러, 총 440억 달러(약 64조원)에 트위터를 인수한다는 계약을 체결했다가 같은 해 5월 돌연 자신의 트위터 계정을 통해 &quot;<b>스팸</b> 및 가짜 계정이 트위터 사용자의 5% 미만이라는 계산의 구체적인... ",https://n.news.naver.com/mnews/article/001/0015939244?sid=104,"Thu, 05 Mar 2026 10:35:00 +0900"
&quot;가게 몇 시에 문 열어요?&quot;···안 물어봐도 된다,"소상공인 지원 필요성이 여전히 크고, 현장 평가가 긍정적이며 민원과 불법<b>스팸</b> 신고량 추이 등을 종합적으로 고려해 연장을 결정했다는 것이 방미통위 입장이다. 김종철 방미통위 위원장은 &quot;이번 결정이 소상공인 경제... ",http://www.enewstoday.co.kr/news/articleView.html?idxno=2401664,"Thu, 05 Mar 2026 10:32:00 +0900"
‘혜택 알림’ 클릭하고 보니 광고…“모호한 마케팅 표현 금지”,‘불법 <b>스팸</b> 방지를 위한 정보통신망법 안내서’ 개정본을 발간했다고 4일 밝혔다. 개정본에 따르면 광고... 안내서는 한국인터넷진흥원 불법<b>스팸</b>대응센터 누리집에서 확인할 수 있다. 허해녕 한국인터넷진흥원... ,https://n.news.naver.com/mnews/article/662/0000089815?sid=102,"Thu, 05 Mar 2026 10:31:00 +0900"
&quot;몇 시에 열어요?&quot; 묻지 않아도 돼…소상공인 점포 정보 문자 서비스 2년...,방미통위는 소상공인 지원 필요성이 지속되고 있는 점과 민원·불법<b>스팸</b> 신고량 추이 등을 종합적으로 고려해 이번 연장을 결정했다고 설명했다. 연장 결정은 내수 경기 회복이 더딘 상황에서 소상공인의 경영 부담... ,https://www.newsworks.co.kr/news/articleView.html?idxno=833089,"Thu, 05 Mar 2026 10:26:00 +0900"
&quot;식당 몇 시에 문 열어요?&quot; 묻지 않아도 자동 회신… 소상공인 정보 전...,"방송미디어통신위원회는 이번 연장 결정에 앞서 서비스 이용 과정에서의 민원 발생 여부와 불법 <b>스팸</b> 신고 추이 등을 면밀히 검토했다. 조사 결과, 해당 서비스는 단순 <b>스팸</b>과 달리 이용자가 먼저 전화를 건 상황에서... ",https://www.daily365.news/2026/03/05/%ec%8b%9d%eb%8b%b9-%eb%aa%87-%ec%8b%9c%ec%97%90-%eb%ac%b8-%ec%97%b4%ec%96%b4%ec%9a%94-%eb%ac%bb%ec%a7%80-%ec%95%8a%ec%95%84%eb%8f%84-%ec%9e%90%eb%8f%99-%ed%9a%8c%ec%8b%a0-%ec%86%8c/,"Thu, 05 Mar 2026 10:23:00 +0900"
“영업시간이요? 위치가요?” 문자로 바로 온다,"방미통위는 소상공인 지원 필요성이 여전히 크고, 현장 평가가 긍정적이며, 민원과 불법<b>스팸</b> 신고량 추이 등을 종합적으로 고려해 연장을 결정했다고 밝혔다. 김종철 위원장은 “이번 결정이 소상공인 경제 회복에... ",https://n.news.naver.com/mnews/article/018/0006228890?sid=105,"Thu, 05 Mar 2026 10:13:00 +0900"
"[더벨][MWC 2026] 홍범식 LGU+ 사장, '글로벌 협력 강조' 기조연설",<b>스팸</b>과 같은 의심 신호를 사전에 감지하고 통화 맥락을 분석해 보이스피싱을 탐지하는 등 안심 기능을 설명했다. 통화 중 AI를 호출해 필요한 정보를 즉시 검색할 수 있는 편의 기능도 함께 공개하며 서비스 경쟁력을... ,https://www.thebell.co.kr/free/content/ArticleView.asp?key=202603022107297440103219,"Thu, 05 Mar 2026 07:02:00 +0900"
"현주엽, 아들 생일 잊고 진땀..&quot;작년 이어 올해도 까먹어 서운&quot; [아빠하...",병원 일도 있었고 여러 일도 있어서 까먹은 건 인정하는데 올해도 까먹은 건 솔직히 섭섭했다&quot;고 말했다. 현주엽은 아내가 미리 끓여놓은 미역국에 아들이 좋아하는 <b>스팸</b> 볶음밥을 만들어 생일상을 내놓았다.,https://m.entertain.naver.com/article/108/0003413574,"Thu, 05 Mar 2026 00:20:00 +0900"
AI 시대 문학을 보는 두 시선…‘클락스월드 편집장’과 ‘루미너리북스...,“이는 <b>스팸</b> 필터 없이 이메일을 확인하는 것과 비슷하다. AI가 마치 소방 호스로 뿜어내듯 <b>스팸</b>을 쏟아내고 있다”고 말했다. 이어 “AI에게는 의식도 상상력도 참고할 만한 삶의 경험도 없다. 그 무엇도 새로운 것을... ,https://n.news.naver.com/mnews/article/032/0003431194?sid=103,"Wed, 04 Mar 2026 19:55:00 +0900"
[가보니] '갤럭시 스튜디오'서 S26 울트라 신기능 체험하기,"<b>스팸</b>이나 보이스피싱 전화의 경우에도 AI가 대신 전화를 받아 내용을 확인해주며, 사용자가 직접 응답하기 어려운 상황에서도 AI를 통해 통화 내용을 파악할 수 있다. 스튜디오에서는 보이스피싱 프로그램을 통해 갤럭시... ",http://www.sisafocus.co.kr/news/articleView.html?idxno=356436,"Wed, 04 Mar 2026 18:44:00 +0900"
"'35주년' 교촌치킨, 구미 '교촌1991 문화거리' 새단장","이번 투어는 테마존 내 주요 스팟을 방문하고 우편함에 비치된 3곳(치맥공원, 교촌 전화기, 교촌 프라이드)에서 <b>스팸</b>프로 인증하면 된다. 투어를 완주한 참가자는 선착순으로 구미 1호점에서 ‘치룽지’를 받을 수 있다.... ",http://www.shinailbo.co.kr/news/articleView.html?idxno=2198539,"Wed, 04 Mar 2026 17:04:00 +0900"
"방미통위-KISA, ‘혜택 알림’ 등 광고동의 유도 금지 안내서 발간",<b>스팸</b> 방지를 위한 안내서 개정본은 광고 수신 동의를 요구할 때 ‘광고성 정보 수신동의’임을 표시해... 정보(<b>스팸</b>)에 해당할 수 있어 사전 동의를 받아야 한다고 했다. 앱 알림(앱 푸시) 광고는 수신 거부 절차를 복잡하게... ,https://n.news.naver.com/mnews/article/366/0001145854?sid=105,"Wed, 04 Mar 2026 17:00:00 +0900"
'혜택 알림'도 <b>스팸</b> … 광고 수신 규제 기준 강화,한국인터넷진흥원(KISA)이 불법 <b>스팸</b> 규제를 둘러싼 법령 해석 기준을 구체화한 가이드라인을 마련했다. KISA는 방송통신위원회와 불법<b>스팸</b> 방지를 위한 정보통신망법 안내서 개정본을 발간했다고 4일 밝혔다. KISA는... ,https://www.safetimes.co.kr/news/articleView.html?idxno=240178,"Wed, 04 Mar 2026 16:24:00 +0900"
"KISA, '혜택 알림·정보제공' 등 모호한 표현으로 광고 동의 유도 안 돼","한국인터넷진흥원(KISA, 원장 이상중)은 방송미디어통신위원회(위원장 김종철)와 함께「불법<b>스팸</b> 방지를 위한... 정보(<b>스팸</b>)에 해당하므로, 이용자에게 명시적 사전 동의를 받아야 한다. 이 밖에도 개정본에는 전송자가... ",http://www.newsworker.co.kr/news/articleView.html?idxno=416129,"Wed, 04 Mar 2026 14:22:00 +0900"
"KISA, 불법<b>스팸</b> 방지를 위한 정보통신망법 안내서 개정본 발간",한국인터넷진흥원(KISA)은 방송미디어통신위원회와 함께 '불법<b>스팸</b> 방지를 위한 정보통신망법 안내서... 정보(<b>스팸</b>)에 해당하므로 이용자에게 명시적 사전 동의를 받아야 합니다. 개정본은 이밖에 전송자가 명시적 수신... ,https://news.bbsi.co.kr/news/articleView.html?idxno=4069948,"Wed, 04 Mar 2026 13:52:00 +0900"
'혜택 알림'·'정보제공' 등 모호한 표현으로 광고 동의 유도 안 돼,"한국인터넷진흥원(KISA)은 방송미디어통신위원회와 함께 '불법<b>스팸</b> 방지를 위한 정보통신망법 안내서... 정보(<b>스팸</b>)에 해당하므로, 이용자에게 명시적 사전 동의를 받아야 한다. 이 밖에도 개정본에는 전송자가 명시적 수신... ",https://www.datanet.co.kr/news/articleView.html?idxno=209748,"Wed, 04 Mar 2026 13:36:00 +0900"
&quot;'혜택 알림'·'정보제공' 등 모호한 표현으로 광고 동의 유도 안 돼&quot;,"한국인터넷진흥원(KISA, 원장 이상중)은 방송미디어통신위원회(위원장 김종철)와 함께 '불법<b>스팸</b> 방지를 위한... 개정본은 한국인터넷진흥원 불법<b>스팸</b>대응센터 누리집에서 확인할 수 있다. 허해녕 한국인터넷진흥원... ",https://n.news.naver.com/mnews/article/031/0001010145?sid=105,"Wed, 04 Mar 2026 13:25:00 +0900"
‘혜택 알림’이라면서 광고 동의 유도?... 불법 <b>스팸</b> 안내서 발간,"혜택 알림이나 정보 제공 같은 모호한 표현으로 광고 동의를 유도하는 등의 불법 <b>스팸</b> 방지를 위한 안내서가 나왔다. 한국인터넷진흥원(KISA, 원장 이상중)은 방송미디어통신위원회(위원장 김종철)와 함께 불법<b>스팸</b> 방지를... ",http://www.boannews.com/media/view.asp?idx=142460&kind=2,"Wed, 04 Mar 2026 13:20:00 +0900"
"'혜택 알림', '정보제공' 등 모호한 표현으로 광고 동의 유도 안 돼","한국인터넷진흥원(KISA, 원장 이상중)은 방송미디어통신위원회(위원장 김종철)와 함께 &lt;불법<b>스팸</b> 방지를 위한... 정보(<b>스팸</b>)에 해당하므로, 이용자에게 명시적 사전 동의를 받아야 한다. 이 밖에도 개정본에는 전송자가... ",https://www.dailysecu.com/news/articleView.html?idxno=205544,"Wed, 04 Mar 2026 12:46:00 +0900"
[#시큐리티 포커스] 시큐리온 'AV-TEST 인증'·아카마이 '제로 트러스트...,"불법<b>스팸</b> 방지 정보통신망법 안내서 개정본 발간 등의 소식이 전해졌다. ◆시큐리온, 온백신 AV-TEST 38번째... ◆KISA-방미통위, 불법<b>스팸</b> 방지 안내서 개정…모호한 광고 동의 유도 금지 한국인터넷진흥원과... ",https://www.newsworks.co.kr/news/articleView.html?idxno=832991,"Wed, 04 Mar 2026 12:18:00 +0900"
"LG유플러스...‘사람 중심 AI’로 진화하는 통신의 미래, MWC26 흔들다","그는 <b>스팸</b>·보이스피싱 탐지, 통화 중 실시간 정보 검색 등 익시오가 이미 제공하고 있는 ‘안심·편의 기능’을 소개하며, LG그룹의 LLM ‘엑사원(EXAONE)’ 기반 온디바이스 기술을 통해 개인정보 보호와 성능을 동시에... ",https://www.m-economynews.com/news/article.html?no=65091,"Wed, 04 Mar 2026 12:10:00 +0900"
"&quot;쿠폰 일방 지급 문자도 <b>스팸</b>&quot;… KISA, 정통망법 안내서 개정본 발간",아주경제=서민지 기자 vitaminji@ajunews.com 한국인터넷진흥원(KISA)이 방송미디어통신위원회와 '불법<b>스팸</b> 방지를... 정보(<b>스팸</b>)에 해당하는 만큼 이용자에게 명시적 사전 동의를 받아야 한다. KISA는 전송자가 '정보통신망... ,https://www.ajunews.com/view/20260304100622693,"Wed, 04 Mar 2026 12:02:00 +0900"
"KISA, ‘불법<b>스팸</b> 방지를 위한 정보통신망법 안내서’ 발간","한국인터넷진흥원(KISA)은 방송미디어통신위원회와 함께 ‘불법<b>스팸</b> 방지를 위한 정보통신망법 안내서’... 정보(<b>스팸</b>)에 해 당하므로, 이용자에게 명시적 사전 동의를 받아야 한다. 이 밖에도 개정본에는 전송자가 명시적... ",https://n.news.naver.com/mnews/article/119/0003065232?sid=105,"Wed, 04 Mar 2026 12:02:00 +0900"
"정부, '혜택알림·정보제공' 가장한 광고 동의 유도 제동","한국인터넷진흥원(KISA)은 방송미디어통신위원회와 함께 '불법<b>스팸</b> 방지를 위한 정보통신망법 안내서... 정보(<b>스팸</b>)로 간주돼 사전 동의를 받아야 한다. 안내서에는 광고 매체별 수신 동의 방식과 사례, 법령 해석 기준... ",https://n.news.naver.com/mnews/article/030/0003404108?sid=105,"Wed, 04 Mar 2026 12:01:00 +0900"
&quot;'혜택 알림·정보제공' 모호한 표현으로 광고 동의 유도 그만&quot;,"KISA·방미통위, <b>스팸</b> 방지 정보통신망법 안내서 개정본 발간 한국인터넷진흥원(KISA)은... <b>스팸</b> 방지를 위한 정보통신망법 안내서 개정본에 따르면 광고 수신 동의 요구 시 '혜택 알림', '정보 제공' 등 모호한 표현을 써서는... ",https://n.news.naver.com/mnews/article/001/0015937000?sid=105,"Wed, 04 Mar 2026 12:00:00 +0900"
"[문화人터뷰]이시하 음저협 회장 &quot;AI 시대, K저작권이 세계 시장 '룰 메...",같은 해 스포티파이는 약 7500만곡의 <b>스팸</b>성 트랙을 삭제하며 AI 기반 로열티 편취를 차단했다. 음저협도 AI 제작물을 식별하는 디텍션 알고리즘을 징수 시스템에 도입할 계획이다. 이 회장은 매장 음악 징수를 제한하는... ,https://n.news.naver.com/mnews/article/277/0005728782?sid=103,"Wed, 04 Mar 2026 07:00:00 +0900"
홍범식 LG유플 CEO “AI 시대 핵심은 음성 에이전트” [리더의 나침반],"AI 통화 앱으로 시작한 익시오는 <b>스팸</b> 등 의심 신호를 사전에 감지하고, 통화 맥락을 분석해 보이스피싱을 탐지하는 등 기능을 확대해왔다. 통화 중 AI를 호출해 필요한 정보를 검색하는 기능도 지원한다.... ",https://n.news.naver.com/mnews/article/022/0004109988?sid=101,"Wed, 04 Mar 2026 06:04:00 +0900"
"[시선] 보이스피싱, 이제 '1394' 하나로 끝냅니다!","&quot;일상(13)을 구(9)하는 사(4)람들&quot; 범죄의 위협으로부터 당신의 평범한 오늘을 반드시 지켜내겠다는 국가의 강력한 의지가 담겨 있습니다.이제 <b>스팸</b>전화로 오해받던 긴 번호 대신, 국가가 보증하는 믿음직한 네 자리 번호... ",https://www.cctoday.co.kr/news/articleView.html?idxno=2226483,"Wed, 04 Mar 2026 06:02:00 +0900"
한교총 사칭 “밴드 가입 요청” <b>스팸</b> 메일 주의보,한국교회총연합(한교총·대표회장 김정석 목사)이 ‘한교총 사칭’ <b>스팸</b> 메일 주의보를 발령했다. 한교총은 서울 종로구 한교총 회의실에서 최근 열린 상임회장단 회의에서 한교총을 사칭한 <b>스팸</b> 메일(사진)을 절대... ,https://n.news.naver.com/mnews/article/005/0001835056?sid=103,"Wed, 04 Mar 2026 03:03:00 +0900"
MWC 무대 오른 LGU+ 홍범식…&quot;피지컬 AI 시대에도 음성이 중심&quot;,"홍 CEO는 &quot;수많은 기술 혁신에도 통화 경험은 거의 변하지 않은 채로 남아 있다&quot;며, &quot;하지만 <b>스팸</b>... <b>스팸</b>과 같은 의심 신호를 미리 감지하고, 통화의 맥락 속에서 보이스피싱을 탐지하는 등의 익시오의 안심... ",https://www.apnews.kr/news/articleView.html?idxno=3046428,"Wed, 04 Mar 2026 01:50:00 +0900"
"홍범식 LG유플러스 CEO “우리 AI, 통화 듣고 알아서 도울 것”","익시오는 통화 맥락을 실시간으로 분석해 보이스피싱 위협을 사전에 경고하고, 의심스러운 <b>스팸</b> 신호를 식별하는 AI에이전트다. 지난해 구글과 협업을 통해 통화 중 생성 AI 검색이 가능한 서비스도 공개했다. 이번... ",https://n.news.naver.com/mnews/article/025/0003506620?sid=105,"Wed, 04 Mar 2026 00:03:00 +0900"
"이소라 서울시의원, 사립학교 법정부담금·학생 금융 범죄 대책 촉구","이 의원은 &quot;한 달에 한 번 금융보안 점검의 날을 지정하고, 가족 단위 비밀번호 관리, 소액결제 한도 점검, <b>스팸</b> 차단 앱 확인 등 예방 프로그램을 도입해야 한다&quot;고 제안했다. 정 교육감은 &quot;이번 사안을 제대로 챙기지 못한... ",https://www.fntoday.co.kr/news/articleView.html?idxno=378799,"Tue, 03 Mar 2026 23:24:00 +0900"
"LG유플러스 홍범식 CEO, MWC26 기조 연설…익시오로 통신의 미래 활짝","홍 CEO는 <b>스팸</b>과 같은 의심 신호를 미리 감지하고, 통화의 맥락 속에서 보이스피싱을 탐지하는 등의 익시오의 안심 기능들을 소개했다. 통화 중에 AI를 호출해 궁금한 내용을 검색할 수 있는 편의 기능 등 익시오의... ",https://www.job-post.co.kr/news/articleView.html?idxno=209111,"Tue, 03 Mar 2026 23:08:00 +0900"
"LG U+ 홍범식 CEO, MWC26 기조 연설서 '미래 AI 시대의 음성 가치' 강조","이어 <b>스팸</b>과 같은 의심 신호를 미리 감지하고, 통화의 맥락 속에서 보이스피싱을 탐지하는 등의 익시오의 안심 기능들과 통화 중에 AI를 호출해 궁금한 내용을 검색할 수 있는 편의 기능 등을 전 세계에 알렸다.... ",https://www.thedailypost.kr/news/articleView.html?idxno=113349,"Tue, 03 Mar 2026 22:42:00 +0900"
[MWC26] &quot;뿌리까지 싹 바꾼다&quot;…脫통신 3사의 AI 선전포고,<b>스팸</b>·보이스피싱을 실시간으로 탐지하고 지난 통화 내용을 찾아주며 통화 중 &quot;헤이 익시&quot;라고 부르면 바로 작동하는 AI다. 2024년 11월 출시 이후 성과가 뒤따랐다. 익시오 이용자의 고객순추천지수(NPS)는 비이용자... ,https://www.pointdaily.co.kr/news/articleView.html?idxno=294730,"Tue, 03 Mar 2026 21:10:00 +0900"
"이소라 서울시의원 &quot;학생 금융 그루밍 범죄 확산, 교육청 선제 대응 나...","아울러 &quot;한 달에 한 번 금융보안 점검의 날을 지정하고 가족 단위 비밀번호 관리, 소액결제 한도 점검, <b>스팸</b> 차단 앱 확인 등 실질적인 예방 프로그램을 도입할 필요가 있다&quot;고 제안했다. 정 교육감은 &quot;해당 사안을 제대로... ",https://www.ilyoseoul.co.kr/news/articleView.html?idxno=513710,"Tue, 03 Mar 2026 20:16:00 +0900"
"서울시의회 이소라 시의원, 사립학교 법정부담금 문제·학생 대상 금융...","이 의원은 EBS 보도 내용을 인용하며, “한 달에 한 번 금융보안 점검의 날을 지정하고, 가족 단위 비밀번호 관리·소액결제 한도 점검·<b>스팸</b> 차단 앱 확인 등 실질적인 예방 프로그램을 도입할 필요가 있다”고 제안했다.... ",https://weekly.cnbnews.com/news/article.html?no=207453,"Tue, 03 Mar 2026 19:20:00 +0900"
"[MWC26] LG유플러스, MWC26서 '사람중심 AI' AX 청사진",익시오는 통화 맥락을 바탕으로 <b>스팸</b>·보이스피싱 의심 신호를 감지하는 안심 기능과 실시간 검색 등 편의 기능을 제공한다. LG유플러스는 고객 정보 보호를 위해 LG AI연구원의 거대언어모델(LLM) '엑사원(EXAONE)... ,https://www.womentimes.co.kr/news/articleView.html?idxno=100885,"Tue, 03 Mar 2026 18:56:00 +0900"
진화한 '익시오'… &quot;미래 소통 핵심될것&quot;,"홍 대표는 <b>스팸</b>과 같은 의심 신호를 미리 감지하고, 통화의 맥락 속에서 보이스피싱을 탐지하는 등의 '익시오'의 안심 기능들을 알렸다. 통화 중에 AI를 호출해 궁금한 내용을 검색할 수 있는 편의 기능도 소개했다. 홍... ",https://n.news.naver.com/mnews/article/014/0005485613?sid=105,"Tue, 03 Mar 2026 18:39:00 +0900"
홍범식 LG유플러스 사장 &quot;보이스 에이전트 '익시오'가 미래 소통의 핵심...,"홍 사장은 <b>스팸</b>과 같은 의심 신호를 미리 감지하고, 통화의 맥락 속에서 보이스피싱을 탐지하는 등의 익시오의 안심 기능과 통화 중 AI를 호출해 궁금한 내용을 검색할 수 있는 편의 기능을 소개했다. 그는 &quot;지금까지... ",http://www.econotelling.com/news/articleView.html?idxno=19504,"Tue, 03 Mar 2026 18:14:00 +0900"
"LGU+, 파주에 GPU 12만 장 채운 데이터센터 구축...'AI 퀀텀점프'","<b>스팸</b>으로 의심되는 신호를 사전에 탐지하거나, 대화 맥락을 기반으로 보이스피싱 위험을 식별하는 등 안전 기능을 강화했다. 동시에 통화 중 필요한 정보를 즉시 조회할 수 있도록 AI를 호출하는 기능도 제공한다.... ",https://www.insightkorea.co.kr/news/articleView.html?idxno=242033,"Tue, 03 Mar 2026 17:54:00 +0900"
[CEO PICK] LGU+ 홍범식…LG그룹 첫 MWC 기조무대,익시오는 △<b>스팸</b>·보이스피싱 의심 신호 사전 탐지 △통화 중 맥락 기반 보이스피싱 감지 △통화 중 AI 호출을 통한 실시간 정보 검색 등의 기능을 제공한다. 이어 홍 사장은 “고객 정보를 안전하게 관리하기 위해... ,http://www.shinailbo.co.kr/news/articleView.html?idxno=2198138,"Tue, 03 Mar 2026 17:32:00 +0900"
"홍범식 LGU+ CEO, &quot;익시오로 통신의 미래 열겠다&quot;",홍 CEO는 익시오의 <b>스팸</b>·보이스피싱 탐지 등 안심 기능과 통화 중 AI 호출을 통한 실시간 정보 검색 기능을 소개했다. LG유플러스는 LG그룹 LLM '엑사원' 기반 온디바이스 기술을 강화해 고객 정보를 안전하게 관리하고... ,http://www.finomy.com/news/articleView.html?idxno=250607,"Tue, 03 Mar 2026 17:22:00 +0900"
홍범식 LGU+ 대표 “음성은 AI 시대 최고의 인터페이스… ‘익시오’로...,그는 이어 “그동안 통화 경험은 정체된 채 오히려 <b>스팸</b>과 보이스피싱으로 인해 불편한 존재가 되어버렸다”며 “음성이 다시 사람을 연결하는 본질적 수단이 되도록 AI 콜 에이전트와 함께하는 여정을 시작했다”... ,https://www.dnews.co.kr/uhtml/view.jsp?idxno=202603031329028430623,"Tue, 03 Mar 2026 17:02:00 +0900"
"LG유플러스 홍범식 CEO, MWC26 기조연설···익시오로 AI 통신 판 흔든다","<b>스팸</b>·보이스피싱 사전 감지, 통화 맥락 기반 AI 정보 검색, 그리고 대화 맥락을 스스로 파악해 다음 행동을 제안하는 자율형 에이전트로의 진화다. 이 세 단계는 서비스 깊이에 따라 수익화 모델이 달라진다. 보안... ",https://www.enetnews.co.kr/news/articleView.html?idxno=47425,"Tue, 03 Mar 2026 16:48:00 +0900"
홍범식 LG U+ CEO &quot;익시오로 음성 커뮤니케이션의 미래 열 것&quot;,"그러면서 홍 CEO는 <b>스팸</b>과 같은 의심 신호를 미리 감지하고, 통화의 맥락 속에서 보이스피싱을 탐지하는 등의 익시오의 안심 기능과 함께, 통화 중에 AI를 호출해 궁금한 내용을 검색할 수 있는 편의 기능 등을... ",https://www.pinpointnews.co.kr/news/articleView.html?idxno=433703,"Tue, 03 Mar 2026 16:40:00 +0900"
"LG유플러스 홍범식, &quot;익시오는 미래 통신 핵심될 것&quot;",<b>스팸</b> 의심 신호를 사전에 탐지하고 통화 맥락을 분석해 보이스피싱을 감지하는 안심 기능을 제공한다. 통화 중 AI를 호출해 필요한 정보를 즉시 검색하는 기능도 지원한다. 익시오는 LG그룹의 거대언어모델(LLM)... ,http://www.hansbiz.co.kr/news/articleView.html?idxno=821002,"Tue, 03 Mar 2026 16:28:00 +0900"
