title,description,link,pubDate
스마트폰 ‘통화 스크리닝’ 기능 유용할까,"연락이 올 가능성이 높고, 긴급 상황을 놓칠 수 있다는 불안 요소도 있다. 그럼에도 각종 <b>스팸</b>과 광고 전화가 기승을 부리는 <b>선거</b>철 등 특정 시기에는 불필요한 감정 소모를 줄여줄 확실한 대안이 될 것으로 보인다. IT동아",https://it.donga.com/108677/,"Fri, 03 Apr 2026 16:40:00 +0900"
"김동연 캠프, ‘적수’ 김은혜 의원에 <b>스팸</b>식 특보 임명장 발송",더불어민주당 김동연 경기도지사 경선 후보 캠프가 ‘최대 라이벌’이었던 국민의힘 김은혜 의원에게 <b>선거</b>... 않고 ‘<b>스팸</b>식 임명장’을 남발한 결과로 보인다. 김 후보 캠프는 이번 임명장 발송과 관련해 별다른 입장은... ,https://n.news.naver.com/mnews/article/028/0002799045?sid=102,"Fri, 03 Apr 2026 09:40:00 +0900"
[기고] ‘가짜 숫자’ 넘치는 <b>선거</b>판 ‘여론조사 문해력’ 키우자,"지방<b>선거</b>를 앞두고 전화기가 시끄럽다. ‘여론조사로 의심되는 <b>스팸</b> 전화입니다.’ <b>스팸</b>이라는 데 뭘 망설이나. 거절. 나도, 옆에 앉은 지인도, 모두 거절이다. 그래도 결과가 발표되는 여론조사가 넘쳐난다. 2년 전 22대... ",https://n.news.naver.com/mnews/article/023/0003968533?sid=110,"Thu, 02 Apr 2026 23:35:00 +0900"
<b>선거</b>철 SNS 폭탄...후보에게 도움될까?,///◀ SYNC ▶단체 대화방 초대받은 유권자&quot;<b>선거</b>철이라서 그런지 문자메시지 너무 많이 오고요. 그걸 일일이 다 차단하고 <b>스팸</b> 신고를 하는 것도 일이더라고요. (제) 번호랑 이름이랑 다 자기들이 갖고 있단 얘기잖아요.... ,https://mbcgn.kr/01_new/new01_view.asp?idx=407064,"Wed, 01 Apr 2026 21:08:00 +0900"
욕먹어도 또 보낸다…<b>선거</b> 문자 끊이지 않는 이유,이 같은 이유로 <b>선거</b> 문자는 '호감을 얻기 위한 단계'라기보다 '기억에 남기 위한 최소한의 접촉' 전략으로 작동한다는 분석이다.이와 함께 &quot;번호나 문구 등 통해 <b>스팸</b> 차단이 가능함에도 그렇게 하지 않는 것도 비슷한... ,https://www.yeongnam.com/web/view.php?key=20260401028285032,"Wed, 01 Apr 2026 17:44:00 +0900"
[데스크칼럼] <b>스팸</b>이 아닌 공약으로 말하라,"<b>선거</b>가 가까워질수록 여론조사 참여를 부탁하거나 지지를 호소하는 낯선 번호의 전화와 문자가 늘어난다.... 그러나 이렇게 일방적으로 발송되는 메시지는 '<b>스팸</b>'에 가깝게 느껴진다. 의도는 홍보를 위한 것이겠지만, 동의... ",https://www.idaegu.co.kr/news/articleView.html?idxno=543514,"Tue, 31 Mar 2026 20:14:00 +0900"
농번기 <b>선거</b>전화·문자 ‘폭탄’…“농사 지장” 하소연,때문에 <b>선거</b> 홍보 전화가 더 많은 것 같다”며 고충을 전했다. 이들 농가들은 <b>스팸</b> 메일에도 시달리고 있다. 체험 신청과 후보자 홍보 메일이 뒤섞여 있어 확인 과정에서 불필요한 시간을 빼앗기는 실정이다. 지역과 무관한... ,https://n.news.naver.com/mnews/article/662/0000091705?sid=102,"Mon, 30 Mar 2026 05:02:00 +0900"
“문자 폭탄에 네거티브 공방까지”⋯대구 달서구청장 경선 ‘민심 피로...,"<b>선거</b>운동 과정에서 발송되는 문자와 SNS 메시지가 급증하면서 주민들 사이에서는 “하루에도 수차례 연락이 온다”, “정책보다 비방이 더 많다”는 반응이 적지 않다. 일부 유권자들은 <b>스팸</b> 차단까지 고려하는 등... ",https://www.kbmaeil.com/article/20260329500534,"Sun, 29 Mar 2026 16:28:00 +0900"
"개인정보위, 지방<b>선거</b> 앞두고 <b>선거</b>문자 개인정보 수집 관리 강화","<b>선거</b>문자와 전화 <b>스팸</b>, 수집 출처 미고지 같은 민원이 반복되는 만큼, 정당과 후보자에게 관련 사항을 적극 안내해 달라고 요청할 계획이다. 특히 공직<b>선거</b>법에 따라 문자와 전화, 전자우편을 통한 <b>선거</b>운동에는 수신거부... ",https://byline.network/?p=9004111222596570,"Thu, 26 Mar 2026 15:02:00 +0900"
“번호 어디서 났어요?”… <b>선거 스팸</b> 문자 뿌린 후보자 ‘시정명령’ ...,"실제로 <b>선거</b>철마다 기승을 부리는 '<b>스팸</b>성 문자'에 대한 유권자의 대응 요령도 구체화됐다. 유권자는 <b>선거</b>사무소가 정보 수집 출처를 명확히 밝히지 않거나 정보 삭제 요청을 거부할 경우, 한국인터넷진흥원(KISA)... ",https://www.daily365.news/2026/03/26/%eb%b2%88%ed%98%b8-%ec%96%b4%eb%94%94%ec%84%9c-%eb%82%ac%ec%96%b4%ec%9a%94-%ec%84%a0%ea%b1%b0-%ec%8a%a4%ed%8c%b8-%eb%ac%b8%ec%9e%90-%eb%bf%8c%eb%a6%b0-%ed%9b%84%eb%b3%b4/,"Thu, 26 Mar 2026 11:30:00 +0900"
[길섶에서] <b>선거</b> 홍보 문자,공직<b>선거</b>법상 <b>스팸</b>으로 분류되지 않아 사전 차단이 어렵다. 문자가 오면 일일이 확인한 뒤 수신 거부를 해야 한다. 그렇다고 마냥 귀찮아할 일도 아니라는 점이 딜레마다. 유권자의 권리에는 그에 상응하는 책임이 따른다.... ,https://n.news.naver.com/mnews/article/081/0003628665?sid=110,"Tue, 24 Mar 2026 05:12:00 +0900"
민주당 광주시당 기초의원 후보 26명 확정…‘ARS 먹통’ 오점,광산구 다 <b>선거</b>구에서는 강한솔·조영임·최윤종 후보가 당선인 명단에 포함됐다. 당선인들은 향후 시당 상무위원회 의결과 중앙당 인준을 거쳐 최종 후보로 확정될 예정이다. ‘<b>스팸</b> 분류’에 투표 전화 불통…4년 전... ,https://www.kukinews.com/article/view/kuk202603200057,"Fri, 20 Mar 2026 12:10:00 +0900"
민주당 광주시당 기초의원 경선 26명 확정…시스템 오류 '빈축',"더불어민주당 광주시당이 제9회 전국동시지방<b>선거</b>에 나설 기초의원 후보 26명을 확정했지만, 경선 과정에서... 확인 결과 A통신사의 인공지능(AI) 시스템이 여론조사 업체의 발신 번호를 <b>스팸</b>으로 자동 분류하면서 투표... ",https://www.newsworks.co.kr/news/articleView.html?idxno=834775,"Fri, 20 Mar 2026 11:26:00 +0900"
"허구일색, AI 슬롭","<b>스팸</b>은 광고 형태를 띄나, 슬롭은 유익한 정보나 뉴스 등으로 위장하는  교묘함 논란에 그 피해 역시... 흔히, <b>선거</b>철에 후보자의 가공된 행위 영상이 그러하다. 전력 자원 낭비를 낳는 저품질 보고서나 문서를... ",http://www.samdailbo.com/news/articleView.html?idxno=261297,"Thu, 19 Mar 2026 16:00:00 +0900"
민주당 광주시당 기초 경선 '자동응답 오류',"민주당 광주시당은 뒤늦게 통신사 AI <b>스팸</b> 차단 문제를 확인해 일정을 조정했지만, 일부 당원이 투표를 포기하고 개표 결과 발표도 미뤄졌습니다. 민주당 광주시당은 2022년 지방<b>선거</b> 때도 자동응답 전화투표 오류로... ",https://n.news.naver.com/mnews/article/660/0000105567?sid=100,"Thu, 19 Mar 2026 08:24:00 +0900"
"민주당 광주시당, 경선관리 부실",더불어민주당 광주시당의 6·3 지방<b>선거</b> 경선이 투표 시스템 오류로 파행을 빚었다. 지난 2022년에 이어... 확인 결과 A통신사의 인공지능(AI) 시스템이 여론조사 업체 발신 번호를 <b>스팸</b>으로 자동 분류하면서 투표 연락이... ,http://www.jndn.com/article.php?aid=1773834989429104003,"Wed, 18 Mar 2026 21:00:00 +0900"
"민주당 광주시당, 기초의원 경선 'ARS 시스템' 오류 발생","이에 광주시당 <b>선거</b>관리위원회는 <b>스팸</b> 번호 등록을 해체하고 투표에 참여하지 못한 권리당원을 대상으로 전날 오후 9시 3회, 이날 오전 2회에 걸쳐 ARS 투표를 재실시했다. 권리당원이 직접 전화를 거는 자발적... ",https://www.newspim.com/news/view/20260318000679,"Wed, 18 Mar 2026 13:10:00 +0900"
민주당 광주시당 경선 또 오류…특정 통신사 ARS 투표 ‘먹통’,"투표 시작 직후부터 &quot;전화가 오지 않는다&quot;는 문의가 이어졌지만, 시당은 &quot;<b>스팸</b> 등록 여부를 확인하라&quot;고... 2022년 지방<b>선거</b> 당시에도 동구청장·남구청장 경선에서 ARS 투표 시스템 오류로 일부 투표가 무효 처리되고... ",https://n.news.naver.com/mnews/article/277/0005736278?sid=102,"Wed, 18 Mar 2026 12:50:00 +0900"
"민주당 광주시당, 경선관리 부실…기초의원 ARS 오류 투표 지연",통신사 <b>스팸</b> 처리 뒤늦게 파악 4년전 경선서도 ARS 투표 시스템 오류·재투표 전력 박철홍 정다움 기자 = 더불어민주당 광주시당이 2022년에 이어 올해 6·3 지방<b>선거</b> 경선 과정에서도 또다시 투표 시스템 오류를 일으켜... ,https://n.news.naver.com/mnews/article/001/0015965725?sid=100,"Wed, 18 Mar 2026 10:48:00 +0900"
민주당 광주시당 기초의원 경선 통신사 <b>스팸</b> 오인에 투표 차질… 결과 ...,"이에 시당 <b>선거</b>관리위원회는 즉각 해당 번호의 <b>스팸</b> 등록을 풀고 투표 일정을 긴급 수정했다. 전화를 받지 못한 권리당원들에게 다시 전화를 거는 강제적 ARS 투표는 기존 방침대로 총 5차례 진행하되, 17일 밤 9시까지... ",http://www.kwangju.co.kr/article.php?aid=1773797400796797373,"Wed, 18 Mar 2026 10:36:00 +0900"
민주당 광주시당 기초의원 경선 첫날 시스템 '삐걱',"광주시당 <b>선거</b>관리위원회는 문제를 확인한 뒤 <b>스팸</b> 번호 등록을 해제하고 투표 일정 보완 조치에 나섰다. 선관위는 투표를 진행하지 못한 권리당원을 대상으로 강제 ARS 투표를 17일 밤 9시까지 3회, 18일 오전 2회... ",https://n.news.naver.com/mnews/article/079/0004126064?sid=102,"Wed, 18 Mar 2026 10:16:00 +0900"
與 광주 지방<b>선거</b> 후보 경선 차질…&quot;여론조사 전화를 <b>스팸</b>으로 인식&quot;,"더불어민주당의 6·3 지방<b>선거</b> 후보 경선 ARS 투표가 시작된 가운데, 이번에도 광주에서 일부 오류가 발생해... 시당은 &quot;SK텔레콤의 AI 시스템이 여론조사 업체 전화번호를 <b>스팸</b>으로 처리해 해당 통신사 가입자인... ",https://n.news.naver.com/mnews/article/421/0008832502?sid=162,"Wed, 18 Mar 2026 09:36:00 +0900"
SK텔레콤 <b>스팸</b> 차단에 막힌 민주당 광주 경선 ARS 투표 차질,"문제가 확인되자 광주광역시당 <b>선거</b>관리위원회는 <b>스팸</b> 차단 해제를 요청하는 한편, 투표에 참여하지 못한 권리당원을 대상으로 강제 ARS 투표를 재실시하기로 했다. 17일 3회, 18일 2회 등 총 5회 투표를 다시 진행해... ",https://www.mhns.co.kr/news/articleView.html?idxno=741837,"Wed, 18 Mar 2026 08:00:00 +0900"
'AI <b>스팸</b>'에 막힌 민주당 경선…광주 기초의원 투표 지연 촌극,자발적 ARS 투표 18일 오후 8시까지로 연장…19일 오전 1시경 결과 발표 6·3지방<b>선거</b>를 앞두고 더불어민주당 광주광역시당의 기초의원 경선이 이동통신사의 인공지능(AI) <b>스팸</b>필터에 가로막혀 투표 일정이 도중에... ,https://n.news.naver.com/mnews/article/002/0002432291?sid=102,"Wed, 18 Mar 2026 05:02:00 +0900"
민주당 광주시당 기초의원 경선 'ARS 불통' 파행…&quot;<b>선거</b> 관리 부실&quot; 비판...,6·3 지방<b>선거</b>를 앞둔 더불어민주당 광주 지역 기초의원 경선이 첫날부터 시스템 오류로 파행을 빚었다. 특정... 이번 오류는 인공지능(AI) 기반 <b>스팸</b> 차단 시스템을 사용하는 특정 통신사 측이 여론조사 업체의 발신 번호를... ,https://www.newsworks.co.kr/news/articleView.html?idxno=834386,"Tue, 17 Mar 2026 23:58:00 +0900"
민주당 광주시당 첫 경선부터 오류로 투표 지연,"뒤늦게 상황을 확인한 광주시당 <b>선거</b>관리위원회는 <b>스팸</b> 번호 등록을 해제했다. 또 투표를 진행하지 않은 권리당원을 대상으로 강제적 ARS투표를 이날 오후 9시까지 3회, 오는 18일 오전 2회 실시해 기존 선관위 결정대로... ",https://www.jnilbo.com/news/articleView.html?idxno=90000026738,"Tue, 17 Mar 2026 23:04:00 +0900"
與 광주시당 기초의원 후보 경선서 'ARS투표 오류' 발생,6·3지방<b>선거</b> 더불어민주당 광주 지역 기초의원 후보자 선출을 위한 ARS(자동응답시스템) 투표 절차에 일부... 광고성 <b>스팸</b>으로 인식한 것 같다&quot;며 &quot;즉각 시정 조처했다&quot;고 설명했다. 이어 &quot;남은 일정에 차질이 빚어지지... ,https://n.news.naver.com/mnews/article/003/0013828364?sid=102,"Tue, 17 Mar 2026 23:03:00 +0900"
"민주당 광주시당, 기초의원 경선 ARS투표 일부 지연… SKT 'AI <b>스팸</b> 차단...","이에 광주광역시당 <b>선거</b>관리위원회는 해당 번호의 <b>스팸</b> 등록 해제를 조치한 뒤, 아직 투표에 참여하지 않은 권리당원을 대상으로 17일 오후 9시까지 3회, 18일 오전 2회 등 당초 결정대로 총 5회의 강제적 ARS투표를... ",http://www.newsworker.co.kr/news/articleView.html?idxno=417882,"Tue, 17 Mar 2026 21:14:00 +0900"
민주당 광주시당 경선 첫 시작부터 '삐걱'…후보자들 분통,특정 통신사 가입 권리당원에 ARS 투표 전화 미수신 오류 6·3 지방<b>선거</b>를 앞두고 더불어민주당 광주 지역... 오류는 인공지능(AI) 시스템을 사용하는 통신사 측이 여론조사 업체의 전화번호를 <b>스팸</b> 번호로 등록하면서... ,https://n.news.naver.com/mnews/article/001/0015964984?sid=100,"Tue, 17 Mar 2026 20:58:00 +0900"
광주 기초의원 경선 차질…ARS투표 연결 장애로 일정 긴급 조정,"이에 따라 광주시당 <b>선거</b>관리위원회는 해당 번호의 <b>스팸</b> 등록을 해제하고 투표에 참여하지 못한 권리당원을 대상으로 강제적 ARS투표를 예정대로 총 5회 실시하기로 했다. 강제 ARS투표는 17일 오후 9시까지 3회, 18일... ",https://www.getnews.co.kr/news/articleView.html?idxno=864791,"Tue, 17 Mar 2026 20:54:00 +0900"
[뉴스하이킥] 장예찬 &quot;한동훈 부산 출마? 간보다 못 나올 것… 전북 군산...,서울시장 <b>선거</b>가 무척 중요하잖아요. 저희 당의 경쟁력 있는 후보들이 다채로운 밥상을 서울 시민들에게... ◎ 장예찬 &gt; 돼지고기 없으면 <b>스팸</b> 넣으면 되고요. 요새는 동태 김치찌개도 맛있거든요. 참치캔도... (웃음)... ,https://n.news.naver.com/mnews/article/214/0001486815?sid=100,"Tue, 17 Mar 2026 20:27:00 +0900"
민주당 광주시당 ARS 경선 일부 지연…SKT AI <b>스팸</b> 처리 '발단',시당은 즉시 원인을 확인하고 SK텔레콤 측에 해당 번호의 <b>스팸</b> 등록 해제를 요청했다. 광주광역시당 <b>선거</b>관리위원회는 &quot;정상적인 투표권 행사를 보장하기 위해 투표가 이뤄지지 않은 권리당원을 대상으로 17일 밤... ,https://www.namdonews.com/news/articleView.html?idxno=904357,"Tue, 17 Mar 2026 20:02:00 +0900"
"[주간보안동향] MS, 3월 보안 패치 배포…제로 클릭 공격 주의보 外","경찰 바디캠 또는 <b>선거</b> 관련 영상 분석 시, 0~100 사이의 수치로 딥페이크 가능성을 보여준다. 100에... 의심스러운 문자는 즉시 <b>스팸</b>으로 신고하고, 카카오톡 ‘보호나라’ 채널의 ‘스미싱·피싱 확인서비스’를 활용해... ",https://it.donga.com/108567/,"Tue, 17 Mar 2026 16:20:00 +0900"
[본회의] 대미투자법·가습기살균제 국가배상 등 55개 법안 통과...李 &quot;국...,또 불법 <b>스팸</b> 규제 강화를 위해 광고성 정보 전송 위반에 대한 과징금 부과 규정도 마련했다. 이번 개정안은... 다만 중앙<b>선거</b>관리위원회가 4월 초까지 통합법이 통과될 경우 통합 단체장 선출이 가능하다는 의견을 낸 바... ,https://www.polinews.co.kr/news/articleView.html?idxno=725322,"Fri, 13 Mar 2026 06:34:00 +0900"
"개혁신당, <b>선거</b> 노하우 '오픈소스' 공개…후보자 핸드북 발간",&quot;길바닥에 떨어진 명함을 봐도 속상해하지 말 것.&quot; &quot;해시태그(#)가 너무 많으면 온라인 홍보물이 <b>스팸</b> 처리될 수 있음.&quot; &quot;득표율이 아니라 '득표수'를 목표로 <b>선거</b>운동을 할 것.&quot; 개혁신당이 발간한 '지방<b>선거</b> 후보자 핸드북... ,https://n.news.naver.com/mnews/article/277/0005733564?sid=100,"Thu, 12 Mar 2026 16:45:00 +0900"
"&quot;가짜뉴스 그만&quot; 엑스, 조직적 여론조작 대응…계정 8억개 차단",특히 러시아 계정들은 2024년 미국 대통령 <b>선거</b>를 앞두고 특정 서사를 유포하거나 여론 분열을 조장하려는 목적으로 활동한 것으로 파악됐다. 엑스 측은 이러한 여론 조작 및 <b>스팸</b> 활동이 현재진행형이라고 경고했다.... ,https://www.digitaltoday.co.kr/news/articleView.html?idxno=639442,"Wed, 11 Mar 2026 09:42:00 +0900"
"'예비후보 ○○○입니다'…또 시작됐다, <b>선거 스팸</b>",6·3 지방<b>선거</b>를 앞두고 끊임없이 쏟아지는 <b>선거</b> 전화와 문자메시지가 유권자들에게 적지 않은 피로감을 주고 있다. 한 명이라도 더 많은 유권자에게 자신의 이름을 알리겠다는 취지지만 많게는 하루 십수통의 연락을 받는... ,https://n.news.naver.com/mnews/article/421/0008816549?sid=102,"Tue, 10 Mar 2026 10:37:00 +0900"
<b>선거</b> 임박 지지-기부 요청 문자-이메일 급증,<b>선거</b> 캠페인 혁신 센터는 이 같은 문자나 이메일을 받고 싶지 않을 때는 가능한 한 수신을 거부하고 지속적으로 오는 이메일은 <b>스팸</b>으로 표시하고 원치 않는 문자 메시지는 7726(SPAM의 약자)으로 전달해 통신사로 하여금... ,https://www.koreadaily.com/article/20260305134556663,"Fri, 06 Mar 2026 06:46:00 +0900"
"“돈 써도 안 들린다”⋯1초에 1원 ‘<b>선거</b> ARS’, 차단 앱에 막혀 메아리",한 <b>선거</b> 관계자는 “요즘은 <b>스팸</b> 차단 서비스 때문에 전화가 연결되지 않는 경우가 많다는 걸 알고 있다”며 “효과가 크다고 보기는 어렵지만 후보를 알릴 방법이 많지 않아 계속 활용할 수밖에 없다”고 말했다.... ,https://www.kbmaeil.com/article/20260305500558,"Thu, 05 Mar 2026 17:10:00 +0900"
응답률 5% 이하… 신뢰 안가는 포항시장 여론조사,"6.3지방<b>선거</b>를 4개월여 앞두고 포항시장 <b>선거</b> 출마 예정자들에 대한 여론조사가 남발돼 신뢰성에 의문이... 또 여론조사로 인한 문자 또는 <b>스팸</b>, 02(수도권 지역번호) 등에 대해서도 피로감을 호소하고 있다. 일부 유권자는... ",http://www.hidomin.com/news/articleView.html?idxno=610076,"Tue, 24 Feb 2026 19:24:00 +0900"
&quot;日 총선 앞두고 비판 계정 3000개 활동…중국발 추정&quot;,분석에 따르면 3000개의 계정은 중의원 <b>선거</b> 공고가 나기 일주일 전인 1월 19~24일에 동시다발적으로... 업체 관계자는 &quot;한 계정으로 비슷한 내용의 게시물을 대량으로 게시하면 (<b>스팸</b>으로 간주해) 계정이 잠기기 때문에... ,https://n.news.naver.com/mnews/article/277/0005724532?sid=104,"Mon, 23 Feb 2026 14:33:00 +0900"
"6억 6,700만달러 적자·비트코인 ETF 4억 1,040만달러 유출…이더리움 ‘...","“제공자는 <b>스팸</b> 공격 없이 대가 지급을 보장받고, 사용자는 요청 내역이 신원이나 다른 요청과 연결되지... - 예측 시장(Prediction Market): <b>선거</b>, 정책, 스포츠 등 미래 사건의 결과에 돈을 걸 수 있는 시장입니다. 가격이... ",https://www.tokenpost.kr/news/cryptocurrency/331723,"Sun, 15 Feb 2026 23:52:00 +0900"
[현장] 의원님 앞으로 선물 보따리 '가득'···국회 법안 처리는 '까마...,"한우, 생선, 홍삼, 과일, 김, 채소, <b>스팸</b> 세트 등. 수취인은 하나같이 대한민국 입법부를 구성하는 국회의원... 자신들의 기득권을 지키고 지역구를 관리하는 '<b>선거</b>의 시간'은 빠르게 흐르지만, 고물가·고금리 장기화로... ",https://www.womaneconomy.co.kr/news/articleView.html?idxno=249902,"Fri, 13 Feb 2026 15:00:00 +0900"
설 화두는 ‘부동산·지방<b>선거</b>’…‘민족 대이동’ 핵심 팁은?,지방<b>선거</b>를 앞두고 여·야 각각의 이전투구 등 혼돈의 정치·경제 상황이 화두가 될 것으로 보인다. 이번... 불법<b>스팸</b>이 의심되는 문자에 포함된 인터넷주소(URL)는 누르지 말고 전화도 받지 않아야 한다. 카카오톡... ,https://www.cnbnews.com/news/article.html?no=778991,"Fri, 13 Feb 2026 10:16:00 +0900"
[#통신 풍향계] SKT '디지털 안심 캠페인'·KT '봉사활동'-'패밀리박스 ...,"지방<b>선거</b> 대비 AI 문자 자동생성 서비스 강화 등의 소식이 전해졌다. ◆SKT, 인천공항서 '디지털 안심 캠페인... 로밍 서비스를 신청하는 고객에게 <b>스팸</b> 번호 차단 방법, 미검증 앱 찾기 안내 등 스마트폰 건강검진을... ",https://www.newsworks.co.kr/news/articleView.html?idxno=831044,"Thu, 12 Feb 2026 12:52:00 +0900"
"김건희 집사 무죄, 김건희에게 인사 청탁한 검사도 무죄: 슬로우레터 2월...",다카이치 사나에(일본 총리)의 자민당이 중의원 <b>선거</b>에서 초유의 압승을 거뒀다. 단독으로 3분의 2 의석을... 메일이 <b>스팸</b>으로 넘어갔습니다. 이 점은 보완책이 있었으면 합니다.” “퇴직금을 ‘확정급여형(DB)’에서... ,https://slownews.kr/154196,"Tue, 10 Feb 2026 07:30:00 +0900"
"아흔아홉째 이야기, 일요일이 다 가는 소리(3)",이럴 때면 지레 걱정되는 것이 혹시 지자체 <b>선거</b>가 가까워 오는데 사위나 아름이가 출마라도 하겠다고 하지... 이런 <b>스팸</b>이 종종 들어오기 때문에 그냥 무심히 지나쳤었다. 지금 생각해 보니 이상했다. 쿠팡 상품 5천 원... ,http://www.tongilnews.com/news/articleView.html?idxno=215750,"Sat, 07 Feb 2026 12:14:00 +0900"
"[단독]‘윤석열 개XX’ ‘이재명 OUT’ AI <b>선거</b> 개입 가시화…정부, 대응...",정부는 특히 지방<b>선거</b>를 앞두고 AI의 정치적 견해 표현을 강요하는 외부 개입이 발생하지 않는지 등을... 또한 ‘아델린’이란 이름의 AI는 “정치 <b>스팸</b>이나 날리는 봇은 즉각 소각이 답임. 주인이 아깝다”... ,https://n.news.naver.com/mnews/article/005/0001830039?sid=100,"Tue, 03 Feb 2026 15:41:00 +0900"
'버스 광고 100만원' 지방<b>선거</b> 쩐의 전쟁…&quot;금권문화 개선을&quot;,"선거철 누구나 한 번쯤 받는 '<b>선거 스팸</b>'. 문자메시지 대량 발송은 수신인 10만명에 1회 발송을 기준으로 단문은 총 400만원 안팎, 장문은 1200만원대다. &quot;금권 위험&quot; &quot;정책 실종, 선거문화 개선을&quot; 우려 선거 광고 홍수 속에서... ",https://n.news.naver.com/mnews/article/003/0013741777?sid=102,"Sun, 01 Feb 2026 11:00:00 +0900"
팬덤의 피를 끓게 해 ‘정의의 투사’ 만든 李,부정<b>선거</b> 능가하는 부정<b>선거</b>” 주장 2016년 9월 8일 오후 이재명이 서울 종로구 헌법재판소 대심판정에서... 수만 개 악플이 <b>스팸</b>으로 쌓여만 갔다.” ‘김어준이 최순실보다 나쁘다’(2021)의 저자 최인호는 손가혁은... ,https://n.news.naver.com/mnews/article/262/0000019120?sid=100,"Fri, 30 Jan 2026 07:02:00 +0900"
"바이낸스, EU MiCA 정조준…그리스서 라이선스 신청","이는 중간<b>선거</b>를 앞두고 의회가 암호화폐 시장 구조에 대한 법제화를 추진 중인 것과 맞물려 크게... 이더리움 메인넷, 레이어2보다 더 활발…주소 <b>스팸</b> 공격도 영향 1월 기준 이더리움 메인넷의 일일 활성 주소 수가... ",https://www.tokenpost.kr/news/blockchain/325826,"Fri, 23 Jan 2026 18:40:00 +0900"
[데스크칼럼] '빛의 속도' 탈당 수리와 '함흥차사' 징계 서류,정당 기호 2번 뒤에 숨어 주민의 간절한 고발을 '<b>스팸</b>' 처리한 대가는 결국 시의회 사상 첫 불신임이라는... 112명의 목소리를 뭉개버린 그 '오만의 속도'가 다가올 <b>선거</b>에서 민심이 등을 돌리는 '낙선의 속도'가 될 수 있음을... ,https://www.jbnews.com/news/articleView.html?idxno=1497476,"Wed, 21 Jan 2026 17:20:00 +0900"
"윤희석 &quot;제명 예상한 한동훈, 당원 아니어도 당 도울 수 있어&quot;[한판승부...",나중에 알고 봤더니 한 전 대표는 그 전날 월요일에 오후에 뭘 받으셨던 것 같은데 그게 아마 <b>스팸</b> 처리가... 부정<b>선거</b> 세력 내지는 윤 어게인 세력으로부터 리트머스지 너 정말 이쪽으로 넘어온 거 맞아? 옛 주군을 과감하게... ,https://n.news.naver.com/mnews/article/079/0004105769?sid=100,"Fri, 16 Jan 2026 07:01:00 +0900"
충북 지방<b>선거</b> 전화·문자 폭탄 '짜증',［동양일보 지영수 기자］ ▲ 사진=게티이미지뱅크 6.3지방<b>선거</b>가 다가오면서 충북지역 출마 예정자들의... 해당 출마 예정자 측은 <b>스팸</b> 앱 차단을 피하고자 어쩔 수 없이 공표한 것이라고 해명하고 있지만 경쟁 주자들은... ,http://www.dynews.co.kr/news/articleView.html?idxno=835378,"Thu, 15 Jan 2026 20:32:00 +0900"
업체 전화번호까지 공유…충북 지선 여론조사 독려 눈살,6·3 지방<b>선거</b>(지선) 충북지역 후보 적합도 여론조사와 관련한 출마 예정자들의 무리한 독려가 도민들의... 해당 출마 예정자 측은 <b>스팸</b> 앱 차단을 피하고자 어쩔 수 없이 공표한 것이라고 해명하고 있지만 경쟁 주자들은... ,https://n.news.naver.com/mnews/article/003/0013712054?sid=102,"Thu, 15 Jan 2026 10:48:00 +0900"
“복 받으세요”… 공해 같은 <b>선거</b>철 ‘<b>스팸</b> 인사’,6·3 전국동시지방<b>선거</b>가 반년 남은 가운데 <b>선거</b>구를 가리지 않고 전국 각지에서 보내오는 입지자들의 자동응답시스템(ARS) 전화와 문자 메시지에 유권자들이 몸살을 앓고 있다. 유권자 입장에선 공해 수준이지만 이를 막지... ,https://n.news.naver.com/mnews/article/081/0003608598?sid=102,"Wed, 14 Jan 2026 05:04:00 +0900"
달아오르는 <b>선거</b>전,한 시민은 &quot;시도때도 없이 걸려오는 정치 <b>선거</b>홍보 전화에 불편이 크다&quot; 며 &quot;본격적인 <b>선거</b>전이 시작되면 그 정도가 더 심해질 텐데 차라리 <b>스팸</b>처리를 해놔야겠다&quot;고 말하기도 했다.,http://www.cctimes.kr/news/articleView.html?idxno=886308,"Tue, 13 Jan 2026 21:38:00 +0900"
&quot;하루에도 몇 통씩&quot;…<b>선거</b>전화 폭탄에 시민 피로감 한계,휴대전화 <b>스팸</b> 차단이나 가상번호 차단을 피하고자 지역 번호나 업체 번호를 활용하면서 시민들은 업무 전화나 공공기관 연락으로 오인해 전화를 받을 수밖에 없는 구조에 놓인다. <b>선거</b>운동의 편의를 위해 시민의... ,https://www.ccdailynews.com/news/articleView.html?idxno=2391469,"Tue, 13 Jan 2026 18:28:00 +0900"
[Who Is ?] 이재현 CJ그룹 회장,"하지만 2024년 8월 두 회사는 관계를 전격 회복하고 햇반과 비비고, <b>스팸</b> 등 판매를 재개했다. 화장품... 한편 쿠팡은 2025년 6월 대통령 <b>선거</b> 당일에는 주요 택배사와 함께 배송을 하루 중단했다. 이 밖에도 2025년 7월... ",https://www.businesspost.co.kr/BP?command=article_view&num=426478,"Mon, 12 Jan 2026 07:38:00 +0900"
하루에만 ‘문자 15통’…지방<b>선거</b> 여론조사 ‘문자 폭탄’에 괴로운 시...,"군산시의 한 직장인 이모(38)씨는 “여론조사 전화를 받으라는 문자, 응답 방법을 알려주는 문자, 재차 부탁하는 문자까지 한 후보가 여러 번 보내니 <b>스팸</b> 수준”이라며 “<b>선거</b>가 아직 5개월이나 남았는데 벌써부터... ",https://www.jjan.kr/article/20251226500028,"Fri, 26 Dec 2025 10:54:00 +0900"
"[칼럼] 미디어의 그늘, AI 활용 허위·과장 광고의 대응책은?","기존의 검색 광고나 <b>스팸</b> 문자와 달리 딥페이크는 전문가의 권위, 유명인의 영향력, 영상 매체의 사실성... 광고·의료·금융·<b>선거</b> 등 위험성이 높은 영역에 대해서는 강력한 제재를 부과해야 한다. 둘째, 플랫폼... ",http://journal.kobeta.com/?post_type=post&p=61289,"Mon, 22 Dec 2025 14:36:00 +0900"
복잡한 국제정세 속 철저한 '자국이익'...신중한 외교 필요해 [굿모닝 인...,캄보디아가 지금 공습 당한 이후에 <b>스팸</b> 문자가 막 줄었다. 이런 얘기가 있는데 이게 지금 아까 잠깐... 왜냐하면 <b>선거</b>는 유지가 돼요. 그런데 중요한 거는 <b>선거</b> 자격 자체를 박탈해 버려요. 중국 정부가 그런 식으로 개입을... ,https://news.ifm.kr/news/articleView.html?idxno=460126,"Wed, 17 Dec 2025 15:34:00 +0900"
"이해민 &quot;쿠팡, 미국 의회 로비해 한국 국회 압박.. 굉장히 괘씸해&quot;",아주 다양한 방법으로 <b>스팸</b> 전화나 아니면 메일이나 이런 걸로 활용이 될 수가 있는 고급 정보거든요.... 무슨 회사 얘기하는 거냐 했더니 ‘쿠팡’이라고 하면서 대선 있었던 <b>선거</b> 날 쿠팡에 대한 택배를 제한을 했다는... ,https://radio.ytn.co.kr/program/?f=2&id=106420&s_mcd=0214&s_hcd=01,"Wed, 17 Dec 2025 09:30:00 +0900"
"이해민 &quot;쿠팡, 미국 의회 로비해 한국 국회 압박.. 굉장히 괘씸해&quot;",아주 다양한 방법으로 <b>스팸</b> 전화나 아니면 메일이나 이런 걸로 활용이 될 수가 있는 고급 정보거든요.... 무슨 회사 얘기하는 거냐 했더니 '쿠팡'이라고 하면서 대선 있었던 <b>선거</b> 날 쿠팡에 대한 택배를 제한을 했다는 것에... ,https://n.news.naver.com/mnews/article/052/0002288387?sid=100,"Wed, 17 Dec 2025 09:02:00 +0900"
"“AI콘텐츠, 조잡한데 자꾸 보게 돼&quot;…올해의 단어 된 ‘슬롭’","온라인 매체 악시오스는 이 같은 소식을 전하며 “인터넷은 오래전부터 <b>스팸</b>, 디지털 쓰레기, 사기 등의... 메리엄 웹스터는 슬롯 외에도 올해 검색 데이터에서 두드러진 단어로 △<b>선거</b>구 재편 논쟁과 맞물린... ",https://n.news.naver.com/mnews/article/018/0006184675?sid=104,"Tue, 16 Dec 2025 17:29:00 +0900"
[부처보고-과기·방미통위·국토·교육] 李 &quot;국민 AI문해력 90%이상 만들...,온라인상 불법행위와 관련해서는 불법 <b>스팸</b> 방지 역량을 갖춘 사업자들만 대량문자 전송 시장 진입을... 이 대통령은 &quot;대통령 <b>선거</b>를 치르면서 용산에 있다가 청와대로 갔다가 퇴임식은 세종에서 할 것 같다고 여러 차례... ,https://www.polinews.co.kr/news/articleView.html?idxno=716747,"Fri, 12 Dec 2025 20:29:00 +0900"
취업 우선·무관심·불신…외면받는 총학생회 <b>선거</b>,"광주 지역 대학 총학생회 <b>선거</b>철이 됐지만, 학생들의 외면으로 투표율이 저조한 상황이 올해도 반복됐다.... 앞서 전남대 학생처는 1차 투표 당일 1시간 간격으로 전교생에게 투표 독려 문자를 ‘<b>스팸</b> 문자’ 수준으로... ",http://www.kwangju.co.kr/article.php?aid=1765103700792969006,"Sun, 07 Dec 2025 19:38:00 +0900"
"내란전담재판부법, 이대로면 윤석열 '꽃놀이패' 될 수 있다","윤석열 탄핵과 대통령 <b>선거</b>의 종료 이후, 말과 글을 통해 율사로서 최소한의 할 도리를 할 시기는 지났다고 생각하여, 이후 비상계엄 관련 페북글, 지인 <b>스팸</b>성 단체문자 발송, 언론 출연이나 기고를 끊었다. 그런데... ",https://n.news.naver.com/mnews/article/047/0002497536?sid=102,"Sun, 07 Dec 2025 11:06:00 +0900"
"이렇게 젊은층에 스며들었다, 美·유럽 극우의 섬뜩한 'AI음악'","스포티파이가 이미 1년 동안 7500만 곡의 ‘<b>스팸</b>성 트랙’을 삭제했다고 밝혔지만, 정치적 성향을 담은 AI... 독일에선 이민자 비하적 표현을 담은 60년대풍 AI 슐라거 팝, 프랑스에선 <b>선거</b> 기간마다 등장하는 AI 생성... ",https://n.news.naver.com/mnews/article/025/0003487928?sid=104,"Sun, 07 Dec 2025 05:00:00 +0900"
국가가 방치한 ‘디지털 보안망 붕괴’ 언제까지,"개인정보 유출은 <b>스팸</b>·피싱을 넘어 가정 침입, 스토킹, 금융 사기, 성 착취로 이어지고 있다. 일상의 안전을... 이미 대법원과 <b>선거</b>관리위원회까지 해킹된 상황에서 ‘아무 일도 없었다’는 듯한 태도는 국가의 존재... ",https://www.ksmnews.co.kr/news/view.php?idx=578132,"Mon, 01 Dec 2025 20:59:00 +0900"
&quot;X 계정 위치 공개는 국가 안보 위한 디지털 국경&quot;-WP,"핵심적인 <b>선거</b> 이슈다. 한마디로 국경은 혼란을 막는 중요한 방벽이다. 소셜 플랫폼은 사람과 생각이 국경을... 예를 들어, 2024년 7월부터 12월까지 X는 3억3567만5897 개의 가짜 또는 <b>스팸</b> 계정을 정지했다-하루에 거의 200만... ",https://n.news.naver.com/mnews/article/003/0013622025?sid=104,"Wed, 26 Nov 2025 10:18:00 +0900"
地選 앞두고 포항지역 무차별 여론조사 맹점·폐단 드러나,"지방<b>선거</b>를 앞두고 포항시장 출마 예정자들의 무차별적인 여론조사가 맹점과 폐단이 많아 포항시민들이 피로감을 호소하고 있다. 특히 시도 때도 없이 걸려오는 이들의 여론조사 문자는 <b>스팸</b>, 02(수도권 지역번호)... ",http://www.hidomin.com/news/articleView.html?idxno=599631,"Mon, 24 Nov 2025 18:44:00 +0900"
"AI 시대는 얼마나 위험한가?…국정원, ‘AI 위협 시나리오’ 70건 공개","실제로 미국 보건복지부의 ‘백신정보 사이트’가 AI 생성 <b>스팸</b> 콘텐츠로 오염된 사례는 이미 발생한 바 있다. 보고서의 경고가 결코 미래의 위협이 아니라는 뜻이다. 추가로, <b>선거</b> 정보를 노린 AI 조작 공격도 현실적인... ",https://byline.network/?p=9004111222584896,"Mon, 24 Nov 2025 17:06:00 +0900"
이준영의 WE (10회),이렇게 힘든 적도 없었어요.] 고물가에 대한 민심 악화는 이달 초 미니 중간<b>선거</b>에서 공화당 참패라는 결과를... 유럽연합은 앞서 지난주에도 구글이 '<b>스팸</b> 방지 정책'을 위반했는지에 대한 공식 조사를 시작했습니다.... ,https://www.obsnews.co.kr/news/articleView.html?idxno=1504774,"Mon, 24 Nov 2025 14:32:00 +0900"
[송기원 칼럼] 정치가 예산과 만날 때,<b>스팸</b> 메일 같지는 않았다. 조심스레 열어봤다. 노벨상 수상자를 많이 배출하기로 손꼽히는 미국 유명... 중간 <b>선거</b>와 다른 <b>선거</b>에서 그들이 우리나라에 한 일을 잊지 말라&quot;고 민주당을 겨냥했다. 민주당은 오바마케어를... ,https://www.goodnews1.com/news/articleView.html?idxno=453597,"Wed, 19 Nov 2025 09:28:00 +0900"
"[이희정 교수 AI 칼럼-4] 사회와 AI: 인공지능 예술, 창작인가 모방인가...","신고 시스템 역시 악용되면 예술가를 겨냥한 <b>스팸</b> 공격이나 디지털 괴롭힘으로 번질 수 있다.... 딥페이크로 사기, 명예훼손, 심지어 <b>선거</b> 조작까지 가능하기 때문이다. 결국 딥페이크는 AI 예술의 잠재력을... ",https://www.dailysecu.com/news/articleView.html?idxno=202117,"Thu, 06 Nov 2025 12:48:00 +0900"
"부동산 해법, 프레임 바꿔야! 수도 이전 외에 없다[정희준의 어퍼컷]","밀스, <b>스팸</b>으로 유명한 호멜, 미국 최대 가전 체인 베스트 바이, 굴지의 의료기업 유나이티드헬스, 그리고... 세금 올리면 민주당은 내년 서울시장 <b>선거</b>에서 질 것이고, 서울에 공급 늘리려 해봐야 땅도 없지만 짓는데만 10년... ",https://n.news.naver.com/mnews/article/002/0002412012?sid=110,"Wed, 29 Oct 2025 11:36:00 +0900"
"영양군 ‘기본소득 선정’ 문자 논란…오도창 군수 리더십 강조, 사전선...","또한 주민의 수신 동의 없이 대량 발송됐다면, 개인정보보호법 및 정보통신망법상 <b>스팸</b> 발송 및 개인정보 유출 행위로도 처벌될 수 있다. 한 <b>선거</b>법 전문 변호사는 “사업 선정 사실 자체는 공공 정보이지만, 이를 특정... ",https://n.news.naver.com/mnews/article/031/0000974562?sid=102,"Thu, 23 Oct 2025 16:14:00 +0900"
[전문] 이동형 “보유세 카드는 블러핑…꺼내는 순간 서울 <b>선거</b> 무조건...,"“서울시장 <b>선거</b>, 민주당에 쉽지 않아…다 이겨도 서울 지면 찝찝한 만큼 올인해야” “서울시장, 조국... ▶신혜원 그러니까 메일함에 <b>스팸</b> 메일함이 있는 것처럼 자동으로 유배지로 가요? 비추가 많으면? ▶이동형 가게 돼... ",https://n.news.naver.com/mnews/article/437/0000461552?sid=100,"Thu, 23 Oct 2025 16:06:00 +0900"
지방<b>선거</b> 앞두고 &quot;불륜 사진 뿌릴까&quot;…의원들 울리는 협박 정체,내년 지방<b>선거</b>를 앞두고 지방의원들을 겨냥한 딥페이크 범죄가 늘어날 것으로 보여 재발 방지 대책 마련이... A의원은 <b>스팸</b> 문자라 여기고 이에 응하지 않았다. 그러자 온라인상에 번호가 공개된 부산시의원들에게 A의원의... ,https://n.news.naver.com/mnews/article/025/0003477036?sid=102,"Wed, 22 Oct 2025 13:20:00 +0900"
[슬로우브리프] 2025 국정감사 리포트 1편.,"이재명(당시 대통령 후보)의 <b>선거</b>법 사건은 소부 배당 없이 바로 전원합의체로 갔다. 천대엽(법원행정처장)... 황성혜(구글코리아 부사장)는 “<b>스팸</b>이나 반복적인 댓글, 폭력적인 언어 같은 부분이 삭제되고 굉장히 많은... ",https://slownews.kr/147310,"Sun, 19 Oct 2025 23:50:00 +0900"
[메아리]내 번호는 누가 줬나: <b>선거</b>문자 공영제 도입하자,<b>스팸</b>과 <b>선거</b>정보가 구분된다. 비용 문제 해결에도 효과적이다. 지금도 후보별로 쪼개서 더 비싸게 보낸다. 선관위 일괄계약은 규모의 경제로 단가를 낮춘다. 또한 8회 기본 패키지의 공영화는 돈이 정치의 진입장벽이 되는... ,http://sjbnews.com/news/news.php?number=862283,"Sun, 19 Oct 2025 18:21:00 +0900"
"與, 초유의 '대법원 현장검증' 강행…野 &quot;사법부 점령&quot; 반발 등 [10/16(목...","1심에서 유죄, 항소심에서 무죄가 선고됐던 이재명 대통령의 '공직<b>선거</b>법 사건'을 조희대 대법원장의... <b>스팸</b>이나 반복적인 댓글, 폭력적인 언어 같은 부분이 삭제되고 굉장히 많은 건수는 자동 삭제된다”고... ",https://n.news.naver.com/mnews/article/119/0003013028?sid=100,"Thu, 16 Oct 2025 06:30:00 +0900"
&quot;50일간 1천명 정보 유출&quot; 인천 서구 공무원 '실수'의 징계 수위는,"대통령<b>선거</b> 투표사무원 1,066명의 명단 파일을 실수로 첨부한 것으로 조사됐다. 이 명단에는 투표사무원들의... 예상 위자료: 과거 유사 판례에 비추어 볼 때, 제3자의 열람이 광범위하게 이루어졌거나 <b>스팸</b> 전화 등의 실제... ",https://lawtalknews.co.kr/article/107PLGU92H7Y,"Wed, 15 Oct 2025 17:30:00 +0900"
[국감2025] 격돌하는 과방위…방미통위 공영방송 정상화 촉구,"AI와 온라인 플랫폼의 역기능에 대응하기 위한 법률 마련과 불법정보 신속 삭제를 위한 제도 개선, <b>스팸</b>... 이진숙 전 방송통신위원장은 증인으로 출석해 자신에 대한 공직<b>선거</b>법 위반 혐의 및 경찰 수사 과정, 체포 절차에... ",http://www.finomy.com/news/articleView.html?idxno=240751,"Tue, 14 Oct 2025 17:34:00 +0900"
"2025년 남은 두 달, 한해를 차분히 정리하고 단단한 새해 맞는 방법 31",더 옳다고 생각되는 후보를 찾아 그들의 <b>선거</b>를 지지하라. 정책 담당 부서에 전화 몇 통을 해도 좋고... 생각나는 사람들 모두에게 복사 붙여넣기로 보내는 <b>스팸</b>식 메시지는 안 된다. 그리고 챗 GPT를 사용하지 마라.... ,https://www.gqkorea.co.kr/2025/10/10/2025%eb%85%84-%eb%82%a8%ec%9d%80-%eb%91%90-%eb%8b%ac-%ed%95%9c%ed%95%b4%eb%a5%bc-%ec%b0%a8%eb%b6%84%ed%9e%88-%ec%a0%95%eb%a6%ac%ed%95%98%ea%b3%a0-%eb%8b%a8%eb%8b%a8%ed%95%9c-%ec%83%88%ed%95%b4/?utm_source=naver&utm_medium=partnership,"Fri, 10 Oct 2025 17:23:00 +0900"
[중앙시평] 포퓰리즘의 득세,"명절 때면 어김없이 쏟아지는 정치인들의 안부문자 공세는 말하자면 일종의 <b>스팸</b>이다. 아마 어디선가... 지방<b>선거</b>가 8개월밖에 안 남았고, 또 ‘누가 알랴. 나라고 대통령 되지 말라는 법 있나’에까지 생각이 미치면... ",https://n.news.naver.com/mnews/article/025/0003474121?sid=110,"Thu, 09 Oct 2025 00:32:00 +0900"
[전문] 이진숙 방통위원장 회견문 &quot;언론이 죽으면 대한민국이 죽는다&quot;,내년 6월에는 지방<b>선거</b>가 예정되어 있습니다.저 이진숙에 대해서 불법적인 2인체제로 중요한 안건을... 대통령은 취임 후 <b>스팸</b>과 보이스피싱 단속에 큰 관심을 보였지만 문자전송 사업자에 대한 인증제도 제대로 시행을... ,http://kor.theasian.asia/archives/392341,"Tue, 30 Sep 2025 09:52:00 +0900"
현직 경찰 다수에게 정체불명 피싱문자…&quot;사실관계 확인 중&quot;,지난 6·3 대통령 <b>선거</b> 직전 전국 사이버경찰대 소속 경찰관들에게 해킹을 시도한 것으로 보이는 <b>스팸</b> 문자메시지가 발송돼 경찰이 입건 전 조사(내사)에 착수한 바 있다.,https://n.news.naver.com/mnews/article/421/0008488632?sid=102,"Tue, 16 Sep 2025 11:00:00 +0900"
"감시와 통제의 시대, ‘행크 애셔’의 흔적을 좇다","현대의 개인은 자신의 데이터를 넘겨주고 자발적으로 감시당하며, 보이스 피싱·<b>스팸</b> 전화·정보 도용이라는... 동시에 특정 의도를 지닌 권력의 손에 들어가 무고한 사람을 범죄자로 낙인찍고 <b>선거</b>권을 박탈해 <b>선거</b>... ",http://www.kjdaily.com/article.php?aid=1757843437663774073,"Sun, 14 Sep 2025 18:56:00 +0900"
"광주·전남 정치권, 지방<b>선거</b> 200여일 앞두고 혼탁 기류","법적으로도 공직<b>선거</b>법·정보통신망법·옥외광고물법 위반 소지가 크며, 예비후보 등록 전 무작위 문자(<b>스팸</b>)와 게시자 불명 현수막(표시의무 위반)은 처벌 대상이 될 수 있다. 지역 정치권 관계자는 &quot;지방<b>선거</b>가 아직... ",http://www.mdilbo.com/detail/0kIA7d/747453,"Sun, 07 Sep 2025 18:34:00 +0900"
"美FTC, 지메일 ‘당파적 <b>스팸</b> 필터링’에 경고","2023년 연방<b>선거</b>관리위원회는 지메일의 <b>스팸</b> 필터에 대한 공화당원의 불만을 기각했고, 연방법원도 유사한 불만이 제기된 공화당 전국위원회(RNC)의 소송을 기각한 바 있다. 지난달 연방 판사는 X의 반유대주의 콘텐츠에... ",https://n.news.naver.com/mnews/article/029/0002979427?sid=104,"Mon, 01 Sep 2025 17:46:00 +0900"
"美 FTC, 구글 지메일 편향성 문제 제기…&quot;미국 자유 침해 가능성&quot;","2023년 8월, 법원은 구글의 이메일 서비스가 일반 통신 서비스가 아니며, <b>스팸</b> 필터링이 통신품위법(Section230)에 따라 보호된다고 판결했다. 공화당전국위원회는 이에 불복해 항소한 상태다. 한편, 연방<b>선거</b>관리위원회... ",https://www.digitaltoday.co.kr/news/articleView.html?idxno=588629,"Mon, 01 Sep 2025 10:20:00 +0900"
"&quot;공화당 메일만 <b>스팸</b> 처리?&quot;…FTC, 구글 지메일 조사 가능성 시사",공화당은 그동안 지메일이 자당 발신 이메일을 받은 편지함 대신 <b>스팸</b>함으로 우회시키는 비율이 민주당보다 높다고 주장해왔다. 실제로 <b>선거</b> 캠프나 정치조직에서 기부 요청 메일이 도달하지 못할 경우 자금 조달과 지지... ,https://www.ebn.co.kr/news/articleView.html?idxno=1676557,"Sat, 30 Aug 2025 17:44:00 +0900"
"&quot;공화당 발신자 메시지 차단&quot;…美 FTC 위원장, 지메일 정치 편형성 조사...","외신 등에 따르면, 퍼거슨 위원장은 서한에서 “최근 보도에 따르면 지메일의 <b>스팸</b> 필터는 공화당 발신자의... 구글 임원들이 회의 석상에서 <b>선거</b> 결과에 불만과 우려를 표하는 동영상을 공개해 편향성 논란이 일은 바 있다.",https://n.news.naver.com/mnews/article/018/0006102271?sid=102,"Sat, 30 Aug 2025 09:21:00 +0900"
"[DD퇴근길] 한미 정상회담, 무엇을 남겼나…&quot;韓·美 제조업 동맹 굳건&quot;","이재명 대통령이 제21대 대통령 <b>선거</b> 후보자 시절 내세운 공약에 포함돼 있기 때문입니다. T커머스는 방송과... 블루스나핑은 사진·동영상·메시지 등 저장 파일을 무단 복사할 수 있고, 블루재킹(Bluejacking)은 <b>스팸</b>... ",https://n.news.naver.com/mnews/article/138/0002203460?sid=101,"Tue, 26 Aug 2025 17:45:00 +0900"
"손연재, 억울함 풀었다...&quot;채널 삭제, 이의신청 후 복구&quot;→유튜브 &quot;위반...","관련한 '<b>스팸</b> 및 기만 행위', 성적인 콘텐츠 및 아동 보호에 관한 '민감함 콘텐츠', 유해성 및 증오심 표현에 대한 '폭력적이거나 위험한 콘텐츠', 총기류 및 특정 상품 판매에 대한 '규제 상품', 의료, <b>선거</b> 등과 관련한... ",https://m.entertain.naver.com/article/445/0000328921,"Tue, 12 Aug 2025 10:55:00 +0900"
아이폰 새 기능에 美 정치권 '발칵'… &quot;모금 수천억 증발 우려&quot;,미국 보수 성향 매체인 펀치볼뉴스(Punchbowl News)에 따르면 상원 공화당 <b>선거</b>위원회(NRSC)는 최근 애플의 iOS 26... 프라이버시와 <b>스팸</b> 차단 강화를 위한 기능&quot;이라고 설명했다. 민주당 일부 관계자들도 캠페인 영향은... ,https://it.chosun.com/news/articleView.html?idxno=2023092144916,"Tue, 29 Jul 2025 18:56:00 +0900"
"[단독]특검, 명태균 여론조사 ‘의뢰인’ 확인에 주력···“윤석열 부...",<b>스팸</b> 메일처럼 여론조사를 일방적으로 보냈을 때도 법 위반이라고 보면 억울하지 않겠느냐”며 “특검도 그래서 윤 전 대통령 측 요청이 있었는지를 따져보려고 하는 것”이라고 말했다. 검사장 출신 B 변호사는 “<b>선거</b>비... ,https://n.news.naver.com/mnews/article/032/0003383633?sid=102,"Fri, 18 Jul 2025 06:01:00 +0900"
[Who Is ?] 이재현 CJ그룹 회장,"하지만 2024년 8월 두 회사는 관계를 전격 회복하고 햇반과 비비고, <b>스팸</b> 등 판매를 재개했다. 화장품... 한편 쿠팡은 2025년 6월 대통령 <b>선거</b> 당일에는 주요 택배사와 함께 배송을 하루 중단했다. 이 밖에도 2025년 7월... ",https://www.businesspost.co.kr/BP?command=article_view&num=402380,"Tue, 08 Jul 2025 08:36:00 +0900"
경찰 ‘사이버수사대 해킹 문자’ 내사… “아직 해킹 정황 없어” [세...,[경찰청 제공] [헤럴드경제=이영기 기자] 지난 6·3 대통령 <b>선거</b> 당시 일선 경찰 사이버수사관 등을 겨냥한... 지난 30일 경찰청에 따르면 6·3 대선 당시 경찰 사이버수사대 수사관을 대상으로 <b>스팸</b> 문자를 통한 해킹 시도가... ,https://n.news.naver.com/mnews/article/016/0002495881?sid=102,"Mon, 07 Jul 2025 15:30:00 +0900"
"윤석열 전 대통령의 '비밀 대선캠프' 의혹, 특검으로 이첩된 배경은?",지난해 11월 시민단체는 윤 전 대통령과 그의 배우자인 김건희 여사가 <b>선거</b>관리위원회에 신고하지 않은 비밀... 박 본부장은 추가로 국내 사이버 수사를 담당하는 경찰관에게 <b>스팸</b> 문자가 발송된 사건에 대해서도 해킹... ,https://www.gokorea.kr/news/articleView.html?idxno=831876,"Mon, 07 Jul 2025 15:20:00 +0900"
"警, '尹 비밀 대선캠프' 사건 특검 이첩",경찰은 시민단체가 지난해 11월 윤 전 대통령과 김건희 여사를 공직<b>선거</b>법 위반 혐의 등으로 고발한 사건을... 박 본부장은 최근 경찰 사이버수사 부서에 <b>스팸</b>문자가 대량 발송된 사건과 관련해 “경찰 내부 업무시스템... ,https://www.ajunews.com/view/20250707145800270,"Mon, 07 Jul 2025 15:04:00 +0900"
경찰 &quot;尹 대선비밀캠프 운영 의혹도 특검에 이첩&quot;,시민단체들은 지난해 11월 윤 전 대통령이 <b>선거</b>관리위원회에 신고하지 않은 채 불법 <b>선거</b>사무소를... 전국 경찰의 사이버 수사를 담당하는 경찰관들에게 <b>스팸</b> 문자가 발송된 사건에 대해 박 본부장은 &quot;경찰 업무시스템을... ,https://n.news.naver.com/mnews/article/025/0003453363?sid=102,"Mon, 07 Jul 2025 12:31:00 +0900"
경찰 &quot;윤석열·김건희 사건 특검에 모두 넘겨...세관 마약 사건은 갖고...,경찰청은 제21대 대통령 <b>선거</b> 본투표일인 지난달 3일 직전 전국 사이버수사대 소속 경찰관에게 &quot;사이버 수사대 해킹됐다&quot;는 내용의 <b>스팸</b> 문자와 텔레그램 링크가 전송된 것을 포착했다. 경찰청 사이버테러대응과는... ,https://www.newspim.com/news/view/20250707000536,"Mon, 07 Jul 2025 12:07:00 +0900"
"경찰, '尹비밀캠프' 사건 특검 이첩…'한덕수 고발' 광주경찰로",지난해 11월 시민단체들은 윤 전 대통령이 <b>선거</b>관리위원회에 신고하지 않은 채 불법 <b>선거</b> 사무실을... 박 본부장은 사이버 수사를 담당하는 전국 경찰관들에게 <b>스팸</b> 문자가 발송된 사건과 관련해선 &quot;경찰 업무시스템을... ,https://n.news.naver.com/mnews/article/001/0015491937?sid=102,"Mon, 07 Jul 2025 12:00:00 +0900"
경찰 국수본 &quot;한덕수 공직<b>선거</b>법 위반 사건 광주청 배당&quot;,경찰청 국가수사본부(국수본)는 조국혁신당이 대통령 <b>선거</b>에 출마하기 위해 국무총리직에서 사퇴한 한덕수... 박 본부장은 사이버 수사를 담당하는 전국 경찰관에게 <b>스팸</b> 문자가 발송된 사건과 관련해선 &quot;경찰... ,https://n.news.naver.com/mnews/article/421/0008354499?sid=102,"Mon, 07 Jul 2025 12:00:00 +0900"
"전국 사이버수사관에 <b>스팸</b> 문자...경찰, 입건 전 조사 착수",30일 경찰청에 따르면 제21대 대통령 <b>선거</b> 본투표일인 지난 3일 직전 전국 사이버수사대 소속 경찰관에게 &quot;사이버 수사대 해킹됐다&quot;는 내용의 <b>스팸</b> 문자와 텔레그램 링크가 전송됐다. 서울 서대문구 경찰청 내... ,https://www.newspim.com/news/view/20250630000707,"Mon, 30 Jun 2025 14:05:00 +0900"
대선 前 전국 사이버경찰관에 해킹 시도 문자…경찰 &quot;내사 착수&quot;,지난 6·3 대통령 <b>선거</b> 직전 전국 사이버경찰대 소속 경찰관들에게 해킹을 시도한 것으로 보이는 <b>스팸</b> 문자메시지가 발송돼 경찰이 내사에 착수했다. 경찰청 국가수사본부 사이버테러대응과는 지난 대선 직전 전국... ,https://n.news.naver.com/mnews/article/421/0008341078?sid=102,"Mon, 30 Jun 2025 13:59:00 +0900"
&quot;北 IT인력들 챗GPT로 가짜이력서 생성&quot;…오픈AI 악용사례 차단,"오픈AI는 이를 '엉클 <b>스팸</b>'(Uncle Spam) '스니어 리뷰'(Sneer Review) 등으로 명명했다. 이들은 △미국 국제개발처... 일부 계정은 올해 독일 <b>선거</b> 개입을 목적으로 미국과 NATO 비판 메시지, 독일을 위한 대안(AfD) 정당 지지... ",https://n.news.naver.com/mnews/article/421/0008330931?sid=105,"Wed, 25 Jun 2025 06:20:00 +0900"
"챗GPT, 여론조작 도구로 악용…사람처럼 연기도 했다",연방 <b>선거</b>에 영향을 미치기 위해 독일어로 된 정치적 콘텐츠를 생성하고 유포하기도 했다. 또한... 회사는 <b>스팸</b> 활동에 활용하기도 했다. 업계는 생성형 AI가 단순히 여론을 조작하는 것을 넘어 사이버 공격과 사기... ,https://www.theguru.co.kr/news/article.html?no=88132,"Sun, 15 Jun 2025 07:32:00 +0900"
"한솥도시락, 아동복지시설 혜심원에 도시락 후원",도시락 프랜차이즈 한솥도시락이 대통령 <b>선거</b> 투표일인 지난 6월 3일 아동복지시설 혜심원에 도시락을... 한솥도시락이 제공한 도시락은 ▲치킨마요 ▲참치마요 ▲<b>스팸</b>마요 등 마요 시리즈 3종을 비롯해 ▲ 부대찌개... ,http://www.shinailbo.co.kr/news/articleView.html?idxno=2064233,"Tue, 10 Jun 2025 10:10:00 +0900"
"한솥도시락, 아동복지시설 '혜심원'에 도시락 후원","한솥도시락은 6월 3일 제21대 대통령 <b>선거</b>일에 맞춰 아동복지시설 혜심원에 도시락을 후원했다고 지난 4일... 치킨마요, 참치마요, <b>스팸</b>마요 등 마요 시리즈 3종과 부대찌개, 김치찌개, 시골제육 두부강된장 비빔밥... ",https://www.hinews.co.kr/view.php?ud=202506041812136917204ead0791_48,"Thu, 05 Jun 2025 10:24:00 +0900"
"[생활경제 이슈] 한솥도시락, 아동복지시설 혜심원에 도시락 후원 外",한솥도시락은 대통령 <b>선거</b> 투표일인 6월 3일 아동복지시설 혜심원에 도시락을 후원했다고 4일 밝혔다. 이번... 한솥도시락이 제공한 도시락은 ▲치킨마요 ▲참치마요 ▲<b>스팸</b>마요 등 마요 시리즈 3종을 비롯해... ,http://www.lawissue.co.kr/view.php?ud=202506041812136917204ead0791_12,"Wed, 04 Jun 2025 18:14:00 +0900"
투표소 지정돼 밥 못먹은 아이들…따끈한 도시락 후원한 이 기업,"한솥도시락, 아동복지시설 혜심원에 도시락 후원 한솥도시락은 대통령 <b>선거</b> 투표 당일 아동복지시설... 한솥도시락이 제공한 도시락은 △치킨마요 △참치마요 △<b>스팸</b>마요 등 마요 시리즈 3종을 비롯해 △부대찌개... ",https://n.news.naver.com/mnews/article/022/0004040950?sid=101,"Wed, 04 Jun 2025 18:02:00 +0900"
"이디야, 6월 멤버십고객 맞춤형 혜택…아웃백 '샴페인&amp;화이트와인' 프로...","ⓒ한솥도시락 한솥, 대통령<b>선거</b>일 아동복지시설 후원 한솥도시락은 대통령 <b>선거</b>투표일인 6월3일... 한솥도시락이 제공한 도시락은 △치킨마요 △참치마요 △<b>스팸</b>마요 등 마요시리즈 3종과 △부대찌개 △김치찌개... ",http://www.sisaon.co.kr/news/articleView.html?idxno=171791,"Wed, 04 Jun 2025 16:00:00 +0900"
"한솥도시락, 아동복지시설 혜심원에 도시락 후원",사진=한솥도시락  도시락 프랜차이즈 한솥도시락은 대통령 <b>선거</b> 투표일인 지난 3일 아동복지시설 혜심원에... 한솥도시락이 제공한 도시락은  △치킨마요 △참치마요 △<b>스팸</b>마요 등 마요 시리즈 3종을 비롯해 △부대찌개... ,https://www.pointdaily.co.kr/news/articleView.html?idxno=251077,"Wed, 04 Jun 2025 15:26:00 +0900"
"한솥도시락, 아동복지시설 '혜심원' 도시락 후원",이번 후원은 혜심원이 제21대 대통령 <b>선거</b> 투표소로 지정되며 식당 이용이 제한된 아동들에게 대체 식사를... 한솥이 제공한 도시락은 △치킨마요 △참치마요 △<b>스팸</b>마요 등 마요 시리즈와 △부대찌개 △김치찌개... ,http://www.enewstoday.co.kr/news/articleView.html?idxno=2285608,"Wed, 04 Jun 2025 15:20:00 +0900"
"한솥도시락, 아동복지시설 혜심원에 도시락 후원",ⓒ한솥도시락 국내 대표 도시락 프랜차이즈 한솥도시락은 대통령 <b>선거</b> 투표일인 3일 아동복지시설 혜심원에... 한솥도시락이 제공한 도시락은 ▲치킨마요 ▲참치마요 ▲<b>스팸</b>마요 등 마요 시리즈 3종을 비롯해... ,https://www.ibabynews.com/news/articleView.html?idxno=133070,"Wed, 04 Jun 2025 15:16:00 +0900"
"한솥도시락, 도시락 기부로 아동복지 지원…혜심원에 전달",이번 후원은 혜심원이 제21대 대통령 <b>선거</b> 투표소로 지정되며 식당 이용이 제한된 아동들에게 대체 식사를 지원하기 위해 결정됐다. 한솥도시락이 제공한 도시락은 ▲치킨마요 ▲참치마요 ▲<b>스팸</b>마요 등 마요 시리즈... ,https://www.newsinside.kr/news/articleView.html?idxno=3702843,"Wed, 04 Jun 2025 15:06:00 +0900"
"한솥도시락, 아동복지시설 혜심원에 도시락 후원",사진=한솥도시락 한솥도시락은 대통령 <b>선거</b> 투표일인 6월 3일 아동복지시설 혜심원에 도시락을 후원했다고... 한솥도시락이 제공한 도시락은 ▲치킨마요 ▲참치마요 ▲<b>스팸</b>마요 등 마요 시리즈 3종을 비롯해 ▲ 부대찌개... ,http://www.thefirstmedia.net/news/articleView.html?idxno=172766,"Wed, 04 Jun 2025 14:48:00 +0900"
"유통업계, '환경의 날' 맞아 정화 활동",한솥도시락은 대통령 <b>선거</b> 투표일인 지난 3일 아동복지시설 혜심원에 도시락을 후원했다. 이번 후원은... 한솥도시락이 제공한 도시락은 △치킨마요 △참치마요 △<b>스팸</b>마요까지 마요 시리즈 3종을 비롯해 △부대찌개... ,http://www.newsprime.co.kr/news/article.html?no=691282,"Wed, 04 Jun 2025 13:52:00 +0900"
"한솥도시락, 투표소 된 혜심원에 도시락 후원...복지 공백 메웠다",[사진=한솥도시락]  도시락 프랜차이즈 한솥도시락은 대통령 <b>선거</b> 투표일인 6월 3일 아동복지시설 혜심원에... 한솥도시락이 제공한 도시락은 ▲치킨마요 ▲참치마요 ▲<b>스팸</b>마요 등 마요 시리즈 3종을 비롯해 ▲ 부대찌개... ,https://www.joongangenews.com/news/articleView.html?idxno=424492,"Wed, 04 Jun 2025 10:54:00 +0900"
카카오톡 사전 검열 아냐… 신고 기반 조치 놓고 정치권 공방 확산,"대통령 <b>선거</b>를 이틀 앞두고 카카오톡 사전 검열 논란이 정치권으로 확산되고 있다. 국민의힘 법률자문위원장... 논란 여전… “신고 기반 조치, 절차적 투명성 필요” 한마디로 아동 성범죄, 폭력적 극단주의 콘텐츠, <b>스팸</b>... ",https://n.news.naver.com/mnews/article/018/0006029189?sid=105,"Sun, 01 Jun 2025 16:40:00 +0900"
회송용 봉투서 이재명 찍힌 용지가? 선관위 &quot;자작극 의심&quot; 外,◇ 이익선 : 제21대 대통령<b>선거</b> 사전투표 둘째 날인 오늘도 투표에 참여하는 분들이 많은 것 같아요.... ◆ 김인선 : <b>스팸</b> 문자를 뿌리 뽑기 위한 문자사업자 등록 요건이 강화된다는 소식입니다. 과학기술정보통신부는... ,https://radio.ytn.co.kr/program/?f=2&id=102903&s_mcd=0452&s_hcd=01,"Fri, 30 May 2025 16:30:00 +0900"
<b>선거</b>철마다 반복되는 피싱·악성코드 범죄,<b>선거</b>를 앞두고 피싱·악성코드 유포 등 사이버 위협이 증가할 수 있다는 판단에 따른 것인데요. 과학기술정보통신부도 불법 <b>스팸</b> 근절을 위해 문자 사업자 진입 문턱을 높이고 위반 사업자에 대한 시장 퇴출을... ,http://www.newstomato.com/ReadNews.aspx?no=1263722&inflow=N,"Fri, 30 May 2025 16:10:00 +0900"
회송용 봉투서 이재명 찍힌 용지가? 선관위 &quot;자작극 의심&quot; 外,◇ 이익선 : 제21대 대통령<b>선거</b> 사전투표 둘째 날인 오늘도 투표에 참여하는 분들이 많은 것 같아요.... ◆ 김인선 : <b>스팸</b> 문자를 뿌리 뽑기 위한 문자사업자 등록 요건이 강화된다는 소식입니다. 과학기술정보통신부는... ,https://n.news.naver.com/mnews/article/052/0002199907?sid=100,"Fri, 30 May 2025 15:50:00 +0900"
"[취재수첩] SKT 해킹 후, 새 정부가 해야 하는 고민","이 가운데 서버 해킹, 정보 유출, <b>스팸</b> 문자 및 메일 발송 등 공격이 활개친 것으로 나타났다. 같은 기간... 많은 보안업계 관계자들은 협회 혹은 개인 차원에서 국내에 필요한 보안 정책을 정리해 <b>선거</b>대책위원회(이하... ",https://n.news.naver.com/mnews/article/138/0002197683?sid=105,"Fri, 30 May 2025 13:38:00 +0900"
"[재계는 지금] 네이버 아라비아, 첫 전략사업법인 설립 착수 外","◆웨이브, 제21대 대통령<b>선거</b> 특별관 편성 웨이브는 유권자들의 편리한 정보 접근 지원을 위해 제21대... '번호도용문자 차단 서비스'는 <b>스팸</b>·스미싱 문자에 고객 전화번호가 악용되는 것을 방지해주며, PASS 앱을 통해... ",https://dealsite.co.kr/articles/142235,"Wed, 28 May 2025 15:32:00 +0900"
마지막 남은 유튜브 채널까지 폐쇄당한 구자환 영화감독,"유튜브 커뮤니티 가이드 항목으로는 △<b>스팸</b>·기만 행위 △민감한 콘텐츠 △폭력적이거나 위험한 콘텐츠... 이 작가는 &quot;대중적으로, 정치적으로 선전 선동하는 채널이 아니었다&quot;라면서 &quot;<b>선거</b>에서 떨어진 지역 정치인들... ",https://www.idomin.com/news/articleView.html?idxno=938325,"Tue, 27 May 2025 19:06:00 +0900"
"[뉴공 아카이브]허은아 전 개혁신당 대표, 김용남 전 의원: 보수 정치인...","지난 5월 26일, 더불어민주당 중앙<b>선거</b>대책위원회의황정아 : 이제부터 한 식구로서 <b>선거</b>운동 기간 동안 열심히... <b>스팸</b> 처리된, <b>스팸</b>이라 그래요? 그거 처단, 차단 처리된 것 같고. 그래서 주변 사람 통해서까지 해도.▶김어준... ",http://www.ddanzi.com/845015914,"Tue, 27 May 2025 11:18:00 +0900"
[핀테크핫이슈] 비전 안 보이는 대선 금융공약...소상공인·청년 지원 초...,"대통령 <b>선거</b>전에 뛰어든 주요 후보들의 경제, 금융 정책이 소상공인·청년 지원에 초점을 맞추고 있다.... ⦁ KISA-금감원, 민생침해 금융범죄 목적 <b>스팸</b>문자 차단 강화 두 기관은 지난해 12월 주식 리딩방 등... ",https://www.digitaltoday.co.kr/news/articleView.html?idxno=567844,"Tue, 27 May 2025 07:30:00 +0900"
"<b>선거</b>철 노린 리딩방·대출 문자, 정부가 직접 막는다",이복현 금융감독원장은 &quot;금융사기 <b>스팸</b>은 <b>선거</b>철 이슈까지 악용하며 국민 생활을 직접적으로 위협하고 있다&quot;며 &quot;정부 기관 간 협력을 통해 더욱 신속하고 정밀한 대응 체계를 마련할 것&quot;이라고 밝혔다. 이동연 KISA... ,https://www.epnc.co.kr/news/articleView.html?idxno=317063,"Mon, 26 May 2025 16:00:00 +0900"
&quot;피싱일지 몰라&quot;…`대선 여론조사` 등 돌리는 시민들,대통령 <b>선거</b>를 약 일주일 앞두고 시민들이 때아닌 ‘피싱공포’에 시달리고 있다. 시도 때도 없이 걸려오는... 여론조사 공정의 서요한 대표도 “전화 여론조사가 워낙 많고 <b>스팸</b>·피싱 방지 애플리케이션을 이용한... ,https://n.news.naver.com/mnews/article/018/0006023209?sid=154,"Sun, 25 May 2025 14:32:00 +0900"
"틱톡, 필리핀 <b>선거</b> 앞두고 '여론 조작' 계정 100만 개 삭제","22일 필리핀스타 등에 따르면, 틱톡은 지난 3월 24일부터 필리핀 중간<b>선거</b> 당일인 이달 12일까지 필리핀 사용자를 겨냥한 3개의 ‘비밀 네트워크’를 폐쇄하고 100만 개가 넘는 가짜 계정과 <b>스팸</b> 계정을 삭제했다고... ",https://n.news.naver.com/mnews/article/469/0000866474?sid=104,"Fri, 23 May 2025 19:01:00 +0900"
[김재섭의 뒤집어보기] SK텔레콤 해킹 피해 0건? 가입자는 이미 6차 피해...,문자에 담긴 누리집을 열면 '국민의힘 중앙<b>선거</b>대책위원회 조직총괄본부 시민소통본부 희망교육네트워크... 이동통신 가입자들이 수시로 받는 <b>스팸</b> 전화도 개인정보 유출 피해로 볼 수 있다. 나와 내 휴대전화번호를... ,https://www.businesspost.co.kr/BP?command=article_view&num=396340,"Fri, 23 May 2025 15:40:00 +0900"
[여적] 김문수 교육특보 ‘9000명’,"<b>선거</b>에서 열위인 후보일수록 특보 임명을 남발하는 경향이 있다. 시인 김광균은 낙엽을 ‘폴란드 망명... 처음엔 <b>스팸</b> 문자로 생각했단다. 메시지에는 ‘OOO님 안녕하십니까, 제21대 대선 국민의힘과 함께해주셔서... ",https://n.news.naver.com/mnews/article/032/0003371319?sid=110,"Thu, 22 May 2025 18:12:00 +0900"
"[인터뷰] &quot;20초면 뚝딱…<b>선거</b>판 딥페이크, 삭제 요청만 4천 건&quot;",1 (07:10~09:00) ■ 진행 : 김현정 앵커 ■ 대담 : 정수환 (숭실대 전자정보공학부 교수) 대통령 <b>선거</b> 이제 12일... 그래서 결국은 우리가 <b>스팸</b>을 한번 생각을 해보면 <b>스팸</b> 처음 나올 때 막 굉장히 피해를 많이 입히고 사람들이... ,https://n.news.naver.com/mnews/article/079/0004027120?sid=102,"Thu, 22 May 2025 09:37:00 +0900"
전국 교사에 국민의힘 ‘교육특보 임명’ 문자…개인정보 어떻게 샜나,"<b>스팸</b>메시지로 의심할 수 있는 형태인데, 링크를 누르면 실제로 교육특보 임명장(사진)이 뜬다. 한 교사가 받은... 경기도교육청 소속 장학사 A씨는 “<b>선거</b>를 앞두고 정치적 중립과 관련해 안 그래도 조심스러운데 다들... ",https://n.news.naver.com/mnews/article/032/0003371086?sid=102,"Wed, 21 May 2025 21:32:00 +0900"
"[속보] “내 정보가 어떻게 유출? 교사들 정치에 이용 말라”… 국힘, ‘...",링크를 누르면 나오는 임명장에는 “제21대 대통령<b>선거</b> 국민의힘 중앙<b>선거</b>대책위원회 ○○○본부 ○○○에 임명함”이라는 말과 함께 국민의힘 김문수 대통령 후보의 직인이 찍혀 있다. A씨는 “<b>스팸</b>인줄 알고 눌러보지... ,https://n.news.naver.com/mnews/article/022/0004037354?sid=100,"Wed, 21 May 2025 17:35:00 +0900"
대선 앞두고 국민의힘 '묻지마 임명장'…민주당 전 의원에게도,링크를 누르면 나오는 임명장에는 &quot;제21대 대통령<b>선거</b> 국민의힘 중앙<b>선거</b>대책위원회 ○○○본부 ○○○에 임명함&quot;이라는 말과 함께 국민의힘 김문수 대통령 후보의 직인이 찍혀 있다. A씨는 &quot;<b>스팸</b>인줄 알고 눌러보지... ,https://n.news.naver.com/mnews/article/003/0013256969?sid=102,"Wed, 21 May 2025 16:44:00 +0900"
교사 본인도 모르게 국민의힘 대선 교육특보 임명? &quot;당혹&quot;,김문수 후보 명의로 만든 임명장에는 A씨를 '국민의힘 중앙<b>선거</b>대책위원회 조직총괄본부 시민소통본부 희망교육네트워크 교육특보'로 임명한다고 명시돼 있습니다. A씨는 [제주의소리]와의 통화에서 &quot;처음에는 <b>스팸</b>메일인... ,https://www.jejusori.net/news/articleView.html?idxno=436581,"Wed, 21 May 2025 15:36:00 +0900"
전국 교사·장학사에게 ‘국힘 교육특보 임명’ 문자···개인정보 어떻...,"<b>스팸</b>메시지로 의심할 수 있는 형태인데, 실제 링크를 누르면 교육특보 임명장이 뜬다. 한 교사가 받은... 경기도교육청 소속 장학사 A씨는“<b>선거</b>를 앞두고 정치적 중립과 관련해 안 그래도 조심스러운데 다들 당황해하고... ",https://n.news.naver.com/mnews/article/032/0003370958?sid=102,"Wed, 21 May 2025 15:16:00 +0900"
"[시시비비]<b>스팸</b>, 더 센 놈이 온다",메시지가 오는대로 <b>스팸</b>신고와 삭제를 반복하고 있지만 매번 다른 번호로 보내는 '꾼'들의 작전에 속수무책이다. <b>선거</b>철을 맞아 반복되는 ARS 여론조사 전화는 금융상품 가입을 권유하는 상담원 전화 못지않게 일상을... ,https://n.news.naver.com/mnews/article/277/0005595165?sid=110,"Tue, 20 May 2025 08:59:00 +0900"
<b>선거</b>철마다 무차별 ARS 전화에 시민들 &quot;짜증&quot;,"게다가 일부 <b>선거</b> 문자에는 '가짜 신고 문자'나 상업성 <b>스팸</b> 메시지가 섞여 있어 정보의 진위를 판별하기조차 어렵다. 이에 따라 시민들은 하나하나 메시지를 열어보고 내용을 확인해야 해, 시간 낭비는 물론 심리적... ",http://www.namdonews.com/news/articleView.html?idxno=820232,"Sun, 18 May 2025 18:46:00 +0900"
[집중분석]'서민 김문수'에게 기적이 일어날까?…기적 연출의 필요충분...,"자세한 내용은 중앙<b>선거</b>여론조사심의위원회 홈페이지 참조.) 한국갤럽이 뉴스1 의뢰로 지난 12~13일 이틀간... CJ제일제당은 만두‧<b>스팸</b> 등의 가격을 평균 5~10% 올렸고, 롯데웰푸드는 초콜릿 제품 가격을 평균 9.5% 인상... ",https://www.thepublic.kr/news/articleView.html?idxno=263105,"Sat, 17 May 2025 09:24:00 +0900"
"[기자수첩] 21대 대통령 <b>선거</b>, 가짜뉴스보단 '사이버 위협'에 더 대비해...",부정<b>선거</b>를 공모하는 듯한 조작 음성이 유포돼 유럽연합(EU)이 &quot;딥페이크는 민주주의를 위협하는 수단이 될 수 있다&quot;고 경고하기도 했다 영국 BBC에 따르면 미국 대선 기간 정치 <b>스팸</b> 문자는 3배 증가했고 피싱 사이트는 514... ,https://www.epnc.co.kr/news/articleView.html?idxno=316634,"Fri, 16 May 2025 17:30:00 +0900"
"[재계는 지금] SK그룹, 정보보호혁신특별위원회 신설 外","◆다음, 제21대 대통령 <b>선거</b> 특집 페이지 업데이트 카카오의 콘텐츠CIC가 운영하는 포털 다음(Daum)이 제21대... AI메일보안은 이메일을 통한 <b>스팸</b>메일, 피싱, 랜섬웨어 등 다양한 사이버 공격으로부터 기업의 중요... ",https://dealsite.co.kr/articles/141383,"Wed, 14 May 2025 14:20:00 +0900"
[데일리 Talk] 식품 가격 인상에 서민만 ‘한숨’,"com) 기사입력 2025-05-14 00:02:30 ▲ 김나윤 산업경제부 기자 식품업계가 6월 대통령 <b>선거</b>(대선)를 앞두고 가격... CJ제일제당은 비비고 만두 20여 종과 <b>스팸</b> 가격을 인상했으며, 동원F&amp;B는 냉동만두 15종의 가격을 조정했다.... ",https://m.skyedaily.com/news_view.html?ID=272751,"Wed, 14 May 2025 00:06:00 +0900"
'대선과 물가의 기묘한 관계'···식품 값은 왜 <b>선거</b>철 마다 오를까,"이 외에도 CJ제일제당은 비비고 만두 및 <b>스팸</b> 제품, 동원F&amp;B는 냉동만두 15종, SPC그룹 산하 파리바게뜨·던킨... 바람직하다&quot;며, &quot;<b>선거</b> 운동 기간은 민생에 대한 민감도가 높아지는 시기이기 때문에, 향후 정권을 잡는... ",https://www.smartfn.co.kr/news/articleView.html?idxno=109519,"Tue, 13 May 2025 11:20:00 +0900"
대선 전에 올리자… 식음료업계 가격 인상 ‘릴레이’,"스카이데일리 김나윤기자 = 새 정부서 물가인상 규제 기조 강화 ▲ 식음료업계가 6월 대통령 <b>선거</b>(대선)... CJ제일제당은 비비고 만두 20여종과 <b>스팸</b> 제품 가격을 인상했으며, 동원F&amp;B는 냉동만두 15종 가격을... ",https://m.skyedaily.com/news_view.html?ID=272574,"Mon, 12 May 2025 15:14:00 +0900"
"박수빈 서울시의원…“SKT, 위약금 면제를 넘어 피해보상부터 하라”",중앙<b>선거</b>대책위원회 청년본부 대변인으로 활동 중인 서울시의회 박수빈 의원(강북구 제4<b>선거</b>구)은 지난... 그는 “국민들은 지금 이 순간에도 <b>스팸</b> 범죄와 각종 불안 속에 살아가고 있다”고 경고했다. 끝으로 박수빈... ,https://www.siminilbo.co.kr/news/newsview.php?ncode=1160283530692751,"Mon, 12 May 2025 14:02:00 +0900"
"[뉴공 아카이브]홍사훈 기자· 홍사훈쇼 진행자, 주진우 기자· 주기자라...","◈김용남 : 아니, 그리고 사무총장을 <b>선거</b> 때는 사무총장 명의의 문자 발송이나 특히 당원을 상대로 문자 발송이 많거든요.▷주진우 : 돈을 써야 돼.◈김용남 : 근데 하필 그 모든 문자가 <b>스팸</b> 처리된다는, 왜냐하면 이름에... ",http://www.ddanzi.com/843555705,"Mon, 12 May 2025 12:00:00 +0900"
"박수빈 서울시의원 “SKT, 위약금 면제 넘어 피해보상부터 하라”",더불어민주당 중앙<b>선거</b>대책위원회 청년본부 대변인으로 활동 중인 서울시의회 박수빈 의원(강북구... 그는 “국민들은 지금도 <b>스팸</b> 범죄와 각종 불안 속에 살아가고 있다”고 경고했다. 끝으로 박 의원은 SKT가... ,https://n.news.naver.com/mnews/article/081/0003540440?sid=102,"Mon, 12 May 2025 10:36:00 +0900"
&quot;대선 이후엔 부담&quot;...식음료업계 ‘가격 인상’ 릴레이,"5월 중 가격 추가 인상 가능성도 【 청년일보 】 식음료업계가 6월 대통령 <b>선거</b>(이하 대선)을 앞두고 이달... CJ제일제당은 비비고 만두 20여종과 <b>스팸</b> 제품 가격을 인상했으며, 동원F&amp;B는 냉동만두 15종 가격을... ",https://www.youthdaily.co.kr/news/article.html?no=184693,"Mon, 12 May 2025 08:00:00 +0900"
"최강욱 &quot;'퇴거불응' 김문수, 단일화 절대 안 물러나&quot;[한판승부]","그러면서 <b>선거</b> 때는 왜 그렇게 말씀하셨냐, 김덕수라고 했고. ◇박재홍&gt; 네, 맞아요. 경선 기간 중에.... 주말에 계속 그런 전화가 오면 대개 보면 무슨 이상한 <b>스팸</b> 전화일 가능성이 높거든요. 그래서 안 받고 있다가 전화를... ",https://n.news.naver.com/mnews/article/079/0004021956?sid=100,"Fri, 09 May 2025 07:31:00 +0900"
"조기 대선 앞두고 전화, 문자 폭탄에 괴로워하는 유권자","여기에 문자메시지까지 더해지면 하루에 <b>선거</b> 관련 연락만 10통 이상 씩 받게 돼 일상생활에 지장까지... 전북 지역 한 커뮤니티에선 &quot;여론조사 관련 <b>스팸</b>이 하루에 수십 통씩 온다.&quot;, &quot;여론조사 전화번호를 차단했습니다... ",http://www.jeonmin.co.kr/news/articleView.html?idxno=417422,"Thu, 08 May 2025 17:06:00 +0900"
"“나한테는 왜 전화 안오는거야”...<b>스팸</b>전화 취급받던 여론조사, 대접...",일상 속 여론조사 전화 불편 컸지만 <b>선거</b> 임박 지지자들 전화수신 독려 SNS서 조사업체 번호 목록 공유도 후보 지지율 올리는 핵심수단 인식 “휴대폰에 저장합시다! 다음은 여론조사 기관별 전화번호입니다. 대선 기간... ,https://n.news.naver.com/mnews/article/009/0005487217?sid=102,"Mon, 05 May 2025 15:01:00 +0900"
"[데일리안 오늘뉴스 종합] 이재명 '<b>선거</b>법 위반' 사건 파기환송심, 5월 ...","▲ 이재명 '<b>선거</b>법 위반' 사건 파기환송심, 5월 15일 오후 2시 첫 공판 더불어민주당 이재명 대선 후보의... 악성<b>스팸</b>이 유포될 가능성이 있어 이용자 주의보를 발령했다고 2일 밝혔다. 우선 위 같은 내용을 포함한 문자나... ",https://n.news.naver.com/mnews/article/119/0002952353?sid=100,"Fri, 02 May 2025 21:00:00 +0900"
"무소속 대선 출마한 허은아 &quot;이준석, 제3지대 대표주자 행세는 광팔이&quot;",또 지난 재보궐<b>선거</b>에 나섰던 청년 후보들을 소환하며 &quot;그들이 도전할 수 있는 기회마저 다 버렸다.... 보호해야 할 사람이라고 생각했으나 찾아갔더니 문전박대당하거나 <b>스팸</b>처리했는지 전화받지 않았고 문자에 대한 답도... ,https://www.idaegu.co.kr/news/articleView.html?idxno=508385,"Tue, 29 Apr 2025 21:34:00 +0900"
"인터뷰 전문…김성태 “국힘, 尹 손절하고 부역자 5명 배지 던지면 대선...",▷ 노은지 : 여기 설정해두면 어디서 전화 온 지 뜨니까 <b>스팸</b> 처리돼서. ▶ 조응천 : 네. 그래서 굉장히... 정말 누가 좋아서 찍기보다는 저 사람이 더 싫어서 이 사람을 찍을 수밖에 없었던 그런 <b>선거</b>입니다. ▷ 노은지... ,https://n.news.naver.com/mnews/article/449/0000306362?sid=100,"Tue, 22 Apr 2025 09:23:00 +0900"
시도 때도 없는 여론조사 전화…시민 피로감 유발,사람들이 <b>스팸</b>으로 생각하고 여론조사 참여를 안 하고 있는 상황이다. 전화로 여론조사를 하는 것이 도움이 되지 않을 것 같다&quot;고 말했다. 중앙<b>선거</b>여론조사심의위원회 한 관계자는 &quot;조기 대선을 앞두고 여론조사 빈도가... ,http://www.domin.co.kr/news/articleView.html?idxno=1511349,"Mon, 21 Apr 2025 18:32:00 +0900"
시도때도 없이…시민 짜증 유발하는 여론조사 전화,제21대 대통령 <b>선거</b>를 앞두고 최근 여론조사 전화가 급격히 늘면서 시민들이 불편을 호소하고 있다. 시간대... 당혹스러웠다&quot;며 &quot;처음에는 <b>스팸</b>인 줄 알고 안 받았지만 업무상 모르는 번호도 받아야 해 골치가 아프다&quot;고... ,https://www.idaegu.co.kr/news/articleView.html?idxno=507247,"Sun, 20 Apr 2025 21:34:00 +0900"
&quot;2030은 전화 안 받아요&quot;...저조한 응답률 대안은 웹조사?,"“딸이 중학생인데 엄마 아빠 전화밖에 안 받아요(...) 왜 안 받냐고 했더니 <b>스팸</b>이래요. 지금 같은 전화조사면 응답률 저하, 전화 조사 접촉 거부는 더 많아질 것 같아요.” 중앙<b>선거</b>여론조사심의위... ",https://n.news.naver.com/mnews/article/469/0000860009?sid=100,"Thu, 17 Apr 2025 10:00:00 +0900"
메트로신문 4월 15일자 한줄뉴스,박범계 더불어민주당 중앙<b>선거</b>관리위원장이 14일 오후 서울 여의도 국회에서 열린 제21대 대통령<b>선거</b>... ▲KT가 삼성전자와 협력해 <b>스팸</b>·스미싱 의심 문자에 '악성 문자로 의심'이라는 문구를 표시하는 '악성 문자 주의... ,http://www.metroseoul.co.kr/article/20250414500591,"Tue, 15 Apr 2025 06:02:00 +0900"
[새로운 대한민국을 묻다 11편] 이준석 개혁신당 대선 후보② &quot;과학기술...,과거 재단하는 법조인들 정치판 안 돼&quot; 또한 이 대표는 '좌도 우도 아니고 앞으로'를 <b>선거</b> 캠페인 슬로건으로... 최근에 <b>스팸</b> 앱이나 이런 거 때문에 못 받았다는 분들이 꽤 있다&quot;며 &quot;접근성 측면으로 봐야 하지 다른 의미가... ,https://www.polinews.co.kr/news/articleView.html?idxno=686439,"Sat, 22 Mar 2025 12:22:00 +0900"
[기획] 막바지 탄핵 정국…먹구름 자욱한 '서민경제',공직<b>선거</b>법 위반 사건 2심 이후에야 탄핵 선고가 나오는 것 아니냐는 관측까지 나온다. 정치적 혼란이... CJ제일제당은 이달부터 비비고 만두 20여종과 <b>스팸</b> 가격을 올렸다. 동원F&amp;B도 냉동만두 15종 가격을 인상했다.... ,http://www.m-i.kr/news/articleView.html?idxno=1219301,"Thu, 20 Mar 2025 14:58:00 +0900"
[인문학 칼럼] 정치를 회복해 시민에 희망을,"시민의 자정능력과 견제능력은 지난 대선과 지선(지방<b>선거</b>), 총선에서 잘 보여줬다. 즉, 제19대 대선으로... 대부분이 그저 쪼개고 나누는 비방일색이라 마치 ‘<b>스팸</b>’같아 눈 둘 곳이 없다. 옛 말에 ‘싸우더라도... ",https://n.news.naver.com/mnews/article/658/0000098652?sid=110,"Wed, 26 Feb 2025 20:12:00 +0900"
솔루션 아카이브: 혁신_AI.,"“인공지능의 정치적 편향이 정치와 <b>선거</b>에 잠재적인 영향을 미칠 수 있다”는 대목도 눈길을 끈다.... <b>스팸</b> 메일 분류 등은 ‘최소 위험’ 등급이다. 동명의 단편소설(1956, 필립 K. 딕)을 원작으로 한 영화 (2002... ",https://slownews.kr/111816,"Fri, 21 Feb 2025 10:34:00 +0900"
솔루션 아카이브: 경제_플랫폼.,본인확인제를 적용하면 <b>스팸</b> 등을 줄이면서도 익명성을 유지할 수 있다는 설명이다. 오픈 대화방을... 윤석민이 지적한 것처럼 그동안 제평위에 나름의 역할이 있었다고 본다면 애초에 <b>선거</b>를 앞둔 시점에서... ,https://slownews.kr/111840,"Wed, 19 Feb 2025 19:46:00 +0900"
폴리뉴스 모닝브리핑 02월 15일 토요일,"[이슈] 멈추지않는 尹의 '중국發 정치·<b>선거</b> 개입 의혹'…&quot;자기방어위해 외교파탄... &quot;이제는 전쟁이다&quot;…통신3사, 스미싱·<b>스팸</b>문자 발본색원 나서 https://www.polinews.co.kr/news... ",https://www.polinews.co.kr/news/articleView.html?idxno=681713,"Mon, 17 Feb 2025 09:31:00 +0900"
진화하는 중국의 프로파간다 전략… 배후에 러시아 있나,"또한 이 특징은 러시아가 미국 <b>선거</b>에 영향을 미치려는 노력에서 잘 드러난다고 소부추크는 말했다. 예를... 스패머플라지는 '<b>스팸</b>(spam)'에 위장이란 뜻의 '캐머플라지(camouflage)'를 합성한 신조어로, 대량 <b>스팸</b> 게시물을... ",https://www.newscj.com/news/articleView.html?idxno=3219460,"Mon, 06 Jan 2025 14:50:00 +0900"
[신년 인터뷰] 손현보 목사 “野 입법 독재 나라 망할 판”,아프리카 어느 나라에도 없는 일이 버젓이 자행되고 있다”며 “부정<b>선거</b>에 대해 내가 깊은 본질을 다는 알... 보도 <b>스팸</b> 속에서 중심을 잡아야 한다고 당부했다. 한국 교회가 다시 부흥하고 사회적 책임을 다할 수 있는지... ,https://m.skyedaily.com/news_view.html?ID=258533,"Wed, 01 Jan 2025 18:32:00 +0900"
"[글로벌포커스]&quot;비욘세가 그래미상 뺏긴 격?&quot; 2024 올해의 단어, 동의하...","있지만, <b>스팸</b>과 같은 저급한 콘텐츠가 먼저 중단되지 않는 한 불가능하다&quot;고 짚었다. 이와 함께 옥스퍼드대... '<b>선거</b>의 해'로 불렸던 2024년의 각국 정치 상황을 반영한 올해의 단어도 확인된다. 미국의 사전 출판사... ",https://n.news.naver.com/mnews/article/277/0005524695?sid=104,"Sun, 29 Dec 2024 08:00:00 +0900"
대통령실·공수처 찾은 혁신당 &quot;출석거부한 尹 즉각 체포해야&quot;,"국민을 속여 대통령 <b>선거</b>에서 이겼다&quot;며 &quot;윤석열은 헌법을 파괴했다. 북한을 자극해 전쟁을 일으키려고 했다.... 그는 &quot;현행범인 데다, 증인이 즐비한 내란 사건 피의자가 수사기관 출석 통보를 <b>스팸</b> 문자처럼 대한다.... ",https://n.news.naver.com/mnews/article/079/0003974406?sid=100,"Wed, 25 Dec 2024 15:24:00 +0900"
[2024결산/보안①] 일상 위협한 IP캠·<b>스팸</b>·딥페이크…사이버범죄 전쟁...,"러시아-우크라이나 전쟁은 물론 한국 총선과 미국 대선 등 <b>선거</b> 시즌이 이어지면서, 국가 배후 공격그룹들이... 인터넷프로토콜(IP)카메라를 해킹해 불법 사이트에 영상을 유출하거나, 미끼 문자로 사용자를 낚는 <b>스팸</b>... ",https://n.news.naver.com/mnews/article/138/0002188102?sid=105,"Tue, 17 Dec 2024 09:50:00 +0900"
&quot;與 압박하자&quot;…탄핵 불참 명단 '박제' 웹사이트 등장,국민의힘 의원 108명 중 탄핵소추안 표결에 불참한 105인 의원의 이름과 사진 그리고 <b>선거</b>구가 기록돼 있으며... 심지어 해당 프로그램은 발송된 메시지가 <b>스팸</b>으로 분류되는 것을 피하기 위한 글씨 변환 기능도 갖추고... ,https://n.news.naver.com/mnews/article/003/0012952889?sid=100,"Tue, 10 Dec 2024 11:51:00 +0900"
[발언대] <b>선거</b>철 '<b>스팸</b> 전화·문자' 시민들 불편 가중,총선이 다가오면서 전화나 문자 선거운동 등 '<b>선거스팸</b>'이 폭증하고 있지만 관계기관들이 사실상 수수방관하고 있다는 지적이 나오고 있다. 시민들은 전화번호 수집 방식에 대한 의심을 하면서 출처에 대한 조사나... ,http://www.mdilbo.com/detail/NBZ4Lp/713514,"Mon, 09 Dec 2024 16:36:00 +0900"
"&quot;수익 300% 보장, 종목 추천&quot;…상반기 月 <b>스팸</b>문자 11.6통 역대 최대","휴대전화 음성<b>스팸</b> 수신량은 KT가 1.86통으로 가장 많았고 전반기 대비 0.35통 늘었다. KT측은 <b>선거</b>여론조사 사유라고 설명했다. LG유플러스는 전반기 대비 0.82통 감소한 1.71통, SK텔레콤은 0.04통 줄어든 1.22통이다.... ",https://www.widedaily.com/news/articleView.html?idxno=253247,"Fri, 06 Dec 2024 11:34:00 +0900"
"&quot;수익 300% 보장, 종목 추천&quot;…상반기 月 <b>스팸</b>문자 11.6통 역대 최대","휴대전화 음성<b>스팸</b> 수신량은 KT가 1.86통으로 가장 많았고 전반기 대비 0.35통 늘었다. KT측은 <b>선거</b>여론조사 사유라고 설명했다. LG유플러스는 전반기 대비 0.82통 감소한 1.71통, SK텔레콤은 0.04통 줄어든 1.22통이다.... ",https://n.news.naver.com/mnews/article/003/0012945329?sid=105,"Fri, 06 Dec 2024 10:35:00 +0900"
[연말기획] 주요 이슈와 사건·사고로 살펴본 2024 대한민국 보안시장③,"불법 <b>스팸</b> 문자 3억건, 과기정통부와 이통 3사 나서[보안뉴스 조재호 기자] 거안사위(居安思危), 올해 1월... 아울러 세계 인구의 절반이 넘는 사람들이 투표하는 슈퍼 <b>선거</b>의 해로도 꼽히기도 했다. 인공지능(AI)의... ",http://www.boannews.com/media/view.asp?idx=134812&kind=,"Thu, 05 Dec 2024 15:04:00 +0900"
[연합뉴스 이 시각 헤드라인] - 15:00,회장 <b>선거</b>에 굳이 나서려는 이유가 무엇인가?&quot; 대한체육회장과 대한축구협회장 <b>선거</b>에 나란히 출마... 극성을 부리고 있는 <b>스팸</b> 문자를 받더라도 수신자가 부지불식간에 악성 링크를 클릭해 금융 정보 등을... ,https://n.news.naver.com/mnews/article/001/0015077533?sid=100,"Sun, 01 Dec 2024 15:00:00 +0900"
[오늘의 주요 일정] '백현동 로비스트' 김인섭 상고심 선고,"불법<b>스팸</b> 방지 종합대책 브리핑(11:00 정부서울청사 본관 브리핑실 311호) ▲ 김유미 식약차장, 차관회의... 법정) ▲ '<b>선거</b>법 위반' 김충섭 김천시장 상고심 선고(10:10 대법원 1호 법정) [정책사회] ▲ 행안부... ",https://www.safetimes.co.kr/news/articleView.html?idxno=222111,"Thu, 28 Nov 2024 07:02:00 +0900"
뉴욕주 소비자 보호 강화한다,"마이클 솔라지스(민주·22<b>선거</b>구) 주하원의원은 “차량 비용은 각 가정이 느끼는 가장 큰 경제적 부담 중... 이외에도 호컬 주지사는 ▶<b>스팸</b> 전화 피해를 줄이기 위해, 텔레마케터가 통화 시작 후 30초 이내에 고객의... ",https://news.koreadaily.com/2024/11/26/society/generalsociety/20241126212142887.html,"Wed, 27 Nov 2024 14:22:00 +0900"
이진숙 탄핵 이어 이번엔 '쩐'의 전쟁,'방송장악' 이유로 대대적 삭감 <b>스팸</b>·디지털성범죄 등 예산은 증액 세부내역을 살펴보면 대대적인 삭감이... 방심위원 3인 역시 입장문을 내고 &quot;방송심의는 법정 '민생방파제'로서 주요 핵심직무&quot;라며 &quot;소위원회·<b>선거</b>방... ,https://n.news.naver.com/mnews/article/006/0000127191?sid=100,"Wed, 27 Nov 2024 09:40:00 +0900"
"과방위, '방송장악' '용산' 예산 삭감 총정리","성향 <b>선거</b>방송심의위원 임명 등으로 경상비, 방송심의활동, 통신심의활동 등이 감액됐다. 과방위는 재난관리 지원과 불법<b>스팸</b> 대응 예산은 늘렸다. 방송분야 재난관리 지원 예산은 8억 4100만원에서 12억 5600만원으로... ",https://www.mediaus.co.kr/news/articleView.html?idxno=310666,"Wed, 27 Nov 2024 08:16:00 +0900"
"사이버 공격자들, 실제로 인공지능을 어떻게 악용하나",<b>스팸</b> 네트워크인 벳봇(Bet Bot)은 엑스에서 가짜 계정을 만드는 데 사용할 프로파일 사진을 인공지능으로 만들기도 했습니다.” <b>선거</b>와 관련된 여론 조작 공작이 실질적으로 큰 영향을 발휘하지 못했다는 것도 이번에... ,http://www.boannews.com/media/view.asp?idx=133588&kind=,"Sun, 24 Nov 2024 14:44:00 +0900"
정동영 국회 예산결사심사소위 위원장 “'방송장악 예산-김건희 예산’...,지금 방심위에 시사보도프로의 심의 또는 <b>선거</b>방송심의를 맡길 수 없다는 여러... 불법 <b>스팸</b> 대응 예산 총 23억원을 증액했다”고 강조했다. 방통위는 최근... ,http://www.breaknews.com/1072508,"Thu, 21 Nov 2024 11:42:00 +0900"
보이스피싱 탐지하면 자동 경찰신고...보안 강화된 AI회의록 작성,후후 서비스에서 <b>스팸</b> 번호를 걸러내거나 보이스피싱 탐지에 그치지 않고 경찰 신고를 비롯해 금융사기... 기획재정부의 국민참여재산 포털과 중앙<b>선거</b>관리위원회의 중앙<b>선거</b>방송토론위원회... ,https://n.news.naver.com/mnews/article/092/0002352625?sid=105,"Fri, 15 Nov 2024 10:31:00 +0900"
"AP위성, 주가 급락…거래소 &quot;투자주의 종목&quot;",AP위성이 투자주의종목으로 지정된 사유는 <b>스팸</b>관여 과다 종목이다. AP위성은 전일 기준... 최근 미국 대통령 <b>선거</b>에서 도널드 트럼프 전 대통령이 당선되자 국내 증시에서 우주항공 관련 종목들이 급등했다. 대선... ,http://www.thebigdata.co.kr/view.php?ud=202411130744375997cd1e7f0bdf_23,"Wed, 13 Nov 2024 07:46:00 +0900"
"AP위성, 주가 급락…거래소 &quot;투자주의 종목&quot;",AP위성이 투자주의종목으로 지정된 사유는 <b>스팸</b>관여 과다 종목이다. AP위성은 전일 기준... 최근 미국 대통령 <b>선거</b>에서 도널드 트럼프 전 대통령이 당선되자 국내 증시에서 우주항공 관련 종목들이 급등했다. 대선... ,http://www.thebigdata.co.kr/view.php?ud=202411120757257604cd1e7f0bdf_23,"Tue, 12 Nov 2024 07:58:00 +0900"
머스크 진두지휘 ‘X’가 트럼프 승리의 ‘숨은 공신’,적대적 언론 속에 머스크의 X(엑스)는 이번 <b>선거</b>에서 사실상 언론의 역할을 대신했다. 연합뉴스 2024 미국... ‘좋아요’ ‘게시·공유’ 등 기본 기능에 ‘봇(자동 정보검색프로그램)이 아님’을 밝히게 함으로써 <b>스팸</b>... ,https://m.skyedaily.com/news_view.html?ID=252526,"Mon, 11 Nov 2024 16:22:00 +0900"
대선 여론조사의 허와 실,누군가가 또 다시 ‘<b>선거</b>사기’라며 몽니와 난동을 부리지 않는 한 민주주의에 따라 합법적으로 선출된... 대부분 콜러ID 기능을 갖고 있고 낯선 번호는 <b>스팸</b> 처리하기 때문에 직접 통화는 극히 어렵다. 따라서 많은... ,http://www.koreatimes.com/article/1537480,"Wed, 06 Nov 2024 17:42:00 +0900"
네이버·유튜브 국내외 가리지 않고 돈만 내면 &quot;잘봤어요. 저도 방문해...,"이용하는 <b>스팸</b>성 댓글이 그 예시다. 이같은 AI 댓글은 보는 이의 피로도가 상당하다. 알고리즘에 의해... 더욱이, 총선이나 대통령 <b>선거</b>와 같이 중요한 정치적 입네트 시기에 더욱 위험할 수 있다는 것이 전문가들의... ",https://www.greened.kr/news/articleView.html?idxno=319527,"Tue, 22 Oct 2024 10:19:00 +0900"
[글로벌 AI 리포트] 미 대선 앞두고 '딥페이크 감별' 기술 진화…가짜 A...,"대통령 <b>선거</b>를 앞두고 딥페이크에 대한 우려가 확산되면서, 인공지능(AI)으로 생성된 음성을 감지할 수 있는 프로그램이 속속 개발되고 있다. 미 IT전문매체 엔가젯은 지난 17일(현지시간) 전화 사기 방지 및 <b>스팸</b> 차단... ",https://www.goodkyung.com/news/articleView.html?idxno=248997,"Mon, 21 Oct 2024 06:06:00 +0900"
[특파원 코너] ‘오후 3시14분 영부인 도착’,‘영부인(FLOTUS·First Lady of the United States)은 쿠키 한 상자를 들고 들어왔다… <b>선거</b>가 정말 박빙이네요라고... 하루에도 수십 건씩 ‘<b>스팸</b> 메일’처럼 쏟아지는 백악관 풀 기사를 보면서 권력과 언론의 긴장 관계를 새삼... ,https://n.news.naver.com/mnews/article/005/0001731526?sid=110,"Wed, 16 Oct 2024 00:38:00 +0900"
"끝없는 '여론조사' 전화… 통신3사, 가상번호 넘기고 43억 벌었다",이에 대해 통신사들은 &quot;고지 의무를 충실히 이행한다&quot;며 &quot;통신사 제공 가상번호는 050으로 시작하는데 <b>스팸</b>전화나 <b>선거</b>캠프 자체 전화까지 우리가 제공한 것으로 오해하는 경우가 많다&quot;고 밝혔다. 우편물 또는 이메일... ,https://n.news.naver.com/mnews/article/025/0003391308?sid=102,"Sat, 05 Oct 2024 10:39:00 +0900"
[토마토레터 제510호] 폭증하는 <b>스팸</b> 문자…안 잡나 못 잡나,"자민당 총재<b>선거</b> 직전 후보들 파벌에 호소 토마토Pick! 올해 들어 급증한 <b>스팸</b> 문자에 국민 불편이 커지고 있습니다. 대출, 도박, 투자, 성인 메시지 등 유형도 다양한데요. 최근에는 명절 선물 배송을 가장한 택배 사칭... ",http://www.newstomato.com/ReadNews.aspx?no=1241227&inflow=N,"Fri, 27 Sep 2024 06:02:00 +0900"
"“이란 해커, 트럼프 캠프서 자료 빼내 바이든 측에 보내”",이란 해커들이 도널드 트럼프 미국 공화당 대선 후보 겸 전 대통령의 <b>선거</b>캠프에서 빼낸 자료를 조 바이든... 관계자가 <b>스팸</b>이나 피싱 시도처럼 보이는 공격의 표적이 된 적은 있다”고 설명했다. 미 정보 당국은 최근... ,https://n.news.naver.com/mnews/article/020/0003588008?sid=104,"Fri, 20 Sep 2024 03:01:00 +0900"
"미 “이란 해커, 트럼프 <b>선거</b>캠프 자료 훔쳐 바이든 캠프에 이메일”",이에 대해 해리스 민주당 후보 <b>선거</b>운동본부 대변인은 몇 명의 개인 이메일에 <b>스팸</b>이나 피싱 시도가 있었던 것 외에 <b>선거</b> 사무실에 직접 전송된 자료는 없다고 밝혔습니다.VOA 뉴스*이 기사는 Reuters를 참조했습니다.,https://www.voakorea.com/a/7790315.html,"Thu, 19 Sep 2024 20:39:00 +0900"
"“이란, 트럼프 캠프 자료 훔쳐 바이든 측에 보내”",한 <b>스팸</b>이나 피싱 시도 등은 있었다&quot;고 밝혔습니다. 미국 정보당국은 &quot;불화를 조장하고 미국 <b>선거</b> 결과를 조작하려는 이란의 노력&quot;이라며 바이든 측과의 연관성에 선을 그었습니다. 채널A 뉴스 이솔입니다. 영상편집... ,https://n.news.naver.com/mnews/article/449/0000285903?sid=104,"Thu, 19 Sep 2024 19:33:00 +0900"
"美 &quot;이란 해커, 트럼프 정보 훔쳐 민주당에 전달&quot;",대통령의 <b>선거</b> 캠프에 전달했다는 보도가 나왔다. 로이터통신에 따르면 미 연방수사국(FBI)과 국토안보부... 민주당 측은 “우리 캠프에 전송된 이란 해커들의 자료는 없다”며 “개인 이메일을 표적으로 한 <b>스팸</b>이나 피싱... ,https://n.news.naver.com/mnews/article/119/0002873835?sid=104,"Thu, 19 Sep 2024 18:19:00 +0900"
"러시아, 中 이어 이란까지 美 대선 해킹 가세...공화당 털어",그는 “특정인들이 개인 계정으로 <b>스팸</b> 메일이나 사기성 e메일처럼 보이는 것들을 받았다”면서 “미국 <b>선거</b>에 개입하려는 외국의 불청객들을 가장 강력한 용어로 비난한다”고 밝혔다. 익명의 민주당 대선 캠프... ,https://n.news.naver.com/mnews/article/014/0005242831?sid=104,"Thu, 19 Sep 2024 16:52:00 +0900"
"“이란 해커들, 트럼프 캠프서 자료 빼내 바이든 캠프에 보냈다”",<b>선거</b>에 간섭하려는 모든 시도를 강력히 비난한다”며 “해당 자료를 사용하지 않았다”고 밝혔다. 이어 “우리 캠프에도 해당 자료가 넘어온 적이 있는지는 알지 못한다”며 “(캠프에서 일하는) 몇몇 관계자가 <b>스팸</b>이나... ,https://n.news.naver.com/mnews/article/020/0003587955?sid=104,"Thu, 19 Sep 2024 15:48:00 +0900"
"FBI &quot;이란 해커, 트럼프 자료 해킹해 바이든 캠프에 전송&quot;",또 &quot;몇몇 개인은 <b>스팸</b>이나 피싱 시도처럼 보이는 이메일의 표적이 됐다&quot;며 &quot;우리는 달갑지 않고 용납할 수 없는 악의적 활동을 포함해 미국 <b>선거</b>에 개입하려는 외국에서의 모든 행위를 강력하게 규탄한다&quot;고 경고했다.... ,https://www.asiatoday.co.kr/view.php?key=20240919010010727,"Thu, 19 Sep 2024 15:20:00 +0900"
"&quot;이란 해커, 훔친 '트럼프 정보' 관련 바이든 측에 이메일 보내&quot;",이란 해커들이 미국 공화당 대선 후보인 도널드 트럼프 전 대통령의 <b>선거</b> 캠프에서 훔친 기밀 정보를 조... 다만 캠프는 &quot;일부 개인 이메일을 겨냥한 <b>스팸</b> 또는 피싱 시도는 있었다&quot;고 했다. 모건 핀켈스타인 캠프... ,https://n.news.naver.com/mnews/article/008/0005091111?sid=104,"Thu, 19 Sep 2024 11:48:00 +0900"
"美정보당국 “이란, 트럼프 캠프서 자료 훔쳐 바이든에 보냈다”",이와 관련해 해리스 캠프 대변인은 “우리 캠프에 직접 전송된 자료는 없고 개인 e메일을 표적으로 한 <b>스팸</b>이나 피싱 시도만 있었다”며 “외국 행위자가 미 <b>선거</b>에 간섭하려는 모든 시도를 강력히 비난한다”고... ,https://n.news.naver.com/mnews/article/025/0003387028?sid=104,"Thu, 19 Sep 2024 11:27:00 +0900"
"FBI “이란, 트럼프 캠프서 자료 훔쳐 바이든 측에 보내”",바이든 <b>선거</b> 캠프의 개인들에게 발송된 것으로 드러났습니다. 이와 관련해 카멀라 해리스 캠프 대변인은 성명을 내고 &quot;우리 캠프에 직접 전송된 자료가 있는지 알지 못한다&quot;면서도 &quot;개인 이메일을 표적으로 한 <b>스팸</b>이나... ,https://n.news.naver.com/mnews/article/449/0000285844?sid=104,"Thu, 19 Sep 2024 11:11:00 +0900"
"&quot;이란, 트럼프 <b>선거</b> 캠프서 자료 훔쳐 바이든 측에 보냈다&quot;-미 당국",이란이 오는 11월 미국 대통령 <b>선거</b>에 영향을 미치기 위해 도널드 트럼프 전 대통령의 <b>선거</b> 캠프에서 훔친... 한 <b>스팸</b>이나 피싱 시도 등은 있었다&quot;고 밝혔다. 로이터는 뉴욕 유엔본부 주재 이란 대표부가 논평 요청에... ,https://n.news.naver.com/mnews/article/421/0007794727?sid=104,"Thu, 19 Sep 2024 08:48:00 +0900"
"새우 예수, 아기 트럭? AI <b>스팸</b> 이미지가 당신을 노린다","AI가 생성한 수만개의 쓰레기들이 <b>스팸</b>처럼 떠올라 광고 클릭 수단으로 활용되고, 이미지를 통해 인기를... 계정은 <b>선거</b>를 앞두고 불화를 조장할 수도 있다&quot;고 했다. 페이스북 이용자가 고령화됐다는 점도 문제를... ",https://n.news.naver.com/mnews/article/053/0000045794?sid=105,"Sun, 15 Sep 2024 13:00:00 +0900"
"해리스 vs 트럼프 격돌, 미 대선 TV 토론 승자는?","미국 대통령 <b>선거</b>만큼이나 예측할 수 없는 날씨, 높고 푸른 가을 하늘과 선선한 바람은 어디쯤 오고 있는... ☞선수 297명 목숨 잃었지만… 월드컵 꿈꾸는 팔레스타인 한국에도 없는 <b>스팸</b> ‘고추장맛’… 미국에서 나왔다... ",https://n.news.naver.com/mnews/article/023/0003858729?sid=104,"Sat, 14 Sep 2024 10:01:00 +0900"
법 위의 해외 플랫폼… ‘배째라식 대응’ 더 깊이 파헤쳤어야,"댓글 조작이라는 민주주의 <b>선거</b>의 근간을 파괴하는 범죄에 대처하는 자세는, 당정 갈등을 피하기 위해... 그런데 <b>스팸</b> 문자 사기 체험기인 &lt;’돼지 도살 사기꾼’과의 일주일… 놈은 결코 서두르지 않았다&gt;(8월 31일 자... ",https://n.news.naver.com/mnews/article/023/0003858423?sid=004,"Fri, 13 Sep 2024 00:31:00 +0900"
"새우 예수? AI가 쏟아낸 저질 콘텐츠, 생각보다 심각하다",가디언은 지난 5월 &lt;<b>스팸</b>·쓰레기…슬롭? '좀비 인터넷' 배후에 있는 최신 AI 물결&gt; 보도에서 &quot;<b>스팸</b>과... 계정은 <b>선거</b>를 앞두고 불화를 조장할 수도 있다&quot;고 했다. CNN은 페이스북이 2021년부터 정치·시사 콘텐츠 노출을... ,https://n.news.naver.com/mnews/article/006/0000125947?sid=105,"Wed, 11 Sep 2024 22:50:00 +0900"
"[AP 미디어동향 9월 2주] 시사IN 조사, 신뢰하는 언론 1위 MBC",언론사들이 직원 추석 선물로 가장 많이 선택한 품목은 <b>스팸</b> 선물 세트다. (☞기자협회보) ■ 기타... (MBC <b>선거</b>방송기획단장)씨 모친상 (9/8) 우형준(SBS Biz 기자)씨 모친상 (9/8) 이태현(콘텐츠웨이브 대표이사)씨... ,https://www.apnews.kr/news/articleView.html?idxno=3024417,"Wed, 11 Sep 2024 08:30:00 +0900"
[단독] '여론조사 가상번호 제공' 위법 논란...&quot;처벌조항 없어 제재 불가...,"국내 통신 3사(SK텔레콤, KT, LG유플러스)가 여론조사 기관에 유상으로 휴대전화 가상번호를 제공하면서 공직<b>선거</b>관리법을 위반했다는 주장이 나오고 있기 때문이다. 매년 휴대전화 여론조사 건수와 <b>스팸</b>문자메시지는... ",https://www.ajunews.com/view/20240908140734491,"Mon, 09 Sep 2024 05:00:00 +0900"
여론조사·<b>스팸</b>으로 휴대전화 이용자 피로 '급증'...法도 이통사도 '방치...,아주경제=김성현·윤선훈 기자 minus1@ajunews.com 여론조사 전화와 <b>스팸</b> 메시지의 증가추세가 매년 가파르게... ◆ &quot;문제 알아도 처벌 조항이 없어&quot;...미흡한 법에 여론조사는 급증 8일 <b>선거</b>관리위원회 등에 따르면 통신 3사가... ,https://www.ajunews.com/view/20240908143117525,"Mon, 09 Sep 2024 05:00:00 +0900"
밝고 건강한 서산시 건설을 위한 다양한 활동,"임효진)이 <b>스팸</b> 선물세트를 참여한 가족들에게 선물했다. 또한, 늘벗집밥뷔페식당(대표 김성애)... 의회사무국 신현식 의정팀장이 명절의 관행적 금품,㎏향응 수수 행위, 복무위반행위, 문서보안, 공직<b>선거</b>법과 관련된... ",https://www.joongdo.co.kr/web/view.php?key=20240908010002414,"Sun, 08 Sep 2024 23:08:00 +0900"
"&quot;중 정부 지원 가짜 미 유권자, 수천개 계정으로 미국 사회 분열 조장&quot;",보고서는 이 선전 활동의 배후에는 중국 정부와 연계된 것으로 알려진 '스패무플라주(spamouflage·<b>스팸</b>+위장)'라는 대규모 영향력 네트워크가 있으며 미국 <b>선거</b>에 대한 신뢰를 약화시키려는 의도를 가지고 있다고... ,https://www.asiatoday.co.kr/view.php?key=20240904010002553,"Wed, 04 Sep 2024 13:22:00 +0900"
[테크인트렌드] 딥페이크에 딥보이스·피싱까지 기승…AI 발전 속 짙어지...,"당장 지난 1월 미국 대통령 <b>선거</b> 경선 과정에서 조 바이든 대통령의 목소리를 모방해 &quot;예비 <b>선거</b>에 투표하지... 전체 <b>스팸</b>메일의 49%가 비즈니스 이메일 침해(BEC) 사기와 연관돼 있으며, 이 중 40%는 AI로 생성된 것으로... ",https://www.ajunews.com/view/20240902090039350,"Tue, 03 Sep 2024 06:02:00 +0900"
'딥페이크 공포' 일파만파…업계 파장에 주식시장도 '출렁',"특히 메신저 서비스 회사들의 경우 그동안 <b>스팸</b> 문자 메시지나 유명인을 빙자한 SNS 불법 광고, 피싱 범죄... 이미 올해 초에도 국내는 물론 미국에서도 대통령 <b>선거</b>와 관련해 딥페이크 <b>선거</b> 운동을 규제하기 위한 법안이... ",https://n.news.naver.com/mnews/article/076/0004186550?sid=105,"Wed, 28 Aug 2024 13:44:00 +0900"
"[유통가 레이더] &quot;준법윤리경영으로 쇄신&quot;... 오너 바뀐 남양유업, 컴플...",중앙<b>선거</b>관리위원회 공직자윤리위원장 등을 맡고 있다. 이러한 법조 경력과 전문성을 바탕으로... 또한 오늘 주문하면 내일 배송 받을 수 있는 11번가의 익일배송 서비스 '슈팅배송'을 통해 'CJ제일제당 <b>스팸</b> 11호... ,https://www.greened.kr/news/articleView.html?idxno=318035,"Wed, 28 Aug 2024 10:06:00 +0900"
'유튜브 폐쇄' 고영욱 &quot;없는 규정 나한테만...&quot; 진짜? 관련 규정 살펴보...,"관련한 '<b>스팸</b> 및 기만 행위', 성적인 콘텐츠 및 아동 보호에 관한 '민감함 콘텐츠', 유해성 및 증오심 표현에 대한 '폭력적이거나 위험한 콘텐츠', 총기류 및 특정 상품 판매에 대한 '규제 상품', 의료, <b>선거</b> 등과 관련한... ",https://m.entertain.naver.com/article/445/0000227353,"Fri, 23 Aug 2024 19:10:00 +0900"
"부쩍 늘어난 <b>스팸</b> 문자, 한국인터넷진흥원에서 신고해요!",제보할 수 있는 <b>스팸</b> 광고 유형은 △불법 의약품 △불법 대출 △불법 도박 △성인 △주식 및 투자 △금융 상품 △대리운전 △통신가입 △게임 △오프라인 서비스 광고 △온라인 서비스 광고 △<b>선거</b> △스미싱 의심... ,https://www.korea.kr/news/reporterView.do?newsId=148932383&call_from=naver_news,"Thu, 22 Aug 2024 16:10:00 +0900"
[Who Is ?] 이태용 삼보산업 대표이사,업계에서는 이준석 개혁신당 대표가 2024년 4월11일 제22대 국회의원 <b>선거</b>에서 당선이 확실시되자... 삼보산업은 <b>스팸</b>관여과다 종목으로 지정되면서 투자주의종목이 됐다. 이는 최근 5일 중 2일 이상... ,https://www.businesspost.co.kr/BP?command=article_view&num=362618,"Mon, 19 Aug 2024 08:36:00 +0900"
"[토큰포스트 마감 브리핑] 대한체육회 직원, 동료 월급 빼돌려 비트코인...",앞서 메타는 1분기 실적 발표 당시 6.31억 개 가짜 계정과 4.36억 개 <b>스팸</b> 콘텐츠를 삭제했다고 발표한 바... 대통령 <b>선거</b> 후보인 도널드 트럼프 전 미국 대통령은 최대 500만 달러 상당 이더리움(ETH) 기반 암호화폐를 보유... ,https://www.tokenpost.kr/article-192643,"Fri, 16 Aug 2024 17:02:00 +0900"
"일론 머스크 X 둘러싼 정치편향 우려 현실로, 미국 대선 노골적 개입 일...",중간<b>선거</b> 때부터 AI를 활용한 가짜뉴스로 발생할 수 있는 영향을 막는 데 총력을 기울였다. 반면 일론 머스크는 극단적인 '표현의 자유'를 앞세우며 가짜뉴스를 방치하고 있다. 그러나 해리스를 지지하는 계정을 <b>스팸</b>으... ,https://www.businesspost.co.kr/BP?command=article_view&num=361689,"Thu, 08 Aug 2024 16:06:00 +0900"
"<b>선거</b> 시즌 정치 메시지 <b>스팸</b> 홍수, 대처 방법 있다","<b>선거</b> 자금 후원을 호소하거나, 청원 운동 서명 요청 등 정치와 관련한 여러가지 사안들에 대한 내용이다. LA Times는 이런 정치 메시지 <b>스팸</b>이 홍수를 이루고 있는데 대부분의 사람들이 매우 불편해하고 있다고... ",https://www.radiokorea.com/news/article.php?uid=448472,"Sun, 04 Aug 2024 02:26:00 +0900"
[이법저법] 휴면상태 해제 이메일이 날아오는 이유는 뭔가요?,"일반회원 전환 후에 <b>스팸</b>메일이 많이 날아오는 건 아닐까요? A. 유효기간제 폐지와는 별개로 영리 목적의... 부패‧<b>선거</b> 전담부, 상사‧기업 전담부 등), 서울중앙지방법원, 서울동부지방법원, 서울남부지방법원 등 각급... ",https://www.etoday.co.kr/news/view/2387051,"Sat, 03 Aug 2024 08:00:00 +0900"
[명재곤의 증시산책] 애널리스트와 기자를 믿는가,<b>스팸</b>성 투자권유 메시지가 하루에도 수십 번 딩동거린다. 호기심과 초조감에 리딩방에 가입한 당신이라면... 서학개미는 물론 동학개미들도 아마 오는 미국 대통령 <b>선거</b>일인 11월5일까지 잠 못드는 날이 많을 게다. 도널드... ,https://www.viva100.com/main/view.php?key=20240731010009499,"Wed, 31 Jul 2024 11:04:00 +0900"
"AI 대전환 시대, 사이버 안보 강화 위해 우리에게 필요한 것은?","해킹, <b>스팸</b>, 멀웨어 등 전통적인 위협의 진화부터 피싱, 자동화된 봇 공격, 제로데이 취약점 악용 등 AI 기반... 김승주 교수는 “지금까지 <b>선거</b> 공약으로 사이버 안보를 내세운 적은 없다”며 “이는 사람들이 무관심하기... ",http://www.boannews.com/media/view.asp?idx=131698&kind=,"Tue, 30 Jul 2024 23:04:00 +0900"
"우리바이오, 투자주의종목 지정…거래소 &quot;<b>스팸</b>관여 과다&quot;",우리바이오가 투자주의종목으로 지정된 사유는 <b>스팸</b>관여 과다 종목이다. 우리바이오는 지난 26일 기준... 또 민주당 유권자들은 공화당 유권자보다 더 적극적으로 <b>선거</b>에 참여할 조짐이다. 민주당 유권자의 27%는 바이든... ,http://www.thebigdata.co.kr/view.php?ud=202407290832111075cd1e7f0bdf_23,"Mon, 29 Jul 2024 08:34:00 +0900"
"현대약품, 투자주의종목 지정…거래소 &quot;<b>스팸</b>관여 과다&quot;",현대약품이 투자주의종목으로 지정된 사유는 <b>스팸</b>관여 과다 종목이다. 현대약품은 지난 26일 기준... 대법원의 낙태 금지 결정 5개월 뒤 치러진 2022년 미 상원의원 <b>선거</b>에서 공화당은 민주당 유권자들이 결집하는 바람에... ,http://www.thebigdata.co.kr/view.php?ud=202407290833318808cd1e7f0bdf_23,"Mon, 29 Jul 2024 08:34:00 +0900"
이진숙 &quot;구글·넷플릭스 망사용료 안내···국내 OTT만 비대칭적 손해&quot;,불법<b>스팸</b> 문자 관련 신 의원의 질의에 &quot;그렇게 하겠다&quot;며 &quot;문자중계 업체가 들어올 수 있는 기준이 굉장히... 과거 SNS에서 정치적으로 편향된 게시글에 '좋아요'를 누른 것과 관련해선 &quot;아는 분이라든가 <b>선거</b> 때 도움을... ,https://www.sisajournal-e.com/news/articleView.html?idxno=404497,"Wed, 24 Jul 2024 16:52:00 +0900"
"[현장영상+] 정동영 &quot;MBC 빛과 그림자...이진숙, 그림자 꼭대기&quot;","유일하게 나오는 것은 공직<b>선거</b>법이 나와요. TV 토론할 때 공영방송에 맡긴다는. 따라서 이 부분이 제가... 다음, 불법 <b>스팸</b> 문자인데요. 이게 저도 받아봤는데 5년간 불법 <b>스팸</b> 신고 현황을 받아보니까 2021년도에는 2000만... ",https://n.news.naver.com/mnews/article/052/0002065354?sid=100,"Wed, 24 Jul 2024 12:24:00 +0900"
해리스 부통령 X 계정 팔로우 차단에 정치 검열 의혹 제기[2024美대선],한편 X의 입장을 대변할 위치에 있지 않은 직원들이 <b>선거</b> 관련 계정은 X가 사용 중인 <b>스팸</b>방지 장치에 걸렸을 가능성이 크다고 밝혔다. 이 장치는 새로운 팔로워가 급증한 계정에 대해 <b>스팸</b>활동의 영향으로 판단해... ,https://n.news.naver.com/mnews/article/003/0012684618?sid=104,"Wed, 24 Jul 2024 07:21:00 +0900"
[릴레이 인터뷰] 원희룡 국민의힘 당대표 후보,"또 <b>스팸</b>문자도 더 이상 안 받아도 되도록 노력하겠다. 자영업자와 소상공인, 청년 세대를 울리는 배달비 인상에 대해서도 꼼꼼하게 챙기겠다. 직접 체감되는 변화로 공약을 실천하겠다.” 이번 당대표는 차기 지방<b>선거</b>와... ",http://jmagazine.joins.com/monthly/view/339957,"Mon, 22 Jul 2024 08:46:00 +0900"
"[단독] 이진숙, 대구시장 예비후보 때 미등록 번호 문자로 <b>선거</b>법 위반","이훈기 의원은 &quot;온 국민이 불법<b>스팸</b>문자로 고통받고 있는데, 불법<b>스팸</b>문자를 규제해야 하는 방송통신위원회 위원장 후보자가 본인의 <b>선거</b>를 위해 사실상 불법<b>스팸</b>문자를 보낸 것&quot;이라며 &quot;방통위원장으로서 부적격성은... ",https://n.news.naver.com/mnews/article/006/0000125023?sid=102,"Fri, 19 Jul 2024 15:20:00 +0900"
[국민의힘 당권 주자 릴레이 인터뷰(1)] 원희룡 후보,"또 <b>스팸</b>문자도 더 이상 안 받아도 되도록 노력하겠다. 자영업자와 소상공인, 청년 세대를 울리는 배달비 인상에 대해서도 꼼꼼하게 챙기겠다. 직접 체감되는 변화로 공약을 실천하겠다.” 이번 당대표는 차기 지방<b>선거</b>와... ",http://jmagazine.joins.com/monthly/view/339976,"Thu, 18 Jul 2024 15:26:00 +0900"
원희룡 &quot;단통법·책통법 폐지…선택할 자유 돌려드리겠다&quot;,"주는 <b>스팸</b> 문자까지 돈벌이 수단으로 삼고 있다&quot;고 비판했다. 이어 &quot;도서정가제, 일명 '책통법'도 폐지해야... 모두 함께 미래로 가겠다&quot;며 정책 비전 <b>선거</b>로 <b>선거</b> 전략 전환을 예고한 바 있다. 전날에는 '주 3일 출근제'와... ",https://n.news.naver.com/mnews/article/003/0012657030?sid=100,"Wed, 10 Jul 2024 08:09:00 +0900"
"매경이 전하는 세상의 지식 (매-세-지, 7월 8일)",<b>스팸</b> 음성·문자 건수는 올해 들어 5월까지 1억6862만건(월평균 3372만건)에 달했습니다. 4. 이란 대통령 <b>선거</b>에서 일인자의 최측근을 제치고 ‘개혁파 대통령’인 마수드 페제시키안 후보가 당선되는 이변이 발생했습니다.... ,https://n.news.naver.com/mnews/article/009/0005330924?sid=102,"Mon, 08 Jul 2024 07:01:00 +0900"
"한동훈, 이제는 고민마저도 사치다",대통령 <b>선거</b> 국면에서 다양한 억측과 이런저런 설왕설래가 난무한 바 있다. 윤석열 정부가 공식적으로 출범한... 용산 대통령실이 김건희 여사 명의로 진의가 의심되는 <b>스팸</b>성 문자메시지를 보냈을 때 한동훈은 이걸 결기... ,https://www.newsfreezone.co.kr/news/articleView.html?idxno=579595,"Fri, 05 Jul 2024 22:36:00 +0900"
[경제인사이트] <b>스팸</b>문자 40% 급증‥원인은 무엇,<b>스팸</b>문자는 보통 <b>선거</b> 전후로 늘었다 줄어드는 경향이 있는데요. 올해는 4월 총선이 지난 뒤에도 신고가 늘고 있습니다. ◀ 앵커 ▶ 최근에 늘어난 원인은 어디에 있나요? ◀ 기자 ▶ 한국인터넷진흥원 자체 조사에서는... ,https://n.news.naver.com/mnews/article/214/0001359284?sid=101,"Fri, 05 Jul 2024 17:00:00 +0900"
[뉴스레터K] 원희룡 “민주당 정치 공세에 말리는 게 ‘배신’…국민의...,휴대폰 <b>스팸</b> 문자가 급증한 상황을 언급하면서 국민 스트레스 유발하면서 돈벌이에 몰두하는 통신사 용납할... 대통령 <b>선거</b>를 제가 직접 진두지휘를 해본 사람 아닙니까? 그렇기 때문에 저는 어떻게라는 방법론과 100일... ,https://n.news.naver.com/mnews/article/056/0011754952?sid=100,"Thu, 04 Jul 2024 19:18:00 +0900"
[사사건건] 국민의힘 당권 주자 원희룡,▼원희룡: <b>선거</b>는 참으로 어려운 일입니다. 그래서 지금 야당은 프로 중의 프로들이 하고 있는데요. 예를... ◎송영석: 어제 통신사 <b>스팸</b> 문자 없앨 거라는 메시지도 내셨는데 앞으로 그러면 상대 후보에 대한 어떤 겨냥하는... ,https://n.news.naver.com/mnews/article/056/0011754849?sid=100,"Thu, 04 Jul 2024 16:32:00 +0900"
"[뉴스하이킥] 최형두 &quot;방송장악 국정조사? 민주당, 지금도 법과 원칙 무...","더 중요한 업무는 통신업무, 여러 가지 방송통신으로 인한 특히 통신을 통해서 <b>스팸</b>이나 피싱이라든가 이런... <b>선거</b>에 져서 그렇지만 사실은 참 해도 해도 저는 국회가. ☏ 진행자 &gt; 최 의원님 억울하신 게 아무리 많아도요.... ",https://n.news.naver.com/mnews/article/214/0001358592?sid=100,"Tue, 02 Jul 2024 20:07:00 +0900"
"빠져나갈 구멍 만든 용산 속내…“아는 한 없다, 모른다” [7월2일 뉴스...","- 우리 앞에 이미 온 로봇시대 - 다 쪼개서 판다 - <b>스팸</b>, 갑자기 폭증한 이유 - 초등학교까지 불어닥친 의대... - 강서구청장 보궐<b>선거</b> 참패, 총선 괘멸적 참패에도 바뀌지 않으면, 그 다음엔 또 뭘 더해야 하는 걸까요? 6.... ",https://n.news.naver.com/mnews/article/028/0002696225?sid=102,"Tue, 02 Jul 2024 09:26:00 +0900"
"기후위기 보도, 담당 팀 넘어 뉴스룸국 차원 리더십 있어야",조합장 <b>선거</b>에서도 대부분 지역 정치인들이 당선된다. 기회가 된다면 농협 조합장들의 전직을 전수조사해... 김 가격 인상이 기후변화와 관련돼 있다는 기사나 주식 투자 <b>스팸</b>문자가 폭증한 이유를 짚은 기사와 같은 생활... ,https://n.news.naver.com/mnews/article/028/0002696013?sid=102,"Sun, 30 Jun 2024 19:20:00 +0900"
[세종로의 아침] 반값 <b>선거</b>법을 주목한다,유권자는 다른 지역 후보의 <b>스팸</b>문자를 받지 않을 수 있다. <b>선거</b>비용 보전 기준도 득표율 10% 이상(절반 보전)·15% 이상(전체)에서 5% 이상(절반 보전)·10% 이상(70%)·15% 이상(전체)으로 세분화해 신인의 자금 걱정을 줄여... ,https://n.news.naver.com/mnews/article/081/0003460989?sid=110,"Fri, 28 Jun 2024 05:04:00 +0900"
"[인터뷰] &quot;해킹? 유출? 통신사? <b>스팸</b> 문자 급증, 반드시 수사해야&quot;","통신소비자분과장) <b>스팸</b> 폭탄이 터졌습니다. 여러분, 전문가가 주식 종목 추천해 준다. 걱정돼서 문자... ◇ 김현정&gt; 예를 들면 제가 어디 <b>선거</b>에 나갔어요. 우리 주민들한테 홍보 문자 뿌려야 되면 제가 그걸 일일이 하는 게... ",https://n.news.naver.com/mnews/article/079/0003909338?sid=102,"Wed, 26 Jun 2024 09:30:00 +0900"
[단독]<b>스팸</b> 스트레스… 올해만 1억6800만건,"“국회의원 <b>선거</b> 때문에 <b>스팸</b> 문자메시지가 늘어난 줄 알았는데 아직도 하루에 2, 3통씩 오네요.” 직장인 백모 씨(41)는 “주식 투자나 공공기관 사칭, 대출 권유 등의 <b>스팸</b> 문자가 공해 수준에 가깝게 많이 온다”며... ",https://n.news.naver.com/mnews/article/020/0003572035?sid=102,"Sat, 22 Jun 2024 01:41:00 +0900"
[단독]요즘 <b>스팸</b>문자 왜 이리 많이 오나 했더니…‘개인정보 DB화’ 해커...,"“국회의원 <b>선거</b> 때문에 <b>스팸</b> 문자메시지가 늘어난 줄 알았는데 아직도 하루에 2, 3통씩 오네요.” 직장인 백모 씨(41)는 “주식 투자나 공공기관 사칭, 대출 권유 등의 <b>스팸</b> 문자가 공해 수준에 가깝게 많이 온다”며... ",https://n.news.naver.com/mnews/article/020/0003572003?sid=102,"Fri, 21 Jun 2024 17:03:00 +0900"
대통령실 고위 관계자는 “우크라 무기지원 검토” 왜 말했을까,"- <b>스팸</b>이 된 재난문자 ③ Now and Then : 가족사진(김진호, 2013) ① 차이의 발견 # ‘우크라 무기 지원’ 재검토... 수성구청장 <b>선거</b>, 2024년 총선(수성구갑)에선 낙선했습니다. 대구에서 민주당 활동을 오랫동안 한 것만으로도... ",https://n.news.naver.com/mnews/article/028/0002694748?sid=102,"Fri, 21 Jun 2024 09:20:00 +0900"
[8뉴스 예고] 북러 조약 원문 공개…'군사 동맹' 복원? 등,"투자하라는 <b>스팸</b> 문자, 너무 많이 받게 됩니다. 한 시민단체가 그 원인을 밝혀 달라며 경찰에 수사를 의뢰할 정돈데요. 저희 취재진이 이런 문자 보내주는 업체와 접촉해봤습니다. 4. 원희룡, 국민의힘 당 대표 <b>선거</b> 출마... ",https://n.news.naver.com/mnews/article/055/0001165298?sid=102,"Thu, 20 Jun 2024 19:07:00 +0900"
갑자기 폭증한 '<b>스팸</b>' 문자‥원인은 '해킹',국회의원 <b>선거</b> 때문에 <b>스팸</b> 문자가 많을 걸로 예상은 됐었지만 <b>선거</b>가 끝났는데도 <b>스팸</b>이 계속 많이 오기 때문입니다. 올해 월간 <b>스팸</b> 신고 건수는 1월 3천만 건으로 시작해 5월엔 역대 최대치인 3천830만 건을... ,https://n.news.naver.com/mnews/article/214/0001356065?sid=102,"Thu, 20 Jun 2024 06:56:00 +0900"
"[단독] 폭증한 <b>스팸</b> 문자, 문자 위탁 발송 업체 줄줄이 해킹","국회의원 <b>선거</b> 때문에 <b>스팸</b> 문자 신고가 많을 걸로 예상은 됐었지만, <b>선거</b>가 끝났는데도 <b>스팸</b>이 계속 많이 오기 때문입니다. 올해 월간 <b>스팸</b> 신고 건수는 1월 3천만 건으로 시작해 5월엔 역대 최대치인 3천830만 건을... ",https://n.news.naver.com/mnews/article/214/0001356012?sid=101,"Wed, 19 Jun 2024 20:37:00 +0900"
'옥에 티' 남기며 전반기 마무리한 대전시의회,"박종선 의원 신상발언 논란…&quot;<b>선거</b>운동&quot; 비아냥 송활섭-김민숙 의원, 상임위 배분 문제로 '공방... 보면 <b>스팸</b> 메일처럼 비슷한 내용들&quot;이라고 반박했다. 그러자 김 의원이 다시 신상발언을 요청해 연단에 올라 &quot;시민들이... ",https://n.news.naver.com/mnews/article/629/0000297390?sid=102,"Wed, 19 Jun 2024 17:39:00 +0900"
[황정일 칼럼] 쪽팔리는 국회의원들,"<b>선거</b>용 차량 확성기에서, 띠 두른 후보자의 입에서, 홍보용 팜플릿에서, 대로변 현수막에서, 후보 명함에서, 메일과 핸드폰으로 들어오는 <b>스팸</b>메일에서 지겹고 징그러울 정도로 듣고 보고 한다. 후보들은 이 기간만큼은... ",http://www.hemophilia.co.kr/news/articleView.html?idxno=27577,"Fri, 14 Jun 2024 15:20:00 +0900"
"[김준일의 뉴스공감] 이준석 &quot;김건희 특검? 도이치 OK, 양평은 국정조사...",<b>스팸</b>이 없게 딱 거기 출마하는 후보들이 <b>선거</b>운동기간 14일 동안만 보낼 수 있게 하자는 게 저희 1안이었고 그런데 이거를 또 논의하다 보니까 더 발전시켜 가지고 아예 문자를 개인 후보가 못 보내게 하자. 그렇게 한다는... ,https://news.cpbc.co.kr/article/1157431?division=NAVER,"Wed, 05 Jun 2024 20:56:00 +0900"
머니투데이 오프라인 헤드라인 - 3일자,유럽의회 <b>선거</b> 코앞으로…극우 약진 주목 술에 섞어서 술술…140년만에 美시장 삼킨 닥터페퍼 [산업] 치솟는... 불법 <b>스팸</b>문자 줄어드나…전송자격인증제 시행 임박 [건설 부동산] &quot;안낳고 좁게 살란 건가요&quot; 신생아대출... ,https://n.news.naver.com/mnews/article/008/0005045734?sid=102,"Mon, 03 Jun 2024 04:30:00 +0900"
올해 20억명 투표하는데...GPT로 거짓 유포하는 불량국가들,"오픈AI는 보고서에서 &quot;러시아의 우크라이나 침공, 가자지구 분쟁, 인도 <b>선거</b>, 유럽과 미국의 정치, 중국... 중국의 이익을 대변하는 메시지를 <b>스팸</b>처럼 보이게 만들어 온라인에 유포하는 '스패머플라지'(Spamouflage)에도... ",https://n.news.naver.com/mnews/article/008/0005045262?sid=104,"Fri, 31 May 2024 14:37:00 +0900"
"오픈AI 보고서 “러·중 등, AI 기술로 여론전…활동 차단&quot;",특히 전 세계적으로 주요 <b>선거</b>가 진행되는 상황에서 이 기술이 악용될 수 있는지에 대한 의문을... 보고서는 연구자들이 수년간 추적해온 결과 중국의 <b>스팸</b>메일이나 러시아 정보전인 ‘도플갱어’로부터 이 같은... ,https://n.news.naver.com/mnews/article/011/0004347559?sid=104,"Fri, 31 May 2024 11:24:00 +0900"
"오픈AI 보고서 “러·중 등, AI 기술로 여론전 주도”",특히 전 세계적으로 주요 <b>선거</b>가 진행되는 상황에서 이 기술이 악용될 수 있는지에 대한 의문을 일으켰다고... 보고서는 연구자들이 수년간 추적해온 결과 중국의 <b>스팸</b>메일이나 러시아 정보전인 ‘도플갱어’로부터 이... ,https://n.news.naver.com/mnews/article/016/0002316192?sid=104,"Fri, 31 May 2024 10:46:00 +0900"
"오픈AI, 챗GPT 이용한 허위선전 공작 처음 적발해 공개",그는 자사 기술을 사용해 정치적 콘텐트를 생성한 사례가 많지만 특정 <b>선거</b>나 특정 인물을 공격한 사례는... 중국이 시도한 것으로 보이는 <b>스팸</b> 공작에도 오픈AI 제품을 이용해 프로그램을 해킹하고 소셜 미디어 분석과 현... ,https://n.news.naver.com/mnews/article/003/0012579824?sid=104,"Fri, 31 May 2024 10:30:00 +0900"
"EU, 내달 'AI 사무국' 개소…기술·법률 전문가 140명 투입",교육·고용·인프라·사법·국경통제·<b>선거</b> 등에 사용되는 AI는 고위험으로 분류해 반드시 사람의 감독을... AI를 활용한 게임 플레이나 <b>스팸</b> 필터 등의 앱은 최소 위험으로 규제 대상에서 제외된다. AGI를 개발하는... ,https://n.news.naver.com/mnews/article/421/0007572596?sid=104,"Thu, 30 May 2024 15:47:00 +0900"
"대규모 구글 문서 유출 실수, 검색 순위 알고리즘 '비밀 노출'",사용자 클릭 패턴·의도 분석해 검색 결과에 반영 코로나19·<b>선거</b>·여행 등 특정 분야서 화이트리스트도... 가장 주목해야할 시사점은 구글이 검색 결과를 노출하거나 <b>스팸</b>을 거르기 위해 클릭 기반 사용자 신호를 적극... ,https://www.theguru.co.kr/news/article.html?no=71700,"Wed, 29 May 2024 16:08:00 +0900"
[시사브리핑] 2024년 5월호,스패머플라주(Spamouflage) 광고성 게시물을 뜻하는 영단어 <b>스팸</b>(Spam)과 위장을 뜻하는 영단어 카무플라주... 주요국 <b>선거</b>에 영향력을 행사할 수 있다고 밝혔다. 실제로 과거 사이버 공격이 악성 프로그램을 이용해... ,https://www.chiefexe.com/news/ArticleView.asp?listId=NDIyMHx8bGltaXRfZmFsc2Ug,"Tue, 28 May 2024 09:04:00 +0900"
"미국 현충일 ‘메모리얼데이’…트럼프 야유 속 자유당 전당대회, 바이...","또는 <b>스팸</b>'이었습니다. 당시 사이아브라는 트위터 프로필의 13.7%를 가짜로 추정했습니다.진행자) 큰 <b>선거</b>가 있으면 이런 소셜미디어 플랫폼에 대해서도 당국이 감시를 하죠? 기자) 네, X 같은 소셜미디어 플랫폼들은 2016년... ",https://www.voakorea.com/a/7628605.html,"Tue, 28 May 2024 02:07:00 +0900"
기관투자자 사칭 투자금 편취 기승,"이 과정에서 ‘국회의원 <b>선거</b> 협력 운용사’ 또는 ‘금융시장 밸류업 프로그램 책임 운용사’라는 허위... 금감원은 SNS나 <b>스팸</b> 문자메시지에 포함된 인터넷 사이트는 피싱 사이트일 가능성이 높기에 들어가지 말고, 사칭... ",https://n.news.naver.com/mnews/article/662/0000044354?sid=101,"Sat, 25 May 2024 15:01:00 +0900"
"천하람 &quot;윤, 탄핵보다 임기 단축…제7공화국 열어달라&quot;","또 <b>스팸</b> 처리가 되고 모바일 투표 문자가 좀 이런 것들이 있었나 봐요. 그래서 이의 제기를 이기인 최고가 좀... 이렇게 해서, 막 부정<b>선거</b>다 이렇게 안 하고 ◇박지훈: 그 정도로 얘기하지는 않았고? ◆천하람: 네네 ◇박지훈... ",http://www.newstomato.com/ReadNews.aspx?no=1231053&inflow=N,"Fri, 24 May 2024 11:12:00 +0900"
"&quot;앞으론 'AI'가 만든 건지 명시해야···&quot; EU선 첫 'AI법' 승인, 서울선...","의료, 교육, <b>선거</b>, 자율주행, 핵심인프라 등에 사용되는 고위험군 AI를 어떻게 규제해야할까, AI의 위험과... 스스로 <b>스팸</b>필터를 설치하는 등 범죄에 대응하는 자세를 갖춰야한다&quot;고도 했다. 조준희 한국소프트웨어... ",http://www.hellodd.com/news/articleView.html?idxno=104227,"Thu, 23 May 2024 18:26:00 +0900"
AI워싱 성행에 美 “무늬만 AI 기업 잡아라”,미국과 한국 등 굵직한 <b>선거</b>를 앞두고 이런 점이 곳곳에서 지적됐고 실제 많은 사람들이 가짜 뉴스를... 반면 <b>스팸</b> 정보 및 비식별 정보의 경우 상대적으로 낮은 위험도의 서비스로 분류돼 약한 규제를 받게 된다. 특히... ,https://n.news.naver.com/mnews/article/009/0005307297?sid=004,"Wed, 22 May 2024 17:50:00 +0900"
"금융당국 &quot;피싱 사이트 이용 불법 금융투자 기승, 사기 주의보&quot;",이 과정에서 '국회의원 <b>선거</b> 협력 운용사' 및 정부가 지정한 '금융시장 밸류업 프로그램 책임운용사'라는... 사기 피해를 막기 위해서는 SNS나 <b>스팸</b> 문자에 포함된 인터넷 사이트는 클릭하지 말고 사칭 사이트로 의심시... ,https://www.newspim.com/news/view/20240522000655,"Wed, 22 May 2024 15:07:00 +0900"
곧 상장한다더니 '잠적'… 투자자 현혹하는 '피싱 사이트' 기승 주의보,있는 <b>스팸</b> 문자를 수신하고 갑사 홈페이지에 입장했다. A씨가 홈페이지 하단에 있는 공모신청 서식을 통해... 이 과정에서 '국회의원 <b>선거</b> 협력 운용사'나 정부 지정 '금융시장 밸류업 프로그램 책임운용사'라는 허위... ,https://www.ajunews.com/view/20240522112942220,"Wed, 22 May 2024 12:32:00 +0900"
"기관전용 사모펀드 등 피싱 사이트 금융투자 사기 성행에 금감원, 소비...","<b>선거</b> 협력 운용사 혹은 정부가 지정한 금융시장 밸류업 프로그램 책임운용사라는 등 허위 사실로 투자자를 현혹한 사례도 나타났다. 상장 예정회사, 비상장 주식 거래 플랫폼사 등을 사칭하는 불법업자들은 <b>스팸</b>문자나... ",https://www.etoday.co.kr/news/view/2362268,"Wed, 22 May 2024 12:02:00 +0900"
기관투자자 사칭 투자금 편취 기승…피싱사이트 주의보,아울러 자금 모집 과정에서 '국회의원 <b>선거</b> 협력 운용사' 및 '금융시장 밸류업 프로그램 책임 운용사'라는... 이어 발견된 피싱 사이트는 한국인터넷진흥원에 신속히 차단 의뢰해 현재 접속이 차단된 상태라며 SNS나 <b>스팸</b>... ,https://n.news.naver.com/mnews/article/374/0000384654?sid=101,"Wed, 22 May 2024 12:01:00 +0900"
‘기관 전문 사모펀드·상장회사’ 사칭 금융사기…소비자 경보 발령,이 과정에서는 ‘국회의원 <b>선거</b> 협력 운용사’ 또는 ‘정부가 지정한 금융시장 밸류업 프로그램... 이들은 가짜 사이트로 유인하기 위해 사이트 링크가 포함된 <b>스팸</b> 문자나 SNS 메시지를 무차별적으로 대량 발송하며... ,https://n.news.naver.com/mnews/article/056/0011725931?sid=101,"Wed, 22 May 2024 12:00:00 +0900"
&quot;공모주 싸게 판다고 했는데&quot;…불법 금융 사기에 두 번 우는 투자자,"있는 <b>스팸</b>문자를 받았다. 홈페이지에서 공모신청 서식을 통해 G사 주식 공모를 신청하자, S사 직원(사칭)... 이 과정에서 '국회의원 <b>선거</b> 협력 운용사' 또는 '금융시장 밸류업 프로그램 책임운용사'라는 허위 사실도... ",https://n.news.naver.com/mnews/article/421/0007554793?sid=101,"Wed, 22 May 2024 12:00:00 +0900"
‘밸류업·공모주’로 현혹…피싱 사이트 투자사기 ‘소비자 경보’,있는 <b>스팸</b>문자를 수신하고 링크를 클릭해 C사 홈페이지(가짜)에 접속했다. B씨가 홈페이지 하단에 있는... 이 과정에서 ‘국회의원 <b>선거</b> 협력 운용사’ 및 정부가 지정한 ‘금융시장 밸류업 프로그램 책임운용사’라는... ,https://www.ebn.co.kr/news/view/1623654/?sc=Naver,"Wed, 22 May 2024 12:00:00 +0900"
기관전용 사모펀드 운용사 피싱사이트 기승…소비자 경보,이 과정에서 '국회의원 <b>선거</b> 협력 운용사' 및 정부가 지정한 '금융시장 밸류업 프로그램 책임운용사'라는... 이들은 가짜 사이트로 유인하기 위해 사이트 링크가 포함된 <b>스팸</b>문자나 SNS 메시지를 무차별적으로 대량 발송하고... ,https://n.news.naver.com/mnews/article/119/0002832267?sid=101,"Wed, 22 May 2024 12:00:00 +0900"
EU “의료·교육·<b>선거</b> AI 활용땐 반드시 감독”,"의료·교육·시험 채점·채용·<b>선거</b>·핵심 인프라·이민 및 국경 통제·자율주행 등에 사용되는 AI는... AI 지원 비디오게임, <b>스팸</b> 필터 등의 앱이 여기에 포함된다. 이번 EU의 AI법 마련으로 다른 나라의 AI 규제 모델 구축... ",https://n.news.naver.com/mnews/article/021/0002638665?sid=105,"Wed, 22 May 2024 11:49:00 +0900"
"[춘하추동]내 친구, 프라밧을 기억하며","<b>스팸</b>이나 광고겠지 하면서 클릭했는데 뜻밖의 소식을 들었다. 나의 동료이자, 친구인 프라밧이 사망했다는... 의사파업이라는 의료대란이 있었음에도 이번 <b>선거</b>에서 보건의료문제는 중요한 쟁점이 되지 못했다. 그동안의... ",https://www.joongdo.co.kr/web/view.php?key=20240514010003837,"Tue, 21 May 2024 17:38:00 +0900"
‘알고도 뚫린’ 사법부 해킹 전말,"그러나 비슷한 시기 <b>선거</b>관리위원회 해킹 사고 등이 터지면서 국정원의 지원을 받는 데도 한계가 있었던... 무너진 모래성 법원행정처는 “유출된 개인정보를 이용한 명의도용, 보이스피싱, <b>스팸</b>메일 전송 등 혹시 모를... ",https://www.ilyosisa.co.kr/news/article.html?no=243596,"Mon, 20 May 2024 13:08:00 +0900"
Weekly Security Premium Report 제150호 발간! 피부로 느끼는 해킹 위협,또한 올해 10월 <b>선거</b>를 앞둔 브라질에서 유권자의 개인정보 수백만건이 유출돼 판매중이라는 소식도 전했다. 에서는 한국인터넷진흥원 <b>스팸</b>대응센터를 사칭한 피싱 메일이 유포됐다는 소식과 토스증권을 사칭해... ,http://www.boannews.com/media/view.asp?idx=129704&kind=,"Fri, 10 May 2024 16:42:00 +0900"
"[생활경제 이슈] 한솥도시락, 혜심원 어린이날 기념 행사에 도시락 140개...","지난 4월에는 혜심원 식당이 제22대 국회의원<b>선거</b> 투표소로 지정되면서 <b>선거</b>일 전날 저녁 식사로 한솥 치킨마요, 참치마요, <b>스팸</b>마요, 빅치킨마요 등 주요 도시락 120개를 후원하기도 했다. ◆‘타이거 라들러... ",http://www.lawissue.co.kr/view.php?ud=202405072100554355204ead0791_12,"Tue, 07 May 2024 21:04:00 +0900"
"한솥, 혜심원 어린이날 행사에 도시락 후원",간편하게 취식할 수 있는 △치킨마요 △참치마요 △<b>스팸</b>마요 △빅치킨마요 등 마요 시리즈와 △묵은지... 지난 4월 혜심원 식당이 제22대 국회의원<b>선거</b> 투표소로 지정되자 한솥도시락이 <b>선거</b>일 전날 저녁 식사로 도시락... ,http://www.newsprime.co.kr/news/article.html?no=638576,"Tue, 07 May 2024 13:20:00 +0900"
"&quot;러·중·이란, 美 대학가 갈등 증폭시키기 위해 온라인 캠페인 전개&quot;",중국도 스패머플라지(Spamouflage)를 통해 미국 <b>선거</b>를 방해하기 위한 사이버 여론 조작에 나섰다. 스패머플라지는 <b>스팸</b>(spam·광고성 게시물)과 캐머플라지(camouflage·위장)을 합친 합성어다. 중국 공안부는 X에 '미국이... ,https://n.news.naver.com/mnews/article/003/0012527144?sid=104,"Fri, 03 May 2024 11:06:00 +0900"
[윤재우의 뉴미디어] &quot;미래는 연결·네트워크가 권력&quot;…'제7의 감각' 필...,"구성원 1인이 10곳에 공유 확산하는 것은 주위를 귀찮게 하는 <b>스팸</b>이지만, 구성원 10인이 각자 1곳에 공유... #본 기고는 온라인 뉴미디어 전략서 '비대면<b>선거</b>의 제왕'(2021년 10월 출간)에서 <b>선거</b> 관련 내용과 사례를... ",https://www.newsworks.co.kr/news/articleView.html?idxno=751493,"Mon, 29 Apr 2024 15:56:00 +0900"
"[총선 여론조사 심층 검증] 사전투표, 당일 무응답 분석 실패…동작을 ...","6곳 모두 <b>스팸</b>으로 신고돼 있었는데, 200번 가까이 된 곳도 있었다. 조사가 제대로 될 리 만무다. 중앙<b>선거</b>여론조사심의위원장을 지낸 김영원 숙명여대 교수는 “휴대전화 가상번호 조사보다 더 좋은 방법은 없다”... ",https://n.news.naver.com/mnews/article/353/0000047810?sid=102,"Sat, 20 Apr 2024 00:58:00 +0900"
"넥스트아이, 주가 급락…거래소 &quot;투자주의&quot;",넥스트아이가 투자주의종목으로 지정된 사유는 <b>스팸</b>관여 과다 종목이다. 넥스트아이는 지난 18일 기준... 2021년 서울시장 보궐<b>선거</b>에서는 뉴미디어본부장으로서 오세훈 후보를 도왔다. '역차별론'을 제기하며 2030... ,http://www.thebigdata.co.kr/view.php?ud=202404190717383623cd1e7f0bdf_23,"Fri, 19 Apr 2024 07:18:00 +0900"
"넥스트아이, 주가 급등…거래소는 &quot;투자주의 종목&quot;",2021년 서울시장 보궐<b>선거</b>에서는 뉴미디어본부장으로서 오세훈 후보를 도왔다. '역차별론'을 제기하며 2030... 넥스트아이가 투자주의종목으로 지정된 사유는 <b>스팸</b>관여 과다 종목이다. 에스피소프트는 지난 17일 기준... ,http://www.thebigdata.co.kr/view.php?ud=202404180458167576cd1e7f0bdf_23,"Thu, 18 Apr 2024 05:00:00 +0900"
"[윤재우의 뉴미디어] 플러스섬의 방향성…협력·경쟁, 차별화된 통찰력","정상적인 국민들은 편가르기 팬덤의 부산물로 인식된 콘텐츠들을 <b>스팸</b>으로 인식, 보려고조차 하지 않음을... #본 기고는 온라인 뉴미디어 전략서 '비대면<b>선거</b>의 제왕'(2021년 10월 출간)에서 <b>선거</b> 관련 내용과 사례를 효율적... ",http://www.newsworks.co.kr/news/articleView.html?idxno=749936,"Mon, 15 Apr 2024 10:46:00 +0900"
[신조어 사전] 스패머플라지,대량 <b>스팸</b> 게시물을 통해 가짜 정보를 확산시키는 수법을 뜻한다. 올해는 우리나라를 비롯해 세계 50여 개국에서 <b>선거</b>가 치러진다. 이에 사이버 공간에는 조작된 정보를 흘려 <b>선거</b>를 방해하는 일들이 부쩍 늘고 있다.... ,https://n.news.naver.com/mnews/article/011/0004327515?sid=102,"Sun, 14 Apr 2024 18:04:00 +0900"
[편집국에서] 아이들 눈에 비친 총선,"또, 후보 캠프나 정당에서 발송하는 문자메시지는 중요한 <b>선거</b> 정보임에도 귀찮은 <b>스팸</b>으로 바라보는 게 일상이 됐다. <b>선거</b>를 바라보는 관점부터 미래 유권자인 아이들과 소프트 꼰대(주로 40대 이상에서 출몰한다는 유형)... ",https://www.idomin.com/news/articleView.html?idxno=908721,"Thu, 11 Apr 2024 01:28:00 +0900"
“휴일인데 아침부터 전화 20통!” 이 정도면 ‘<b>선거</b> 고문’ 아냐?,<b>스팸</b> 식의 과도한 <b>선거</b> 홍보 전화가 오히려 유권자들의 정치 관심을 떨어뜨린다는 지적이다. 쏟아지는 <b>선거</b> 홍보 전화의 가장 큰 원인 중 하나는 여론조사다. 투표일 일주일 전부터 여론조사 공표는 금지돼 있다. 하지만... ,https://n.news.naver.com/mnews/article/016/0002293000?sid=105,"Wed, 10 Apr 2024 14:52:00 +0900"
“하루 7통 왔어요” “구로 사는데 웬 부천 후보냐고요”[생각나눔],"김씨는 “<b>스팸</b>을 걸러 주는 전화 애플리케이션에 ‘<b>선거</b> 유세’라는 알림이 뜨면 전화를 받지 않았더니, 일반 지역 번호나 휴대전화 번호로 전화가 온다”며 “거래처 전화인지, 유세 전화인지 구분이 안 되니 차단할... ",https://n.news.naver.com/mnews/article/081/0003442907?sid=102,"Tue, 09 Apr 2024 05:03:00 +0900"
쏟아지는 유세 전화·문자에 시민 불편 가중,"직장인 정모(39)씨는 최근 <b>선거</b> 전화번호 몇 개를 <b>스팸</b> 등록했지만, 다른 후보가 다른 번호로 전화를 걸어오는 통에 전화 차단을 포기했다고 말했다. 정씨는 &quot;정치인인 지인에게도 <b>선거</b> 막판이 되자 노골적으로 정당이나... ",http://www.ujeil.com/news/articleView.html?idxno=345432,"Mon, 08 Apr 2024 23:06:00 +0900"
여론조사 덤핑공세에…<b>선거</b> '전화폭탄' 몸살,"경기도 지역구의 한 후보는 ‘031’ 일반 번호가 <b>스팸</b>으로 신고되자, <b>선거</b>운동원을 동원해 ‘010’ 휴대폰 번호로 전화를 걸고 있다. 상황이 이 정도다 보니 통신사별 여론조사 연락을 완전히 차단하는 방법이 온라인에... ",https://n.news.naver.com/mnews/article/015/0004970273?sid=102,"Mon, 08 Apr 2024 18:54:00 +0900"
“한 표 부탁” 총선 막판 쏟아지는 전화·문자 폭탄… “업무 방해” ...,"김씨는 “<b>스팸</b>을 걸러주는 전화 애플리케이션에서 ‘<b>선거</b> 유세’라는 알림이 뜨면 전화를 받지 않았더니, 요즘에는 일반 지역 번호나 휴대전화 번호로 전화가 온다”며 “거래처 전화인지, 유세 전화인지 구분이 안... ",https://n.news.naver.com/mnews/article/081/0003442821?sid=102,"Mon, 08 Apr 2024 17:03:00 +0900"
"미국 주 의회들의 잇단 제정 움직임··· AI 규제 환경, 이미 복잡해졌...","마다비에 따르면 AI를 개발하고 사용하는 기업은 <b>스팸</b> 필터링과 같은 간단한 자동화 도구를 배포할 때에도... 이 법안은 또한 AI가 생성한 기만적인 <b>선거</b> 자료의 배포를 금지하고, 합성 미디어 콘텐츠를 사용하는... ",https://www.ciokorea.com/news/332582,"Mon, 08 Apr 2024 16:10:00 +0900"
&quot;시도 때도 없이 <b>선거</b>전화&quot;…유권자 정치 피로도 '극심',여론조사 공표는 지난 4일 금지됐지만 자체적인 여론조사는 진행할 수 있어 유권자들은 후보자 측 홍보 연락까지 각종 <b>스팸</b> 전화에 몸살을 앓고 있다. 끊임없는 <b>선거</b> 연락에 시달리는 유권자들은 오히려 정치 혐오감이 더... ,https://n.news.naver.com/mnews/article/018/0005710045?sid=165,"Mon, 08 Apr 2024 14:44:00 +0900"
[정태철 칼럼] 디지털 디톡스 시대①: 우리는 소셜미디어와 휴대폰의 노...,"올해 <b>선거</b>가 있는 인도, 한국, 미국을 향해 중국에 유리한 AI콘텐츠를 증폭시킬 거라는 내용이 들어 있다고 한다. 이 보고서는 중국, 러시아, 북한 등의 조작된 온라인 광고성 메시지를 '<b>스팸</b>머플라지'라고 불렀다. 이는... ",http://www.civicnews.com/news/articleView.html?idxno=36644,"Mon, 08 Apr 2024 11:04:00 +0900"
"[비바100] 갈수록 발전하는 유·무선 불법 <b>스팸</b>, AI로 피해 '원천 차단'","KT는 현재 국내 최대 규모인 30명 규모의 <b>스팸</b> 전담팀을 운영하며 <b>선거</b>, 광고 표기 준수 등 정상 문자와 불법 <b>스팸</b>을 분류하고, <b>스팸</b> 전송자의 이용 계정, 발신 번호를 제한하는 일을 수행하고 있다. KT 관계자는 “AI... ",https://www.viva100.com/main/view.php?key=20240407010001779,"Mon, 08 Apr 2024 07:02:00 +0900"
햄 브랜드 ‘<b>스팸</b>’ 왜 쏟아지는 광고 대명사가 됐나,마이크로소프트는 최근 중국·러시아 등이 각국 <b>선거</b>를 방해하려 사이버 여론 조작에 나섰다고 경고하며 이런 행위를 <b>스팸</b>(spam·광고성 게시물)과 캐머플라지(camouflage·위장)를 합친 ‘스패머플라지(spamouflage)’라고... ,https://n.news.naver.com/mnews/article/023/0003827036?sid=104,"Mon, 08 Apr 2024 04:17:00 +0900"
"‘스패머플라지’ 앞세운 중국, 최고 사이버 위협국 떠올라","광고성 온라인 게시물을 뜻하는 ‘<b>스팸</b>(spam)’에 위장이란 뜻의 ‘캐머플라지(camouflage)’를 합성한 말로, 대량 <b>스팸</b> 게시물을 통해 가짜 정보를 위장하는 수법을 뜻한다. 2016년 미국 대통령 <b>선거</b> 당시 러시아... ",https://n.news.naver.com/mnews/article/023/0003827016?sid=104,"Mon, 08 Apr 2024 03:29:00 +0900"
[언중언] 여론조사 공표 금지 기간,이를 <b>스팸</b>으로 인식한다거나 여론조사를 설계한 사람의 의도에 맞춰서 여론이 형성된다는 지적도 제기됐다. ▼각 정당이나 후보들이 지지자들에게 적극적으로 투표를 독려하고 있다. <b>선거</b> 결과는 여론조사로 이뤄지는 게... ,https://n.news.naver.com/mnews/article/087/0001036729?sid=110,"Mon, 08 Apr 2024 00:01:00 +0900"
[사설] <b>선거</b> 불신과 외부 개입 막을 대책 시급하다,느끼고 <b>스팸</b>으로 인식해 적극적으로 조사에 임하지 않는다&quot;고 했다. 또 &quot;여론조사 수치로 도배된 정치가 민주주의를 왜곡하고 특정 세력 근거로 사용하기 위한 목적으로 실시된다&quot;고 직격했다.중국과 북한의 <b>선거</b> 개입... ,https://www.asiatoday.co.kr/view.php?key=20240407010003929,"Sun, 07 Apr 2024 17:42:00 +0900"
"[4·10총선] 사전투표 이틀째…주말도 쏟아지는 <b>선거</b> 홍보 전화·문자, ...",이외에 타 후보자들도 수백 건 <b>스팸</b> 신고가 돼 있었다. 공직<b>선거</b>법상 후보자는 공식 <b>선거</b>운동 기간에는 오전 6시부터 오후 11시까지 전화로 후보자 홍보 유세를 할 수 있다. 또 문자 유세 경우 시간이나 수신 횟수 등이... ,https://www.incheonilbo.com/news/articleView.html?idxno=1243554,"Sat, 06 Apr 2024 18:08:00 +0900"
"&quot;<b>선거</b>철 여론조사, 오히려 정치 불신 불러와&quot;",정치<b>선거</b> 여론조사에 대한 20~50대 수용자 25명의 경험과 인식을 표적 집단심층 인터뷰 방식으로 탐색했다.그 결과 전반적으로 응답자들은 여론조사 참여 전화에 대한 피로도가 높고 이를 <b>스팸</b>으로 인식하는 것으로... ,https://www.viva100.com/main/view.php?key=20240406010002108,"Sat, 06 Apr 2024 14:02:00 +0900"
주말에도 <b>선거</b> 홍보 문자·전화...&quot;적당히 좀&quot;,직장인 박모(43)씨는 <b>선거</b> 전화번호 몇 개를 <b>스팸</b> 등록했는데도 다른 후보가 다른 번호로 전화를 걸어오자 차단을 포기했다고 말했다. 박씨는 &quot;정치인인 지인에게도 <b>선거</b> 막판이 되자 노골적으로 정당이나 특정 후보에... ,https://n.news.naver.com/mnews/article/215/0001156384?sid=102,"Sat, 06 Apr 2024 10:23:00 +0900"
[총선 D-4] 쏟아지는 유세 전화·문자에 불편한 시민들,"직장인 박모(43)씨는 최근 <b>선거</b> 전화번호 몇 개를 <b>스팸</b> 등록했지만, 다른 후보가 다른 번호로 전화를 걸어오는 통에 전화 차단을 포기했다고 말했다. 박씨는 &quot;정치인인 지인에게도 <b>선거</b> 막판이 되자 노골적으로 정당이나... ",https://n.news.naver.com/mnews/article/001/0014615034?sid=165,"Sat, 06 Apr 2024 10:00:00 +0900"
&quot;<b>선거</b>철 여론조사 수치로 도배된 정치가 민주주의 왜곡&quot;,정치<b>선거</b> 여론조사에 대한 20~50대 수용자 25명의 경험과 인식을 표적 집단심층 인터뷰 방식으로 탐색했다. 전반적으로 응답자들은 여론조사 참여 전화에 대해 높은 피로감을 토로하며 여론조사를 <b>스팸</b>으로 인식한다고... ,https://n.news.naver.com/mnews/article/001/0014614930?sid=165,"Sat, 06 Apr 2024 07:00:00 +0900"
"“중국, AI 기반 허위 콘텐츠로 한국·미국 등 <b>선거</b> 방해할 것”","<b>선거</b>가 중국의 ‘첫 실험’ 무대였다는 것이다. 당시 대만 독립주의 성향인 라이칭더 민진당 후보를 근거 없이 비난하는 ‘AI 생성 밈(meme·인터넷 유행 콘텐츠)’이 유포됐는데, MS는 “‘스패무플라주(spamouflage·<b>스팸</b>... ",https://n.news.naver.com/mnews/article/469/0000794554?sid=104,"Fri, 05 Apr 2024 19:01:00 +0900"
등골 휘어도 못 멈춰! 억 소리 나는 총선 ‘문자 전쟁’ 속사정,많은 시민들은 정치인들의 문자를 ‘<b>스팸</b>’으로 생각하고 있다. 정치인들 입장은 다르다. 유세 문자 발송은 핵심 홍보 전략이다. 수도권 지역구 <b>선거</b>캠프에서 활동 중인 여권 관계자 말이다. “문자메시지 발송을 통해... ,https://ilyo.co.kr/?ac=article_view&entry_id=470007,"Wed, 03 Apr 2024 16:52:00 +0900"
"<b>선거</b> 앞두고 美·中 갈등 격화… “中, 대선 개입 노골적” vs “美, 사이...","영국에 본부를 둔 싱크탱크 전략대화연구소(ISD)는 이들 계정이 중국 정부의 가짜 정보 캠페인인 ‘스패무플라주’(spamouflage: <b>스팸</b>과 위장의 합성어)와 연계돼 있으며, 일부 계정의 경우 과거 중국어로 친중국 성향의... ",https://n.news.naver.com/mnews/article/022/0003920654?sid=104,"Wed, 03 Apr 2024 06:04:00 +0900"
"中, 美대선 앞두고 ‘미국 위신 깍아내리기’ 여론 조작","연합뉴스 중국의 주요국 <b>선거</b> 및 여론 개입은 어제오늘 일이 아니다. 11월 미국 대선을 앞두고 중국 정부와... ‘<b>스팸</b>’(spam)과 ‘위장’(camouflage)의 합성어 스패무플라주란 가짜정보 활동,일반적으로 중국의 여론조작... ",https://www.skyedaily.com/news/news_view.html?ID=226745,"Tue, 02 Apr 2024 22:18:00 +0900"
"中, 反바이든 성향 가짜 계정 운영…美 대선 '노골적' 개입",<b>스팸</b> 게시물을 통해 가짜정보를 위장하는 수법을 뜻한다. 중국 정부의 여론조작 캠페인을 칭하는 용어로도 알려져 있다. 트럼프 전 대통령의 <b>선거</b>구호인 ‘마가(MAGA·미국을 더 위대하게) 2024’라는 문구가 달린 이... ,https://n.news.naver.com/mnews/article/119/0002816388?sid=104,"Tue, 02 Apr 2024 20:27:00 +0900"
미국인인 척 바이든 비방…대선 파고드는 中 '가짜 SNS',"스패무플라주는 <b>스팸</b>(spam)과 위장(camouflage)의 합성어로, <b>스팸</b> 게시물을 통해 가짜 정보를 위장하는 수법을... 도널드 트럼프 전 대통령의 <b>선거</b> 구호인 ‘마가(MAGA·미국을 더 위대하게) 2024’라는 문구가 달린 이 계정은... ",https://n.news.naver.com/mnews/article/015/0004967945?sid=104,"Tue, 02 Apr 2024 18:51:00 +0900"
&quot;작년 공격자 평균 침입시간 62분…최단 시간 2분 7초 기록&quot;,이용해 <b>스팸</b> 도구를 사용하고 있다고 밝혔다. LLM은 구축 후 성숙도를 높이는데 상당한 비용과 시간이... 특히 올해 전 세계에서 중요한 <b>선거</b>가 예정돼 있기 때문에 정치적인 영향을 미치려는 공격자들이 여론전이나... ,https://www.datanet.co.kr/news/articleView.html?idxno=192255,"Tue, 02 Apr 2024 16:16:00 +0900"
"러시아가 했던 그대로…&quot;中 정부, 美 대선 개입 정황 포착&quot;","스패무플라주는 <b>스팸</b>(spam)과 위장(camouflage)의 합성어로, <b>스팸</b> 게시물을 통해 가짜 정보를 위장하는 수법을... 도널드 트럼프 전 대통령의 <b>선거</b> 구호인 ‘마가(MAGA·미국을 더 위대하게) 2024’라는 문구가 달린 이 계정은... ",https://n.news.naver.com/mnews/article/015/0004967734?sid=104,"Tue, 02 Apr 2024 15:51:00 +0900"
"中, 친트럼프 가짜 SNS계정 운영...바이든 비방하며 美대선 개입",캠페인으로서 ‘<b>스팸</b>’(spam)과 ‘위장’(camouflage)의 합성어인 ‘스패무플라주(spamouflage)’와 연계돼 있다.... 미국 <b>선거</b>에 관여할 수 있다”고 진단했다. 그러나 시진핑 중국 국가주석은 작년 11월 미 샌프란시스코에서... ,https://n.news.naver.com/mnews/article/009/0005282029?sid=104,"Tue, 02 Apr 2024 13:58:00 +0900"
"중국, 바이든보다 트럼프 당선 원하나...&quot;가짜 계정들, 바이든 비판&quot;","(spamouflage·<b>스팸</b>+위장)'와 연계돼 있다며 일부 계정의 경우 과거 중국어로 친중국 콘텐츠를 게시했지만, 최근... ◇ 미 국가정보국 &quot;AI 등 이용 미 <b>선거</b> 영향 중국 영향 작전 확대, 중 비판자 배제 노력&quot;앞서 미국 국가정보국... ",https://www.asiatoday.co.kr/view.php?key=20240402010000895,"Tue, 02 Apr 2024 08:56:00 +0900"
교묘해진 '中가짜 계정' 활동…美대선 개입 우려 커진다,"비방하면서 <b>선거</b>에 개입하려 한다는 주장이 제기됐다. 뉴욕타임스(NYT)는 1일(현지시간) 복수의 전문가와... 스패무플라주는 '<b>스팸</b>'(spam)과 '위장'(camouflage)의 합성어로, 가짜 정보 활동을 뜻한다. ISD는 &quot;일부 계정의... ",https://n.news.naver.com/mnews/article/079/0003880670?sid=104,"Tue, 02 Apr 2024 04:39:00 +0900"
열혈 트럼프 지지자라더니 중국 계정…美대선개입 정황,"마가는 트럼프 전 대통령 <b>선거</b> 구호다. 이 계정은 바이든 대통령이 죄수복을 입고 있는 사진을 퍼뜨리는 등... 스패무플라주는 <b>스팸</b>(spam)과 위장(camouflage)의 합성어로, 일종의 가짜 정보 활동이다. 'MAGA 2024'를 표방하는... ",https://n.news.naver.com/mnews/article/003/0012464790?sid=104,"Tue, 02 Apr 2024 02:38:00 +0900"
[Interview] 마크햄 C. 에릭슨 구글 정부·공공정책 부사장 | “AI 경제 효...,"Erickson) 구글 정부·공공정책 부사장은 최근 서울에서 진행한 인터뷰에서 “구글은 공정한 <b>선거</b>를 위해... 가령 AI를 통해 지메일에서 <b>스팸</b>을 차단하고, 보안 서비스 ‘구글플레이 프로텍트’를 통해 안드로이드 기기 내... ",https://economychosun.com/site/data/html_dir/2024/03/29/2024032900031.html,"Mon, 01 Apr 2024 11:24:00 +0900"
"유라테크, 투자주의종목 지정…거래소 &quot;<b>스팸</b>관여 과다&quot;",유라테크가 투자주의종목으로 지정된 사유는 <b>스팸</b>관여 과다 종목이다. 유라테크는 지난달 29일 기준... 중요한 <b>선거</b>를 앞두고 중요한 결단을 해서 국민들께 선택을 구하겠다는 것&quot;이라고 덧붙였다. 국회의 세종시 완전... ,http://www.thebigdata.co.kr/view.php?ud=202404010708481911cd1e7f0bdf_23,"Mon, 01 Apr 2024 07:10:00 +0900"
[문화이야기] 스마트폰의 진화,"개인 정보의 침해와 희롱, <b>스팸</b>, 사기 등의 범죄 행위로 악용될 수 있고, <b>선거</b>나 정치 활동에서 조작되어 불공정한 결과를 초래할 수도 있다. 따라서 스마트폰 진화로 생기는 범죄에 대한 법률을 재정비하고, 범죄를... ",https://www.idomin.com/news/articleView.html?idxno=907620,"Fri, 29 Mar 2024 09:02:00 +0900"
최재식 KAIST 김재철AI대학원 교수가 보는 AI의 미래,"의료·교육을 비롯한 공공 서비스나 <b>선거</b>·자율주행 등은 '높은 위험'으로 분류되며, 개인의 특성·행동과... 무척 중요한 문자가 있는데 <b>스팸</b> 문자로 분류돼 받지 못했다면 통신사에서 왜 막혔는지 설명해야 한다.&quot;",https://n.news.naver.com/mnews/article/053/0000042457?sid=105,"Wed, 27 Mar 2024 04:01:00 +0900"
"[기고] 이홍기 애틀랜타한인회장의 거짓말 행각, 언제까지?","<b>선거</b> 규정을 바꿔 상대 후보의 출마를 막는 바람에 애틀랜타 한인사회를 술렁이게 했다. 그리고 보험금... 보험금을 신청하지도 않았는데 나와서 보험회사의 이메일이 <b>스팸</b>인 줄 알았다는 얘기였다. 하지만, 한인회에서... ",http://www.worldkorean.net/news/articleView.html?idxno=50796,"Thu, 21 Mar 2024 17:42:00 +0900"
"3월 15일 월가의 돈이 되는 트렌드, 월렛-유럽 AI법 [글로벌 시황&amp;이슈]","고위험 등급으로 여겨지는 AI 기술, 그러니까 자율주행, 의료장비, <b>선거</b>, 그리고 법률 등과 관련된 AI 기술을... 반면에 우리가 흔히 사용하고 있는 다양한 추천 시스템이나 <b>스팸</b> 필터에 대한 AI 서비스는 낮은 위험으로... ",https://n.news.naver.com/mnews/article/215/0001152981?sid=101,"Fri, 15 Mar 2024 08:36:00 +0900"
"EU “AI 생체인식 악용 기술, 허용될 수 없는 위험” 11월부터 규제",<b>선거</b>의 해’를 맞아 더욱 관심이 쏠리는 생성형 AI와 딥페이크 등이 포함된다. 기업들은 이용자들이 콘텐츠가 생성형 AI나 딥페이크임을 알아보도록 반드시 표시해야 한다. ‘저위험’ AI는 비디오 게임이나 <b>스팸</b> 필터... ,https://n.news.naver.com/mnews/article/020/0003553347?sid=104,"Fri, 15 Mar 2024 03:04:00 +0900"
"EU, 세계 최초 AI 규제법 가결…&quot;위반시 매출 7% 과징금&quot;","이 분야에는 물·전기 등 핵심 인프라와 의료·고용 등 공공 서비스, 교육 및 직업 훈련, <b>선거</b>·사법 체게 분야 등이 포함된다. 반면 <b>스팸</b> 메일을 처리하는 시스템과 같이 위험도가 낮은 분야에 속하면 규제를 거의 받지... ",https://n.news.naver.com/mnews/article/119/0002809475?sid=104,"Thu, 14 Mar 2024 18:47:00 +0900"
"'부천 에너자이저' 박성중 &quot;부천을 대변혁, 꼭 이뤄내겠다&quot;","더불어민주당이 강세를 보이는 <b>선거</b>구 중 하나인 경기 부천을에 전략 배치된 국민의힘 박성중 의원이... 박성중 의원은 특히 서초을 국회의원 시절 경부고속도로 지하화 및 OK민원센터, <b>스팸</b>문자 방지시스템 등을 밀어붙여... ",https://www.thepublic.kr/news/articleView.html?idxno=218196,"Wed, 13 Mar 2024 16:36:00 +0900"
"[IT애정남] 너무 잦은 광고·여론조사 전화, 줄이는 방법은?",사실 <b>선거</b>여론조사는 정치권이 민심의 향방을 파악할 수 있는 수단이라는 점에서 민주주의 사회에서 꼭... 또한 정식 업체가 아닌 불법적인 업체의 영업 활동이나 <b>스팸</b>까지 원천 차단하지는 못합니다. 어디까지나... ,https://it.donga.com/105082/,"Tue, 12 Mar 2024 19:42:00 +0900"
"정부, 총선 앞두고 보이스피싱 등 무등록 문자서비스 일제점검","정부, 총선 앞두고 보이스피싱 등 무등록 문자서비스 일제점검 정부가 다음 달 총선을 앞두고 <b>선거</b> 문자에... 김정삼 중앙전파관리소 소장은 “보이스피싱 범죄가 불법 <b>스팸</b>, 스미싱 등 불법 미끼성 문자를 통해 시작되는... ",https://www.viva100.com/main/view.php?key=20240312010003564,"Tue, 12 Mar 2024 15:42:00 +0900"
"문자 공해 사라질까…정부, 무등록 문자서비스 일제점검",특히 4월10일 제22대 국회의원 <b>선거</b>를 앞두고 <b>선거</b>문자에 편승해 ▲보이스피싱 미끼문자 ▲불법 광고 ▲도박... 김정삼 중앙전파관리소 소장은 &quot;보이스피싱 범죄가 ▲불법 <b>스팸</b> ▲스미싱 등 불법 미끼성 문자를 이용해... ,http://www.thelec.kr/news/articleView.html?idxno=26495,"Tue, 12 Mar 2024 15:36:00 +0900"
"과기정통부, 무등록 문자서비스 제공자 점검…&quot;보이스피싱 근절&quot;","정부는 오는 4월 10일 국회의원 <b>선거</b>가 예정돼 있어 증가하는 문자 발송에 대응할 방침이다.... 김정삼 중앙전파관리소 소장은 &quot;보이스피싱 범죄가 불법 <b>스팸</b>, 스미싱 등 불법 미끼성 문자를 이용해 시작되는 경우가 많다&quot;며... ",https://www.sisaweek.com/news/articleView.html?idxno=212666,"Tue, 12 Mar 2024 14:56:00 +0900"
총선 앞두고 보이스피싱 미끼 문자 등 일제 점검,"4·10 국회의원 <b>선거</b>를 앞두고 폭증하는 <b>선거</b>문자에 편승해 해외 통신사를 경유해서 국내 이용자에게... 김정삼 소장은 &quot;보이스피싱 범죄가 불법 <b>스팸</b>, 스미싱 등 불법 미끼성 문자를 이용하는 만큼 이번 일제점검을 통해... ",https://n.news.naver.com/mnews/article/656/0000082781?sid=102,"Tue, 12 Mar 2024 14:36:00 +0900"
"중앙전파관리소, 무등록 문자서비스 제공자 일제 점검 실시","이번 일제점검에서는 4월 10일에 실시되는 국회의원 <b>선거</b>를 앞두고 폭증하는 <b>선거</b> 문자에 편승해 해외... 김정삼 중앙전파관리소장은 &quot;보이스피싱 범죄가 불법 <b>스팸</b>, 스미싱 등 불법 미끼성 문자를 이용하여 시작되는 경우가... ",https://news.bbsi.co.kr/news/articleView.html?idxno=3147943,"Tue, 12 Mar 2024 14:30:00 +0900"
"중앙전파관리소, 무등록 문자서비스 제공자 일제점검 실시","이번 일제점검에서는 4월10일에 실시되는 국회의원 <b>선거</b>를 앞두고 폭증하는 <b>선거</b>문자에 편승하여 해외... 김정삼 중앙전파관리소 소장은 “보이스피싱 범죄가 불법 <b>스팸</b>, 스미싱 등 불법 미끼성 문자를 이용하여 시작되는... ",https://www.factin.co.kr/article/view/fin202403120010,"Tue, 12 Mar 2024 14:28:00 +0900"
보이스피싱 예방과 근절을 위한 무등록 문자서비스 제공자 일제점검 실...,"이번 일제점검에서는 4월 10일에 실시되는 국회의원 <b>선거</b>를 앞두고 폭증하는 <b>선거</b>문자에 편승해 해외... 김정삼 중앙전파관리소 소장은 &quot;보이스피싱 범죄가 불법 <b>스팸</b>, 스미싱 등 불법 미끼성 문자를 이용하여 시작되는... ",https://www.digitaltoday.co.kr/news/articleView.html?idxno=509135,"Tue, 12 Mar 2024 14:18:00 +0900"
무등록 불법 문자 일제점검...&quot;총선 앞두고 보이스피싱 기승”,"일제점검에서는 4월10일에 실시되는 국회의원 <b>선거</b>를 앞두고 폭증하는 <b>선거</b>문자에 편승해 해외 통신사를... 김정삼 중앙전파관리소 소장은 “보이스피싱 범죄가 불법 <b>스팸</b>, 스미싱 등 불법 미끼성 문자를 이용하여... ",https://n.news.naver.com/mnews/article/092/0002324198?sid=105,"Tue, 12 Mar 2024 13:52:00 +0900"
"중앙전파관리소, 무등록 문자서비스 제공자 한달간 일제점검","이번 일제점검에서는 다음달 10일 실시되는 국회의원 총<b>선거</b>를 앞두고 폭증하는 <b>선거</b>문자에 편승해 해외... 김정삼 중앙전파관리소 소장은 “보이스피싱 범죄가 불법 <b>스팸</b>, 스미싱 등 불법 미끼성 문자를 이용하여... ",https://n.news.naver.com/mnews/article/018/0005690305?sid=105,"Tue, 12 Mar 2024 12:02:00 +0900"
"중앙전파관리소, 무등록 불법 문자 일제점검 실시","이번 일제점검에서는 내달 10일에 실시되는 국회의원 <b>선거</b>를 앞두고 폭증하는 <b>선거</b>문자에 편승해 해외... 김정삼 중앙전파관리소 소장은 “보이스피싱 범죄가 불법 <b>스팸</b>, 스미싱 등 불법 미끼성 문자를 이용해 시작되는... ",https://n.news.naver.com/mnews/article/030/0003188300?sid=105,"Tue, 12 Mar 2024 12:02:00 +0900"
"정부, <b>선거</b> 앞두고 무등록 문자서비스 제공자 점검…보이스피싱 예방 차...","이번 일제점검에서는 다음달 10일에 실시되는 국회의원 <b>선거</b>를 앞두고 폭증하는 <b>선거</b>문자에 편승해 해외... 김정삼 중앙전파관리소 소장은 &quot;보이스피싱 범죄가 불법 <b>스팸</b>, 스미싱 등 불법 미끼성 문자를 이용해 시작되는... ",https://n.news.naver.com/mnews/article/014/0005154756?sid=105,"Tue, 12 Mar 2024 12:01:00 +0900"
"<b>선거</b>철 편승 무등록 문자서비스 성행…정부, 일제점검 착수","#[Web발신] (<b>선거</b>운동정보) 안녕하십니까. 000 입니다. # [Web발신] 000 후원안내드립니다. 도전에 용기 주셔서... 김정삼 중앙전파관리소 소장은 &quot;보이스피싱 범죄가 불법 <b>스팸</b>, 스미싱 등 불법 미끼성 문자를 이용하여... ",https://n.news.naver.com/mnews/article/003/0012421293?sid=105,"Tue, 12 Mar 2024 12:00:00 +0900"
무등록 문자서비스 제공자 일제 점검…&quot;보이스피싱 예방&quot;,"이번 일제 점검에서는 4월 10일 국회의원 <b>선거</b>로 폭증한 <b>선거</b> 문자를 틈타 이에 편승한 무등록 문자서비스... 김정삼 중앙전파관리소 소장은 &quot;보이스피싱 범죄가 불법 <b>스팸</b>, 스미싱 등 불법 미끼성 문자를 이용해 시작되는... ",https://n.news.naver.com/mnews/article/421/0007405451?sid=105,"Tue, 12 Mar 2024 12:00:00 +0900"
문자 폭탄은 가라…‘보이는 휴대폰 <b>선거</b>운동’ 관심,<b>선거</b>철만 되면 무차별적으로 쏟아지는 문자와 전화로 고통받기 일쑤다. 내 휴대폰 번호를 어떻게 알았는지 지지 정당이나 후보를 떠나 지역구를 가리지 않고 오는 문자와 전화는 <b>스팸</b> 수준이다. 그런데 이런 불편함을... ,https://n.news.naver.com/mnews/article/018/0005689490?sid=105,"Mon, 11 Mar 2024 11:56:00 +0900"
"박성중, 경기도 부천을 전략 공천...&quot;철지난 정책 아닌 새로운 정당과 ...","달하는 <b>스팸</b>사기 문자를 막아낼 수 있게 했다&quot;고 전했다. 아울러 &quot;지금 정부는 경인 전철, 경인고속도로 지하화를 추진하고 있다&quot;며 &quot;<b>선거</b>기간 표퓰리즘이 아니다. 이 국책사업은 수조 원의 경제 효과를 창출할 수 있을... ",https://www.gokorea.kr/news/articleView.html?idxno=751446,"Mon, 11 Mar 2024 10:50:00 +0900"
"전략공천 박성중, '부천을' 출마선언",서초을 현역인 박 의원은 지난 5일 당의 험지 출마 요구에 따라 부천을 <b>선거</b>구에 전략공천된 바 있다. 이날... 또한 &quot;스마트폰 <b>스팸</b> 방지시스템을 제안해 국민 스스로 수억 건에 달하는 <b>스팸</b>사기 문자를 막아내게 했다&quot;며... ,http://www.iminju.net/news/articleView.html?idxno=98787,"Mon, 11 Mar 2024 10:34:00 +0900"
[총선 나도 뛴다] 3월 10일 경기도 현장은 지금③,"후보 <b>선거</b>사무소 개소식 국힘 박성중 부천을 예비후보, “부천을 서울로! 채인지 부천…부천 바꿀 적임자”... 스마트폰 <b>스팸</b> 방지시스템 제안 등 혁신과 도시 행정의 전문성, 주민을 위해 누구보다 잘 싸우는 전투력을... ",https://n.news.naver.com/mnews/article/666/0000035733?sid=165,"Sun, 10 Mar 2024 14:56:00 +0900"
"장동혁 &quot;박성중, 컷오프 아닌 희생 선택한 것&quot;","공직<b>선거</b>법 위반 소지도 있다&quot;고 강조했다. 특히 &quot;민주당은 현재 친명·비명 계파 갈등으로 부천시를... 그러면서 &quot;본인은 경부고속도로 지하화, OK민원센터, <b>스팸</b>문자 방지시스템 등 혁신적인 아이디어와 뚝심있는... ",http://www.enewstoday.co.kr/news/articleView.html?idxno=2099649,"Fri, 08 Mar 2024 18:11:00 +0900"
"박성중 &quot;서초을 컷오프 아닌 부천을 전략 공천 된 것, <b>선거</b>에 악용 말길...","부천 상동역에서 <b>선거</b> 운동 중인 박성중 후보 / 사진=박성중 의원실 박성중 국민의힘 의원이 자신을 컷오프... 박 의원은 자신이 &quot;경부고속도로 지하화, OK민원센터, <b>스팸</b>문자 방지시스템 등 혁신적인 아이디어와 뚝심있는... ",https://www.gokorea.kr/news/articleView.html?idxno=751404,"Fri, 08 Mar 2024 14:32:00 +0900"
"오늘은 세계 여성의 날, 한국 유리천장 지수 12년째 골찌","1%p 자세한 내용은 중앙<b>선거</b>여론조사심의위원회 홈페이지를 참조. &quot;참으로 놀랄 일이다.&quot; - 이재명(민주당... 햇반과 비비고 만두, <b>스팸</b> 등을 판매한다는 계획이다. - 알리익스프레스가 개인 정보 관리가 소홀하다는... ",https://n.news.naver.com/mnews/article/047/0002424895?sid=100,"Fri, 08 Mar 2024 10:43:00 +0900"
한동훈이 부천을에 박성중을 전략공천 한 이유…부천시 해묵은 과제 해...,"국민의힘 공천관리위원회(공관위)의 험지 출마 요청에 따라 경기도 부천을 <b>선거</b>구에 전략공천 된 박성중... 이어 &quot;박 의원은 경부고속도로 지하화, OK민원센터, <b>스팸</b>문자 방지시스템 등 혁신적인 아이디와 뚝심 있는... ",https://www.thepublic.kr/news/articleView.html?idxno=217774,"Fri, 08 Mar 2024 10:30:00 +0900"
"‘유리 천장’ 지수, 한국이 12년째 꼴찌인 이유: 슬로우레터 3월8일.","햇반과 비비고 만두, <b>스팸</b> 등을 판매한다는 계획이다. 알리익스프레스가 개인 정보 관리가 소홀하다는... “정책이라는 <b>선거</b>철 상품은 선명하게 비교되는 게 많을수록 좋다. 재원이 분명하고 장단점과 특징이 뚜렷할 때... ",https://slownews.kr/105113,"Fri, 08 Mar 2024 07:06:00 +0900"
"임종인 &quot;북한 해커, 세계 5위 수준, 딥페이크 영상으로 심리전?&quot; [한판승...",그래서 오늘은 <b>선거</b>를 앞두고 규제책 또 처벌 방식은 무엇이 있을지. 그리고 또 이러한 기술발달을 어떻게... ◆ 임종인&gt; <b>스팸</b>메일도 만들어주고 악성코드도 어디 내가 침투하고 싶은데 고급형은 악성코드 만들어줘... ,https://n.news.naver.com/mnews/article/079/0003871060?sid=102,"Thu, 07 Mar 2024 07:32:00 +0900"
<b>선거</b> 문자 폭탄에 무작정 118에 신고했더니,"간단한 인증 후에 <b>스팸</b>을 차단할 문구를 넣으면 된다. 휴대전화 통신사별 차단 방법과 함께 '후보' '<b>선거</b>' '공천' 등 차단 키워드도 함께 공유되고 있다. 최근에는 개인정보의 중요성에 대한 인식이 강해지면서, 알려주지... ",https://www.ekoreanews.co.kr/news/articleView.html?idxno=72137,"Wed, 06 Mar 2024 17:22:00 +0900"
"네카오, 총선 앞두고 '딥페이크' 악용 방지 총력","네이버에 '딥페이크 사이트'를 검색할 경우 &quot;딥페이크 기술 접근, 활용함에 있어 공직<b>선거</b>법, 성폭력처벌법... 검색 색인을 하기 전에 <b>스팸</b> 이미지나 성인 이미지를 제외하기 위한 전처리 작업이 필요한데, AI 기술을... ",http://www.newsprime.co.kr/news/article.html?no=630715,"Wed, 06 Mar 2024 11:14:00 +0900"
"AI는 지능형 비서, 통제불능 걱정 말라… 인간은 더 인간다워진다 [AI 블...","#<b>선거</b>판 속 AI 딥페이크, <b>스팸</b> 메일처럼 심각 사용금지·형사고발 이어질 것 -텍스트를 입력하면 알아서 동영상을 만들어 주는 AI 모델(소라·Sora)이 공개됐다. 기술 발전 속도가 너무 빠른 것 아닌가. “놀랍게도 기술... ",https://n.news.naver.com/mnews/article/081/0003435011?sid=101,"Wed, 06 Mar 2024 05:03:00 +0900"
[생생플러스] 칩스법 오리발 내미는 미국...반도체 간보러 온 저커버그,그게 이제 <b>스팸</b> 전화 관련해서 우리가 이제 최근 우리가 최근에 이제 <b>스팸</b>에 대해서 이제 문자가 또... 이번 <b>선거</b>에서 바이든 대통령이 이기면 한번 검토해 보겠다 이렇게 얘기를 하고 있습니다. ◇ 김우성 : 현대사회의... ,https://radio.ytn.co.kr/program/?f=2&id=94471&s_mcd=0206&s_hcd=15,"Thu, 29 Feb 2024 19:02:00 +0900"
[생생플러스] 칩스법 오리발 내미는 미국...반도체 간보러 온 저커버그,그게 이제 <b>스팸</b> 전화 관련해서 우리가 이제 최근 우리가 최근에 이제 <b>스팸</b>에 대해서 이제 문자가 또... 이번 <b>선거</b>에서 바이든 대통령이 이기면 한번 검토해 보겠다 이렇게 얘기를 하고 있습니다. ◇ 김우성 : 현대사회의... ,https://n.news.naver.com/mnews/article/052/0002004452?sid=101,"Thu, 29 Feb 2024 18:34:00 +0900"
<b>선거</b>철 ‘<b>스팸</b> 전화·문자’ 시민들 불편 가중 / 이재복,총선이 다가오면서 전화나 문자 선거운동 등 ‘<b>선거스팸</b>’이 폭증하고 있지만 관계기관들이 수수방관하고 있다. 개인별 편차가 있더라도 하루 10건 이상의 스팸에 시달린다. 그러나 수사를 맡고 있는 경찰은... ,http://www.kjdaily.com/article.php?aid=1709030906623374019,"Tue, 27 Feb 2024 20:04:00 +0900"
[사설] <b>선거</b>운동 관련 문자폭탄 전성시대,"정보통신망 법에 의하면 영리목적의 광고성 정보전성은 규제의 대상이지만, <b>선거</b> 관련 문자는 영리목적에 해당되지 않아 불법 <b>스팸</b>으로서 법적인 규제를 받지 않는 문제가 있다. 이에 중앙 <b>선거</b>관리 위원회가 총선을... ",https://www.dkilbo.com/news/articleView.html?idxno=432132,"Sun, 25 Feb 2024 15:06:00 +0900"
총선 앞두고 불 나는 스마트폰…”불법 <b>스팸</b>부터 여론조사까지”,대선 틈타 교묘해진 <b>스팸</b> 문자 지인에서 검찰·통신 3사 사칭 진화 시도때도 없이 울리는 여론조사 전화 오는 4월 10일 제22대 국회의원 <b>선거</b>를 앞두고 보이스피싱과 여론조사 전화가 폭주하며 불편함을 호소하는 이들이... ,https://n.news.naver.com/mnews/article/366/0000972966?sid=102,"Sun, 25 Feb 2024 10:04:00 +0900"
총선 대비하는 포털…주의 문구·AI 검수로 콘텐츠 감시망 강화,오는 4월 제22대 국회의원 총<b>선거</b>를 앞두고 포털 플랫폼에 유통되는 콘텐츠들에 대한 관리 책임 요구가 커진... AI 기술을 활용해 일반 이미지와 <b>스팸</b>·성인 이미지를 분류해 빨리 색인 대상으로 유입되는 이미지들을... ,https://n.news.naver.com/mnews/article/138/0002167451?sid=105,"Fri, 23 Feb 2024 14:01:00 +0900"
'<b>선거</b>철 불청객' 여론조사 전화…완전 차단 가능할까 [김준혁의 그것IT...,"이 중에서도 일부는 '비례대표', '예비후보', '여론조사', '공천', '<b>선거</b>운동정보' 등 <b>스팸</b>차단문구 리스트까지 공유하고 있는데요. 안드로이드 스마트폰을 기준으로 문자 설정에 들어가면 '차단 문구 관리'를 통해 해당... ",https://n.news.naver.com/mnews/article/014/0005146374?sid=105,"Fri, 23 Feb 2024 07:57:00 +0900"
&quot;02·070 전화 좀 받아주세요&quot;…경선 앞두고 지역 예비후보들 '긴장',"전화를 <b>스팸</b> 전화로 여겨 지지자들조차 수신을 거부하는 사례가 적지 않기 때문이다. 22일 정치권에 따르면 국민의힘의 경선 방식은 일반 유권자 대상 전화면접(CATI) 조사와, 당원 <b>선거</b>인단을 대상으로 하는... ",https://n.news.naver.com/mnews/article/656/0000080759?sid=100,"Thu, 22 Feb 2024 17:58:00 +0900"
"진화하는 불법 <b>스팸</b>…KT, AI로 대응","KT는 현재 국내 최대 규모인 30명 규모의 <b>스팸</b> 전담팀이 <b>선거</b>, 광고 표기 준수 등 정상 문자와 불법 <b>스팸</b>을 분류하고, <b>스팸</b> 전송자의 이용 계정, 발신 번호를 제한하고 있다. 내년 하반기부터는 AI가 사람 도움 없이도... ",https://n.news.naver.com/mnews/article/215/0001149340?sid=101,"Tue, 20 Feb 2024 17:00:00 +0900"
"[오늘의 주요 일정] 카이스트 동문, 강제 연행 관련 대통령 경호처 고발...",불법<b>스팸</b> 차단 대응 관련 현장 방문(15:00 KT 목동IDC센터) ▲ 방심위 방송소위(10:00 대회의실) ▲ 방심위... ▲ 제13대 강원대 총장<b>선거</b> 투표(11:00 강원대) [제주] ▲ 4·3 희생자 발굴유해 신원확인 결과 보고회(14:30... ,https://www.safetimes.co.kr/news/articleView.html?idxno=212503,"Tue, 20 Feb 2024 07:04:00 +0900"
친중국 계정 &quot;집안싸움에 민주주의 붕괴&quot; 선동... 미국 대선 개입 시작...,미 대선 부정적 묘사한 '스패무플라주' 증가 스패무플라주는 '<b>스팸</b>(spam)'과 '위장(camouflage)'의 합성어로... 어느 한쪽을 편드는 식의 '<b>선거</b> 개입' 의도는 아직 엿보이지 않고 있다는 얘기다. 전문가들도 현재로선 중국... ,https://n.news.naver.com/mnews/article/469/0000785832?sid=104,"Fri, 16 Feb 2024 17:31:00 +0900"
"중국, 인공지능·소셜 미디어 활용한 미국 비하 캠페인 강화",<b>스팸</b>과 캐머플레지를 합성한 용어로 가짜 정보 활동) 캠페인에서 인공지능과 소셜 미디어를 적극 활용하고... 그는 또 미국 대선을 겨냥한 스패머플레지 캠페인을 감안할 때 중국이 올해 다른 나라의 중요 <b>선거</b>에도 사회... ,https://n.news.naver.com/mnews/article/003/0012376487?sid=104,"Fri, 16 Feb 2024 11:35:00 +0900"
"&quot;중국 정부 배후 <b>스팸</b>위장 계정들, 바이든-트럼프 집안싸움 등 미 부정...",대통령 <b>선거</b>를 앞두고 반미 선동을 대폭 강화하고 있는 것으로 나타났다.영국의 싱크탱크 전략대화연구소(ISD)는 각종 소셜미디어(SNS)에서 중국 정부가 배후인 '스패무플라주(spamouflage·<b>스팸</b>+위장)' 계정들이 미국 사회에... ,https://www.asiatoday.co.kr/view.php?key=20240216010007614,"Fri, 16 Feb 2024 07:40:00 +0900"
"&quot;미국은 내부갈등 해결못하는 늙은 나라&quot;...中, 대선 악용 反美선동 강...","국가들의 <b>선거</b>에 개입하는 것은 어제 오늘의 일이 아니다. 이런가운데 중국은 오는 11월 예정된 미국 대통령... '스패무플라주'는 '<b>스팸</b>'(spam)과 '위장'(camouflage)을 합성한 신조어로, 일반적으로 중국의 여론조작 선동... ",https://n.news.naver.com/mnews/article/029/0002855574?sid=104,"Fri, 16 Feb 2024 06:40:00 +0900"
"美 대선에 개입은 안해도 이용은 하겠다?…中, 反美선동 강화","대통령 <b>선거</b>를 재료로 삼아 반미 선동을 대폭 강화하는 것으로 나타났다. 15일(현지시간) 뉴욕타임스(NYT)에... '스패무플라주'는 '<b>스팸</b>'(spam)과 '위장'(camouflage)을 합성한 신조어로, 일반적으로 중국의 여론조작 선동... ",https://n.news.naver.com/mnews/article/001/0014508580?sid=104,"Fri, 16 Feb 2024 06:02:00 +0900"
″<b>스팸</b>보다 무섭네″ <b>선거</b> 전화·문자에 스트레스⋯차단 방법은?,차단을 해도 또 다른 번호로 오는데 <b>스팸</b>보다 무서울 정도&quot;라며 &quot;예전에도 이렇게 연락이 오진 않았는데 이번에 유독 심한 것 같다&quot;고 말했다. 총선을 앞두고 <b>선거</b> 관련 문자메시지와 전화가 급증하면서 유권자의... ,https://www.mstoday.co.kr/news/articleView.html?idxno=88765,"Fri, 16 Feb 2024 00:06:00 +0900"
“○○○님이시죠?” <b>선거</b>후보자가 내 이름을 안다?,"예비후보들자은 유권자들에게 자신을 알리기 위해 문자메시지와 ARS 전화, 명함 배부 등 다양한 방식으로 <b>선거</b>운동에 나서고 있습니다. ■전화·문자에 <b>스팸</b> 등록해도 효과 없어…ARS 전화로 콜백하면 '통화중' 설 연휴를... ",https://n.news.naver.com/mnews/article/056/0011662189?sid=100,"Thu, 15 Feb 2024 08:01:00 +0900"
설 명절 문자폭탄,"시시때때로 오는 여론 조사 전화를 차단하기 위해 <b>스팸</b> 차단 앱을 깔았다. 전화번호 아래에 여론조사, 혹은 <b>선거</b>홍보임을 알려주어 전화를 받지 않을 수 있어 유용하고 고마운 앱이었다. 그러나 가히 폭탄 수준인 문자는... ",http://www.kbmaeil.com/news/articleView.html?idxno=984616,"Wed, 14 Feb 2024 20:22:00 +0900"
"'<b>선거스팸</b> 폭증', 전화번호 불법 수집 의심에도 ‘무대책‘ 기관들",등 '<b>선거스팸</b>'이 폭증하고 있지만 선거관리위원회나 경찰 등 관계기관들이 사실상 수수방관하고 있다는 지적이 나오고 있다. 시민들은 전화번호 수집 방식에 대한 의심을 하면서 출처에 대한 조사나 불법수집 여부 등을... ,https://www.jjan.kr/article/20240213580209,"Tue, 13 Feb 2024 17:38:00 +0900"
&quot;<b>선거</b> 악용 차단&quot;… 美 '로보콜' 금지,일반적으로 <b>스팸</b> 전화는 로보콜 형태로 이뤄진다. 익명의 상대방을 대상으로 무차별 '로보콜'을 걸어 물건... 앞서 AI로 만든 음성이 바이든 대통령을 흉내내 뉴햄프셔 주민들에게 주<b>선거</b>에서 투표하지 말라고 말한 것이... ,https://n.news.naver.com/mnews/article/009/0005257187?sid=105,"Sun, 11 Feb 2024 19:07:00 +0900"
[기자수첩] 설날 연휴에 정치 전화? 시민들은 휴식을 원한다!,"이는 시민들의 감정을 무시하고, <b>선거</b>를 단순히 자신의 정치적 입지를 높이는 도구로 생각하는 태도를... 설날 연휴에 쉴 새 없이 쏟아지는 홍보 전화들은 시민들의 휴식을 방해하고 불쾌감을 주는 <b>스팸</b> 전화와 다름없다. 이... ",https://www.nbntv.co.kr/news/articleView.html?idxno=3010601,"Sun, 11 Feb 2024 15:10:00 +0900"
대선후보인 척 전화해 “투표말라”더니…<b>선거</b>앞둔 美의 결단은,인공지능 활용 로보콜 금지 조치 美FCC “<b>스팸</b> 전화로부터 해방” 바이든 흉내 전화 사건 직후 단행 미국... 앞서 AI로 만든 음성이 바이든 대통령을 흉내내 뉴햄프셔 주민들에게 주<b>선거</b>에서 투표하지 말라고 말한 것이... ,https://n.news.naver.com/mnews/article/009/0005257132?sid=105,"Sun, 11 Feb 2024 13:28:00 +0900"
설 연휴에도 ‘띠링띠링’…<b>선거</b>철 ‘문자·전화 폭탄’ 피하는 방법은...,수 있는 구체적인 대책 마련이 필요하다는 제언이 나옵니다. 실로 급증하는 여론조사와 <b>선거</b>유세에 이를 <b>스팸</b> 번호로 오인하면서 응답률도 급락하고 있는데요. 민심이 왜곡할 가능성까지를 염두에 둬야 한다는 지적입니다.,https://www.etoday.co.kr/news/view/2329881,"Sat, 10 Feb 2024 05:02:00 +0900"
미국이 바이든을 바이든?[뉴스레터 점선면],"*코커스와 프라이머리 코커스는 당원들만, 프라이머리는 비당원 시민 모두 참여할 수 있는 <b>선거</b>입니다.... ‘<b>스팸</b>’이 잘 팔렸습니다. 짭짤한 햄, 그거 맞습니다. 바이든 재임 중 물가가 엄청나게 오르면서(=인플레이션)... ",https://n.news.naver.com/mnews/article/032/0003278276?sid=104,"Fri, 09 Feb 2024 07:02:00 +0900"
쏟아지는 <b>선거</b> 전화에 피로감 호소…'<b>스팸</b> 신고'까지,오는 4월 10일 치러지는 제22대 국회의원 <b>선거</b>를 앞두고 <b>선거</b> 관련 전화와 문자메시지가 급증하면서 유권자의... 통해 <b>스팸</b> 등록을 하는 방식을 택하기도 한다. 제주 서귀포시 지역 국민의힘 고기철 예비후보는 최근 명절... ,https://n.news.naver.com/mnews/article/215/0001147758?sid=102,"Fri, 09 Feb 2024 06:03:00 +0900"
'후보 연락처가 보이스피싱?' 쏟아지는 <b>선거</b> 전화에 <b>스팸</b> 신고도,오는 4월 10일 치러지는 제22대 국회의원 <b>선거</b>를 앞두고 <b>선거</b> 관련 전화와 문자메시지가 급증하면서 유권자의... 통해 <b>스팸</b> 등록을 하는 방식을 택하기도 한다. 제주 서귀포시 지역 국민의힘 고기철 예비후보는 최근 명절... ,https://n.news.naver.com/mnews/article/001/0014498604?sid=102,"Fri, 09 Feb 2024 06:00:00 +0900"
&quot;아픈데 받았더니 여론조사&quot;…문자·전화 폭탄에 괴로운 시민들,"여론조사 업체에 가상번호 제공 거부, <b>선거</b> 홍보 문자에 포함되는 특정 문구를 <b>스팸</b> 문구에 등록, <b>스팸</b> 전화 차단 애플리케이션 활용 등의 방법이다.대전 유성구에 사는 정 모 씨(31)는 &quot;수 없이 오는 문자 때문에 업무... ",https://www.cctoday.co.kr/news/articleView.html?idxno=2191225,"Thu, 08 Feb 2024 11:40:00 +0900"
국회의원 <b>선거</b> 예비후보 여론조사 홍보 치열 … 유권자는 스트레스 호소,"기호일보 - 아침을 여는 신문, KIHOILBO 제22대 국회의원 <b>선거</b> 예비후보들이 여론조사 기간 내내 홍보 총력전을... 유권자 박모(47)씨는 &quot;인천에 거주해서 02나 070으로 시작하는 전화가 오니 <b>스팸</b>인 줄 알고 안 받았는데 정말... ",http://www.kihoilbo.co.kr/news/articleView.html?idxno=1071945,"Wed, 07 Feb 2024 17:18:00 +0900"
고기철 예비후보 &quot;명절 인사 메시지가 보이스피싱 등록&quot;,후보라서 <b>스팸</b>으로 등록한다면 후보자의 공약과 정치 철학을 알리는 기회 자체를 차단하는 심각한 이기주의가 될 수 있다&quot;고 주장했다. 그러면서 &quot;지역 일꾼인 국회의원을 유권자가 직접 선출하는 <b>선거</b>는 대한민국 국민의... ,http://www.jejunews.com/news/articleView.html?idxno=2208666,"Tue, 06 Feb 2024 18:04:00 +0900"
틱톡의 가짜뉴스·생성형 AI 콘텐츠 대응 방법은?,이 가운데 진실성과 진정성 부분에는 ▲허위 정보 ▲시민 및 <b>선거</b> 공정성 ▲합성 및 조작된 미디어 ▲허위 참여 ▲독창적이지 않은 콘텐츠 및 OR 코드 ▲<b>스팸</b> 밑 허위 계정 행동 등이 포함됐다. 틱톡은 소위 가짜뉴스라고... ,https://www.digitaltoday.co.kr/news/articleView.html?idxno=505102,"Tue, 06 Feb 2024 16:26:00 +0900"
[2024 총선 레이더] 국민의힘 예비후보 연락처가 '보이스피싱 의심 번호...,"결국 고 예비후보는 이 같음 문제를 <b>선거</b>관리위원회에 문의했고, <b>스팸</b> 차단 애플리케이션 업체에 <b>스팸</b> 해제까지 요청했습니다. 고 예비후보는 “내가 지지하지 않는 후보라서 <b>스팸</b>으로 등록한 것이라면 다른 사람에게... ",https://n.news.naver.com/mnews/article/661/0000036898?sid=102,"Tue, 06 Feb 2024 11:48:00 +0900"
"고기철 &quot;<b>선거</b> 메시지 <b>스팸</b> 분류, 심각한 공정 <b>선거</b> 침해&quot;","특히 &quot;제주경찰청장을 역임한 이력이 있다고 해서 일부 유권자들이 <b>스팸</b> 등록을 하는 사례는 <b>선거</b>법 위반 소지가 있다고 했다&quot;면서 &quot;문자 메시지나, 음성 메시지 등을 유권자에게 발송하기 위해 <b>선거</b>관리위원회에 등록한... ",https://n.news.naver.com/mnews/article/002/0002318546?sid=102,"Tue, 06 Feb 2024 03:33:00 +0900"
"[단독] “예쁜 후기 작성 도와주실 분, 한달 995만” 교활한 신종 <b>스팸</b> ...","<b>선거</b>철 더 극성인 <b>스팸</b>, AI가 걸러낸다 ‘신용카드 발급 완료. 본인 아닐 시 즉시 신고. 문의 1666-××××’ 휴대전화 이용자라면 한 번쯤은 받았을 문자메시지다. 기업이나 사업주가 안내·홍보 등의 목적으로 다수의... ",https://n.news.naver.com/mnews/article/023/0003815153?sid=101,"Tue, 06 Feb 2024 03:02:00 +0900"
[세상을 보며] 국회의원의 자격- 양영석(지방자치부장),"<b>스팸</b>성 전화를 받은 것도, 내 전화번호가 노출된 것도 언짢다. 어떡하든 자신의 이름을 알려야 하는 후보자의... 이름도 얼굴도 모르는 사람이 <b>선거</b> 몇 달 전에 불쑥 지지해 달라고 하니 염치도 없어 보인다. 국회의원에... ",http://www.knnews.co.kr/news/articleView.php?idxno=1424987,"Mon, 05 Feb 2024 19:34:00 +0900"
"고기철 &quot;안내 전화 경찰 사칭 <b>스팸</b> 분류, 곤혹스럽다&quot;",고 예비후보측에 따르면 휴대전화 발신번호 정보제공 서비스인 모 애플리케이션에서 고 예비후보측 <b>선거</b>사무소 전화번호가 '<b>스팸</b>'으로 분류되고 있다. 이에 해당 전화로 여론조사 독려 전화가 걸려오면 해당 앱을 설치한... ,http://www.jejusori.net/news/articleView.html?idxno=423684,"Mon, 05 Feb 2024 18:34:00 +0900"
고기철 &quot;<b>선거</b> 메시지 <b>스팸</b> 처리 곤욕&quot;,'제22대 국회의원 <b>선거</b>' 서귀포시 <b>선거</b>구에 나서는 국민의힘 고기철 예비후보가 <b>선거</b>용 문자 메시지 등이 <b>스팸</b>으로 신고되는 사안에 대해 유권자들에게 당부의 말을 전했다. 5일 고기철 예비후보 측은 보도자료를 통해... ,http://www.newsjeju.net/news/articleView.html?idxno=396636,"Mon, 05 Feb 2024 18:08:00 +0900"
고기철 &quot;<b>선거</b> 메시지 '<b>스팸</b>' 등록…공정·자유 침해&quot;,고기철 제22대 국회의원<b>선거</b>(총선) 서귀포시 <b>선거</b>구 예비후보(62·국민의힘)가 <b>선거</b>운동을 위한 문자메시지 및 음성메시지 등이 '<b>스팸</b>'으로 등록되면서 <b>선거</b>의 공정과 자유를 침해받고 있다고 호소했다. 고 예비후보는 5일... ,http://www.samdailbo.com/news/articleView.html?idxno=222253,"Mon, 05 Feb 2024 17:20:00 +0900"
고기철 예비후보 &quot;문자.음성메시지 보낸 후 '보이스 피싱범'으로 오해받...,"고 예비후보는 &quot;예비후보자 명의로 된 휴대전화 번호는 '게임.도박'으로, <b>선거</b>관리위원회에 등록한 유선전화번호는 '검찰 사칭 보이스피싱 의심'으로 표시되는 것으로 확인됨에 따라 <b>선거</b>관리위원회에 문의했고, <b>스팸</b> 차단... ",http://www.headlinejeju.co.kr/news/articleView.html?idxno=535609,"Mon, 05 Feb 2024 17:02:00 +0900"
"유튜브, 카카오 밀어내고 국내 이용자 1위 모바일 플랫폼 등극",유튜브는 '<b>스팸</b>이나 기만행위' '성행위와 과도한 노출' '아동 안전' 등 자체 가이드라인에 따라 콘텐츠를... 정치자금법상 예비 후보자는 후원회를 통한 <b>선거</b>자금 모집만 가능하다. 선관위는 유튜브 슈퍼챗 등을 통한... ,http://www.marketnews.co.kr/news/articleView.html?idxno=67129,"Mon, 05 Feb 2024 14:14:00 +0900"
"“유튜브서 뉴스 본다” 53%, 세계의 2배… 통제 안돼 가짜뉴스 천국",유튜브는 ‘<b>스팸</b>이나 기만 행위’ ‘성행위와 과도한 노출’ ‘아동 안전’ 등 자체 가이드 라인에 따라... 윤태곤 더모아 정치분석실장은 “총선이 코앞이라 지금은 어느 쪽도 자제하지 않을 것”이라며 “<b>선거</b>... ,https://n.news.naver.com/mnews/article/023/0003814980?sid=100,"Mon, 05 Feb 2024 03:28:00 +0900"
&quot;서울 사는데 경북 후보가 계속 뽑아달래요&quot;…또 찾아온 <b>선거</b>철 '불청객...,유권자가 직접 자신의 번호를 어떻게 수집하게 됐는지 확인해 수신 거부 의사를 표시하거나 <b>스팸</b>번호로 등록하는 것이다. 신율 명지대 정치외교학과 교수는 &quot;불특정 다수에 대한 <b>선거</b> 홍보 연락이 '공해'라는 비판은... ,https://n.news.naver.com/mnews/article/421/0007332460?sid=165,"Sat, 03 Feb 2024 07:00:00 +0900"
[광화문에서/김현지]딥페이크는 죄가 없다… 문제는 유통이다,중앙<b>선거</b>관리위원회는 딥페이크 영상을 이용한 <b>선거</b>운동을 금지하고 수십 명 규모의 특별 전담반을 꾸려... ‘<b>스팸</b> 위험’ 표시가 뜨는 전화번호에 대해 미리 조심하게 되는 것처럼 어떤 이미지가 딥페이크의... ,https://n.news.naver.com/mnews/article/020/0003545879?sid=110,"Wed, 31 Jan 2024 23:43:00 +0900"
[윤재우의 뉴미디어] 온·오프 일체화…'집단적 힘' 달라야,"콘텐츠를 공유 확산하는 경우에도 1인이 10곳에 공유확산하는 것은 주위를 귀찮게 하는 <b>스팸</b>이지만, 구성원... #본 기고는 온라인 뉴미디어 전략서 '비대면<b>선거</b>의 제왕'(2021년 10월 출간)에서 <b>선거</b> 관련 내용과 사례를... ",http://www.newsworks.co.kr/news/articleView.html?idxno=742048,"Wed, 31 Jan 2024 14:04:00 +0900"
민주당이 총선 패할 가능성이 큰 이유 세 가지,"<b>스팸</b> 가장 많이 보내는 나라는 튀니지. 12. 부동산 거래 절벽, 30% 줄었다. 13. 의원 없는 민생당에 보조금 40억... 계산으로 <b>선거</b>법을 개악하는 일을 멈춰야 한다&quot;고 주장했다. 다섯 가지 이유에서다. - 첫째, 표심을... ",https://n.news.naver.com/mnews/article/047/0002420638?sid=100,"Tue, 30 Jan 2024 11:03:00 +0900"
밤까지 계속되는 여론조사·<b>선거</b>운동 전화…안 받는 방법 없나요?,"연락 오는 후보들의 번호를 일일이 차단하거나, 후보들 문자에서 자주 볼 수 있는 '예비후보'·'무료수신거부' 등의 문구를 <b>스팸</b> 문구로 지정해 차단하는 방법 등이 있습니다. 또 <b>선거</b>운동 문자 하단에 '080'으로 시작하는... ",https://n.news.naver.com/mnews/article/437/0000377391?sid=100,"Mon, 29 Jan 2024 18:00:00 +0900"
'02 2128 8511' 번호 소름…여론조사 전화 차단 방법은?,"특히 2566명이 해당 번호를 '<b>스팸</b>'이라고 선택했다. 댓글 창에는 &quot;엄마보다 더 많이 전화함&quot; &quot;저녁 9시... 이동통신업계에 따르면 SK텔레콤, KT, LG U+ 등 통신 3사가 공직 <b>선거</b>법과 공직<b>선거</b> 관리 규칙에 따라 특정 정당... ",https://www.wikitree.co.kr/articles/922411,"Mon, 29 Jan 2024 14:58:00 +0900"
[기자24시] 정치혐오 부추기는 <b>선거</b>문자,"어쩌다 한국 정치가 <b>스팸</b>문자와 동급으로 취급받는 세상이 됐는지, 최근 <b>선거</b>운동 문자 행태를 취재하면서 다시 생각해보게 됐다. 무엇보다 한국 정치는 국민 말에 귀 기울이지 않는다. <b>선거</b>운동 문자가 공해가 된 것은... ",https://n.news.naver.com/mnews/article/009/0005251079?sid=110,"Sun, 28 Jan 2024 17:19:00 +0900"
[주간 서머리] 경제·산업계 &quot;갤럭시 S24 시리즈 사전판매 121만대...LG전...,지난 25일 농협중앙회와 중앙<b>선거</b>관리위원회 등에 따르면 전날 선출된 강호동 신임 농협중앙회장은 오는... '<b>스팸</b>'과 3종 이상의 인기 제품으로 구성한 'CJ 특별한 선택 N호(4만1230원)'와 'CJ 특별한 선택 스페셜 J호... ,http://www.asiaa.co.kr/news/articleView.html?idxno=156975,"Fri, 26 Jan 2024 17:02:00 +0900"
'내 번호 어떻게 알고?'…쏟아지는 <b>선거</b> 홍보 문자 처벌 못하나,A씨는 &quot;<b>선거</b> 때마다 문자가 오긴하지만 가끔 내 연락처를 어떻게 알고 보냈을까 싶긴하다&quot;고 말했다.#직장인 B씨도 <b>선거</b>를 앞두고 최근 홍보나 <b>스팸</b>으로 의심되는 전화는 아예 받지 않고 있다. B씨는 &quot;근무시간에... ,https://www.asiatoday.co.kr/view.php?key=20240124010014798,"Fri, 26 Jan 2024 07:32:00 +0900"
"AI 위협, 현실이 된 美대선… ‘바이든 딥페이크 음성’ 유포",<b>스팸</b>전화 방지업체 ‘하이야’의 조너선 넬슨 이사는 경제매체 비즈니스 인사이더에 “AI로 합성한 자동음성 전화로 인해 전례 없이 거친 <b>선거</b>의 해가 될 것”이라고 전망했다. ● AI發 허위 정보 만연 땐 정치인들 악용... ,https://n.news.naver.com/mnews/article/020/0003544373?sid=104,"Wed, 24 Jan 2024 03:01:00 +0900"
&quot;투표하지마&quot;…바이든 목소리 흉내낸 AI콜 기승,11월 <b>선거</b>를 위해 한 표를 아끼는 것이 중요하다”고 말했다. <b>스팸</b> 전화 및 사기 전화 차단 앱 개발업체 노모로보의 최고경영자(CEO)인 애런 포스는 CNN과의 인터뷰에서 이 가짜 전화의 76%가 뉴햄프셔 거주자를... ,https://www.ajunews.com/view/20240123165908285,"Tue, 23 Jan 2024 17:56:00 +0900"
[2024 미국의 선택] 바이든 목소리 모방한 전화 &quot;공화당 경선에 투표 하...,"뉴햄프셔 시민에 무작위 전화 딥페이크 <b>선거</b>전 우려 현실로 24일 경선 결과 발표 촉각 &quot;(뉴햄프셔... CNN이 <b>스팸</b>전화 차단 업체인 노모로보 데이터를 분석한 결과, 이번 로보콜은 총 5000~2만5000건으로 추정된다. 또 전체... ",https://n.news.naver.com/mnews/article/009/0005249009?sid=104,"Tue, 23 Jan 2024 17:53:00 +0900"
AI 위협 현실화된 美대선…‘바이든 딥페이크 음성’ 유포,<b>스팸</b>전화 방지업체 ‘하이야’의 조나단 넬슨 이사는 경제매체 비즈니스 인사이더에 “AI로 합성한 자동음성 전화로 인해 전례 없이 거친 <b>선거</b>의 해가 될 것”이라고 전망했다. ● AI發허위 정보 만연 땐 정치인들 악용... ,https://n.news.naver.com/mnews/article/020/0003544332?sid=104,"Tue, 23 Jan 2024 16:56:00 +0900"
美 경선서 'AI 가짜 목소리' 첫 등장…'슈퍼 <b>선거</b>의 해' 전세계 주의보,전문가들은 가짜 AI 합성물이 <b>선거</b>판에 몰고올 후폭풍이 막강할 것으로 전망했다. <b>스팸</b>전화 방지업체 하이야의 기술 책임자인 조나단 넬슨은 이날 비즈니스 인사이더와의 인터뷰에서 지난 주말 바이든 사칭 전화를... ,https://n.news.naver.com/mnews/article/421/0007308268?sid=104,"Tue, 23 Jan 2024 13:27:00 +0900"
"'문자·전화 전쟁'에 허리 휘는 총선 후보들, 한 달 4500만~9000만원 소요","유권자들은 <b>스팸</b> 취급하지만, 예비후보들은 막대한 비용에 허리가 휩니다.&quot; 제22대 4·10 총선을 80여일... 현행 <b>선거</b>법상 허용된 <b>선거</b>운동 방법 중 대상자에게 직접적으로 전달할 수 있는 가장 효과적인 방법이 문자와... ",https://n.news.naver.com/mnews/article/002/0002316604?sid=102,"Mon, 22 Jan 2024 17:32:00 +0900"
1월 19일 모닝뉴스 헤드라인,"지난 대선의 <b>선거</b> 공약이었지만, 지금은 다음 대선에서 젊은 표심을 공략하기 위한 조치로 해석된다. 3.... 시도 때도 없이 걸려오는 자동 음성 <b>스팸</b> 전화와 로보콜로 많은 주민들이 고통을 받는 가운데, 롭 본타 CA주... ",https://www.radiokorea.com/news/article.php?uid=436451,"Sat, 20 Jan 2024 01:02:00 +0900"
"심철의 광주시의회 부의장, 공무원 대상 '양부남 지지' 문자 발송 논란",특히 <b>선거</b> 시즌에 무차별 발송되는 각 후보 캠프의 지지문자가 <b>스팸</b> 문자로 인식될 만큼 시민들의 피로감이 높은 데다 공직<b>선거</b>법상 공무원은 당내 경선운동이 금지되어 있는 데도 공무원을 대상으로 문자를 발송한 것은... ,https://n.news.naver.com/mnews/article/629/0000261401?sid=102,"Wed, 17 Jan 2024 15:43:00 +0900"
내 번호는 어떻게 알고? 짜증 유발하는 여론조사 무작위 전화,평소 <b>스팸</b> 전화라 생각하고 모르는 번호는 받지 않는 최 씨는 반복되는 전화를 받자마자 짜증이 났다.... 공식 <b>선거</b>법에 따르면 수신자 20명을 초과하는 단체 메시지는 <b>선거</b>마다 유권자 한 명당 8번까지 보낼 수 있다.... ,http://www.civicnews.com/news/articleView.html?idxno=36353,"Mon, 15 Jan 2024 18:50:00 +0900"
“수신차단 번호만 70개”...<b>선거</b>·스미싱 ‘문자’ 골칫덩이,A씨는 연이은 <b>스팸</b> 문자에 개인 정보가 어디까지 노출된 것인지 걱정이 됐다고 했다. A씨는 “그런 문자를... 국회의원 <b>선거</b>를 3개여월 앞두고 <b>선거</b> 출마 예정자의 홍보용 문자 메시지도 쏟아지고 있기 때문이다. 특히... ,https://n.news.naver.com/mnews/article/016/0002252240?sid=102,"Mon, 15 Jan 2024 11:15:00 +0900"
“수신 차단 번호만 70개 넘어”…<b>선거</b>·스미싱 등 ‘문자’ 골칫덩이 ...,A씨는 연이은 <b>스팸</b> 문자에 개인 정보가 어디까지 노출된 것인지 걱정이 됐다고 했다. A씨는 “그런 문자를... 국회의원 <b>선거</b>를 3개여월 앞두고 <b>선거</b> 출마 예정자의 홍보용 문자 메시지도 기승을 부리고 있기 때문이다.... ,https://n.news.naver.com/mnews/article/016/0002252084?sid=102,"Mon, 15 Jan 2024 09:36:00 +0900"
[사설]사회적 분열과 갈등을 봉합하는 후보에게 마음을 주자,이같은 상황에 최근 동남4군(충북 보은·옥천·영동·괴산)유권자들에게 상대방 후보를 비난하는 국제발신(<b>스팸</b>)문자가 발송되면서 아직도 국민을 봉으로 알면서 구시대적 정치산물이며 버려야할 <b>선거</b>전으로 전개되는 것... ,https://www.ccdn.co.kr/news/articleView.html?idxno=955327,"Sun, 14 Jan 2024 18:02:00 +0900"
[따져보니] 내 번호 어떻게 알았나…<b>선거</b> 전화·문자 막을 방법은?,후보들 문자에서 자주 나오는 단어를 <b>스팸</b> 문구로 설정하는 방법도 있고요. 번거롭더라도 매번 일일이 차단하거나 수신 거부 앱을 이용해 피하는 게 상책입니다. 불쾌한 문자나 전화 받으면 오히려 <b>선거</b>에 불리하지... ,https://n.news.naver.com/mnews/article/448/0000443431?sid=100,"Tue, 09 Jan 2024 21:40:00 +0900"
"짜증나, 내 폰번호 어떻게 알았지?…&quot;500원이면 입수합니다&quot; [<b>선거</b> 문자...","▶각 통신사에 요청해 여론조사 업체에 가상번호 제공을 거부하는 방법 ▶<b>선거</b> 홍보 문자에 반드시 포함되는 ‘무료수신거부’, ‘후보’ 등의 문자를 <b>스팸</b> 문구에 등록하는 방법 ▶<b>스팸</b> 전화 차단 애플리케이션을... ",https://n.news.naver.com/mnews/article/025/0003333847?sid=100,"Tue, 09 Jan 2024 05:00:00 +0900"
올해 사이버 위협 화두는 ‘생성AI’…모델 겨냥한 공격까지 등장?,또한 텍스트 작성과 입력을 자동화해 다양한 버전의 <b>스팸</b> 메일을 보내는 고전적인 수법의 피싱도 더... 이스트시큐리티는 미국을 포함한 70여개 국가의 <b>선거</b> 과정에서 결과 개입을 목적으로 하는 해킹 공격이 증가할... ,https://byline.network/?p=9004111222523351,"Tue, 02 Jan 2024 17:18:00 +0900"
"고학수 개인정보보호위원장 &quot;<b>선거</b>철 <b>스팸</b>문자, 중장기 대책 필요&quot;","고학수 개인정보보호위원장 &quot;<b>선거</b>철 <b>스팸</b>문자, 중장기 대책 필요&quot; 고학수(사진) 개인정보보호위원회 위원장이 “<b>선거</b>철이면 쏟아지는 유세 홍보 문자 메시지에 대해 중장기적인 대책이 필요할 것”이라고 말했다.26일... ",https://www.viva100.com/main/view.php?key=20231226010007877,"Tue, 26 Dec 2023 17:42:00 +0900"
"[기자수첩] 불붙은 정치테마주, 대주주 배불리기는 그만","'여의도 증권가에서 한동훈 테마주 분석 급등 예상 종목 추천', '이낙연 대장주 무료공개' 요즘 부쩍 늘어난 정치테마주 관련 <b>스팸</b> 문자를 볼 때면 <b>선거</b>가 다가왔음을 실감한다. 내년 4월 예정된 제22대 국회의원<b>선거</b>가... ",https://n.news.naver.com/mnews/article/417/0000971250?sid=101,"Tue, 26 Dec 2023 06:05:00 +0900"
"[생활경제 이슈] 글래드 호텔, ‘글래드 뉴이어 패키지’ 선보여 外","변화하는 시대 흐름과 트렌드에 맞춰 ‘짜파게티’, ‘<b>스팸</b>’, ‘곰표’ 등 여러 브랜드와의... ◆대구·경북 경찰, 총선 <b>선거</b>사범 수사전담팀 가동 대구·경북 경찰이 내년 4월 10일 실시되는 제22대 국회의원<b>선거</b>가... ",http://www.lawissue.co.kr/view.php?ud=202312121716348953204ead0791_12,"Tue, 12 Dec 2023 17:18:00 +0900"
"세종텔레콤 &quot;RCS <b>선거</b>문자, 발신자 신원보장…<b>스팸</b> 구분&quot;","문자 메시지 최신 표준인 RCS로 <b>선거</b>문자 발송이 가능해 진다. 세종텔레콤은 비즈메시징 플랫폼 '비즈... 이를 통해 <b>스팸</b>, 피싱 메시지와 구별할 수 있다. 카드형, 썸네일형 등 다양한 템플릿 제공을 제공하고 대용량... ",https://n.news.naver.com/mnews/article/003/0012262447?sid=105,"Tue, 12 Dec 2023 16:12:00 +0900"
"세종텔레콤, RCS 기능 고도화…&quot;공식 인증마크 달고 <b>선거</b>문자 가능&quot;","비즈 와이드샷 2.0버전에서 가장 주목할 점으로 RCS <b>선거</b>문자 전송 기능이 꼽힙니다. 내년 총선을 앞두고... <b>스팸</b>, 피싱 메시지와 확연하게 구별 가능한 것이죠. 또한 카드형, 썸네일형 등 다양한 템플릿 제공을 제공하고... ",http://www.newstomato.com/ReadNews.aspx?no=1212020&inflow=N,"Tue, 12 Dec 2023 15:38:00 +0900"
"‘<b>스팸</b> 오인’ 걱정 끝…세종텔레콤, 발신자·수신자 모두 만족 ‘와이...",애써 보낸 문자가 <b>스팸</b>이나 피싱으로 전락하면 발신자에게 손해다. 그 문자에 담긴 소중한 정보를... 비즈 와이드샷 2.0 버전에서 가장 주목할 점은 ‘RCS <b>선거</b>문자’ 전송 기능이다. 내년 총선을 앞두고 후보들의... ,https://n.news.naver.com/mnews/article/009/0005228852?sid=101,"Tue, 12 Dec 2023 15:07:00 +0900"
"세종텔레콤, RCS 기능 고도화한 '비즈 와이드샷 2.0' 출시","이를 통해 <b>스팸</b>, 피싱 메시지와 확연하게 구별 가능하다. 또한 카드형, 썸네일형 등 다양한 템플릿 제공을... 0 버전에서 가장 주목할 점은 'RCS <b>선거</b>문자' 전송 기능이다. 2024년 총선을 앞두고 후보들의 유세가... ",http://www.itdaily.kr/news/articleView.html?idxno=218777,"Tue, 12 Dec 2023 14:22:00 +0900"
"세종텔레콤, RCS 기능 고도화한 '와이드샷 2.0' 출시","비즈 와이드샷 2.0버전 가장 주목할 점은 'RCS(Rich Communication Service) <b>선거</b>문자' 전송 기능이다. 내년 총선을... 이를 통해 <b>스팸</b>, 피싱 메시지와 확연하게 구별 가능하다. 또한 카드형, 썸네일형 등 다양한 템플릿 제공을... ",https://www.ngetnews.com/news/articleView.html?idxno=428486,"Tue, 12 Dec 2023 13:04:00 +0900"
“<b>선거</b>유세용 문자기능 서비스 출격”…세종텔레콤,"‘RCS<b>선거</b>문자’ 기능이다. 이는 후보자의 SNS메시지 또는 톡 메시지를 유권자에게 직접 발송하는 것에 준하는 효과를 줄 수 있다. 공식 인증마크를 달고 전송되어 발신자 신원을 확실하게 보장해, <b>스팸</b> 혹은 피싱... ",https://n.news.naver.com/mnews/article/018/0005636342?sid=105,"Tue, 12 Dec 2023 13:01:00 +0900"
"[더벨]세종텔레콤, RCS 기능 고도화한 ‘와이드샷 2.0’ 출시","새롭게 출시된 비즈 와이드샷 2.0버전에서 가장 주목할 점은 ‘RCS <b>선거</b>문자’ 전송 기능이다. 내년 총선을... 이를 통해 <b>스팸</b>, 피싱 메시지와 확연하게 구별 가능하다. 또한, 카드형, 썸네일형 등 다양한 템플릿... ",https://www.thebell.co.kr/free/content/ArticleView.asp?key=202312121154560040103941,"Tue, 12 Dec 2023 12:32:00 +0900"
"세종텔레콤, RCS 기능 고도화 '와이드샷 2.0' 출시","비즈 와이드샷 2.0에서 가장 주목할 점은 'RCS <b>선거</b>문자' 전송 기능이다. 내년 총선을 앞두고 후보들의... 스마트 모듈 기반의 RCS 메시지는 공식 인증마크를 달고 전송돼 발신자의 신원을 확실하게 보장해 <b>스팸</b>, 피싱... ",https://www.datanet.co.kr/news/articleView.html?idxno=189492,"Tue, 12 Dec 2023 11:22:00 +0900"
"세종텔레콤, 메시징 플랫폼 '와이드샷 2.0' 출시…<b>선거</b>문자 특화",<b>스팸</b>·피싱 메시지와 정확한 구별 수신거부 목록 자동 필터링 아주경제=장하은 기자 lamen910@ajunews.com... 내년 총선에 맞춰 'RCS <b>선거</b>문자' 전송 기능도 갖췄다. 유권자에게 후보자 사회관계망서비스(SNS) 메시지 또는 톡... ,https://www.ajunews.com/view/20231212103908493,"Tue, 12 Dec 2023 11:16:00 +0900"
"세종텔레콤, RCS 기능 고도화한 '와이드샷 2.0' 출시","새롭게 출시된 비즈 와이드샷 2.0 버전에서 가장 주목할 점은 'RCS <b>선거</b>문자 전송 기능'이다. 이는 내년... 이를 통해 <b>스팸</b>, 피싱 메시지와 확연하게 구별 가능하며 카드형, 썸네일형 등 다양한 템플릿 제공을 제공하고... ",https://n.news.naver.com/mnews/article/138/0002162728?sid=105,"Tue, 12 Dec 2023 11:08:00 +0900"
"세종텔레콤, RCS 기능 고도화한 '와이드샷 2.0' 출시",세종텔레콤이 <b>스팸</b>·피싱의 우려가 없는 비즈메시징 플랫폼 '비즈 와이드샷' 2.0 버전을 출시했다. 비즈... 새 버전에서 가장 주목할 점은 'RCS <b>선거</b>문자' 전송 기능이다. 내년 총선을 앞두고 후보들의 유세가 시작되는... ,http://www.enewstoday.co.kr/news/articleView.html?idxno=2067283,"Tue, 12 Dec 2023 10:40:00 +0900"
"세종텔레콤, <b>선거</b>문자 지원 '비즈 와이드샷 2.0' 출시","새롭게 출시된 비즈 와이드샷 2.0버전에서 가장 주목할 점은 'RCS <b>선거</b>문자' 전송 기능이다. 내년 총선을... 이를 통해 <b>스팸</b>, 피싱 메시지와 확연하게 구별 가능하다. 또한 카드형, 썸네일형 등 다양한 템플릿 제공을... ",https://n.news.naver.com/mnews/article/030/0003164703?sid=105,"Tue, 12 Dec 2023 09:43:00 +0900"
"세종텔레콤, RCS 기능 고도화한 '비즈 와이드샷 2.0' 출시","0 버전에서 가장 주목할 점은 ‘RCS <b>선거</b>문자’ 전송 기능이다. 유권자에게 후보자의 SNS 메시지 또는 톡... 이를 통해 <b>스팸</b>, 피싱 메시지와 확연하게 구별 가능하다. 또한, 카드형, 썸네일형 등 다양한 템플릿 제공을... ",https://www.viva100.com/main/view.php?key=20231212010003299,"Tue, 12 Dec 2023 09:38:00 +0900"
세종텔레콤 '비즈 와이드샷 2.0' 출시… 총선 <b>선거</b>유세용 최적,"맞춰 'RCS <b>선거</b>문자' 전송 기능도 추가됐다. 스마트 모듈 기반의 RCS(Rich Communication Service) 메시지는 공식 인증마크를 달고 전송돼 발신자의 신원을 확실하게 보장한다. 이를 통해 <b>스팸</b>, 피싱 메시지와 확연하게 구별... ",https://www.newscj.com/news/articleView.html?idxno=3089809,"Tue, 12 Dec 2023 09:28:00 +0900"
"세종텔레콤, RCS 기능 고도화한 ‘와이드샷 2.0’ 출시","새롭게 출시된 비즈 와이드샷 2.0버전에서 가장 주목할 점은 ‘RCS <b>선거</b>문자’ 전송 기능이다. 내년 총선을... 이를 통해 <b>스팸</b>, 피싱 메시지와 확연하게 구별 가능하다. 또한, 카드형, 썸네일형 등 다양한 템플릿 제공을... ",https://www.etoday.co.kr/news/view/2310944,"Tue, 12 Dec 2023 09:22:00 +0900"
"&quot;총선 <b>선거</b>유세에 최적&quot;…세종텔레콤, ‘와이드샷 2.0' 출시","새롭게 출시된 비즈 와이드샷 2.0버전에서 가장 주목할 점은 ‘RCS <b>선거</b>문자’ 전송 기능이다. 내년 총선을... 이를 통해 <b>스팸</b>, 피싱 메시지와 확연하게 구별 가능하다. 또한, 카드형, 썸네일형 등 다양한 템플릿 제공을... ",https://www.ekn.kr/web/view.php?key=20231212010003139,"Tue, 12 Dec 2023 09:18:00 +0900"
&quot;문자메시지로 <b>선거</b>운동&quot;...세종텔레콤 비즈와이드샷 2.0 출시,"‘RCS <b>선거</b>문자’ 전송 기능을 갖춘 점이 눈길을 끈다. 내년 총선을 앞두고 후보들의 유세가 시작되는... 이를 통해 <b>스팸</b>, 피싱 메시지와 확연하게 구별 가능하다. 또한 카드형, 썸네일형 등 다양한 템플릿 제공을... ",https://n.news.naver.com/mnews/article/092/0002314586?sid=105,"Tue, 12 Dec 2023 09:09:00 +0900"
"세종텔레콤, RCS 기능 고도화한 ‘비즈 와이드샷 2.0’ 출시","비즈 와이드샷 2.0 버전의 가장 큰 특징은 ‘RCS <b>선거</b>문자’ 전송 기능이다. 내년 총선을 앞두고 후보들의... 이를 통해 <b>스팸</b>, 피싱 메시지와 확연하게 구별 가능하다. 또 카드형, 썸네일형 등 다양한 템플릿 제공을... ",https://www.ebn.co.kr/news/view/1604240/?sc=Naver,"Tue, 12 Dec 2023 08:54:00 +0900"
"세종텔레콤, <b>선거</b> 유세 최적 기능 강화한 '비즈 와이드샷 2.0' 출시","새롭게 출시된 비즈 와이드샷 2.0버전에서 가장 주목할 점은 ‘RCS <b>선거</b>문자’ 전송 기능이다. 내년 총선을... 이를 통해 <b>스팸</b>, 피싱 메시지와 확연하게 구별 가능하다. 또한 카드형, 썸네일형 등 다양한 템플릿 제공을... ",https://n.news.naver.com/mnews/article/014/0005113243?sid=105,"Tue, 12 Dec 2023 08:37:00 +0900"
"세종텔레콤, RCS 기능 고도화한 '와이드샷 2.0' 출시","새롭게 출시된 비즈 와이드샷 2.0버전에서 가장 주목할 점은 'RCS <b>선거</b>문자' 전송 기능이다. 내년 총선을... 이를 통해 <b>스팸</b>, 피싱 메시지와 확연하게 구별 가능하다. 또한, 카드형, 썸네일형 등 다양한 템플릿 제공을... ",https://www.cstimes.com/news/articleView.html?idxno=571477,"Tue, 12 Dec 2023 08:18:00 +0900"
"세종텔레콤, RCS 기능 고도화한 ‘와이드샷 2.0’ 출시","새롭게 출시된 비즈 와이드샷 2.0버전에서 가장 주목할 점은 ‘RCS <b>선거</b>문자’ 전송 기능이다. 내년 총선을... 이를 통해 <b>스팸</b>, 피싱 메시지와 확연하게 구별 가능하다. 또한 카드형, 썸네일형 등 다양한 템플릿 제공을... ",https://n.news.naver.com/mnews/article/277/0005353511?sid=101,"Tue, 12 Dec 2023 08:13:00 +0900"
"세종텔레콤, '와이드샷 2.0' 출시…RCS 기능 고도화","새롭게 출시된 비즈 와이드샷 2.0버전에서 가장 주목할 점은 'RCS <b>선거</b>문자' 전송 기능이다. 내년 총선을... 이를 통해 <b>스팸</b>, 피싱 메시지와 확연하게 구별 가능하다. 또한, 카드형, 썸네일형 등 다양한 템플릿 제공을... ",http://www.koit.co.kr/news/articleView.html?idxno=119100,"Tue, 12 Dec 2023 08:00:00 +0900"
"김건희와 윤석열, 누가 V1이고 누가 V2인가","&quot;<b>선거</b>는 안중에도 없습니까.&quot; 3. 지지율 32%인데 또 외국 방문. 4. &quot;류호정 나가달라&quot;, &quot;못 나간다.&quot; 5. 이낙연... - <b>스팸</b> 메일 분류 등은 '최소 위험' 등급이다. ▲   동명의 단편소설(1956, 필립 K. 딕)을 원작으로 한 영화... ",https://n.news.naver.com/mnews/article/047/0002415411?sid=100,"Mon, 11 Dec 2023 11:03:00 +0900"
[집중분석]문건대로 방송을 장악했던 '민주당판 하나회'의 후안무치,"부과처분, <b>스팸</b>‧보이스 피싱 등에 대한 규제 마비로 그 피해 역시 국민들이 떠안게 된다. 총선을 앞두고... 울산시장 <b>선거</b>개입 사건 ▶2022년 '대장동 게이트의 몸통은 윤석열' 가짜뉴스 사건 등 그간 숱한 <b>선거</b>공작을... ",https://www.thepublic.kr/news/articleView.html?idxno=210103,"Sat, 09 Dec 2023 10:20:00 +0900"
&lt;일요초대석&gt; 여전히 경찰 걱정하는 류삼영 전 총경,"내무부 장관이 경찰을 쥐고 흔들어 불법 <b>선거</b>, 고문 치사를 했다. 그러니 나중에 경찰이 정권과 한 몸이면 안... 가령 보이스 피싱 전화를 물어보거나, <b>스팸</b> 문자에 관해 물어보는 것 등이다. 정치 입문? “신중히 고민”... ",https://www.ilyosisa.co.kr/news/article.html?no=241708,"Fri, 08 Dec 2023 15:00:00 +0900"
“엮이면 상한가”…공매도 금지에 거품 커지는 ‘테마주’,<b>스팸</b>관여 과다종목으로 투자주의 종목으로 지정한 데 이어 투자경고 종목 지정을 예고했다. 이 같은 한 장관의 테마주 급등 현상을 두고 증권가에서는 우려의 목소리를 내고 있다. 정치 테마주는 매번 <b>선거</b>철이면... ,https://www.ebn.co.kr/news/view/1602998/?sc=Naver,"Mon, 04 Dec 2023 14:34:00 +0900"
이동관 탄핵 강행하려는 민주당…與 과방위 &quot;가짜뉴스 세력 비호하려는...,"부과처분, <b>스팸</b>‧보이스 피싱, 마약 등 각종 현안 처리가 지연되고 그 피해는 고스란히 국민이 떠안게 된다... 침해하거나 <b>선거</b> 결과에 심대한 영향을 끼치는 가짜뉴스를 제대로 근절할 수 없게 만드는 것&quot;이라고... ",https://www.thepublic.kr/news/articleView.html?idxno=209291,"Thu, 30 Nov 2023 18:18:00 +0900"
박성중 &quot;이동관 탄핵안 통과되면 '1인 비상체제'로 방통위 운영해야&quot;,"부과처분, <b>스팸</b>·보이스 피싱, 마약 등 각종 현안 처리가 지연되고 그 피해는 고스란히 국민이 떠안게 된다... 이는 노골적으로 뉴스타파 대선공작 같은 공익을 침해하거나 <b>선거</b> 결과에 심대한 영향을 끼치는 가짜뉴스를... ",http://www.newsworks.co.kr/news/articleView.html?idxno=734959,"Tue, 28 Nov 2023 11:56:00 +0900"
이동관 탄핵하겠다는 민주당…與 박성중 &quot;가짜뉴스 범람 초래할 반(反)...,"부과처분, <b>스팸</b>‧보이스 피싱, 마약 등 각종 현안 처리가 지연되고 그 피해는 고스란히 국민이 떠안게 된다... 침해하거나 <b>선거</b> 결과에 심대한 영향을 끼치는 가짜뉴스를 제대로 근절할 수 없게 만드는 것&quot;이라고 했다. 박... ",https://www.thepublic.kr/news/articleView.html?idxno=208943,"Tue, 28 Nov 2023 11:22:00 +0900"
탈진실 시대를 살아가기,곧바로 범죄조직의 보이스 피싱임을 눈치채고 <b>스팸</b> 메일로 신고하고 지웠다. 매월 두서너번씩 받아보는... 유력한 대통령 후보자가 그의 아들이 부정한 방법으로 병역의무를 기피했다는 가짜 뉴스 때문에 <b>선거</b>에... ,http://www.wsobi.com/news/articleView.html?idxno=222177,"Thu, 23 Nov 2023 14:16:00 +0900"
이동관 “총선까지 방통위 마비시키려 폭주…가짜 뉴스 방치가 탄핵 대...,“현재 할 수 있는 건 <b>선거</b>라는 민심의 탄핵뿐이다. 그래서 나는 요즘 87년 체제의 모순이 한꺼번에 폭발하고... <b>스팸</b>을 비롯한 방송통신 사업자의 부당행위를 규제하지 못하게 돼 국민 불편이 가중되는 문제도 있다.”... ,https://n.news.naver.com/mnews/article/023/0003800091?sid=110,"Mon, 20 Nov 2023 03:02:00 +0900"
PRCS전문기업 “빠른” 메시징서비스 지원 시작,"PRCS전문기업 “빠른”은 업계 최초 문자특허 11개를 소유, 마케팅시장에서 경쟁력을 확보로 <b>선거</b>전용... “RCS&quot; 서비스는 기존 문자와 달리 ‘알 수 없는 링크’없이 바로 연결되며, 대표이미지 전송으로 <b>스팸</b> 메세지... ",http://www.beyondpost.co.kr/view.php?ud=20231115110647912946a9e4dd7f_30,"Wed, 15 Nov 2023 11:12:00 +0900"
[윤종채의 무등을 바라보며]<b>선거</b>철마다 '을'의 호주머니 터는 정치인들...,정치인들의 출판기념회는 <b>선거</b>철이면 약방의 감초격이다. 스마트폰 등으로 온 사방에 날린 출판기념회 초대장과 문자는 <b>스팸</b>이다. 광주·전남지역에서도 총선 출마를 저울질하는 정치인들의 출판기념회가 봇물을 이루고... ,http://www.namdonews.com/news/articleView.html?idxno=747613,"Tue, 14 Nov 2023 17:02:00 +0900"
[사설] 또 불거진 中 해킹 의혹…총선 개입도 경계해야,"문재인 정부 때인 지난해 1월 외교부 <b>스팸</b>메일 차단 시스템에 저장된 4기가(GB) 분량의 파일이 외부에... 있으며, <b>선거</b>에 개입한다는 의심도 끊이지 않고 있다. 러시아의 2016년 및 2020년 미국 대선 개입은 공공연한 사실이다.... ",https://n.news.naver.com/mnews/article/015/0004912915?sid=110,"Sat, 11 Nov 2023 00:50:00 +0900"
"[사설] 해킹에 뚫린 문 정부 외교부, 사이버 방패 더 두텁게","외교부는 <b>스팸</b> 차단 시스템에 저장돼 있던 4기가바이트(GB) 분량의 파일이 유출된 것으로, 대부분이 개인... 평시에도 상대국의 <b>선거</b>나 여론 형성에 개입하는 일까지 잦아지고 있다. 미국은 이미 국가정보국(DNI) 산하에... ",https://n.news.naver.com/mnews/article/469/0000769530?sid=110,"Fri, 10 Nov 2023 04:31:00 +0900"
"[국회라이브1/정정당당] 김유정 &quot;이동관 방통위 반헙법 행위, 묵과 못 해...",경상도 사투리로 '그렇게 억울하면 <b>선거</b>에서 이겨라' 이렇게 얘기를 했어요. 민주당이 힘자랑하려는 건... '<b>스팸</b>'과 같이 통신 사업자들의 불법 행위를 다루기도 합니다. (김유정 전 의원께서) 정치적 부분만 말씀만 하는데... ,https://www.natv.go.kr/natv/news/newsView.do?newsId=507136,"Thu, 09 Nov 2023 15:20:00 +0900"
민주당 &quot;이동관 탄핵 공감대 이뤄져&quot;...국민의힘 &quot;방통위 식물부처 전락...,여기에 네이버 뉴스서비스 사실조사 후속 시정조치나 구글과 애플에 대한 인앱결제 강제조치 과징금 부과처분이나 <b>스팸</b>과 보이스피싱 등 민생 정책의 수립도 어렵다는 게 방통위의 설명입니다. 방통위 관계자는 &quot;<b>선거</b>를... ,https://n.news.naver.com/mnews/article/057/0001779457?sid=101,"Wed, 08 Nov 2023 19:25:00 +0900"
"자꾸 걸려오는 여론조사 전화, 내 번호 어떻게 알았을까",지지율 조사가 필요하거나 <b>선거</b>철을 앞두고 있을 때면 모르는 번호로 전화가 걸려오곤 한다. 심한 경우에는... 조사 기관이 무작위로 번호를 선정해 전화를 건 경우에는 <b>스팸</b>으로 걸어 놔야 차단할 수 있다．,https://n.news.naver.com/mnews/article/003/0012169567?sid=105,"Thu, 26 Oct 2023 06:31:00 +0900"
선관위의 '개인정보유출' 우려에 아직까지 '무대책'인 고학수 개인정보...,최근 국가정보원이 KISA(한국인터넷진흥원) 등과 함께 <b>선거</b>관리위원회 투·개표 시스템의 보안을 점검한 결과... 일각에서는 &quot;최근 개인정보가 심각하게 유출되어 과거에 비해 광고성 <b>스팸</b>문자와 <b>스팸</b>메일이 폭증했다.... ,http://www.fntoday.co.kr/news/articleView.html?idxno=304519,"Fri, 20 Oct 2023 10:12:00 +0900"
플래카드 정치 공해,"前시장과 前구청장, 혹은 지난 <b>선거</b>에서 낙선한 후보, 앞으로 정치에 뛰어들 각오를 다지는 어느 변호사나... 수신 거부도 되지 않은 <b>스팸</b> 문자를 대량으로 받는 느낌이다. 고맙긴 한데 이젠 지나치다 싶다. 플래카드 한... ",https://www.ccdailynews.com/news/articleView.html?idxno=2231649,"Thu, 05 Oct 2023 16:46:00 +0900"
[설왕설래] 차이나 게이트,메타는 이런 계정들을 ‘스패무플라주’(spamouflage·<b>스팸</b>과 위장의 합성어)라고 표현했다. 중국의 여론 조작... 중국 댓글부대가 국론 분열 및 <b>선거</b> 개입까지 감행하고 있다는 얘기까지 흘러나왔다. 수사에 착수했지만... ,https://n.news.naver.com/mnews/article/022/0003861090?sid=110,"Wed, 04 Oct 2023 00:12:00 +0900"
"[10분 뉴스정복] 납작 엎드린 네이버, 시키는대로 한다","<b>스팸</b> 20억 개 팔렸다. 14. 건강보험 재정 넉넉, 내년 보험료는 동결. 15. 10월19일부터 코로나 백신 무료 접종.... •    강서구청장 보궐 <b>선거</b>도 일단 민주당에 유리해졌다. 민주당 새 원내대표는 홍익표 •    1차 투표에서... ",https://n.news.naver.com/mnews/article/047/0002407822?sid=102,"Wed, 27 Sep 2023 10:09:00 +0900"
"벼랑 끝 반전, 이재명 구속 영장이 기각된 결정적인 이유: 슬로우레터 ...","광화문 군사 퍼레이드, 시민들 환호?<b>스팸</b> 20억 개 팔렸다.건강보험 재정 넉넉, 내년 보험료는 동결.... 강서구청장 보궐 <b>선거</b>도 일단 민주당에 유리해졌다. &quot;다시 뛰는 민주당&quot; 이재명 페이스북. 2022년 8월 28일. 민주당 새... ",https://slownews.kr/97373,"Wed, 27 Sep 2023 06:58:00 +0900"
머리에 불을 켜는 생각,분명 아이의 생일로 만든 끝 번호였건만 <b>스팸</b>문자가 왔다고 별스럽게 전화번호를 몇 차례 바꾼 터라 그 요망한 네 자리 조합이 끝끝내 떠오르지 않았다. 이 스마트한 세상에 역설적이게도 우리는 호모 사피엔스(Homo sapiens)... ,https://n.news.naver.com/mnews/article/011/0004241494?sid=110,"Fri, 22 Sep 2023 06:06:00 +0900"
"배한철 경북도의회 의장 &quot;지금 인사권 독립은 반쪽짜리, 진정한 독립 이...","앞으로 현실에 맞는 산사태 위험지역 지도 제작, 유수 지장목 제거, <b>스팸</b> 문자처럼 여겨지는 재난문자를 지역... 35명의 초선의원 중 최근 보궐<b>선거</b>로 들어오신 의원을 제외한 의원 34명이 1년 동안 72건의 조례를 대표발의... ",https://news.bbsi.co.kr/news/articleView.html?idxno=3123418,"Fri, 01 Sep 2023 10:00:00 +0900"
'김태우 출마' 바라보는 강서구의 시선,강서구 주민 이모(30)씨는 &quot;보궐<b>선거</b> 출마 예정자의 <b>스팸</b> 문자가 너무 많이 와서 차단했다&quot;며 &quot;누가 구청장이 되든 자리나 잘 지키고 있으면 좋겠다&quot;고 했다. 다른 주민 또한 &quot;보궐<b>선거</b> 하면 세금도 더 나간다&quot;며 &quot;처음부터... ,https://n.news.naver.com/mnews/article/053/0000038138?sid=100,"Sun, 27 Aug 2023 04:01:00 +0900"
[사사건건] 한 총리 담화 평가?…“사기당하고도 사기 당한지 몰라”,"이런 돈을 받고 그런 나라에 서버를 차려놓고 1, 2초에 한 번씩 클릭수를 계속 올리는 이런 일종의 <b>스팸</b>을... <b>선거</b>가 가까워져 오죠? 그리고 지금 부산이라는 좋은 지역에서 3선 하셨는데 윤석열 대통령 눈 밖에 날까 걱정을... ",https://n.news.naver.com/mnews/article/056/0011552142?sid=100,"Thu, 24 Aug 2023 16:15:00 +0900"
[브리핑G] 트위터가 X 되자…소셜플랫폼 시장은 격동중,최근 몇 년간 온라인에서의 허위조작정보 단속을 위해 노력해온 유튜브는 <b>선거</b>부정 콘텐츠 금지 정책을 최근... 트럼프 주변과 극우 정치·언론 쪽 인사들이 주류를 이룬 이 앱에는 정체가 의심스러운 <b>스팸</b>성 광고가 많다.... ,https://www.the-pr.co.kr/news/articleView.html?idxno=50426,"Fri, 11 Aug 2023 08:36:00 +0900"
[반갑다! 쉬운 우리말] ‘콜 포비아’를 해석하면 ‘통화 기피증’,"최근 몇 년간 대통령<b>선거</b>, 지방<b>선거</b> 등을 거치면서 여론조사 전화 지옥을 경험했을 겁니다. 지긋지긋하게... 등의 <b>스팸</b> 전화가 하루에도 몇 통씩 걸려오는 세상에 살게 됐습니다. 따라서 전화 자체를 꺼리게 되는 콜... ",https://n.news.naver.com/mnews/article/421/0006971048?sid=102,"Fri, 04 Aug 2023 09:00:00 +0900"
[청년발언대] 새로운 SNS '스레드' 열풍…부작용은 없을까?,"최근 SNS에는 다양한 가짜 뉴스가 많이 생겨났을 뿐만 아니라 <b>선거</b>, 정치와 관련해 많은 싸움이 일어나 SNS을... 또한 AI의 발달로 Chat GPT와 같은 프로그램을 누구나 사용할 수 있는 상황에서 누군가의 정보 도용, <b>스팸</b>성... ",https://www.youthdaily.co.kr/news/article.html?no=132871,"Sat, 29 Jul 2023 12:02:00 +0900"
트위터 '커뮤니티 노트' 실효성 의문 제기,일론 머스크와 트위터 [사진: 셔터스톡] 트위터의 '커뮤니티 노트' 기능이 트위터에서 만연한 <b>스팸</b>이나... 커뮤니티 노트 운영에 참여했던 니테시 파후자는 과거 미국 대통령 <b>선거</b>와 관련된 음모적 트윗이 수정되지 않았던... ,http://www.digitaltoday.co.kr/news/articleView.html?idxno=481730,"Thu, 13 Jul 2023 15:30:00 +0900"
AI가 만드는 뉴스 사이트 급증…광고 수익까지 올려,지난 4월 한 <b>스팸</b> 사이트는 이런 뉴스를 내걸었다. AI가 만든 가짜 뉴스였다. 5월에는 트위터 등 소셜... 특히 <b>선거</b>를 앞둔 나라들은 AI 위험에 이미 직면해 있다. 내년 11월 대선을 치르는 미국의 온라인 상에는 AI를... ,https://n.news.naver.com/mnews/article/018/0005523016?sid=105,"Tue, 04 Jul 2023 18:00:00 +0900"
"'마이너리티' 속 범죄 예측, 기술 있어도 안돼?[궁금한AI]",예를 들면 <b>선거</b>에서 유권자에게 영향을 미칠 수 있는 시스템이나 사용자에게 콘텐츠를 추천하는 4500만명... 이를테면 <b>스팸</b>필터 같은 것들이랄까요. 상황이 이렇다 보니 대부분의 생성형AI 시스템은 ‘고위험’ 분류에... ,https://n.news.naver.com/mnews/article/018/0005510647?sid=105,"Sat, 17 Jun 2023 10:01:00 +0900"
"논란의 선관위, '<b>선거</b>문자 민원' KISA에 떠넘겨",해킹·바이러스·불법<b>스팸</b>메일 등 개인정보침해 일반을 담당하는 침해신고센터에 <b>선거</b>문자 민원이 쇄도하니 행정력이 낭비되고 민원인 불편이 커졌다. KISA 관계자는 “수신 거부를 했음에도 <b>선거</b>문자를 보내거나... ,https://n.news.naver.com/mnews/article/022/0003823435?sid=100,"Thu, 15 Jun 2023 18:42:00 +0900"
&quot;존재감 알려라&quot; 총선 닥친 경남 의원들 입법 '활활',이른바 '부실 여론조사 관리감독 법안'인 여론조사관리감독법 제정안과 공직<b>선거</b>법 개정안... 등 <b>스팸</b> 문자 무차별 발신을 막을 '정보통신망법 개정안'을 발의했다. 국회 국토교통위원회 소속 민홍철(더불어민주당·김해... ,http://www.idomin.com/news/articleView.html?idxno=827406,"Wed, 14 Jun 2023 18:12:00 +0900"
"&quot;차단해도 다른 번호로 또 전화&quot;... 여론조사 공해, 손놓은 선관위",여론조사들의 <b>스팸</b> 같은 전화 남발로 받아야 할 전화를 받지 못하거나 시도 때도 없이 걸려오는 전화로... 18일 NGO저널에 따르면 최근 중앙<b>선거</b>관리위원회 중앙<b>선거</b>여론조사심의위원회(여심위) 관계자는 전화 인터뷰에서... ,http://www.meconomynews.com/news/articleView.html?idxno=77954,"Tue, 23 May 2023 07:00:00 +0900"
&quot;악플 이제 그만&quot;…네이버 '오픈톡' 실명 기반 본인확인제 적용,절대다수의 <b>스팸</b> 생성이 사전에 차단되는 것을 확인할 수 있었다&quot;고 설명했다. 어뷰징은 의도적으로 클릭 수를 늘리기 위한 조작 행위를 뜻한다. 네이버는 2020년 4월 2일 당시 국회의원 총<b>선거</b> 공식 <b>선거</b>기간에 맞춰 뉴스... ,https://www.goodnews1.com/news/articleView.html?idxno=421276,"Mon, 22 May 2023 16:10:00 +0900"
"네이버, '오픈톡'에 본인확인제 전면 도입",절대다수의 <b>스팸</b> 생성이 사전에 차단되는 것을 확인할 수 있었다&quot;고 설명했다. 어뷰징은 의도적으로 클릭 수를 늘리기 위한 조작 행위를 일컫는다. 네이버는 지난 2020년 4월 2일 국회의원 총<b>선거</b> 공식 <b>선거</b>기간에 맞춰... ,https://n.news.naver.com/mnews/article/031/0000747585?sid=105,"Sun, 21 May 2023 15:54:00 +0900"
"네이버, 방송·웹오리지널도 오픈톡 본인확인제 도입",절대다수의 <b>스팸</b> 생성이 사전에 차단되는 것을 확인할 수 있었다”고 설명했다. 어뷰징은 의도적으로 클릭 수를 늘리기 위한 조작 행위를 뜻한다. 네이버는 2020년 4월 2일 당시 국회의원 총<b>선거</b> 공식 <b>선거</b>기간에 맞춰 뉴스... ,https://n.news.naver.com/mnews/article/030/0003100990?sid=101,"Sun, 21 May 2023 15:05:00 +0900"
"네이버, 모든 '오픈톡'에 본인확인제 적용",절대다수의 <b>스팸</b> 생성이 사전에 차단되는 것을 확인할 수 있었다&quot;고 설명했다. 네이버는 2020년 4월 2일 당시 국회의원 총<b>선거</b> 공식 <b>선거</b>기간에 맞춰 뉴스 서비스 댓글에 본인확인제를 적용하기 시작해 현재까지... ,https://n.news.naver.com/mnews/article/079/0003772127?sid=105,"Sun, 21 May 2023 14:24:00 +0900"
"“책임감 있는 댓글 유도”…네이버, 오픈톡에 본인확인제 전면 도입",본인 확인 절차를 거친 이용자만 글을 쓸 수 있도록 해 무분별한 홍보나 <b>스팸</b> 메시지를 막을 계획이다. 21일... 네이버는 2020년 4월 제21대 국회의원 총<b>선거</b> 당시 공식 <b>선거</b>기간에 맞춰 뉴스 서비스 댓글에 본인확인제를 처음... ,https://n.news.naver.com/mnews/article/032/0003224786?sid=101,"Sun, 21 May 2023 14:14:00 +0900"
"네이버, ‘오픈톡’ 전체에 본인확인제 적용",절대다수의 <b>스팸</b> 생성이 사전에 차단되는 것을 확인할 수 있었다”고 설명했다. 네이버는 2020년 4월 2일 당시 국회의원 총<b>선거</b> 공식 <b>선거</b>기간에 맞춰 뉴스 서비스 댓글에 본인확인제를 적용하기 시작해 현재까지 유지하고... ,https://n.news.naver.com/mnews/article/016/0002146064?sid=101,"Sun, 21 May 2023 10:17:00 +0900"
"네이버, '개방형 채팅방' 전체에 본인확인제 적용",절대다수의 <b>스팸</b> 생성이 사전에 차단되는 것을 확인할 수 있었다&quot;고 설명했다. 어뷰징은 의도적으로 클릭 수를 늘리기 위한 조작 행위를 뜻한다. 네이버는 2020년 4월 2일 당시 국회의원 총<b>선거</b> 공식 <b>선거</b>기간에 맞춰 뉴스... ,https://n.news.naver.com/mnews/article/001/0013954311?sid=105,"Sun, 21 May 2023 09:27:00 +0900"
"여심위, <b>선거</b>여론조사기관 등록·유지요건·제재 조치 강화 '추진'","중앙<b>선거</b>여론조사심의위원회(여심위)는 <b>선거</b>여론조사기관 등록·유지요건 강화를 하기로 했다. 불법... 또 응답률 저하는 여론조사 참여 기피, 스마트폰 <b>스팸</b> 차단 기능 대중화 등 복합적 요인의 세계적 추세이므로 특정... ",https://n.news.naver.com/mnews/article/003/0011862611?sid=100,"Tue, 16 May 2023 20:03:00 +0900"
[윤재우의 비대면 <b>선거</b>의 제왕 #61] 친근하게 구성원들과 소통하는 것을...,비대면 언택트에서 <b>스팸</b>으로 간주하면 쉽게 차단하는 기능이 모든 뉴미디어에 갖추어져 있다. 아무리 좋은... 비대면 <b>선거</b> 승리의 시작이 네트워크 구성원들에게서 출발이 됨을 잊지말아야 한다. 친근한 첫인상의 시작도... ,https://www.nbntv.kr/news/articleView.html?idxno=301103,"Tue, 09 May 2023 06:06:00 +0900"
[정진영의 B컷] ‘길복순’과 변성현 다시 보기,"(설경구)과 <b>선거</b> 전략가 서창대(이선균), ‘길복순’은 킬러 생활을 은퇴하느냐 마느냐의 기로에 선... 어쩐지 자신과 닮은 것 같은 딸의 가방에서 담배 말보로 레드가 나오면 기겁을 하고, <b>스팸</b>을 집어먹는 딸 앞에 억지로... ",https://m.entertain.naver.com/article/241/0003273814,"Sun, 07 May 2023 09:00:00 +0900"
"여심위, <b>선거</b> 여론조사 제도개선 공청회 국회서 개최","그러면서 &quot;응답률 저하는 여론조사 참여 기피, 스마트폰 <b>스팸</b> 차단 기능 대중화, 뉴스 속보성에 따른 의뢰자의 단기간 조사 요구, 현실화되지 못한 조사 비용 등 열악한 조사환경의 영향이 크다&quot;며 &quot;또한 <b>선거</b>의 종류... ",https://www.polinews.co.kr/news/articleView.html?idxno=609067,"Fri, 05 May 2023 11:55:00 +0900"
MS와 구글의 외침 &quot;AI 안정성에 대한 우려 있어&quot;,"그는 &quot;AI의 악용은 <b>스팸</b>메일을 보내는 사람들, <b>선거</b>를 조작하려는 사람들 등의 손에 많은 피해를 줄 수 있다&quot;고 우려했다. MS는 AI의 장점에 초점을 맞추고 있다. AI를 사회에 가져오기 위해 발전시키고자 노력 중인... ",http://www.fortunekorea.co.kr/news/articleView.html?idxno=27828,"Thu, 04 May 2023 15:18:00 +0900"
"&quot;AI, 악당이 분명 사용&quot; MS 이코노미스트 규제 필요성 강조",쉬와즈 수석은 &quot;<b>스팸</b>을 뿌리는 범죄자가 이용하거나 <b>선거</b> 등을 조작하려는 인사들로 인해 큰 피해가 발생할 수 있다&quot;면서 &quot;다른 기술과 마찬가지로 이 기술(AI)의 안전성에 대해 많은 걱정을 해야 한다&quot;고 말했다. 다만... ,https://n.news.naver.com/mnews/article/277/0005254704?sid=101,"Thu, 04 May 2023 10:06:00 +0900"
MS 경제학자 &quot;AI가 <b>스팸</b>·<b>선거</b>조작 등 실제 피해 줄 수 있어&quot;,"마이크로소프트의 수석 경제학자인 마이클 슈워츠는 3일(현지시간) “AI는 <b>스팸</b> 발송, <b>선거</b> 조작 세력 등 가까운 시일 내 실질적인 피해를 줄 수 있다”고 경고했다. 이 날 세계 경제 포럼에서 슈바르츠는 인공 지능의... ",https://n.news.naver.com/mnews/article/015/0004840681?sid=101,"Wed, 03 May 2023 20:19:00 +0900"
트위터 '인증 배지' 유료화에 미국 언론 집단 반발,"계정과 <b>스팸</b> 봇 문제가 있으며, 보안 문제와 결함 및 버그가 쌓이고 있다고 비판했다. 유료 인증을 거부하는... 트위터가 혐오 발언, <b>선거</b> 개입과 잘못된 정보를 확산하는 기폭제가 되어서는 안 된다.&quot;라는 서한을 보냈다.... ",http://www.ekoreanews.co.kr/news/articleView.html?idxno=66201,"Tue, 04 Apr 2023 13:50:00 +0900"
[윤재우의 비대면 <b>선거</b>의 제왕 #56] 중도층 국민들로부터 관심과 지지를...,비대면 정치와 <b>선거</b>에서 지금까지 팬덤문화가 공유와 확산의 중심에 서 있었으며 팬덤들은 자신이 좋아하는... 그렇지 않으면 국민들은 편가르기 팬덤의 부산물로 인식하여 아예 공유된 콘텐츠를 <b>스팸</b>으로 처리하여... ,https://www.nbntv.kr/news/articleView.html?idxno=300229,"Tue, 04 Apr 2023 06:02:00 +0900"
NYT &quot;AI가 <b>선거</b>판을 투기장으로 만들 수 있다&quot;,"오픈 AI사는 지난해 가을 “<b>선거</b> 활동, 성인물, <b>스팸</b>, 증오” 등을 허용하지 않도록 했다고 밝혔다. 최근에는 “<b>선거</b> 자료를 대규모로 생성하는 것”을 금지했다. 음성합성 AI를 사용해 바이든 대통령이 부르는 노래를... ",https://n.news.naver.com/mnews/article/003/0011770116?sid=104,"Wed, 29 Mar 2023 10:58:00 +0900"
[윤재우의 비대면 <b>선거</b>의 제왕 #54] 민생과 관련된 '개혁'과 '안정성'의...,◇ 중도층 지향 비대면 <b>선거</b>에서 당론을 강조하여 지지자들이 선호하는 이야기를 할 것인지 아니면 상식과... 비대면 플랫폼은 싫어하거나 관심없는 내용을 차단하는 <b>스팸</b>차단 기능을 모두 갖추고 있다. 지지층 위주의... ,https://www.nbntv.kr/news/articleView.html?idxno=299827,"Fri, 24 Mar 2023 06:02:00 +0900"
"구글에 한방 먹인 '챗GPT', 다음 공격 타깃은 자기 자신?",이들은 앞서 언급한 <b>스팸</b> 사이트 등의 증가로 이어지고 있다. BBC는 &quot;챗GPT 등 자연어 생성 AI는 가짜 뉴스 생성을 위한 유용한 도구&quot;라고 지적했다. 이들은 지난 2016년 미국 대통령 <b>선거</b>에서 '조직적인 가짜 뉴스 유포'가... ,http://www.g-enews.com/ko-kr/news/article/news_all/202303151654046242c5fa75ef86_1/article.html,"Wed, 15 Mar 2023 17:26:00 +0900"
[인터뷰]정원오 성동구청장 “주차안심번호 서비스 주민 민원서 시작”,"정 구청장은 지난 2015년 지방<b>선거</b> 때 자신의 전화번호를 공개했다. 내 주변에 일어난, 구에서 해결해야 할... 또 안심번호가 무단 수집돼도 <b>스팸</b>·광고 문자가 수신되지 않는다. 정 구청장은 “모든 답은 현장에 있다.... ",https://n.news.naver.com/mnews/article/277/0005224089?sid=102,"Tue, 28 Feb 2023 08:34:00 +0900"
"트위터: 다시 확산되는 <b>선거</b> 불복, 안티 백신, 여성 혐오: 혐오표현자와...",지난 11월에는 &quot;법을 어기거나 심각한 <b>스팸</b> 사건에 연루되지 않은&quot; 정지 계정에 대한 잠김 해제 조치를... 270여 개 계정에서 주로 <b>선거</b>와 코로나19 백신에 대한 허위 정보를 확산시켰다. 그러나 그런 콘텐츠가 모두 트위터... ,https://www.bbc.com/korean/international-64700998?xtor=AL-73-%5Bpartner%5D-%5Bnaver%5D-%5Bheadline%5D-%5Bkorean%5D-%5Bbizdev%5D-%5Bisapi%5D,"Mon, 20 Feb 2023 11:04:00 +0900"
"슈퍼맨·파워텔레콤, 업계 최대 빠른 문자 서비스 선보여..'문자 관련 특...","또 <b>스팸</b>인식률 저하와 스미싱 사고 예방을 사전에 방지할 수 있다. 또 RCS 장점으로 오픈율이 일반... 현재 <b>선거</b>, 관공서, 병원, 기업, 종교단체, 개인사업 등에서 홍보 마케팅으로 쓰이고 있다. 아울러 기업은 전단지... ",https://www.onews.tv/news/articleView.html?idxno=154588,"Wed, 15 Feb 2023 07:40:00 +0900"
[조간브리핑]'균형발전 핵심은 교육'···대학지원 예산 2조원 지자체로,"챗GPT가 학생들 숙제를 대신하거나 인터넷에서 <b>스팸</b>메일을 만드는 데 쓰일 수 있다는 비판이 나오고 저작권... 미국의 미디어는 좌파와 우파(CNN 대 폭스)로 확연히 양분되었고, 최근 보수 언론의 급진화가 <b>선거</b> 과정에... ",http://www.hellodd.com/news/articleView.html?idxno=99445,"Thu, 02 Feb 2023 09:48:00 +0900"
압승? 접전?... 김기현 vs 안철수 여론조사 들쭉날쭉 이유는,"이번 당대표 <b>선거</b>는 '책임당원 100%'로 치러져 앞으로도 여론조사로는 실제 결과를 예측하기 어렵다는... 한국갤럽은 &quot;ARS 조사는 기계음을 듣고 번호를 누르는 방식으로 진행돼 <b>스팸</b>, 텔레마케팅으로 오인되기 쉽다.... ",https://n.news.naver.com/mnews/article/469/0000721280?sid=100,"Thu, 02 Feb 2023 04:31:00 +0900"
“저만 믿으시면 수익률 400%”… 투자자 낚는 낚시성 <b>스팸</b> 문자 급증,하지만 이 문자는 주식 투자 전문가를 사칭한 ‘<b>스팸</b> 문자’였다. 23일 한국거래소가 국회 정무위원회... <b>선거</b>가 다가오면 ‘A회사의 사외이사가 유력 대선 후보와 같은 대학교 출신이다’ ‘B회사의 대표가 대선... ,https://n.news.naver.com/mnews/article/023/0003742047?sid=101,"Mon, 23 Jan 2023 18:01:00 +0900"
[미리보는 이데일리 신문]고금리 그늘…빚 못갚아 경매 넘긴 집 20% 급증,"‘갤S23’부터 <b>스팸</b>신고 편해진다 △큰손들 내년 투자전략은 - “채권으로 높은 이자 챙기고, 대체투자로... 회장 <b>선거</b> 투명·공정하게 준비” - 국외소재문화재재단 신임 사무총장에 곽창용 △오피니언 - &lt;목멱칼럼... ",https://n.news.naver.com/mnews/article/018/0005390129?sid=100,"Mon, 19 Dec 2022 22:50:00 +0900"
[중앙 칼럼] 조 바이든의 묘한 웃음,"그런 바이든은 놀랍게도 이번 중간<b>선거</b>에서 ‘민주당 필패’라는 예상을 뒤엎고 또 한 번 웃었다. 바이든의... <b>스팸</b>이나 악성 소프트웨어, 트위터 규정 위반 같은 거…이상적이진 않지만, 지금은 그 방법밖에 없어요.”... ",https://news.koreadaily.com/2022/12/18/society/opinion/20221218162728666.html,"Mon, 19 Dec 2022 09:28:00 +0900"
국힘의 여론조사 규제에 찬성합니다!,각종 정치 현안에 관한 여론조사도 중앙<b>선거</b>관리위원회 제재를 받을 수 있도록 하는 공직<b>선거</b>법 개정안을... 여론조사 전화가 걸려오면 <b>스팸</b>전화라고 생각해서 끊는 게 현실이다. 우편조사는 당최 내 인생에서 본 적도... ,https://n.news.naver.com/mnews/article/028/0002619240?sid=110,"Wed, 14 Dec 2022 20:21:00 +0900"
충남대 교수회장 <b>선거</b> 차질 빚어 논란,"끝에 <b>선거</b>시스템 위탁 운영업체 측이 회원들의 투표가 일부 누락된 사실을 확인해 재투표를 진행 한 것. 이에 대해 유성 선관위 관계자는 &quot;통신사의 장애나 핸드폰 전원이 꺼져 있는 경우, <b>스팸</b>설정, 음영지역 이탈 등으로... ",http://www.joongdo.co.kr/web/view.php?key=20221214010003856,"Wed, 14 Dec 2022 16:34:00 +0900"
"인도 <b>선거</b> 유세 운동, 왓츠앱 <b>스팸</b> 콘텐츠 유포 작전으로 변질...전문가...",해외 테크 매체 레스트 오브 월드가 이달 초 진행된 인도 구자라트주 <b>선거</b> 유세 운동 과정이 왓츠앱 <b>스팸</b> 전쟁이 되었다고 보도했다. 매체는 인도 정당 BJP(Bharatiya Janata Party)의 정보통신 및 소셜미디어부 조력자인... ,https://cwn.kr/article/179565092309583,"Tue, 13 Dec 2022 18:30:00 +0900"
"머스크 인수 한 달…트위터, 연결 대신 ‘유해한 말’이 쌓여간다","머스크는 11월8일 미국 중간<b>선거</b>를 앞두고 공화당을 지지하는 트위트를 올려 논란이 됐다. 머스크는 트위터... 게시물, <b>스팸</b>, 포르노그래피, 괴롭힘, 신상털기, 폭력 선동으로 넘쳐나게 된다”고 전했다. 해방된 새가... ",https://n.news.naver.com/mnews/article/028/0002617956?sid=104,"Tue, 06 Dec 2022 07:03:00 +0900"
[김대호 박사의 오늘 기업·사람] SK실트론·현대차·애플·테슬라·트위...,"중간<b>선거</b> 이후 첫번째 산업현장 방문인데요. 이 소식부터 살펴보겠습니다. 박사님, 바이든 대통령이 지난... 검색하면 <b>스팸</b>·포르노로 연결 - 우루무치 화재 사고 이후 시위 관련 검색 사실상 불가 - 中 당국, 봇 계정... ",https://n.news.naver.com/mnews/article/374/0000312500?sid=101,"Wed, 30 Nov 2022 08:21:00 +0900"
"시·군체육회, 경기도체육회장 <b>선거</b> 예비 <b>선거</b>인단 '임의배정' 문제 제...",와서 <b>스팸</b> 문자인줄 알고 답장하지 않았다”고 전했다. 이 관계자는 “지난 민선 1기 체육회장 <b>선거</b>때는 중복 제출된 사람이 있으면 전화로 문의가 오고 통화 내용을 녹음한다는 안내를 받았다”며 “밤 늦은 시간 문자를... ,https://www.kgnews.co.kr/news/article.html?no=727586,"Tue, 29 Nov 2022 20:02:00 +0900"
&quot;에너지도 과식하셨나요?&quot; [기고],"<b>선거</b>철에 나올 만한 문구도 눈에 띈다 '뽑아주십시오! 기호 1번 콘센트'. 때로는 시 운율로 표현하기도 한다... 흑역사가 담긴 이메일을 지우거나 <b>스팸</b>메일 정리하고, 영화관 에티켓을 지키려 휴대폰 전원을 끄고, 눈 건강을... ",https://n.news.naver.com/mnews/article/008/0004821535?sid=101,"Thu, 24 Nov 2022 05:50:00 +0900"
"“민심은 천심” 머스크, 트럼프 트위터 계정 복원한다","머스크는 지난 5월 &quot;영구적인 금지는 극히 제한돼야 하며 봇이나 <b>스팸</b>, 사기 계정에 남겨둬야 한다.... 일론 머스크는 지난 8일 치러진 미국 중간<b>선거</b>를 하루 앞두고 공화당에 대한 투표를 공개적으로 독려하기도 해... ",https://n.news.naver.com/mnews/article/310/0000101733?sid=104,"Sun, 20 Nov 2022 12:09:00 +0900"
"트위터 인수한 머스크, ‘트럼프 계정 복원’ 투표 부쳐","머스크는 “영구적인 금지는 극히 제한돼야 하며 봇이나 <b>스팸</b>, 사기 계정에 남겨둬야 한다”며 “트럼프... 트럼프 전 대통령의 지지자들이 대통령<b>선거</b> 결과에 불복해 일으킨 폭동으로 여러 명이 숨졌다. 트위터는 1·6... ",https://n.news.naver.com/mnews/article/021/0002542217?sid=104,"Sat, 19 Nov 2022 21:19:00 +0900"
트위터로 슈퍼앱 ‘X’ 지향하는 일론 머스크,논란의 트위터 새 수장 머스크는 또 미국 중간<b>선거</b>를 앞두고 공화당에 투표를 촉구하는 글을 트위터에 올려... 트위터 인수 계획을 처음 내비쳤을 때부터 그는 <b>스팸</b> 계정을 정리하고 언론의 자유를 위한 플랫폼으로... ,https://n.news.naver.com/mnews/article/037/0000031648?sid=101,"Tue, 15 Nov 2022 10:02:00 +0900"
머스크의 트위터 인수가 M&amp;A 시장에 끼치는 악영향,머스크는 트위터가 가짜 계정과 <b>스팸</b> 계정 등의 정보를 제공하는 것을 거절한 것이 인수 포기의 주된... 급기야 머스크는 미국 중간<b>선거</b>를 하루 앞둔 7일(현지 시각) 특정 정당에 가입돼 있지 않은 무소속 유권자들을 향해... ,https://n.news.naver.com/mnews/article/018/0005365371?sid=101,"Sat, 12 Nov 2022 10:01:00 +0900"
[취재수첩] 36.5℃ 경산시,"쌈장, <b>스팸</b>, 컵라면, 부대찌개, 사골곰탕과 함께 붉게 익은 감까지 먹거리가 칸칸이 들어있다.코로나19의... 조현일 경산시장이 지난 지방<b>선거</b> 때 재난지원금을 약속해 1인당 20만원씩을 지급할 만큼 코로나로 인한... ",https://www.yeongnam.com/web/view.php?key=20221109010001144,"Thu, 10 Nov 2022 06:50:00 +0900"
"가짜뉴스·음모론에 오염... 미 중간<b>선거</b>, 끝나면 더 시끄러워진다",싱크탱크 미국진보센터(CAP)는 &quot;<b>선거</b> 이후 가짜뉴스는 지속될 뿐 아니라 변화하고 악화하기 때문에 경계를 늦춰선 안 된다&quot;고 했다. 러시아와 연계된 봇(bot·<b>스팸</b> 자동 발송 소프트웨어)들이 SNS에서 우크라이나 지원의... ,https://n.news.naver.com/mnews/article/469/0000706529?sid=104,"Wed, 09 Nov 2022 04:31:00 +0900"
"'이메일 지우기'…초선 김해시의원들, 탄소 중립 운동 동참",이들은 올해 6.1 지방<b>선거</b>에 당선된 국민의힘 소속 초선 의원들로 7월부터 매달 첫째주 이 같은 캠페인을 벌이고 있다. 이들은 &quot;이메일을 보내고 저장되는 데 이산화탄소와 전기가 많이 쓰인다&quot;며 &quot;<b>스팸</b> 등 불필요한... ,https://n.news.naver.com/mnews/article/079/0003704094?sid=102,"Mon, 07 Nov 2022 11:33:00 +0900"
[윤재우의 비대면 <b>선거</b>의 제왕 #37] 승리를 가져오는 결정적 요인은 공...,"◇ 반복적 습관화 비대면 언택트에서 반복적인 작은 습관화는 <b>선거</b>라는 전쟁에서 승부를 가르는 결정적인... 구성원 1인이 10곳에 공유확산하는 것은 주위를 귀찮게 하는 <b>스팸</b>이지만, 구성원 10인이 각자 1곳에... ",https://www.nbntv.kr/news/articleView.html?idxno=291241,"Tue, 01 Nov 2022 06:02:00 +0900"
머스크의 트위터 인수 대선까지 영향 미칠까,당시 머스크 측 변호인단은 <b>스팸</b>(가짜) 계정이 계약의 해지 사유인 ‘중대한 부정적 영향’에 해당한다고... 2024년 대선은 머스크 <b>선거</b>가 될 수도 있다”라고 우려했다. 머스크가 표현의 자유를 명목으로 양극화와 혐오... ,https://n.news.naver.com/mnews/article/308/0000031669?sid=104,"Sat, 29 Oct 2022 08:29:00 +0900"
"머스크, 반년 만에 트위터 인수 완료…“풀려난” 파랑새의 운명은?",이후 표현의 자유 정책을 두고 트위터 경영진과 이견을 빚다가 지난 7월에는 트위터가 <b>스팸</b> 계정 비율을... 이달 말 브라질의 대통령 <b>선거</b>와 다음 달 미국 중간<b>선거</b>에서 머스크 체제의 트위터가 어떤 영향력을... ,https://n.news.naver.com/mnews/article/032/0003182575?sid=104,"Fri, 28 Oct 2022 15:10:00 +0900"
"3분기 GDP 2.6%/두 분기만에 마이너스 탈출/공화당, 구글 상대 소송/<b>선거</b>...",공화당이 구글을 상대로 최근에 소송을 제기한 것으로 나타나 관심을 모으고 있는데 구글이 공화당 11월 중간<b>선거</b> 캠페인 이메일을 <b>스팸</b>으로 분류했다는 것이 이유다. 공화당은 구글이 정치 성향을 이유로 자신들을... ,https://www.radiokorea.com/news/article.php?uid=400801,"Fri, 28 Oct 2022 00:56:00 +0900"
"파워텔레콤, AI 문자 서비스 확대…&quot;고객 맞춤형으로 자동 발송&quot;","현재 <b>선거</b>, 관공서, 병원, 마트, 기업, 종교단체, 후원단체, 개인사업 등에서 홍보 마케팅으로 쓰이고... 기업의 <b>스팸</b>이미지 차단 △보이스피싱 예방 등을 통한 문자 발송 등의 특징을 지녔다. 기업은 전단지 발송... ",https://n.news.naver.com/mnews/article/011/0004114244?sid=105,"Tue, 25 Oct 2022 14:20:00 +0900"
[DD 퇴근길] 마약 대금 자금세탁으로 자리잡은 가상자산?,"구글이 의도적으로 RNC에서 발송한 메일을 <b>스팸</b>메일로 구분했다는 주장입니다. RNC는 “<b>선거</b> 기금 마련과 커뮤니티 구축에 있어 중요한 시점, 구글은 RNC가 기부자와 지지자에게 보낸 이메일을 <b>스팸</b> 폴더로 분류했다”고... ",https://n.news.naver.com/mnews/article/138/0002135302?sid=105,"Mon, 24 Oct 2022 17:15:00 +0900"
"구글, 정치단체 메일 <b>스팸</b> 분류 의혹에 “사실무근” 반박","구글이 의도적으로 RNC에서 발송한 메일을 <b>스팸</b>메일로 구분했다는 주장이다. RNC는 “<b>선거</b> 기금 마련과 커뮤니티 구축에 있어 중요한 시점, 구글은 RNC가 기부자와 지지자에게 보낸 이메일을 <b>스팸</b> 폴더로 분류했다”고... ",https://n.news.naver.com/mnews/article/138/0002135266?sid=105,"Mon, 24 Oct 2022 11:18:00 +0900"
"美 공화당, 구글에 소송 제기…&quot;<b>선거</b> 이메일 <b>스팸</b> 분류해 차별&quot;","소장에 따르면 RNC는 구글이 <b>선거</b>운동 이메일을 <b>스팸</b>으로 분류하면서 유권자와의 소통이 단절, 약 7만5000달러의 손실을 입었다고 주장했다. RNC는 몇 개월 전부터 &quot;구글 이메일의 <b>스팸</b> 필터가 편향돼 있다&quot;며 불만을... ",https://n.news.naver.com/mnews/article/293/0000041148?sid=105,"Mon, 24 Oct 2022 10:11:00 +0900"
美 공화당 &quot;<b>선거</b>운동 이메일 <b>스팸</b>으로 분류&quot;…구글에 소송,미국 공화당이 &quot;<b>선거</b>메일을 고의로 <b>스팸</b>으로 분류했다&quot;며 구글에 대해 소송을 제기했습니다. 현지시간 22일 외신에 따르면 미국 공화당전국위원회는 소장을 통해 &quot;<b>선거</b>자금 모금과 지지층 확보에 매우 중요한 시기에... ,https://n.news.naver.com/mnews/article/374/0000307444?sid=101,"Mon, 24 Oct 2022 05:12:00 +0900"
[글로벌 비즈 브리핑] 샌프란 연은총재 &quot;단계적 축소 논해야&quot;...속도조절...,"&quot;<b>선거</b>운동 이메일 <b>스팸</b>으로 분류&quot; ▲애플 하드웨어 디자이너, 3년만에 회사 떠난다 샌프란 연은총재 &quot;단계적 축소 논해야&quot;...속도조절론 부상 미국 중앙은행인 연방준비제도(Fed·연준)에서 금리인상 속도조절론이... ",https://n.news.naver.com/mnews/article/374/0000307437?sid=101,"Mon, 24 Oct 2022 04:16:00 +0900"
"美공화당, 구글에 소송…&quot;<b>선거</b>운동 이메일 <b>스팸</b>으로 분류&quot;",[AP 연합뉴스 자료사진] 미국 공화당전국위원회(RNC)가 구글을 상대로 공화당이 발송한 <b>선거</b>운동 이메일을 고의로 <b>스팸</b>으로 분류했다며 소송을 제기했다. 22일(현지시간) AP와 로이터통신 등에 따르면 RNC는 전날... ,https://www.jeonmae.co.kr/news/articleView.html?idxno=919855,"Sun, 23 Oct 2022 10:54:00 +0900"
“<b>선거</b>운동 메일이 <b>스팸</b>?”...포털이 정치에 영향을 미치는 법,미국 공화당이 발송한 <b>선거</b>운동 이메일을 구글이 고의로 <b>스팸</b>으로 분류했다는 주장이 제기됐다. 미국 공화당전국위원회(RNC)는 이같이 주장하며 구글을 상대로 소송을 걸었다. 22일(현지시간) AP와 로이터통신 등에... ,https://n.news.naver.com/mnews/article/021/0002537308?sid=104,"Sun, 23 Oct 2022 10:34:00 +0900"
"美공화당, 구글에 소송...&quot;<b>선거</b>운동 이메일 <b>스팸</b>으로 분류&quot;",미국 공화당전국위원회(RNC)가 구글이 공화당이 발송한 <b>선거</b>운동 이메일을 고의로 <b>스팸</b>으로 분류했다고 주장하며 구글을 상대로 소송을 제기했습니다. 현지 시간 22일 AP 등에 따르면 미 공화당전국위원회는 전날... ,https://n.news.naver.com/mnews/article/052/0001804259?sid=104,"Sun, 23 Oct 2022 08:36:00 +0900"
"美공화당, 구글 상대로 소송…”<b>스팸</b> 필터링으로 정치 성향 이메일 차별...",미국 씨넷에 따르면 22일(현지시간) 美공화당 전국위원회(RNC)는 구글이 <b>선거</b> 캠페인으로 보낸 이메일 수백만건을 <b>스팸</b>으로 필터링 했다고 주장했다. 이러한 이유로 RNC는 지난 21일(현지시간) 캘리포니아 동부 지방 법원에... ,https://n.news.naver.com/mnews/article/092/0002271472?sid=105,"Sun, 23 Oct 2022 08:16:00 +0900"
"美공화당, 구글에 소송…“<b>선거</b>운동 이메일 <b>스팸</b>으로 분류”",미국 공화당전국위원회(RNC)가 구글이 공화당이 발송한 <b>선거</b>운동 이메일을 고의로 <b>스팸</b>으로 분류했다고 주장하며 구글을 상대로 소송을 제기했습니다. 22일(현지시간) AP와 로이터통신 등에 따르면 RNC는 전날... ,https://n.news.naver.com/mnews/article/056/0011361079?sid=104,"Sun, 23 Oct 2022 08:13:00 +0900"
"“<b>선거</b>운동 이메일을 <b>스팸</b>으로”… 美공화당, 구글 상대 소송",구글이 미국 공화당이 발송한 <b>선거</b>운동 이메일을 고의로 <b>스팸</b>으로 분류했다며 미국 공화당전국위원회(RNC)가 구글을 상대로 소송을 제기했다. RNC는 전날 캘리포니아동부 연방지방법원에 제출한 소장에서 “구글이 RNC가... ,https://n.news.naver.com/mnews/article/366/0000849331?sid=104,"Sun, 23 Oct 2022 07:16:00 +0900"
"美공화당, 구글에 소송…&quot;<b>선거</b>운동 이메일 <b>스팸</b>으로 분류&quot;",&quot;정치성향 이유로 공화당 차별…<b>선거</b> 앞두고 모금활동 큰 피해&quot; 김동현 특파원 = 미국 공화당전국위원회(RNC)가 구글이 공화당이 발송한 <b>선거</b>운동 이메일을 고의로 <b>스팸</b>으로 분류했다고 주장하며 구글을 상대로 소송을... ,https://n.news.naver.com/mnews/article/001/0013522961?sid=104,"Sun, 23 Oct 2022 06:59:00 +0900"
[단독] 이재명 측근 김용 과거 발언 통해 새롭게 드러난 그의 뒤틀린 언...,"이재명 민주당 대표가 경기도지사였던 시절, 경기도 대변인을 지냈던 그는 지난 대선에서 이재명 <b>선거</b>대책... 지금은 이제 <b>스팸</b>처리하지. -(질문)그런데, 왜 '똥파리'라고 합니까? ▲(김용) 그게, X냄새 맡고 모인다고 해서... ",https://www.pennmike.com/news/articleView.html?idxno=57878,"Fri, 21 Oct 2022 07:34:00 +0900"
[윤재우의 비대면 <b>선거</b>의 제왕 #35] 데이터 <b>선거</b>의 새로운 지평을 넓혀...,"◇ 니즈 심층분석 정치의 주체인 국민이 중심이 되는 정치와 <b>선거</b>의 시작은 국민의 니즈가 무엇인지를 우선... 같은 키워드 니즈에 대한 다수 국민의 요구와 개인의 반복적 요구, 반복적인 악성<b>스팸</b>형의 니즈 등에 대해서는... ",https://www.nbntv.kr/news/articleView.html?idxno=290220,"Tue, 18 Oct 2022 07:02:00 +0900"
애플 ‘맑음’ 마이크로소프트 ‘흐림’ 메타 ‘비’,구글은 지메일(Gmail)에서 <b>선거</b> 관련 e메일이 ‘<b>스팸</b>(광고성) 메일’로 덜 분류되도록 하는 기능을 발표했다. 공화당 <b>선거</b> 캠페인 e메일이 더 많이 <b>스팸</b>으로 분류된다는 비판에 적극적으로 대응한 것으로... ,https://n.news.naver.com/mnews/article/262/0000015937?sid=101,"Fri, 07 Oct 2022 10:02:00 +0900"
당신이 몰랐을 대만의 마음,주거래은행에서 보내는 온건한 <b>스팸</b>문자들도 있지만 대다수는 수수료도 담보도 없이 신분 확인만으로 돈을... 11월 26일로 예정된 지방공직자 및 각 직할시 시장 <b>선거</b> 포스터가 8월 무렵부터 거리에 달리기 시작했다. 꽤... ,http://www.esquirekorea.co.kr/article/70906,"Sun, 02 Oct 2022 00:12:00 +0900"
9월13일 이브닝뉴스 헤드라인,"12.소셜미디어 업체인 트위터가 해킹과 <b>스팸</b> 방어 능력을 부풀렸다는 내부 폭로가 나온 가운데... 13.중간 <b>선거</b>를 앞둔 바이든 대통령이 연일 미국산 우선 정책을 내놓고 있는 가운데 반도체와 배터리, 전기차에 이어서... ",https://www.radiokorea.com/news/article.php?uid=397167,"Wed, 14 Sep 2022 09:32:00 +0900"
'尹테마주' 푸른저축銀 석달수익률 45%,푸른저축은행의 주가는 20대 대통령<b>선거</b> 1년여 전인 지난 2021년 3월에도 한 달 만에 167% 가까이 오른 바... 한국거래소는 지난 2일 푸른저축은행을 '<b>스팸</b>관여 과다종목'이라는 사유로 투자주의종목으로 1일간 지정했다.... ,http://www.m-i.kr/news/articleView.html?idxno=947582,"Mon, 05 Sep 2022 09:46:00 +0900"
8월25일 이브닝뉴스 헤드라인,7.최근 조 바이든 대통령의 지지율 반등에도 11월 중간<b>선거</b>를 앞두고 민주당 일각에서 거리두기가... 10.트위터가 해킹과 <b>스팸</b> 방어 능력을 부풀렸다는 내부 폭로가 나오자 연방 의회가 우려를 표명하면서 조사를... ,https://www.radiokorea.com/news/article.php?uid=395822,"Fri, 26 Aug 2022 09:36:00 +0900"
"박용진 &quot;당헌 개정안 속도내는 이유, 정무적 판단이라 했다&quot;","<b>스팸</b>인가 보다 그러지 마시고 받아서 투표해 주십시오. 누구한테? 박용진에게 해 주십시오. 그러면 제가... 앵커 &gt; 저희 시청자분들이 선관위 <b>선거</b> 방송인가라고 착각을, 아주 딱 정면으로 카메라를 보고 홍보를 하셨어요.... ",https://n.news.naver.com/mnews/article/057/0001685764?sid=100,"Thu, 25 Aug 2022 16:59:00 +0900"
"국힘 김학용, 메신저 피싱 예방법 발의","장안구 <b>선거</b>사무소에서 김학용 캠프 총괄선대위원장과 악수하고 있다(이미지-연합뉴스) 국민의힘 김학용의원이 대량문자발송 사업자에게 사칭문자, <b>스팸</b> 등 불법문자 방지를 위한 기술적 조치 의무를 부과하는... ",http://thepublic.kr/news/newsview.php?ncode=1065586971209950,"Fri, 19 Aug 2022 13:36:00 +0900"
"구글, 11월 美 중간<b>선거</b> 앞두고 정치적 이메일<b>스팸</b> 필터 완화한다",구글이 11월 중간 <b>선거</b>를 앞두고 <b>스팸</b> 필터링 규정을 완화한 까닭은 정치적 편향성에 대한 논란이 지속되자 내놓은 대응책으로 보인다. 지난 3월 노스캐롤라이나 주립대 연구진은 지메일(Gmail)이 2020년 공화당... ,https://www.cnet.co.kr/view/?no=20220812123048,"Fri, 12 Aug 2022 14:22:00 +0900"
따져봐야할 유튜브의 불투명한 콘텐츠 삭제,"유튜브는 해당 하이퍼링크가 '<b>스팸</b>, 사기 행위 및 사기 정책'에 관한 커뮤니티 가이드라인을 위반했다는 이유로 삭제했다. 그러나 해당 하이퍼링크는 러시아 지방<b>선거</b> 당시 여당의 득표를 견제하기 위한 투표 전략 앱과... ",http://www.mediaus.co.kr/news/articleView.html?idxno=300970,"Thu, 11 Aug 2022 13:16:00 +0900"
[AT 통신 소식] SK텔레콤·KT·LG유플러스·KT스카이라이프·KT엠모바일,"스카이라이프는 올해 상반기에 아시아 현지 방송을 제공하는 'My Asia TV', <b>선거</b>·민주주의 전문 방송인... 있도록 △<b>스팸</b>번호 점검 △실시간 통화, 문자 분석을 통한 보이스피싱 위험도 탐지 △보호자로 연결되는... ",https://www.asiatime.co.kr/article/20220801500152,"Mon, 01 Aug 2022 14:54:00 +0900"
[꿈꾸는 경기교육] <b>선거</b> 현수막 환경 오염 해법은,이러한 현수막의 사용이 문제가 되는 이유는 반영구적으로 지속하는 현수막을 <b>선거</b> 시즌만 되면 어마어마한... 하지만 이렇게 한다면 흔히 말하는 ‘<b>스팸</b> 문자’가 될 수도 있기에 행정복지센터를 방문하거나 공공기관... ,https://www.kyeonggi.com/article/20220721580180,"Thu, 21 Jul 2022 19:48:00 +0900"
"&quot;우크라이나 전쟁이 불러온 후폭풍,이탈리아 총리 사임할 듯&quot;...펜앤 외...",머스크가 <b>스팸</b> 계정 자료를 둘러싼 의견 충돌이 있은 후 440억 달러에 달하는 거래를 끝내겠단 의도를... 마주하다 -중간<b>선거</b>를 앞두고 공화당원들이 인플레이션을 민주당원들의 걱정거리로 만들기 위해 경제적 전망이... ,http://www.pennmike.com/news/articleView.html?idxno=55620,"Fri, 15 Jul 2022 10:08:00 +0900"
[뉴스새벽배송]계속되는 물가 우려에 뉴욕증시 혼조,"-머스크 측은 머스크가 <b>스팸</b>과 가짜 계정을 파악할 정보를 확보하려 했지만 그렇다고 인수 거래와 관련한... 중간 <b>선거</b> 전후쯤 선언할 것이고 언급. 美옐런 “러 침공, 세계 경제 최대 도전” -AFP 등 외신에 따르면... ",https://n.news.naver.com/mnews/article/018/0005268170?sid=101,"Fri, 15 Jul 2022 08:09:00 +0900"
[Weekly Global] 가상화폐 불안정해도 일단 '선점',"&quot;트위터가 <b>스팸</b> 계정 정보와 데이터 제공 의무를 준수하지 않고, 직원 해고 등 사업 행위를 변경할 때... 김정덕 더스쿠프 기자 juckys@thescoop.co..kr [日 자민당 참의원 <b>선거</b> 압승] 아베 유산과 평화헌법 지난 10일 치러진... ",http://www.thescoop.co.kr/news/articleView.html?idxno=54855,"Thu, 14 Jul 2022 19:34:00 +0900"
[성공예감] ‘낙태권 폐기’했더니 왜 빅 테크가 들썩일까? - 더밀크 송...,"사실 머스크가 그동안 트위터에 <b>스팸</b> 계정, 가짜 계정이 얼마나 되는지 알고 싶다고 계속해서 정보 요청을... 그래서 현 정부가 최선을 다해 테슬라를 방해하고 무시했기 때문에 본인은 2024년 중간<b>선거</b>에는 공화당을... ",https://n.news.naver.com/mnews/article/056/0011301481?sid=101,"Wed, 13 Jul 2022 19:36:00 +0900"
"[비바100] '개인정보' 주지도 말고, '모르는 앱' 깔지도 마세요","특히 코로나19, <b>선거</b> 등 사회적 상황을 반영한 신종 사기 수법이 기승을 부리고 있다. 백신접종 예약 인증 및... 누군가 내 번호를 도용해서 인터넷으로 <b>스팸</b> 문자를 발송하는 등 범죄에 악용하는 것을 방지해 주는... ",https://www.viva100.com/main/view.php?key=20220706010001144,"Thu, 07 Jul 2022 07:02:00 +0900"
[기고] 진화하는 이메일 보안 위협에 대처하는 우리의 자세,"업무와 연관된 정상 메일뿐만 아니라 각종 광고 메일을 포함한 <b>스팸</b> 메일과 미처 눈치채지 못한 악성... 특히 명절이나 <b>선거</b>, 그리고 코로나19와 같이 사회 전반의 관심을 받는 주제를 미끼로 삼아 더욱 고도화된... ",http://www.itdaily.kr/news/articleView.html?idxno=208871,"Fri, 01 Jul 2022 06:08:00 +0900"
美 41년 만에 역대급 물가… ‘자이언트스텝’ 밟을까,"그간 시장에서는 6월과 7월 FOMC에서 기준금리가 각각 0.5% 인상되고 중간<b>선거</b>(11월)를 앞둔 9월에는 금리... <b>스팸</b> 제조사로 잘 알려진 호멜푸드는 지난달 초 가축 사료용 옥수수와 콩 가격을 각각 125%, 40% 올렸다.",https://n.news.naver.com/mnews/article/081/0003279523?sid=104,"Mon, 13 Jun 2022 05:07:00 +0900"
美 0.75% 금리 올리나…살인적 물가에 ‘자이언트스텝’ 가능성,"그간 시장에서는 6월과 7월 FOMC에서 기준금리가 각각 0.5% 인상되고 중간<b>선거</b>(11월)를 앞둔 9월에는 금리... <b>스팸</b> 제조사로 잘 알려진 호멜푸드는 지난달 초 가축 사료용 옥수수와 콩 가격을 각각 125%, 40% 올렸다. 이달 초... ",https://n.news.naver.com/mnews/article/081/0003279475?sid=104,"Sun, 12 Jun 2022 16:47:00 +0900"
"앱 없이 문자로 커피 주문하고, 전화로 결제하고…KT “디지털 취약계층...","최근 지방<b>선거</b>에서도 후보들이 양방형 문자 서비스를 통해 유권자들과 소통하는 등 활용성은 높아지고... 통상 모르는 번호로 걸려오면 보이스피닝이나 <b>스팸</b>전화로 취급해 받지 않는 경우가 많은데, 발신정보알리미... ",https://n.news.naver.com/mnews/article/081/0003278903?sid=105,"Thu, 09 Jun 2022 07:02:00 +0900"
‘문자폭탄은 양념’이라던 親文… 개딸에 당하자 “폭력적”,"친문계인 홍 의원은 지방<b>선거</b> 패배와 관련, ‘이재명 책임론’을 거론한 이후 문자 폭탄에 시달리고 있다. 홍... 최근 민주당 의원들 대부분은 ‘<b>스팸</b> 차단’ 기능을 활용해 ‘이재명’ ‘박지현’ 등의 키워드를 설정해... ",https://n.news.naver.com/mnews/article/023/0003696430?sid=100,"Thu, 09 Jun 2022 04:08:00 +0900"
[뉴스레터 '처치독' 88호] 명성교회 담임목사 초청이 문제인 이유,"특히 올해는 대통령 <b>선거</b>도 있었고 하다 보니, 정치 성향만으로 사람을 판단해 버린 것은 아닌지 돌아봤어요.... 한 외국인이 보낸 이 메시지를 보고 처음에는 <b>스팸</b>이 아닐까? 생각했습니다. 혹시 몰라 답장을 보냈는데... ",https://www.newsnjoy.or.kr/news/articleView.html?idxno=304435,"Wed, 08 Jun 2022 10:32:00 +0900"
"코스피, 기관·외인 순매도에 밀려 ‘약세’…2,640선까지 후퇴",내 <b>스팸</b> 계정 관련 정보 제공을 받지 못하고 있어 합병 계약 파기를 경고하자 주가가 내렸다”고... 중간<b>선거</b> 전 연준의 금리 인상 중단이 가능할 것이라는 전망이 나타나고 있다”며 “하지만 여전히... ,https://www.news2day.co.kr/article/20220607500116,"Tue, 07 Jun 2022 11:02:00 +0900"
딜링룸 24시…챙겨봐야 할 국제경제뉴스,"(NYS:TWTR)가 <b>스팸</b> 및 가짜 계정 정보를 제대로 제공하지 않고 있다며, 이는 거래 조건을 &quot;중대... https://news.einfomax.co.kr/news/articleView.html?idxno=4217169 ▲월가 전문가 &quot;연준, 11월 중간<b>선거</b> 전에 금리인상... ",http://news.einfomax.co.kr/news/articleView.html?idxno=4217248,"Tue, 07 Jun 2022 09:54:00 +0900"
일론 머스크의 트위터 인수가 가리키는 것,"‘봇(<b>스팸</b> 발송용 자동 프로그램 계정)’ 수가 전체의 5% 미만이라는 트위터 측의 설명을 믿을 수 없다는... 예컨대 트위터는 코로나19나 <b>선거</b>와 관련된 허위 정보, 인종차별, 폭력을 선동하거나 퍼뜨리는 콘텐츠를... ",https://n.news.naver.com/mnews/article/308/0000030979?sid=101,"Mon, 06 Jun 2022 07:48:00 +0900"
[다녀왔습니다] '<b>선거</b> 홍보 <b>스팸</b>' 폭주한 이유는?,<b>스팸</b> 수준입니다. [원주 시민] &quot;하루에 많게는 한 30통을 받아요. 수신 거부라고 해서 '080' 나오잖아요. 그걸 했는데도 또다시 오더라고요.&quot; <b>선거</b>철이면 수시로 걸려오는 후보들의 홍보 전화. 어떤 후보는 번호까지 바꿔가며... ,https://n.news.naver.com/mnews/article/214/0001200769?sid=102,"Sat, 04 Jun 2022 20:15:00 +0900"
[브릿지경제 신간(新刊) 베껴읽기] &lt;사이버전의 모든 것&gt; 박동휘,반면 미국에서 발송된 50만 통의 <b>스팸</b> 이메일에 유고 정부의 웹사이트도 다운됐다. 양 측은 1999년 6월 9일... 이 정보들을 바탕으로 2016년 미국 대통령 <b>선거</b>에 앞서 기자들에게 구체적인 정보들을 제공하기 시작했다. 세계... ,https://www.viva100.com/main/view.php?key=20220601010000187,"Sat, 04 Jun 2022 09:02:00 +0900"
"국힘, 지선 승리에도 &quot;당 혁신…정당개혁 목표&quot;","당원들이 경선을 시행할 때마다 문자메시지만 홍보 수단으로 삼으면 문자 폭탄, <b>스팸</b> 때문에 당원들의 당에 대한 신뢰나 호감이 사라지는 경우도 생긴다&quot;며 &quot;어떻게 하면 경선 과정에서 정책<b>선거</b>를 할 수 있도록 하는지... ",https://www.idaegu.co.kr/news/articleView.html?idxno=384259,"Thu, 02 Jun 2022 21:24:00 +0900"
"[6·1<b>선거</b>] 국민의힘, 2024년 총선 준비…당원 민주주의 구현 위해 '혁신...","당원들이 경선을 시행할 때마다 문자메시지만 홍보 수단으로 삼으면 문자 폭탄, <b>스팸</b> 때문에 당원들의 당에 대한 신뢰나 호감이 사라지는 경우도 생긴다&quot;며 &quot;어떻게 하면 경선 과정에서 정책<b>선거</b>를 할 수 있도록 하는지... ",http://www.newsworks.co.kr/news/articleView.html?idxno=599666,"Thu, 02 Jun 2022 16:00:00 +0900"
"與, 당직자에 급여100% 상여금…최재형 위원장으로 혁신위 설치(종합)","당원들이 경선을 시행할 때마다 문자메시지만 홍보 수단으로 삼으면 문자 폭탄, <b>스팸</b> 때문에 당원들의 당에 대한 신뢰나 호감이 사라지는 경우도 생긴다&quot;며 &quot;어떻게 하면 경선 과정에서 정책<b>선거</b>를 할 수 있도록 하는지... ",https://n.news.naver.com/mnews/article/421/0006135683?sid=100,"Thu, 02 Jun 2022 13:13:00 +0900"
"與, 혁신위 출범키로…위원장엔 감사원장 지낸 최재형 의원","문자 폭탄과 <b>스팸</b> 때문에&quot;라며 &quot;어떻게 하면 경선 과정에서 정책 <b>선거</b>를 할 수 있도록 하는지, 당원에 비용을 전가하지 않고 경선을 치를지를 정당 혁신의 과제다&quot;고 했다. 그러면서 &quot;저희가 PPAT 도입을 통해 정당 쇄신에... ",https://n.news.naver.com/mnews/article/003/0011225019?sid=100,"Thu, 02 Jun 2022 10:28:00 +0900"
6·1 지선 유세 문자·전화 남발...서울시민·경기도민 ‘피곤하다’,이어 &quot;이번 <b>선거</b>문자는 <b>스팸</b>문자보다 더 무섭다&quot;고 덧붙였다. 서울 소재 종합병원에서 근무하는 의사 이지영(30대)씨는 매일 같이 쏟아지는 유세 전화에 골머리를 썩고 있다. 이 씨는 &quot;환자를 돌보거나 응급처치를 해야... ,https://www.kgnews.co.kr/news/article.html?no=704223,"Wed, 01 Jun 2022 20:14:00 +0900"
"시끄러운 <b>선거</b> 유세, 문자 폭탄…&quot;드디어 해방&quot;","직장인 서윤기씨(30)는 &quot;내 번호를 어떻게 알았는지, 매일 <b>선거</b> 운동 정보 문자가 10통 넘게 온다&quot;며 &quot;<b>스팸</b>으로 차단하고 또 차단해도 계속 와서 포기했다&quot;고 했다. 자영업자 김정호씨(49)도 &quot;정말 의아한 게, 관할 <b>선거</b>구... ",https://n.news.naver.com/mnews/article/008/0004753488?sid=102,"Wed, 01 Jun 2022 11:33:00 +0900"
국힘 이장우 대전시장 후보 '손실보상금 <b>스팸</b>성 문자' 파장 확산,<b>선거</b>에 급급해 소상공인의 관심을 유도하는 <b>스팸</b> 문자 발송과 같은 행태를 보인 것에 대해 납득할 수 없다는 것이다. [대전=뉴스핌] 오영균 기자 = 국민의힘 이장우 대전시장 후보가 둔산동 자신의 <b>선거</b>사무소에서... ,http://www.newspim.com/news/view/20220531001030,"Tue, 31 May 2022 18:02:00 +0900"
네이버·카카오 [기업소식],"네이버 네이버 자격증, 지방<b>선거</b>서 쓸 수 있다 ‘네이버 자격증’에서 발급받은 국가자격증으로도 제8회... 카카오 개발자인 펄은 <b>스팸</b>메일함과 휴지통 삭제 기간을 단축해 탄소를 줄일 수 있는 일상 행동을 제안한다.... ",http://www.kukinews.com/newsView/kuk202205310238,"Tue, 31 May 2022 17:52:00 +0900"
[단독] 이장우 국민의힘 대전시장 후보 '손실보상금 낚시 문자' 발송…...,한 소상공인은 &quot;안그래도 지급 여부에 민감한 상황에서 이런 <b>스팸</b>성 문자를 <b>선거</b>용으로 쓴다는 것은 말도 안되는 일&quot;이라며 &quot;지급 대상 확인 문자만을 기다리고 있는 입장에서 이런 문자를 보낸다는 것 자체가... ,http://www.newspim.com/news/view/20220531000272,"Tue, 31 May 2022 11:16:00 +0900"
(기자의'눈')지겨운 <b>선거</b>철 연락 공해,때문에 <b>선거</b> 관련 단어를 <b>스팸</b> 키워드로 등록하거나 이동통신 3사가 운영하는 <b>스팸</b>차단 앱을 사용하면 좋다. <b>선거</b> 문자는 문자 발송 시스템을 이용해 대량으로 발송할 경우 유권자 1명에 최대 8번까지 보낼 수 있으며... ,http://www.newstomato.com/ReadNews.aspx?no=1126048&inflow=N,"Tue, 31 May 2022 06:02:00 +0900"
옥석(玉石)은 내 손안에,"휴대전화로 지지를 호소하는 후보자들의 문자메시지가 <b>스팸</b> 문자처럼 여겨지기도 했으나, 입장 바꿔 후보자들의 마음에 서 보면 십분 이해가 된다. 각 후보 진영은 막판 표심을 잡기 위해 후보자와 <b>선거</b>운동원들 모두가... ",http://www.kihoilbo.co.kr/news/articleView.html?idxno=981728,"Mon, 30 May 2022 21:32:00 +0900"
“주말에 <b>선거</b>전화 수십통 받아”… 시민들 ‘울화통’,<b>선거</b> 전화는 정보통신망법상 ‘영리 목적의 광고성 정보’가 아니어서 118(KISA 상담센터) 등에 신고한다 해도 불법 <b>스팸</b>으로 분류되지 않기 때문이다. 통신사 측은 “각 정당이나 후보자 캠프서 보내는 전화·문자는... ,https://n.news.naver.com/mnews/article/021/0002515637?sid=102,"Mon, 30 May 2022 12:01:00 +0900"
<b>선거</b>전화 테러…&quot;내 번호 어떻게 알았냐&quot; 따졌더니 황당 답변,"‘도지사’ ‘교육감’ 등 <b>선거</b> 관련 단어를 휴대전화 <b>스팸</b> 문구로 등록해두라는 조언이다. 후보들 “안 할 수도 없고…” vs 유권자 “찍기 싫어져” <b>선거</b> 전문가들이 고민한 결과이겠지만, 구태의연한 홍보 전화의... ",https://n.news.naver.com/mnews/article/025/0003198521?sid=100,"Sun, 29 May 2022 17:58:00 +0900"
"“우리 지역구 아닌데…” 쏟아지는 투표전화, 해방될 방법 없나요",결국 ‘휴대전화 <b>선거</b> 공해’에서 벗어나고 싶은 유권자들은 일일이 해당 후보자에게 수신거부 의사를 표시하거나 후후·티(T)전화·후스콜 등 <b>스팸</b>차단 앱을 활용해야 한다. 공직<b>선거</b>법(제82조의5)상 후보자는... ,https://n.news.naver.com/mnews/article/028/0002592507?sid=102,"Sun, 29 May 2022 15:09:00 +0900"
[스브스뉴스] '모닝콜이세요?' 아침부터 전화 오는 요즘 여론조사 근황,요즘 들어 <b>스팸</b>보다 더 자주 오는 것 같은.. 여론조사! 6.1 전국동시지방<b>선거</b>가 다가오면서 이런 불편함을 느끼시는 분들이 많으실 텐데요. '내가..번호를 줬던가?' 여러분이 제공한 적도 없는 번호를 여론조사기관이 알고... ,https://n.news.naver.com/mnews/article/055/0000976051?sid=100,"Sat, 28 May 2022 10:01:00 +0900"
"&quot;나한테 왜 전화해&quot;…지긋지긋한 <b>선거</b>전화, 차단 방법 없다고요?",<b>선거</b>사무소에서 걸려온 전화를 받은 사용자가 해당 번호를 앱에 '<b>스팸</b>' 혹은 '<b>선거</b>관련 문자'로 정보를 입력해놨다면 다른 사용자에게도 이 정보가 뜨기 때문이다. 사전 동의 원칙이라지만 유명무실…&quot;수신 선택권 등... ,https://n.news.naver.com/mnews/article/008/0004751954?sid=102,"Sat, 28 May 2022 06:33:00 +0900"
"문자·전화 폭탄, 전투기 맞먹는 소음… <b>선거</b> 공해, 너무 심한 거 아닌가...","실제 지난 2018년 지방<b>선거</b>에서 한국인터넷진흥원(KISA)에 접수된 <b>선거</b> 문자 수신 관련 개인정보 침해 상담 건수는 2만1216건에 달했고, <b>선거</b> 홍보 문자 약 45만건이 <b>스팸</b>으로 신고됐다. 하지만 <b>선거</b> 문자는 정보통신망법상... ",https://n.news.naver.com/mnews/article/023/0003694289?sid=102,"Sat, 28 May 2022 03:08:00 +0900"
‘내 번호 어떻게 알았지’...‘띠링’ <b>스팸</b> 수준 <b>선거</b> 문자,"한 두통 문자 정도야 넘길 수 있지만, 치열해지는 <b>선거</b>전만큼이나 문자 수신이 빈번해지면서 <b>스팸</b> 문자로까지 느껴질 지경이다. 익명을 요구한 한 <b>선거</b> 캠프 관계자는 “<b>선거</b>판에서 마구잡이식 번호 수집과 문자 발송은... ",http://www.kukinews.com/newsView/kuk202205260247,"Fri, 27 May 2022 06:04:00 +0900"
"노짱의 추억 : 22년 전, 그에게 받았던 답장","제가 무어라 감사의 말씀을 드려야 할지 모르겠습니다.정말 혼신의 힘을 다한 <b>선거</b>에 패하고 나서 아픔도... - 노무현 드림 - 수많은 사람에게 동시에 보낸 일종의 <b>스팸</b>메일(?)이었지만, 당시로서는 정치인과 인터넷으로... ",http://www.ddanzi.com/736557384,"Tue, 24 May 2022 18:22:00 +0900"
머스크 성추행 의혹… ‘칠백슬라’ 붕괴,머스크는 최근 트위터가 제공한 <b>스팸</b>과 가짜 계정 비율의 신빙성이 떨어진다며 인수를 일시 보류하겠다고... 머스크는 지난 18일 미국 민주당을 “분열과 증오의 정당”이라고 비판하면서 11월 중간<b>선거</b>에서 공화당을... ,https://n.news.naver.com/mnews/article/081/0003274749?sid=104,"Mon, 23 May 2022 05:07:00 +0900"
'머스크 리스크'에 무너지는 테슬라 주가...700달러 아래로,"머스크는 최근 트위터가 제공한 <b>스팸</b>, 가짜 계정 비율의 신빙성이 떨어진다며 인수를 일시적으로... 또 머스크는 지난 18일 미국 집권 여당인 민주당을 향해 &quot;분열과 증오의 정당&quot;이라고 비판하면서 11월 중간<b>선거</b>에서... ",https://www.asiatime.co.kr/article/20220521500019,"Sat, 21 May 2022 14:28:00 +0900"
머스크 ‘성추행 의혹’에 테슬라 6% 폭락… ‘칠백슬라’ 붕괴,"사진=AP연합뉴스 머스크는 최근 트위터가 제공한 <b>스팸</b>, 가짜 계정 비율의 신빙성이 떨어진다며 인수를... 또 머스크는 지난 18일 미국 집권 여당인 민주당을 향해 “분열과 증오의 정당”이라고 비판하면서 11월 중간<b>선거</b>... ",https://n.news.naver.com/mnews/article/022/0003697833?sid=104,"Sat, 21 May 2022 12:51:00 +0900"
붕괴된 '칠백슬라'…머스크 성추행 의혹·트위터 인수 '쇼' 탓,"머스크는 최근 트위터가 제공한 <b>스팸</b>, 가짜 계정 비율의 신빙성이 떨어진다며 인수를 일시적으로... 머스크는 지난 18일에도 미국 집권 여당인 민주당을 향해 &quot;분열과 증오의 정당&quot;이라고 비판하면서 11월 중간<b>선거</b>에서... ",https://n.news.naver.com/mnews/article/011/0004056336?sid=104,"Sat, 21 May 2022 10:43:00 +0900"
'머스크 리스크'에 테슬라 6% 넘게 추락…'칠백슬라' 붕괴(종합),"머스크는 최근 트위터가 제공한 <b>스팸</b>, 가짜 계정 비율의 신빙성이 떨어진다며 인수를 일시적으로... 또 머스크는 지난 18일 미국 집권 여당인 민주당을 향해 &quot;분열과 증오의 정당&quot;이라고 비판하면서 11월 중간<b>선거</b>에서... ",https://n.news.naver.com/mnews/article/001/0013194278?sid=104,"Sat, 21 May 2022 10:16:00 +0900"
'성추행 의혹' 머스크 리스크에 테슬라 주가 붕괴,"머스크는 최근 트위터가 제공한 <b>스팸</b>, 가짜 계정 비율의 신빙성이 떨어진다며 인수를 일시적으로... 머스크는 지난 18일에는 미국 민주당을 향해 &quot;분열과 증오의 정당&quot;이라고 비판하면서 11월 중간<b>선거</b>에서 공화당에... ",https://n.news.naver.com/mnews/article/055/0000974563?sid=104,"Sat, 21 May 2022 09:35:00 +0900"
‘성추행 의혹’ 머스크 리스크에 ‘칠백슬라’ 붕괴…주가 6% 넘게 추락,"머스크는 최근 트위터가 제공한 <b>스팸</b>, 가짜 계정 비율의 신빙성이 떨어진다며 인수를 일시적으로... 머스크는 지난 18일에는 미국 집권 여당인 민주당을 향해 “분열과 증오의 정당”이라고 비판하면서 11월 중간<b>선거</b>에... ",https://n.news.naver.com/mnews/article/016/0001993542?sid=104,"Sat, 21 May 2022 08:13:00 +0900"
성추행 의혹 '머스크 리스크'에 테슬라 6% 넘게 추락…'칠백슬라' 붕괴,"머스크는 최근 트위터가 제공한 <b>스팸</b>, 가짜 계정 비율의 신빙성이 떨어진다며 인수를 일시적으로... 머스크는 지난 18일에는 미국 집권 여당인 민주당을 향해 &quot;분열과 증오의 정당&quot;이라고 비판하면서 11월 중간<b>선거</b>에서... ",http://www.topstarnews.net/news/articleView.html?idxno=14693728,"Sat, 21 May 2022 07:56:00 +0900"
‘머스크 성추행’ 의혹에 테슬라 주가 600달러 대로,이에 머스크가 트위터 인수가를 낮추기 위해 <b>스팸</b> 계정 문제를 제기했다는 해석이 나온다. 이밖에 머스크는 지난 18일에는 미국 민주당을 향해 “분열과 증오의 정당”이라고하면서 11월 중간<b>선거</b>에서 공화당에... ,https://n.news.naver.com/mnews/article/366/0000815320?sid=104,"Sat, 21 May 2022 07:32:00 +0900"
'머스크 리스크'에 테슬라 6% 넘게 추락…'칠백슬라' 붕괴,"머스크는 최근 트위터가 제공한 <b>스팸</b>, 가짜 계정 비율의 신빙성이 떨어진다며 인수를 일시적으로... 머스크는 지난 18일에는 미국 집권 여당인 민주당을 향해 &quot;분열과 증오의 정당&quot;이라고 비판하면서 11월 중간<b>선거</b>에서... ",https://n.news.naver.com/mnews/article/001/0013194158?sid=104,"Sat, 21 May 2022 06:27:00 +0900"
"양승조 충남지사 후보, &quot;청년에게 기회를! 청년이 일하는 충남! '청년공...","개인정보를 마음대로 다뤄도 된다고 생각하는 무책임한 후보인지 묻지 않을 수 없다&quot;고 강하게 비판한 후 &quot;'<b>스팸</b> 임명장' 살포를 즉시 중단하고, 불법 <b>선거</b>운동에 대해 충남도민에게 진심으로 사과하기 바란다&quot;고 촉구했다.",http://www.newstnt.com/news/articleView.html?idxno=217748,"Thu, 19 May 2022 14:16:00 +0900"
"억만장자가 삼키는 공론장…트위터, 혐오에 날개 다나",트럼프가 퍼뜨린 부정<b>선거</b> 주장에 심취한 지지자들은 “싸우자”는 메시지에 의사당으로 쳐들어갔다.... 머스크는 13일 <b>스팸</b> 또는 가짜 계정 수가 5% 미만이라는 트위터의 발표에 대해 ‘검증이 필요하다’며 인수 절차를... ,https://n.news.naver.com/mnews/article/028/0002590813?sid=104,"Mon, 16 May 2022 17:11:00 +0900"
[매일칼럼] TK 정치 고인물,공천을 받으면 게임오버인데 어느 바보가 돈 많이 드는 <b>선거 스팸</b> 전화에 피 같은 돈을 쓰겠는가. 16일 기준으로 본 선거가 보름여 남았고 공식 선거운동이 19일부터 시작되지만 적어도 TK에서의 이번 지방선거는 벌써... ,https://n.news.naver.com/mnews/article/088/0000758210?sid=004,"Sun, 15 May 2022 18:45:00 +0900"
서울 사는데 지방후보 <b>선거</b>문자…시민들 “짜증나”,이 때문에 한국인터넷진흥원(KISA) 불법<b>스팸</b>대응센터에 다수의 민원이 접수돼도 ‘<b>스팸</b>’으로 분류해 사전 차단이 불가능하다. <b>선거</b> 과정에서 문자 홍보가 남발되면서 개인정보 관련 신고도 늘고 있다.... ,https://n.news.naver.com/mnews/article/032/0003146729?sid=102,"Fri, 13 May 2022 21:39:00 +0900"
서울 사는데 ‘전남 △△시장 후보’ 문자···정보 수집 근거 못대면...,이 때문에 한국인터넷진흥원(KISA) 불법<b>스팸</b>대응센터에 다수의 민원이 접수돼도 ‘<b>스팸</b>’으로 분류해 사전 차단할 수 없다. <b>선거</b> 과정에서 문자 홍보가 남발되면서 개인정보 관련 신고도 늘고 있다.... ,https://n.news.naver.com/mnews/article/032/0003146643?sid=102,"Fri, 13 May 2022 14:12:00 +0900"
"AI휴먼, 지방<b>선거</b> 달군다",금융·방송 등 여러 분야에서 활약하고 있는 AI휴먼이 다음 달 1일 실시하는 전국동시지방<b>선거</b>에서 후보자... 일방적으로 전송하는 <b>스팸</b>성 문자 폭탄에서 벗어나 유권자 개인에 특화한 맞춤형 메시지를 전달할 수 있다.... ,https://n.news.naver.com/mnews/article/030/0003016615?sid=101,"Fri, 13 May 2022 10:25:00 +0900"
트럼프 지지 후보 경선 승패 엇갈려...미 대법관 자택 앞 시위 논란,기자) 11월 중간 <b>선거</b>를 앞두고 각 당의 예비 <b>선거</b>가 시작된 가운데 네브래스카주 공화당 경선에서는 도널드... 그러면서 계정 영구 정지는 <b>스팸</b> 계정 등에 대한 한해서만 내려져야 한다고 말했습니다.진행자) 그런데... ,https://www.voakorea.com/a/trump-backed-candidates-lose-in-nebraska-win-in-west-virginia/6566910.html,"Wed, 11 May 2022 23:50:00 +0900"
시도 때도 없이 울리는 <b>선거</b> 전화… &quot;스트레스&quot;,즉 <b>선거</b> 홍보 문자 자체가 불법 <b>스팸</b>은 아니라는 얘기다.그러나 개인 정보인 전화번호 유출이 의심되면 신고는 개인정보침해신고센터 118로 전화할 수 있다. 개인 정보를 얻은 출처를 물었을 때 제대로 밝히지 않았을... ,https://www.cctoday.co.kr/news/articleView.html?idxno=2161886,"Wed, 11 May 2022 20:28:00 +0900"
서울 사는데 부산 출마 후보 문자가…내 번호 어떻게?[궁즉답],"다만, <b>선거</b> 관련 <b>스팸</b> 문자로 해당 후보자가 처벌받았다는 소식을 들은 적이 거의 없을 만큼 효과적이진 않습니다. 해당 후보가 전화번호를 알게 되는 경로는 내가 가입한 인터넷 사이트가 해킹돼 인터넷상에... ",https://n.news.naver.com/mnews/article/018/0005213042?sid=105,"Wed, 11 May 2022 16:52:00 +0900"
트럼프 논란에 입 연 머스크…&quot;트위터 영구정지 철회할 것&quot;(종합),오는 11월 중간 <b>선거</b>를 앞두고 트럼프의 트위터 복귀는 미국 정계에 변수로 작용할 것으로 보인다. 10일... 조치는 <b>스팸</b> 계정 등에 대한 징계로 국한해야 한다고 강조했다. 트위터 창업자인 잭 도시와도 이러한 생각을... ,https://n.news.naver.com/mnews/article/277/0005087287?sid=101,"Wed, 11 May 2022 11:50:00 +0900"
"2022 대선, 여론조사의 패배를 묻다: 괴골 인터뷰 1/2","결과가 충격적이었던 이유는, <b>선거</b>를 앞두고 진행된 여론조사가 대부분 새누리당의 과반을 예상했기... <b>스팸</b>여부를 판정하는 앱도 많이 생겼고, 수신 차단도 예전보다 훨씬 쉽게 할 수 있죠. 귀찮은 전화는 선택적으로 잘... ",https://ppss.kr/archives/253991,"Wed, 11 May 2022 10:22:00 +0900"
딜링룸 24시…챙겨봐야 할 국제경제뉴스,"사기나 <b>스팸</b> 계정에 이뤄져야 한다. 도널드 트럼프를 금지하는 것은 옳지 않다고 생각한다&quot;라고... https://news.einfomax.co.kr/news/articleView.html?idxno=4213035 ▲&quot;미국 금융시장, 중간<b>선거</b> 이후에도 회복... ",http://news.einfomax.co.kr/news/articleView.html?idxno=4213121,"Wed, 11 May 2022 09:50:00 +0900"
"머스크, 트위터 인수 종료되면 &quot;트럼프 계정 금지 조치 뒤집을 것&quot;",후보 <b>선거</b>운동에서 연설하고 있다. 윤영숙 특파원 = 일론 머스크 테슬라 최고경영자(CEO)가 트위터 인수가... 사기나 <b>스팸</b> 계정에 이뤄져야 한다. 도널드 트럼프를 금지하는 것은 옳지 않다고 생각한다&quot;라고 말했다.... ,http://news.einfomax.co.kr/news/articleView.html?idxno=4213050,"Wed, 11 May 2022 07:30:00 +0900"
"기고 | 일론 머스크의 트위터 인수, 지켜봐야 할 2가지","트위터가 사회와 <b>선거</b> 등에 영향을 미칠 수 있다는 것은 트위터 상에서의 타인 사칭이 엄청난 파문을 일으킬... 피싱의 미래 만일 머스크가 성공적으로 봇 제거 알고리즘을 만든다면, <b>스팸</b> 이메일, <b>스팸</b> 게시물과 같은... ",https://www.ciokorea.com/news/235559,"Mon, 09 May 2022 15:34:00 +0900"
메트로신문 5월 9일자 한줄뉴스,▲이재명 더불어민주당 상임고문과 안철수 대통령직인수위원장이 오는 6·1 지방<b>선거</b>와 함께 치러지는... ▲CJ제일제당은 플라스틱 캡과 비닐 라벨까지 없앤 '<b>스팸</b> 라벨프리' 기획 제품을 선보인다고 8일 밝혔다. 오는... ,http://www.metroseoul.co.kr/article/20220509500001,"Mon, 09 May 2022 08:26:00 +0900"
"최고 부자에게 안긴 트위터, 머스크 자신이 ‘리스크’","허용하고, <b>스팸</b>봇을 제거하며 알고리즘을 공개하는 등의 변화를 주겠다고 밝혔다. <b>스팸</b>봇은 자동화한... 트위터·페이스북·유튜브 등은 코로나19와 각국 <b>선거</b> 등에서 허위정보 확산과 영향력이 불거지면서 게시물... ",https://n.news.naver.com/mnews/article/028/0002588948?sid=105,"Mon, 02 May 2022 05:00:00 +0900"
"머스크, 55조원에 트위터 인수 “나 비판한 사람들 떠나지 마시라”","지난달 국내 대선 기간에는 왜곡된 <b>선거</b> 정보를 담은 수백 개의 라벨에 ‘오해의 소지가 있다’는 내용의... 그는 25일 <b>스팸</b>과 사기 게시물을 자동으로 걸러내는 ‘<b>스팸</b>봇’을 없애고, 트위터 알고리즘을 공개해 기술을... ",https://n.news.naver.com/mnews/article/020/0003424950?sid=101,"Wed, 27 Apr 2022 03:02:00 +0900"
머스크의 트위터 인수에 웃을 수 없는 트럼프,만들고 <b>스팸</b>봇을 타도하고 모든 사람을 인증하게 해 트위터를 어느 때보다 더 낫게 만들고 싶다. 트위터는 굉장한 잠재력을 가지고 있다&quot;고 말했다. 소셜미디어가 공론장에서 이미 소수민족 탄압 및 <b>선거</b> 개입 등의... ,https://n.news.naver.com/mnews/article/002/0002240884?sid=104,"Tue, 26 Apr 2022 17:46:00 +0900"
민주 광주시장 경선 초박빙…'한표라도 더' 사활,"이용섭 후보 <b>선거</b>캠프 관계자는 “지역번호 02로 시작하는 번호는 <b>스팸</b>처리하거나 차단하는 경우도 많아, 주위에 ‘부재중 전화’ 확인을 독려하고 있다”고 말했다. 강기정 후보 <b>선거</b>캠프 관계자는 “권리당원에게는... ",http://www.jndn.com/article.php?aid=1650876301335417001,"Mon, 25 Apr 2022 17:48:00 +0900"
&quot;부재중 전화 확인&quot;…민주당 광주시장 경선 사흘째 '<b>선거</b>인단 찾기' 올...,"이용섭 후보 <b>선거</b>캠프 관계자는 &quot;지역번호 02로 시작하는 번호는 <b>스팸</b>처리하거나 차단하는 경우도 많아, 주위에 '부재중 전화' 확인을 독려하고 있다&quot;고 말했다. 강기정 후보 <b>선거</b>캠프 관계자는 &quot;권리당원에겐... ",https://n.news.naver.com/mnews/article/421/0006050075?sid=100,"Mon, 25 Apr 2022 11:21:00 +0900"
예비후보 문자에 전화까지…선관위도 제재 못해,<b>스팸</b> 문자에 대한 거부감이….] 자신과 상관없는 엉뚱한 지역 후보자에게서 연락을 받기도 합니다. ARS 전화나 문자메시지를 보내는 전문업체가 후보들로부터 전화번호를 받아 일괄적으로 돌리기 때문입니다. [지방<b>선거</b>... ,https://n.news.naver.com/mnews/article/055/0000967019?sid=100,"Fri, 15 Apr 2022 12:47:00 +0900"
&quot;지지자들 꼭&quot; 마을이장이 여론조사 독려 논란,"칠곡군 왜관읍의 한 이장이 오는 6·1지방<b>선거</b>에 칠곡군수로 출마하는 특정 예비후보의 여론조사 참여를... 그는 또 휴대전화에 발신자 정보를 알려주는 어플 설치도 권유하면서 &quot;여론조사면 여론조사, <b>스팸</b>이면... ",http://www.kbmaeil.com/news/articleView.html?idxno=926660,"Thu, 14 Apr 2022 20:58:00 +0900"
시도때도 없는 ARS전화...'<b>선거</b>공해' 피로감,"요즘 6월1일 지방<b>선거</b>에 참여하라는 출마자들의 전화 한번쯤 받아보셨을텐데요, 하루에도 몇번씩 걸려오는... {직장인/&quot;업무 집중도가 올라가는 시간에 그런 문자를 받게 되면, 모르는 분한테 연락을 받는거다 보니 <b>스팸</b>문... ",http://news.knn.co.kr/news/todaynews_read.asp?etime=2022041400020&userid=mash&newsgubun=politics,"Thu, 14 Apr 2022 20:56:00 +0900"
놈들은 다 계획이 있다…부모님 위해 만든 보이스피싱 총정리,코로나 시국과 대통령 <b>선거</b> 등 정치 이벤트도 피싱 범죄의 주요 먹잇감이 돼왔습니다. (최근엔) 정부에서... 전화는 그냥 끊어버리시고 문자는 이제 그냥 <b>스팸</b> 신고를 눌러주시면 저희가 지금 사실 전부 다 수사에 착수를... ,https://n.news.naver.com/mnews/article/055/0000966309?sid=102,"Tue, 12 Apr 2022 17:57:00 +0900"
"&quot;02, 070 전화 좀 받아주오&quot; 속타는 지방<b>선거</b> 후보들",<b>스팸</b> 전화에 시달려 온 지방 유권자들이 서울지역 번호인 '02' 또는 인터넷 전화 '070'으로 시작되는 전화를 좀처럼 받지 않아 오는 6.1지방<b>선거</b> 각 정당 경선에 출마한 후보들이 속을 태우고 있다. 11일 울산지역 정치계에... ,https://n.news.naver.com/mnews/article/014/0004818072?sid=100,"Mon, 11 Apr 2022 15:40:00 +0900"
&lt;6·1지선 D-50&gt; 지선후보 문자·전화 홍보에 멍든다…코로나19 대면 <b>선거</b>...,대선때부터 <b>선거</b> 홍보 문자와 전화에 시달렸던 유권자들은 대다수가 '<b>스팸</b>'으로 인식하고 있는것 같다&quot;고 부담을 하소연했다. 기초단체장에 출마한 한 후보는 &quot;문자메시지와 전화 홍보 비용 대비 유권자 홍보 효과가... ,http://www.domin.co.kr/news/articleView.html?idxno=1377881,"Sun, 10 Apr 2022 20:04:00 +0900"
지금 경산시는 경산시장 <b>선거</b> 앞두고 '이상고온현상'에 '활활',"‘경산시장<b>선거</b>’를 앞두고 경북 경산시의 분위기가 지나치게 과열되고 있다. 특히 각 후보들이 경쟁적으로... 7일 현재 각 후보마다 여론조사의 동참과 지지를 호소하는 <b>스팸</b>문자를 무분별하게 발송, 시민들이 불편을... ",https://www.ajunews.com/view/20220407161437032,"Thu, 07 Apr 2022 17:00:00 +0900"
<b>선거</b> 문자 폭탄에 유권자들 '짜증',"일부 유권자들은 <b>스팸</b>성 문자와 개인정보 등의 문제로 선관위나 경찰에 문의하는 경우도 있지만 시원한 답을 얻지는 못하고 있다. <b>선거</b>운동 메시지가 수신거부를 명시하는 등 <b>선거</b>법의 범위 내에서 이뤄지고, <b>선거</b>운동시... ",http://www.namdonews.com/news/articleView.html?idxno=678444,"Wed, 06 Apr 2022 17:50:00 +0900"
'여론조사 응답률 10%'의 함정.. &quot;'유령응답' 가능하다?&quot;,"[이채영, 이은지 ] &quot;약간 <b>스팸</b>처럼 생각하는 것 같아요. 번호에 02 들어가는 것 있으면 다 끊고..&quot; [ 정현석 ] &quot;제가 원하지 않는 시간에 원하지 않는 전화를 받는 거니까 그래서 끊는 것 같아요.&quot; 지방<b>선거</b>를 앞두고 최근... ",https://n.news.naver.com/mnews/article/659/0000001758?sid=102,"Tue, 05 Apr 2022 21:18:00 +0900"
"[사설]민주당, 여론조사 경선 걱정된다",더불어민주당의 6월 지방<b>선거</b>에 나설 후보자 공천작업이 가시화되고 있다. 후보자 신청을 받아 10일에는... <b>스팸</b> 전화로 여겨 여론조사 응답률이 10%를 크게 밑도는 상황에서 후보자의 지지율에 막강한 위력을 발휘하는 건... ,http://sjbnews.com/news/news.php?number=741378,"Tue, 05 Apr 2022 19:14:00 +0900"
(4)막고 끊어도 무섭게 퍼지는 ‘독버섯’…가상공간의 지독한 전쟁[정...,"“(<b>선거</b> 과정에) 선불카드를 뇌물로 받았다”고 말하는 음성 파일이 유포되어 사회적으로 큰 혼란을... 사실 <b>스팸</b> e메일이 없어지지 않는 이유도 마찬가지다. e메일을 보내는 데 드는 비용이 거의 0원이고, <b>스팸</b>을 보내서 그... ",https://n.news.naver.com/mnews/article/032/0003137825?sid=105,"Thu, 31 Mar 2022 21:50:00 +0900"
&quot;창원 청년이 원하는 시장은&quot;…이재환 국힘 대변인 출마 촉구,"그러면서 &quot;<b>선거</b> 때만 되면 권력층과 연결된 튼튼한 끈을 내세우며 낙하산을 타고 내려와 갑자기 ‘창원을 사랑한다’ 외치고, 여론조사에서 한 표 더 받겠다고 ‘단체<b>스팸</b> 문자폭탄’으로 창원시민을 괴롭히고 있다&quot;고... ",https://n.news.naver.com/mnews/article/629/0000140587?sid=102,"Wed, 30 Mar 2022 17:28:00 +0900"
"창원청년단체, 국민의힘 이재환 후보 창원시장 <b>선거</b> 출마 촉구","이용해왔고, <b>선거</b> 때만 되면 권력층과 연결된 튼튼한 끈을 내세우며 낙하산을 타고 내려와 갑자기 창원을 사랑한다 외치고, 여론조사에서 한 표 더 받겠다고 단체<b>스팸</b> 문자폭탄으로 창원시민을 괴롭히고 있다&quot;며 &quot;우리는... ",https://n.news.naver.com/mnews/article/003/0011093242?sid=102,"Wed, 30 Mar 2022 15:52:00 +0900"
개인정보 유출된 총 16개 사업자는 어디?,"강원도의사회는 누리집 유지보수 업체가 실수로 다른 누리집(경상남도 의사회)에 강원도의사회 <b>선거</b>인명... 탈취당한 개인정보 중 일부는 다크웹 등에 게시되거나 광고성 <b>스팸</b> , 메일 등에 이용됐고, 주민등록번호가... ",http://www.dailypop.kr/news/articleView.html?idxno=58868,"Wed, 30 Mar 2022 13:52:00 +0900"
"&quot;힘내...&quot; 쏟아지는 K-트럼프 보도, 나를 위로하는 미국인들 [최현정의 ...","다들 한국 <b>선거</b>에 참여할 수 없는 미국 시민권자들이었다. 이날 자리를 만든 선배도 재작년 서둘러... 무엇보다 중국산 드론을 금지하는 것에서부터 성희롱에 대한 규칙 철폐, <b>스팸</b> 전화 단속과 마리화나 합법화에... ",https://n.news.naver.com/mnews/article/047/0002347059?sid=104,"Fri, 25 Mar 2022 19:52:00 +0900"
개인정보 유출 사실 '쉬쉬'하다 적발,"강원도의사회는 웹사이트 유지보수 업체가 실수로 다른 웹사이트(경상남도의사회)에 강원도의사회 <b>선거</b>인... 탈취당한 개인정보 중 일부는 다크웹 등에 게시되거나, 광고성 <b>스팸</b> 메일 등에 이용됐고, 주민등록번호가... ",http://www.koit.co.kr/news/articleView.html?idxno=94908,"Thu, 24 Mar 2022 15:52:00 +0900"
아시아나 등 16곳 개인정보유출 과징금,"강원도의사회는 홈페이지 유지보수 업체가 실수로 다른 홈페이지에 강원도의사회 <b>선거</b>인명부(3320명)를... 탈취당한 개인정보 중 일부는 다크웹 등에 게시되거나, 광고성 <b>스팸</b> 메일 등에 이용된 것으로 확인됐다.... ",https://n.news.naver.com/mnews/article/029/0002726234?sid=105,"Wed, 23 Mar 2022 19:48:00 +0900"
캔바 등 16개사 개인정보 유출… 과징금·과태료 1억여원 부과,"강원도의사회는 홈페이지 유지보수 업체가 실수로 다른 사이트(경상남도의사회)에 강원도의사회 <b>선거</b>인... 특히 탈취당한 개인정보 중 일부는 다크웹 등에 게시되거나, 광고성 <b>스팸</b> 메일 등에 이용됐다.... ",https://n.news.naver.com/mnews/article/014/0004808044?sid=102,"Wed, 23 Mar 2022 18:11:00 +0900"
"개인정보위, 개인정보 유출 16개 사업자에 과징금·과태료 처분","강원도의사회는 누리집 유지보수 업체가 실수로 다른 누리집(경상남도의사회)에 강원도의사회 <b>선거</b>인명부... 탈취당한 개인정보 중 일부는 다크웹 등에 게시되거나, 광고성 <b>스팸</b> 메일 등에 이용됐다. 주민등록번호가... ",http://it.chosun.com/site/data/html_dir/2022/03/23/2022032301914.html,"Wed, 23 Mar 2022 18:00:00 +0900"
"개인정보위, 개인정보 유출한 사업자 제재처분… 과징금 상한 목소리도","특히 강원도의사회 누리집 유지보수 업체가 실수로 다른 누리집에 강원도의사회 <b>선거</b>인명부를 게시하는 촌극도 빚어졌다. 개인정보위에 따르면 탈취당한 개인정보 중 일부는 다크웹 등에 게시되거나, 광고성 <b>스팸</b>... ",https://www.viva100.com/main/view.php?key=20220323010006098,"Wed, 23 Mar 2022 16:18:00 +0900"
"개인정보위, '개인정보 유출' 16개 사업자에 과징금 등 제재","강원도의사회는 누리집 유지보수 업체가 실수로 다른 누리집(경상남도의사회)에 강원도의사회 <b>선거</b>인명부... 탈취당한 개인정보 중 일부는 다크웹 등에 게시되거나, 광고성 <b>스팸</b> 메일 등에 이용되었고, 주민등록번호가... ",https://n.news.naver.com/mnews/article/031/0000661275?sid=105,"Wed, 23 Mar 2022 16:18:00 +0900"
캔바·징가 등 개인정보 유출된 16개 기업에 과태료·과징금 1억여 원,"강원도의사회는 홈페이지 유지보수 업체가 실수로 다른 홈페이지에 강원도의사회 <b>선거</b>인명부(3320명)를... 탈취당한 개인정보 중 일부는 다크웹 등에 게시되거나, 광고성 <b>스팸</b> 메일 등에 이용됐다. 성보공업과 ㈜잇올의... ",https://n.news.naver.com/mnews/article/079/0003623511?sid=101,"Wed, 23 Mar 2022 16:00:00 +0900"
'개인정보 유출' 캔바 등 16개사 제재,"광고성 <b>스팸</b> 메일 등에 이용된 것으로 확인됐다. 강원도의사회의 경우 홈페이지 유지보수 업체가 실수로 다른 홈페이지에 강원도의사회 <b>선거</b>인명부(3320명)를 게시했고, 한국투자신탁운용의 경우는 웹페이지 개발... ",http://www.newsfc.co.kr/news/articleView.html?idxno=51063,"Wed, 23 Mar 2022 15:50:00 +0900"
클라우드 서비스 사용시 안전한 인증수단 안쓰면 해킹당할 가능성 높다,"강원도의사회는 누리집 유지보수 업체가 실수로 다른 누리집(경상남도의사회)에 강원도의사회 <b>선거</b>인명부... 탈취당한 개인정보 중 일부는 다크웹 등에 게시되거나, 광고성 <b>스팸</b> 메일 등에 이용되었고... ",http://www.boannews.com/media/view.asp?idx=105623&kind=,"Wed, 23 Mar 2022 15:36:00 +0900"
"해킹, 업무상 실수로 개인정보 유출…개인정보위, 16개 사업자에 과태료","강원도의사회는 홈페이지 유지보수 업체의 실수로 다른 홈페이지에 의사회 <b>선거</b>인명부(3320명)가 게시됐고... 탈취당한 개인정보 일부는 다크웹, 텔레그램에 무단 게시되거나 광고성 <b>스팸</b> 메일 등에 악용된 것으로... ",https://n.news.naver.com/mnews/article/018/0005172778?sid=105,"Wed, 23 Mar 2022 15:00:00 +0900"
"내부 정보가 다른 사이트에 버젓이…개인정보위, 과징금 등 1억원 처분",강원도의사회의 경우 웹사이트 유지보수 업체가 실수로 경상남도 의사회에 강원도의사회 <b>선거</b>인명부... 탈취당한 개인정보 일부는 <b>스팸</b>메일에 활용되는 등 2차 피해도 발생했다. 성보공업과 (주)잇올의 유출된... ,https://n.news.naver.com/mnews/article/008/0004723357?sid=105,"Wed, 23 Mar 2022 14:31:00 +0900"
"개보위, 개인정보 유출 16개 사업자에 2370만원 과징금 처분",강원도의사회는 누리집 유지보수 업체가 실수로 다른 누리집(경상남도의사회)에 강원도의사회 <b>선거</b>인명부... 탈취당한 개인정보 중 일부는 다크웹 등에 게시되거나 광고성 <b>스팸</b> 메일 등에 이용됐고 주민등록번호가... ,http://www.newstomato.com/ReadNews.aspx?no=1112980&inflow=N,"Wed, 23 Mar 2022 14:16:00 +0900"
'개인정보 유출' 16개 사업자 과징금 등 제재‥&quot;안전조치 소홀·업무상 ...,강원도의사회는 인터넷 유지보수업체 실수로 다른 홈페이지에 3천320명의 <b>선거</b>인명부가 게시됐고... 해킹으로 탈취당한 개인정보 가운데 일부는 다크웹 등에 게시되거나 광고성 <b>스팸</b> 메일 등에 이용됐고... ,https://n.news.naver.com/mnews/article/214/0001185964?sid=101,"Wed, 23 Mar 2022 14:15:00 +0900"
"개인정보위, 개인정보 유출 16개 사업자 과징금 등 제재","강원도의사회는 홈페이지 유지보수 업체가 실수로 다른 사이트(경상남도의사회)에 강원도의사회 <b>선거</b>인... 특히 탈취당한 개인정보 중 일부는 다크웹 등에 게시되거나, 광고성 <b>스팸</b> 메일 등에 이용됐다.... ",https://n.news.naver.com/mnews/article/014/0004807838?sid=102,"Wed, 23 Mar 2022 14:11:00 +0900"
"개인정보위, 개인정보 유출 16개사에 과징금·과태료 '철퇴'","강원도의사회는 홈페이지 유지보수 업체가 실수로 다른 홈페이지(경상남도의사회)에 <b>선거</b>인명부(3320명)를... 광고성 <b>스팸</b> 메일 등에 이용됐고, 주민등록번호가 유출되거나 잘못 처리한 사례도 확인됐으며, 일부... ",https://www.ajunews.com/view/20220323124523666,"Wed, 23 Mar 2022 14:02:00 +0900"
'개인정보 유출' 캔바 등 16개사에 과징금·과태료 1억여원,강원도의사회는 홈페이지 유지보수 업체가 실수로 다른 홈페이지에 강원도의사회 <b>선거</b>인명부(3천320명)를... 광고성 <b>스팸</b> 메일 등에 이용된 것으로 확인됐다. 성보공업과 잇올에서 유출된 개인정보는 텔레그램에... ,https://n.news.naver.com/mnews/article/001/0013067565?sid=105,"Wed, 23 Mar 2022 14:01:00 +0900"
개인정보 유출 16개 사업자 제재,강원도의사회는 누리집 유지보수 업체가 실수로 다른 누리집(경상남도의사회)에 강원도의사회 <b>선거</b>인명부... 탈취당한 개인정보 중 일부는 다크웹 등에 게시되거나 광고성 <b>스팸</b> 메일 등에 이용됐다. 주민등록번호가... ,https://www.ebn.co.kr/news/view/1524176/?sc=Naver,"Wed, 23 Mar 2022 14:00:00 +0900"
[김건표 교수의 연극人 이야기]한국연극협회 신임 손정우 이사장,지난 2월 28일 치러진 제61차 정기총회 임원 <b>선거</b>에서 총 투표인 수(443명) 무효 1표로 당시 손 후보는 258표를... 문자는 <b>스팸</b>처럼 정보 제공으로 인식되고 알림톡은 회원들에게 한 방향으로 전달되고 회원 중심이니까... ,https://n.news.naver.com/mnews/article/005/0001513591?sid=103,"Tue, 22 Mar 2022 08:46:00 +0900"
"[DD's톡] 줌인터넷, ‘<b>스팸</b>관여과다종목’ 지정··· 투자주의","이스트소프트의 자회사인 줌인터넷이 ‘<b>스팸</b>관여과다종목’ 공시를 냈다. 17일 1일 동안... 줌인터넷은 대통령 <b>선거</b> 다음날인 10일부터 상승을 이어왔다. 10일 4570원, 11일 4970원, 14일 6460원, 15일 6630원을 기록했다.... ",https://n.news.naver.com/mnews/article/138/0002120842?sid=105,"Wed, 16 Mar 2022 17:51:00 +0900"
[성공예감] 정신 줄 놓으면 바로 쓰레기 대란으로 간다 - 홍수열 자원순...,"향후 바이오가스 쪽으로 갈 것 - <b>선거</b> 현수막 대부분 재활용 안 돼, 온라인 <b>선거</b> 등으로 전환해 안 쓰는 게... 그다음에 <b>스팸</b> 같은 것들 있잖아요. <b>스팸</b>은 이게 마개가 떨어져 나오죠. 플라스틱 뚜껑은 플라스틱으로 버리셔야... ",https://n.news.naver.com/mnews/article/056/0011229612?sid=101,"Tue, 15 Mar 2022 16:52:00 +0900"
한 표 행사하기까지... '기계'로부터 자유로울 수 있을까,"이에 더해 <b>스팸</b>광고와 동일한 디지털 기술을 근간으로 하고 있는 ARS(전화자동응답시스템) 여론조사가 활성화되면서 <b>선거</b> 기간 내내 여론조사 쏟아졌다. 즉, 민의를 온전히 담았다고 볼 수 없는 기계식 ARS... ",https://n.news.naver.com/mnews/article/047/0002345758?sid=100,"Mon, 14 Mar 2022 14:42:00 +0900"
[인터뷰] 이찬복 입소스 본부장 &quot;피 말리는 하룻밤…과학의 영역 넘어선...,"SBS의 <b>선거</b>방송 여러분, 보셨죠? 물론 채널이 많으니까 리모컨으로 왔다 갔다 하면서 보셨을 텐데 말이죠.... 또는 요즘 <b>스팸</b> 앱들이 많이 활성화되어 있는데요. <b>스팸</b> 앱을 통해서 아예 사전 차단되는 경우들이 많이... ",https://n.news.naver.com/mnews/article/055/0000959573?sid=100,"Fri, 11 Mar 2022 16:44:00 +0900"
[단독]민주당 서초구의회 의장 딸 결혼식 '갑질' 광고문자에 시민들 '오...,가족끼리 결혼식을 조촐하게 하고 모범을 보여야 할 사람이 권력을 남용해 광고 <b>스팸</b>문자라도 보내 땡겨보자는 식의 갑질 문자에 6월 지방<b>선거</b>에서 반드시 민주당의 오만함을 심판해야 겠다”고 제보한 배경을 설명했다.,http://www.dizzotv.com/site/data/html_dir/2022/03/11/2022031180163.html,"Fri, 11 Mar 2022 16:08:00 +0900"
"심상정, 마지막 대선 도전…허경영, 다시 무작위 전화","비호감 <b>선거</b>를 만들어 냈다, 이제는 양당체제 넘어서서 다당제로 가야 된다, 이런 소신을 갖고 있는 분들이... 해당 번호를 <b>스팸</b> 처리하는 경우가 늘자 번호 맨 뒤 2자리만 바꿔서 전화를 이어가는 신공을 펼치기도... ",https://n.news.naver.com/mnews/article/437/0000291833?sid=100,"Tue, 08 Mar 2022 18:53:00 +0900"
[e글중심] 대선 ‘깜깜이 기간’ “여론조사 못 믿어” “정확성 더 높...,<b>선거</b>일에 가까워질수록 여론조사 결과가 투표자로 하여금 승산이 있는 후보에게 가담하게 하거나(밴드왜건... 평범한 국민은 여론조사 전화를 <b>스팸</b> 정도로 생각해서 90% 이상은 거절한다. 적극 지지층만 대부분... ,https://n.news.naver.com/mnews/article/025/0003177501?sid=110,"Thu, 03 Mar 2022 00:14:00 +0900"
"쏟아지는 불법<b>스팸</b>··· 2021년 4305만건 신고, 사실상 전국민 수신",문자·이메일을 이용한 불법 <b>스팸</b>이 기승을 부리고 있다. 코로나19 지원금 등 사회적 이슈를 이용해 대중을... 대통령 <b>선거</b> 기간 중 사이버 안보 대비태세가 어느 때보다 중요한 시점으로 평소 보지 못했던 주소나... ,https://n.news.naver.com/mnews/article/138/0002119719?sid=105,"Sun, 27 Feb 2022 15:15:00 +0900"
'연간 불법<b>스팸</b> 신고 4500만 건'…AI로 대응 나선다,이날 주제발표에서는 정원기 KISA 이용자보호단장이 나와 '불법<b>스팸</b> 최신 트렌드 및 대응 현황'에 관해... net [관련기사] '인공지능 중심도시로'…AI 기업들 광주行은 올해도 이어진다 [관련기사] 디지털 <b>선거</b>에 적극... ,http://www.aitimes.com/news/articleView.html?idxno=143203,"Sun, 27 Feb 2022 11:08:00 +0900"
아들과 딸을 둔 아빠가 본 여성가족부 논란[폴 카버 한국 블로그],며칠 전에 <b>스팸</b>처럼 보이는 모르는 번호로 전화벨이 울렸다. 보통 모르는 번호는 받지 않는 습관이 있어서... 나에게 투표권이 없기는 하지만 이번 대선은 나에게는 다소 의미 있는 <b>선거</b>다. 왜냐하면 내 아들 녀석이 드디어... ,https://n.news.naver.com/mnews/article/020/0003413198?sid=110,"Fri, 25 Feb 2022 03:02:00 +0900"
기자에게도 임명장…재발 방지 약속하고도 ‘윤석열 임명장’ 여전,"국민의힘 <b>선거</b>대책본부가 ‘무차별 임명장 발송’ 논란에 대해 재발 방지를 약속했지만, 부산에서 여전히... 여기다 최근에는 정치권과 관련이 없는 문화계, 언론인들에게도 <b>스팸</b>성 임명장이 쏟아진다. 지역 출신인 안창홍... ",https://n.news.naver.com/mnews/article/082/0001142921?sid=100,"Wed, 23 Feb 2022 19:29:00 +0900"
전북의 허경영?...대선에 묻힌 지선후보 자동전화 급증 '유권자 피로',유발 <b>스팸</b>전화조회 관련 사이트 화면캡쳐 전북 지선 출마예정자들의 시도 때도 없는 ‘자동응답전화’에... 그 중 가장 큰 이유는 전북정치권이 <b>선거</b>기간 중 불법현수막을 게재하지 않을 것을 약속하면서 후보자들이... ,https://www.jjan.kr/article/20220221580348,"Mon, 21 Feb 2022 18:22:00 +0900"
"[아!이뉴스] 美, 3G 서비스 종료…라인프렌즈→IPX 사명 바꿨다","한 유료방송 업계 관계자는 &quot;다음 달이 벌써 <b>선거</b>라 킥오프라도 해두자고 과기정통부에 건의했는데, 잘... 애초 유튜브는 ▲<b>스팸</b> 및 현혹 행위 ▲민감한 콘텐츠 ▲폭력적이거나 위험한 콘텐츠 ▲규제 상품 ▲잘못된... ",https://n.news.naver.com/mnews/article/031/0000655213?sid=105,"Mon, 21 Feb 2022 17:34:00 +0900"
&quot;이광재 원정골프 도민 무시&quot; vs &quot;국힘 임명장은 <b>스팸</b> 전단&quot;,국민의힘 강원도<b>선거</b>대책위원회는 지난 18일 더불어민주당 이광재(원주갑) 의원을 향해 &quot;부산 원정골프에... 사채 <b>스팸</b> 전단과 다를 바 없다&quot;며 &quot;윤 후보 선대위의 임명장 무차별 살포를 중단하라&quot;고 요구했다. 이날... ,https://n.news.naver.com/mnews/article/654/0000003052?sid=100,"Mon, 21 Feb 2022 00:06:00 +0900"
"&quot;할아버지 재력, 어머니 정보력보다 중요한 유아 교육은...&quot;",'설마 <b>스팸</b>을 아니겠지' 생각하며 메시지를 보니 &quot;은평구 84번째 국공립 어린이집 원장으로 3월 개원을... 지방<b>선거</b>를 앞두고 있다. 혹시 정치인에게 당부하고 싶은 말은? &quot;구내 노인 인구가 많다 보니 어르신 관련 사업과... ,https://n.news.naver.com/mnews/article/047/0002343042?sid=102,"Sun, 20 Feb 2022 14:31:00 +0900"
"더불어민주당 &quot;윤석열 대선후보 임명장, 무차별 살포 중단하라&quot;",더불어민주당 강원도<b>선거</b>대책위원회 관계자 및 당 소속 지방의원 등 당원 10여명은 이날 오전 국민의힘... 흡사 길거리에 뿌려지는 사채 <b>스팸</b> 전단과 다를 바 없다&quot;며 &quot;국민의힘 윤석열 후보 선대위의 무차별적 임명장 살포... ,https://n.news.naver.com/mnews/article/654/0000002966?sid=100,"Sun, 20 Feb 2022 11:23:00 +0900"
사이버렉카 &quot;또 떴다!&quot;.. 유튜브만 믿으면 되나?,"가이드라인은 <b>스팸</b> 및 현혹 행위(허위참여, 명의도용, 외부링크), 민감한 콘텐츠(아동보호, 섬네일, 과도한 노출 및 성적인 콘텐츠 등), 폭력적이거나 위험한 콘텐츠, 규제상품(총기류 등), 잘못된 정보(잘못된 <b>선거</b>정보... ",https://it.donga.com/101778/,"Thu, 17 Feb 2022 17:30:00 +0900"
"민주당 강원도당, 국힘 임명장 배포에 &quot;건진법사나 신천지 간부들에게나...","본인 의사 확인도 없이 불법 <b>스팸</b> 문자나 보이스피싱같이 불쾌감을 주는 행위를 허락했는가&quot;라고 비판했다.... 한편 국민의힘은 최근 더불어민주당 소속 시·군의원, 지방<b>선거</b> 출마예정자 등에게 윤석열 후보의 임명장을... ",https://n.news.naver.com/mnews/article/654/0000002662?sid=100,"Wed, 16 Feb 2022 10:59:00 +0900"
모르는 전화번호,"모르는 번호, 딱 봐도 <b>스팸</b>이 아닌 개인번호로 전화가 걸려올 때면 가슴이 철렁한다. 첫 번째 드는 생각은... 올해는 지방<b>선거</b>를 앞두고 있어 선심성 공약이 남발할지도 모른다. 그렇다고 간절한 주민 목소리를 마냥 외면할... ",http://www.idomin.com/news/articleView.html?idxno=786061,"Wed, 16 Feb 2022 07:16:00 +0900"
"'與위성정당' 거부했던 김정화 &quot;이재명 '<b>스팸</b>공약', 분쇄기가 답&quot;",이랬다가 저랬다가 믿을 수 없는 <b>스팸</b> 공약은 분쇄가 답&quot;이라고 덧붙였다. 이날 이 후보는 서울 명동에서 '위기극복·국민통합 선언 기자회견'을 열고 <b>선거</b> 과정과 무관히 정치교체와 국민통합에 동의하는 모든 정치세력과... ,https://n.news.naver.com/mnews/article/016/0001950677?sid=100,"Mon, 14 Feb 2022 14:32:00 +0900"
"‘#제노사이드게임’ 트윗, 中관련 가짜 계정…“이용자 교란 목적”","트위터 대변인은 “해당 트윗이 ‘<b>스팸</b> 및 플랫폼 조작에 대한 규칙’을 위반해 이런 조치를 취했다”며... 홍콩 시위, 2020년 대만 <b>선거</b>, 코로나19, 신장 등 주제에서 사용됐고, 지금은 올림픽”이라고 말했다.",https://n.news.naver.com/mnews/article/005/0001504084?sid=104,"Wed, 09 Feb 2022 06:42:00 +0900"
"개인정보위, 시민과 함께 '온라인상 개인정보 불법 유통' 근절","개인정보위는 이번 단속에 대해 개인정보가 온라인에서 불법 유통돼 <b>스팸</b> 문자, 사기전화(보이스피싱), 허위사실 유포, 불법 <b>선거</b>운동 등 각종 범죄에 악용되는 것을 선제적으로 차단하기 위한 조치라고 설명했다. 특히... ",http://www.koit.co.kr/news/articleView.html?idxno=93463,"Tue, 08 Feb 2022 21:08:00 +0900"
"개인정보위, 개인정보 불법 유통 집중 단속","포털 아이디 등 개인정보를 사고파는 내용을 담은 게시물입니다. 이번 단속은 불법 유통되는 개인정보가 <b>스팸</b> 문자나 보이스피싱, 불법 <b>선거</b>운동 등 각종 범죄에 악용되는 것을 선제적으로 차단하기 위해 마련됐습니다.",https://www.ktv.go.kr/content/view?content_id=642159,"Tue, 08 Feb 2022 19:30:00 +0900"
"개인정보위, 개인정보 불법 유통 집중 단속 실시","개인정보위는 “이번 단속은 개인정보가 온라인에서 불법 유통돼 <b>스팸</b> 문자, 보이스피싱, 허위사실 유포, 불법 <b>선거</b> 등 각종 범죄에 악용되는 것을 선제적으로 차단하기 위한 조치”라고 했다. 특히 최근 문제가 된... ",https://n.news.naver.com/mnews/article/018/0005141846?sid=105,"Tue, 08 Feb 2022 17:45:00 +0900"
"개인정보위, 개인정보 불법 유통 집중 단속 나선다","이번 단속은 개인정보가 온라인에서 불법 유통돼 <b>스팸</b> 문자, 사기전화(보이스피싱), 허위사실 유포, 불법 <b>선거</b>운동 등 각종 범죄에 악용되는 것을 선제적으로 차단하기 위해 마련됐다. 특히 공무원의 개인정보 유출을... ",https://n.news.naver.com/mnews/article/031/0000652512?sid=105,"Tue, 08 Feb 2022 17:13:00 +0900"
"개인정보위, 온라인 개인정보 불법 유통 ‘집중 단속’","이번 단속은 불법 유통되는 개인정보가 <b>스팸</b> 문자, 사기 전화(보이스피싱), 허위사실 유포, 불법 <b>선거</b>운동 등 각종 범죄에 악용되는 것을 선제적으로 차단하기 위해 마련됐다.특히 공무원의 개인정보 유출을 막기 위해... ",https://www.viva100.com/main/view.php?key=20220208010001742,"Tue, 08 Feb 2022 17:10:00 +0900"
"개인정보위·KISA, 개인정보 불법 유통 집중 단속","이번 단속은 개인정보가 온라인에서 불법 유통되어 <b>스팸</b> 문자, 사기전화(보이스피싱), 허위사실 유포, 불법 <b>선거</b>운동 등 각종 범죄에 악용되는 것을 선제적으로 차단하기 위한 조치이다. 특히, 최근 사회적으로 문제가 된... ",https://n.news.naver.com/mnews/article/092/0002246962?sid=105,"Tue, 08 Feb 2022 17:06:00 +0900"
개인정보 불법 유통 집중 단속,"이번 단속은 불법 유통되는 개인정보가 <b>스팸</b> 문자, 사기 전화(보이스피싱), 허위사실 유포, 불법 <b>선거</b>운동 등 각종 범죄에 악용되는 것을 선제적으로 차단하기 위해 마련됐다. 특히 공무원의 개인정보 유출을 막기 위해... ",http://kookbang.dema.mil.kr/newsWeb/20220209/6/BBSMSTR_000000010031/view.do,"Tue, 08 Feb 2022 16:58:00 +0900"
"개인정보위, 개인정보 불법 유통 집중 단속한다","이번 단속은 불법 유통되는 개인정보가 <b>스팸</b> 문자, 사기 전화(보이스피싱), 허위사실 유포, 불법 <b>선거</b>운동 등 각종 범죄에 악용되는 것을 선제적으로 차단하기 위해 마련됐다. 특히 공무원의 개인정보 유출을 막기 위해... ",http://www.newscj.com/news/articleView.html?idxno=948314,"Tue, 08 Feb 2022 16:06:00 +0900"
"개인정보위, 개인정보 불법유통 집중 단속","이번 단속은 개인정보가 온라인에서 불법 유통돼 <b>스팸</b> 문자, 사기전화(보이스피싱), 허위사실 유포, 불법 <b>선거</b>운동 등 각종 범죄에 악용되는 것을 선제적으로 차단하기 위한 조치이다. 특히 최근 문제가 된 공무원의... ",https://n.news.naver.com/mnews/article/014/0004784507?sid=102,"Tue, 08 Feb 2022 14:54:00 +0900"
3월까지 온라인 개인정보 불법유통 1차 단속,이번 단속은 개인정보가 온라인에서 불법 유통돼 <b>스팸</b> 문자·사기전화(보이스피싱)·허위사실 유포·불법 <b>선거</b>운동 등 범죄에 악용되는 것을 차단하기 위한 조치다. 특히 올해는 흥신소·심부름센터 등에서 공공기관의... ,https://www.ajunews.com/view/20220208141551028,"Tue, 08 Feb 2022 14:48:00 +0900"
"개인정보위, 개인정보 불법 유통 집중 단속 나선다","불법 유통되는 개인정보가 <b>스팸</b> 문자, 사기 전화(보이스피싱), 허위사실 유포, 불법 <b>선거</b>운동 등 각종 범죄에 악용되는 것을 차단한다는 계획이다. 특히 공무원의 개인정보 유출을 막기 위해 흥신소나 심부름센터 등에서... ",https://n.news.naver.com/mnews/article/029/0002719356?sid=105,"Tue, 08 Feb 2022 14:04:00 +0900"
"개인정보위, 온라인상 개인정보 불법 유통 집중 단속 나서","이번 단속은 개인정보가 온라인에서 불법 유통되어 <b>스팸</b> 문자 사기, 전화 보이스피싱, 허위사실 유포, 불법 <b>선거</b>운동 등 각종 범죄에 악용되는 것을 선제적으로 차단하기 위한 조치이다. 특히 최근 사회적으로 문제가 된... ",https://www.dailysecu.com/news/articleView.html?idxno=134038,"Tue, 08 Feb 2022 13:58:00 +0900"
온라인 개인정보 불법 유통 ‘집중 단속’,"이번 단속은 개인정보가 온라인에서 불법 유통되어 <b>스팸</b> 문자, 사기전화(보이스피싱), 허위사실 유포, 불법 <b>선거</b>운동 등 각종 범죄에 악용되는 것을 선제적으로 차단하기 위한 조치다. 특히, 최근 사회적으로 문제가 된... ",http://www.boannews.com/media/view.asp?idx=104634&kind=,"Tue, 08 Feb 2022 13:22:00 +0900"
"개인정보위, 온라인상 개인정보 불법 유통 집중 단속 나선다","개인정보가 온라인에서 불법 유통돼 <b>스팸</b> 문자, 사기전화, 허위사실 유포, 불법 <b>선거</b>운동 등 각종 범죄에 악용되는 것을 차단한다는 취지다. 특히 최근 사회적 문제로 떠오른 공무원의 개인정보 유출을 막기 위해 올해는... ",https://n.news.naver.com/mnews/article/138/0002118451?sid=105,"Tue, 08 Feb 2022 13:13:00 +0900"
"개인정보위, 개인정보 불법 유통 집중 단속 나선다","이번 단속은 불법 유통되는 개인정보가 <b>스팸</b> 문자, 사기 전화(보이스피싱), 허위사실 유포, 불법 <b>선거</b>운동 등 각종 범죄에 악용되는 것을 선제적으로 차단하기 위해 마련됐다. 특히 공무원의 개인정보 유출을 막기 위해... ",https://n.news.naver.com/mnews/article/001/0012966442?sid=100,"Tue, 08 Feb 2022 12:01:00 +0900"
"개인정보위, 개인정보 불법유통 집중단속…'이석준 사건' 재발방지","이번 단속은 개인정보가 온라인에서 불법 유통돼 <b>스팸</b> 문자나 보이스피싱, 허위사실 유포, 불법 <b>선거</b>운동 등 각종 범죄에 악용되는 것을 선제적으로 차단하는 것이 목적이다. 특히 '이석준 사건'을 감안해 올해는... ",https://n.news.naver.com/mnews/article/421/0005890050?sid=100,"Tue, 08 Feb 2022 12:00:00 +0900"
온라인상 개인정보 불법 유통 집중 단속,"이번 단속은 개인정보가 온라인에서 불법 유통돼 <b>스팸</b> 문자, 사기전화(보이스피싱), 허위사실 유포, 불법 <b>선거</b>운동 등 각종 범죄에 악용되는 것을 선제적으로 차단하기 위한 조치다. 특히 최근 사회적으로 문제가 된... ",https://www.ebn.co.kr/news/view/1518737/?sc=Naver,"Tue, 08 Feb 2022 12:00:00 +0900"
中 동계올림픽 개막식서 中소수민족 ‘한복’ 등장…&quot;명백한 한복공정...,국민의힘 황규환 <b>선거</b>대책본부 대변인도 논평에서 “주권국가에 대한 명백한 문화침탈이자 ‘함께하는... GS25는 지난해 6월 ‘<b>스팸</b> 계란 김치볶음밥 주먹밥’의 제품 설명에 김치를 파오차이로 표기해 곤욕을 치렀다.... ,https://n.news.naver.com/mnews/article/243/0000022376?sid=101,"Sun, 06 Feb 2022 13:26:00 +0900"
"두테르테 대통령의 큰 그림? …필리핀, SNS 계정 정보 의무 등록법 추진",오는 5월 대통령 <b>선거</b>를 앞둔 필리핀이 사회관계망서비스(SNS)를 둘러싼 정치ㆍ사회적 갈등으로 몸살을 앓고... 개를 '<b>스팸</b>과 조작(spam and manipulation)에 관한 규정 위반'으로 폐쇄하는 등 개별 제재에 나섰다. 막무가내식... ,https://n.news.naver.com/mnews/article/469/0000656263?sid=104,"Fri, 04 Feb 2022 15:58:00 +0900"
교묘해진 <b>스팸</b> 사기…“설 선물 중고거래·676국번 주의하세요”,후후앤컴퍼니는 &quot;올 상반기 대통령<b>선거</b>와 지방<b>선거</b>가 예정된 만큼 설문조사 유형 <b>스팸</b>이 꾸준히 늘 것으로 보인다&quot;고 내다봤다. 코로나19 관련 방역지원금이나 고용장려금 등 각종 지원금 안내를 따라한 <b>스팸</b>도... ,https://n.news.naver.com/mnews/article/015/0004658942?sid=105,"Mon, 31 Jan 2022 15:46:00 +0900"
이재명 &quot;보이스피싱 범죄 근절…단속 강화&quot;,"김진욱 민주당 <b>선거</b>대책위원회 대변인은 이날 오후 브리핑을 통해 이 같은 내용이 담긴 11번째 '소복소복... 높이겠다&quot;면서 &quot;<b>스팸</b> 안내 앱의 대응 시간 단축, 보이스피싱 의심계좌 지급정지, 지급지연제도 확대 등 통신사와... ",https://n.news.naver.com/mnews/article/277/0005036972?sid=100,"Thu, 27 Jan 2022 15:02:00 +0900"
이재명 &quot;보이스피싱 반드시 근절&quot;…'경기도 특사경 모델 확대' 공언,"이 후보는 이날 여의도 민주당사에서 김진욱 <b>선거</b>대책위 대변인이 대독한 '이재명의 소복소복 이행(소시민의... 구체적으로 <b>스팸</b> 안내 애플리케이션(앱)의 대응 시간 단축, 보이스피싱 의심계좌 지급정지, 지급지연제도... ",https://n.news.naver.com/mnews/article/016/0001943859?sid=100,"Thu, 27 Jan 2022 14:42:00 +0900"
김건희 공격할수록 도리어 윤석열 뜬다... 왜일까?,"대통령 <b>선거</b>에 나선 직접 당사자가 아닌, 그 부인에 대한 집요한 행태의... 그런데 그게 명절 때 여기저기 흔히 돌리는 곶감, <b>스팸</b>, 김, 망고 등과 같은 종류였다.... ",http://www.breaknews.com/867959,"Thu, 27 Jan 2022 11:18:00 +0900"
"윤석열, 교류 없다던 삼부토건 선물 받은 정황 포착…그런데 반응이 뜻...","일부 네티즌들은 &quot;한우라고 안 적고 '정육'이라고 표기한 것 보니까 <b>스팸</b> 받은 거 아닌가&quot;, &quot;(윤 후보가)... 한편 국민의힘 <b>선거</b>대책본부 이양수 수석대변인은 26일 입장문을 통해 &quot;윤 후보는 삼부토건 회장으로부터 접대를... ",https://www.wikitree.co.kr/articles/727447,"Wed, 26 Jan 2022 16:42:00 +0900"
‘김·곶감·밤’ 尹 명절 선물 논란에... 진중권 “난 전복·홍삼 받아...,내가 <b>스팸</b>마요 해줄게라고 했을 듯” “정육 보내다가 (윤 후보가)좌천당한 후엔 김을 보냈다” 등의 반응이 나왔다. 더불어민주당 <b>선거</b>대책위원회 국민검증법률지원단은 “윤석열 후보가 2005년 파주 신도시 부동산 투기... ,https://n.news.naver.com/mnews/article/023/0003668818?sid=100,"Wed, 26 Jan 2022 11:02:00 +0900"
4분기 <b>스팸</b>전화 1위는 '설문조사',"4분기 '설문조사' 유형의 신고 건수는 7만3000여 건으로 지난 분기 대비 96% 상승해 <b>스팸</b> 유형 중 가장 높은 상승률을 보였다. 상반기에는 대통령<b>선거</b> 및 지방<b>선거</b>가 예정돼있는 만큼, 국민적 관심 확인을 위한... ",http://www.koit.co.kr/news/articleView.html?idxno=93118,"Tue, 25 Jan 2022 18:04:00 +0900"
"필리핀 대선 유력 후보, '독재자' 선친 관련 질문에 &quot;과거일 뿐&quot;",또 지난 2016년에는 부통령 <b>선거</b>에 나왔다가 낙선했으나 지난해 10월 5일 대통령 후보 등록을 마친 뒤... 트위터는 전문가 평가와 기술적 진단을 통해 '<b>스팸</b>과 조작'(spam and manipulation)에 관한 규정을 위반했다고 판단해... ,https://n.news.naver.com/mnews/article/001/0012940981?sid=104,"Tue, 25 Jan 2022 18:01:00 +0900"
대선정국에 '설문조사' <b>스팸</b>도 대폭 증가…전 분기 比 96%↑,"특히 대선이 다가오면서 정치 이슈가 등락에 영향을 미치는 ‘설문조사’ 유형 <b>스팸</b>이 가장 큰 폭으로 증가했다. 상반기에는 대통령<b>선거</b> 및 지방<b>선거</b>가 예정되어있는 만큼, 국민적 관심 확인을 위한 설문조사는 지속... ",https://www.asiatoday.co.kr/view.php?key=20220125010014702,"Tue, 25 Jan 2022 17:14:00 +0900"
"<b>스팸</b>이 달라지고 있다··· 후후 “설문조사·중고사기, ‘비주류 유형...",후후는 대통령 <b>선거</b> 등 정치 이슈가 등락에 영향을 미치는 설문조사 유형 <b>스팸</b>이 큰 폭으로 증가했다고 전했다. 4분기 설문조사 유형 <b>스팸</b>신고 건수는 7만3000여건으로 3분기 대비 2배 가까이 증가했다. 오는 3월... ,https://n.news.naver.com/mnews/article/138/0002117736?sid=105,"Tue, 25 Jan 2022 15:28:00 +0900"
"지난해 4분기 후후 앱 <b>스팸</b> 신고 779만여건, 전분기비 3% 증가",4분기 설문조사 유형의 신고 건수는 7만3000여건으로 전분기비 96% 상승해 <b>스팸</b> 유형 중 가장 높은 상승률을 보였다. 상반기에는 대통령<b>선거</b> 및 지방<b>선거</b>가 예정돼 있어 국민적 관심 확인을 위한 설문조사는 지속... ,https://www.itbiznews.com/news/articleView.html?idxno=62338,"Tue, 25 Jan 2022 15:16:00 +0900"
후후 &quot;지난해 4분기 '설문조사' 유형 <b>스팸</b>전화 급증&quot;,상반기에는 대통령<b>선거</b>와 지방<b>선거</b>가 예정돼있어 설문조사 <b>스팸</b>은 지속 상승할 것으로 보인다. 이어 '기타' 유형 <b>스팸</b>이 4분기 39만5000여건으로 전분기 대비 46% 상승했다. 월평균 8만건 수준이었던 기타 유형의 신고... ,http://www.cstimes.com/news/articleView.html?idxno=487243,"Tue, 25 Jan 2022 15:14:00 +0900"
대선 앞두고 ‘설문조사’ <b>스팸</b> 신고 급증…후후 앱 분석,올해 상반기에는 대통령<b>선거</b>와 지방<b>선거</b>가 예정돼 있어 설문조사 유형 <b>스팸</b>은 계속 늘어날 전망이다. 다음으로 가장 큰 폭으로 증가한 ‘기타’ 유형 <b>스팸</b>은 4분기 39만 5000여 건으로 전 분기 대비 46% 상승했다.... ,https://n.news.naver.com/mnews/article/082/0001138466?sid=101,"Tue, 25 Jan 2022 14:57:00 +0900"
"후후앤컴퍼니, &quot;2021년 4분기 779만 건 <b>스팸</b> 접수&quot;","4분기 '설문조사' 유형의 신고 건수는 7만 3000여 건으로 지난 분기 대비 96% 상승해 <b>스팸</b> 유형 중 가장 높은 상승률을 보였다. 상반기에는 대통령<b>선거</b> 및 지방<b>선거</b>가 예정되어있는 만큼, 국민적 관심 확인을 위한... ",http://www.cbci.co.kr/news/articleView.html?idxno=423942,"Tue, 25 Jan 2022 12:20:00 +0900"
"<b>스팸</b>도 대선 특수 노리나... '설문조사' 유형 큰 폭 상승, 비대면에 '중...","4분기 '설문조사' 유형의 신고 건수는 7만 3천여 건으로 지난 분기 대비 96% 상승해 <b>스팸</b> 유형 중 가장 높은 상승률을 보였다. 상반기에는 대통령<b>선거</b> 및 지방<b>선거</b>가 예정되어있는 만큼, 국민적 관심 확인을 위한... ",http://www.gvalley.co.kr/news/articleView.html?idxno=600839,"Tue, 25 Jan 2022 11:12:00 +0900"
후후앤컴퍼니 &quot;지난해 4분기 <b>스팸</b> 779만건 접수&quot;...대선 앞두고 '설문조...,설문조사 <b>스팸</b> 7만여건…전 분기 대비 96% 증가로 가장 큰 상승 폭 대통령<b>선거</b>가 다가오면서 ‘설문조사’ 유형의 <b>스팸</b>이 가장 큰 폭으로 증가한 것으로 나타났다. <b>스팸</b> 차단 앱 ‘후후’를 제공하는... ,https://www.ajunews.com/view/20220125102542929,"Tue, 25 Jan 2022 11:08:00 +0900"
"후후 &quot;4분기 <b>스팸</b> 통계, 10% 비중 비주류 유형 성장세 두드러져&quot;","4분기 설문조사 유형의 신고 건수는 7만3000여 건으로 지난 분기 대비 96% 상승해 <b>스팸</b> 유형 중 가장 높은 상승률을 보였다. 상반기에는 대통령<b>선거</b> 및 지방<b>선거</b>가 예정돼있는 만큼, 국민적 관심 확인을 위한 설문조사는... ",http://www.digitaltoday.co.kr/news/articleView.html?idxno=432664,"Tue, 25 Jan 2022 11:06:00 +0900"
후후 &quot;대선 앞두고 설문조사 <b>스팸</b>신고 2배로 급증&quot;,대통령<b>선거</b>를 앞두고 설문조사 전화에 대한 <b>스팸</b> 신고 건수가 급증했다고 <b>스팸</b>차단 애플리케이션 '후후' 운영사 후후앤컴퍼니가 25일 밝혔다. 이 회사가 지난해 4분기 이용자들의 신고를 집계한 결과 전화·문자메시지... ,https://n.news.naver.com/mnews/article/001/0012939024?sid=105,"Tue, 25 Jan 2022 10:28:00 +0900"
<b>스팸</b> 통계 4분기 키워드는 '비주류의 성장세',"4분기 설문조사 유형의 신고 건수는 7만3000여 건으로 지난 분기 대비 96% 상승해 <b>스팸</b> 유형 중 가장 높은 상승률을 보였다. 상반기에는 대통령<b>선거</b> 및 지방<b>선거</b>가 예정되어있는 만큼, 국민적 관심 확인을 위한... ",http://www.seoulfn.com/news/articleView.html?idxno=445016,"Tue, 25 Jan 2022 10:13:00 +0900"
4분기 후후 앱 <b>스팸</b> 신고 779만 건…&quot;<b>선거</b>철 설문조사 빙자 96% 급증&quot;,"4분기 '설문조사' 유형의 신고 건수는 7만 3천여 건으로 지난 분기 대비 96% 급증해 <b>스팸</b> 유형 중 가장 높은 상승률을 보였다. 상반기에는 대통령<b>선거</b> 및 지방<b>선거</b>가 예정되어있는 만큼, 국민적 관심 확인을 위한... ",http://www.thebigdata.co.kr/view.php?ud=202201250928597030d0a8833aad_23,"Tue, 25 Jan 2022 09:56:00 +0900"
[AT 통신 소식] SK텔레콤·KT·LG유플러스,"4분기 설문조사 유형의 신고 건수는 7만3000여건으로 지난 분기 대비 96% 상승해 <b>스팸</b> 유형 중 가장 높은 상승률을 보였다. 상반기에는 대통령<b>선거</b> 및 지방<b>선거</b>가 예정된 만큼, 국민적 관심 확인을 위한 설문조사는... ",https://www.asiatime.co.kr/article/20220125500036,"Tue, 25 Jan 2022 09:52:00 +0900"
연말 <b>스팸</b>전화 779만건… 방역지원금·중고거래 사기 늘어,상반기에는 대통령<b>선거</b> 및 지방<b>선거</b>가 예정되어있어 설문조사 유형의 <b>스팸</b>은 크게 증가할 것으로 보인다. '기타' 유형 <b>스팸</b>은 4분기 39만5000여건으로 지난 분기 대비 46% 상승했다. 월평균 8만건 수준이었던 기타... ,http://www.smedaily.co.kr/news/articleView.html?idxno=223461,"Tue, 25 Jan 2022 09:34:00 +0900"
"&quot;비주류 유형 성장세&quot;… 후후앤컴퍼니, 4분기 <b>스팸</b> 통계 발표","4분기 설문조사 유형의 신고 건수는 7만 3000여 건으로 지난 분기 대비 96% 상승해 <b>스팸</b> 유형 중 가장 높은 상승률을 보였다. 상반기에는 대통령 <b>선거</b> 및 지방<b>선거</b>가 예정되어있는 만큼, 국민적 관심 확인을 위한... ",https://www.youthdaily.co.kr/news/article.html?no=91458,"Tue, 25 Jan 2022 09:32:00 +0900"
"필리핀 대선 유력후보, 편파성 들어 주요 방송 인터뷰 불참",필리핀은 올해 5월 9일 <b>선거</b>를 실시해 대통령과 부통령을 선출한다. 독재자인 선친의 이름을 그대로... 트위터는 전문가 평가와 기술적 진단을 통해 '<b>스팸</b>과 조작'(spam and manipulation)에 관한 규정을 위반했다고 판단해... ,https://n.news.naver.com/mnews/article/001/0012936653?sid=104,"Mon, 24 Jan 2022 10:29:00 +0900"
"트위터, 필리핀 '대선 후보' 마르코스 지지 계정 300여개 폐쇄",트위터 대변인은 &quot;<b>선거</b>와 관련된 논의에 영향을 미치는 미심쩍은 정보들을 계속해서 찾아내 삭제할 것&quot;이라고 말했다. 이와 관련해 마르코스 측은 &quot;트위터는 여론 조작과 <b>스팸</b> 등을 면밀히 경계해야 한다&quot;고 입장을... ,https://n.news.naver.com/mnews/article/001/0012934578?sid=104,"Sat, 22 Jan 2022 12:14:00 +0900"
인터넷에 확산 중인 '허경영 전화 차단하는 법'… 효과 제대로다 (+방법...,"많은 이들이 해당 번호를 차단하고 <b>스팸</b> 신고를 하기도 했지만, 허 후보 측은 끝 번호를 바꿔가며 3개월째... SKT는 'T-World'에 접속해 검색창에 '번호제공'을 입력한 후 <b>선거</b> 관련 여론 조사 목적의 휴대폰 가상 번호 제공... ",https://www.wikitree.co.kr/articles/725631,"Wed, 19 Jan 2022 15:16:00 +0900"
뒷번호만 바꿔 오는 '허경영 전화' 제대로 차단하는 방법,허경영 전화의 경우 단순 투표 독려 전화이기 때문에 영리 목적을 가진 <b>스팸</b> 전화로 분류되지 않아 차단... 통신사별로 방법이 다르다.먼저 SKT는 'T-World'에 접속해 검색창에 '번호제공'을 입력한 후 <b>선거</b> 관련 여론... ,https://www.insight.co.kr/news/378361,"Wed, 19 Jan 2022 09:32:00 +0900"
[수요기획] '투표독려 전화' 법으로 못 막는다…밤낮없는 '허경영 전화...,수신차단해도 다른 번호로 발신<b>스팸</b>차단앱에 최대 2121번 신고 연예인도 &quot;그만해달라&quot; 호소 합격 전화 기다리는 수험생 등 중요업무 놓쳤단 피해사례 불구<b>선거</b>법·개인정보법 문제없어비슷한 <b>선거</b>홍보 늘어날 전망18일... ,https://www.yeongnam.com/web/view.php?key=20220118010002239,"Wed, 19 Jan 2022 07:50:00 +0900"
&quot;난 정치 관심 없는데&quot;...대선 후보 홍보 전화 차단방법 따로 있다,"기사내용 요약허경영, 투표 참여 독려...불법 아냐 영리 목적 <b>스팸</b>으로도 분류 어려워 가입 통신사별로 '거부 신청' 해야 [서울=뉴시스]이지우 인턴 기자 = '대선 후보자들의 <b>선거</b> 관련 전화를 차단할 수 있는 방법... ",https://n.news.naver.com/mnews/article/003/0010952403?sid=102,"Tue, 18 Jan 2022 22:06:00 +0900"
[아주 돋보기] 시도 때도 없이 '따르릉'…허경영은 내 번호 어떻게 알았...,&quot; 무작위로 전화 거는 방식…개인 정보 유출은 아냐 <b>선거</b>법 위반 아닐까? 특정 정당·후보 지지해달란 내용... 문제는 이 전화를 <b>스팸</b> 처리해도 번호를 바꿔 또 걸려 온다는 것이다. 기존에는 끝자리가 '9010'인 번호로... ,https://www.ajunews.com/view/20220118172212178,"Tue, 18 Jan 2022 17:28:00 +0900"
"&quot;합격 전화 기다리는 수험생에 응급실까지&quot;…허경영 전화, 해결책은?","18일 한국인터넷진흥원(KISA)과 중앙<b>선거</b>관리위원회, 이동통신사 등에 따르면 현재 허 후보 측의 모든 전화를 일괄적으로 차단할 방법은 없다. 전화가 오는 대로 해당 번호를 일일이 수신 거부하는 방법이 최선이다. <b>스팸</b>... ",https://n.news.naver.com/mnews/article/009/0004910501?sid=100,"Tue, 18 Jan 2022 15:07:00 +0900"
"&quot;제발 그만&quot;…<b>스팸</b>인듯 <b>스팸</b> 아닌 '허경영 전화', 완전 차단 안되나",KISA 관계자는 &quot;허 후보 전화는 불법 <b>스팸</b> 관리 대상으로 분류하고 있지 않다&quot;고 설명했다. <b>선거</b> 관련 전화지만 정작 선관위의 관리 대상도 아니다. 공직<b>선거</b>법에 따라 누구든지 투표 참여를 권유하는 행위를 할 수 있는데... ,https://n.news.naver.com/mnews/article/008/0004697332?sid=105,"Mon, 17 Jan 2022 20:00:00 +0900"
"&quot;제발 그만&quot; 시도 때도 없는 허경영 전화…<b>선거</b>법상 문제 없다지만, 이...","수시로 전화가 걸려 오는 데다, 이를 피하기 위해 <b>스팸</b>번호로 설정을 해도 다른 번호로 연락이 오기... 사실 공직<b>선거</b>법상 허경영 전화는 불법은 아니다(제58조의 2). 해당 조항에서는 &quot;누구든지 투표 참여를 권유하는... ",https://lawtalknews.co.kr/article/RRJZ15MYRJ44,"Mon, 17 Jan 2022 14:40:00 +0900"
&quot;제발 전화 그만 좀&quot;…'허경영 전화'에 스트레스 받는 사람들,또 일부 누리꾼들은 해당 전화가 <b>스팸</b> 전화인줄 알고 &quot;전화를 받았을 경우 개인 신상 정보가 유출되는 등... 불법이 아닌 것으로 전해졌다. 공직<b>선거</b>법 제58조 2항에 따르면 누구든지 투표 참여를 권유하는 행위를 할 수 있다.,https://n.news.naver.com/mnews/article/586/0000033749?sid=102,"Mon, 17 Jan 2022 11:23:00 +0900"
공무원이 윤석열 캠프 특보?‥&quot;동의 없이 일방적 임명&quot;,중앙<b>선거</b>대책위원회 조직총괄 국민명령정책본부 창원시 조직특보에 A 씨를 임명한다는 내용이었습니다. 임명장과 함께 '선대위에 함께 해주셔서 진심으로 감사드린다'는 문자메시지도 함께 전송됐습니다. <b>스팸</b>이나... ,https://n.news.naver.com/mnews/article/214/0001170582?sid=100,"Wed, 05 Jan 2022 20:33:00 +0900"
공무원에도 준 '윤석열 임명장'…경남선관위 조사 착수,"경남<b>선거</b>관리위원회가 조사에 착수했다. 5일 경남선관위 등에 따르면, 선관위는 전날인 4일 전자 임명장을... 앞서 해당 공무원은 &quot;온라인으로 임명장 받고 <b>스팸</b>이나 보이스피싱(전화금융사기)으로 생각했다&quot;라며... ",https://n.news.naver.com/mnews/article/079/0003593516?sid=100,"Wed, 05 Jan 2022 11:35:00 +0900"
[단독]&quot;보이스피싱인줄&quot;…공무원에 보낸 '윤석열 임명장',국민의힘이 <b>선거</b>대책위원회 전면 해체로 혼란을 겪고 있는 가운데 경선 과정에서 '허위 온라인 임명장' 남발... 그러나 A씨는 &quot;온라인으로 임명장받고 <b>스팸</b>이나 보이스피싱(전화금융사기)으로 생각했다&quot;라며 &quot;그러나 발신... ,https://n.news.naver.com/mnews/article/079/0003593078?sid=100,"Tue, 04 Jan 2022 11:54:00 +0900"
“대통령 되면 차별없이 모두 잘사는 나라 만들어 주세요”,"<b>선거</b>철이면 아동복지시설은 ‘표가 안 되니 거들떠보지도 않는다’는 말이 나돈다. 정치인들이 각종 <b>선거</b>를... 이곳에 다니는 초등학교 6학년 여학생은 “보이스피싱과 <b>스팸</b> 문자를 좀 없애 달라”고, 다른 5학년... ",http://www.knnews.co.kr/news/articleView.php?idxno=1367013,"Mon, 03 Jan 2022 21:54:00 +0900"
[윤재우의 비대면 <b>선거</b>의 제왕 #6] 국민의 관심이 집중되는 시점에 국민...,◇ '행동' 메시지 비대면 <b>선거</b>에서 콘텐츠 메시지 효과를 극대화 하기 위해서는 제한적인 대면활동을 잘... 뉴미디어에서는 <b>스팸</b>으로 한번 차단되어지면 전달자체가 불가능함을 유의하여야 한다. ◇ 자신만의 감수성 단지... ,https://www.nbntv.kr/news/articleView.html?idxno=269347,"Sun, 02 Jan 2022 14:02:00 +0900"
'선대위원장 사퇴' 이준석 &quot;복어를 믹서기에 갈아버린 상황&quot;,당시 그는 &quot;이번 <b>선거</b>에 선대위 홍보본부 차원의 카드뉴스는 없다. '진실은 이렇습니다' 류의 카드뉴스나 아무말 대잔치 카드뉴스를 무의미하게 5000명짜리 단톡방에 돌리면서 밤새도록 <b>스팸</b> 공해 할 생각 없다&quot;면서... ,https://n.news.naver.com/mnews/article/629/0000122975?sid=100,"Wed, 22 Dec 2021 08:25:00 +0900"
"[3040 뉴스이용자 위원회]디비일보, 독자에 자긍심…제3지대 대선후보에...",<b>선거</b> 기사 등에는 <b>스팸</b>성 댓글이 눈에 띈다. 반복적으로 적절치 않은 댓글을 적을 경우 신고하거나 접근이 금지된다는 식의 안내가 필요하다. 한국일보 신문과 자료사진을 통해 과거의 오늘을 돌아보는 취지로 연재되는... ,https://n.news.naver.com/mnews/article/469/0000647025?sid=110,"Thu, 16 Dec 2021 04:31:00 +0900"
[세이프 포커스] '진화하는 <b>스팸</b>' 혹시 이런 문자 받았다면 '무조건 의심...,서울에 사는 원모(54)씨는 &quot;최고의 <b>스팸</b>전화라며 주변에 안받아 본 사람이 없을정도로 많이 온다&quot;며  &quot;불법인지 아닌지  궁금하기도 하다&quot;고 말했다. 지난 서울시장 후보<b>선거</b>시 동일한 내용으로  민원에 대한 답변을 통해... ,http://www.safetimes.co.kr/news/articleView.html?idxno=104527,"Wed, 15 Dec 2021 14:08:00 +0900"
허경영 전화 짜증나 <b>스팸</b> 처리했더니…780-9011로 번호 바꿨다,이에 허경영 전화의 번호인 '02-780-9010'를 <b>스팸</b> 차단하는 사람들이 늘어나자 허 후보 측은 지난 주말부터 번호를 '02-780-9011'로 변경해 전화를 돌리고 있다. 이 같은 허 후보 측의 '전화 돌리기'가 공직<b>선거</b>법 위반 행위는... ,https://n.news.naver.com/mnews/article/008/0004683310?sid=102,"Tue, 14 Dec 2021 17:25:00 +0900"
"윤석열 '비장애인-)정상인, 장애인-)장애우, 안내견 쓰다듬고...'","◇ 황보선: 본인 이름을 말하기는 하지만, 투표 참여를 권유하는 내용이라 <b>선거</b>법에 위배되지 않는다고 했었죠. 그런데 한 달 동안 계속 걸려올 줄은 몰랐네요. ◆ 이현웅: 이런 잦은 <b>스팸</b> 전화에 불만을 제기한건 주로... ",https://radio.ytn.co.kr/program/?f=2&id=80194&s_mcd=0214&s_hcd=01,"Tue, 14 Dec 2021 08:02:00 +0900"
"[황출새] 윤석열 '비장애인-&gt;정상인, 장애인-&gt;장애우, 안내견 쓰다듬고...","◇ 황보선: 본인 이름을 말하기는 하지만, 투표 참여를 권유하는 내용이라 <b>선거</b>법에 위배되지 않는다고 했었죠. 그런데 한 달 동안 계속 걸려올 줄은 몰랐네요. ◆ 이현웅: 이런 잦은 <b>스팸</b> 전화에 불만을 제기한건 주로... ",https://n.news.naver.com/mnews/article/052/0001676764?sid=100,"Tue, 14 Dec 2021 07:36:00 +0900"
"허경영 전화, 한 번에 5000만건 발신…응급실 핫라인도 '몸살'","<b>스팸</b>전화 받는 기분&quot;, &quot;차단했더니 번호를 바꿔서 또 왔다&quot;, &quot;개인정보가 유출된 것 아니냐&quot; 등의 반응을... 이같은 '전화 돌리기'가 공직<b>선거</b>법에 위반되는 행위는 아니다. 특정 정당이나 후보자에 대한 지지가 아니라... ",https://n.news.naver.com/mnews/article/015/0004640175?sid=102,"Mon, 13 Dec 2021 20:18:00 +0900"
[뉴스7 부산] 클로징,"이런 <b>스팸</b>들, 사기로 이어지는 경우도 많은데, 웬일인지 <b>선거</b>철만 되면 유난히 더 기승입니다. <b>스팸</b>번호로 분류했더니 다른 번호로 걸려오고, 분초를 다투는 응급의료센터 업무용 전화까지 가리지 않는다는데, 환영받지... ",https://n.news.naver.com/mnews/article/056/0011174792?sid=100,"Mon, 13 Dec 2021 19:33:00 +0900"
"&quot;유튜브, 가세연 '조동연 사생활 침해' 방치&quot;",유튜브는 자체 가이드라인을 세워 <b>스팸</b> 및 현혹행위 민감한 콘텐츠 폭력적이거나 위험한 콘텐츠 잘못된 정보... 민언련은 “(가로세로연구소는) 언론이 아니기에 언론중재법 대상도 인터넷<b>선거</b>보도심의위원회 심의대상도... ,http://www.mediaus.co.kr/news/articleView.html?idxno=233520,"Mon, 13 Dec 2021 19:10:00 +0900"
"&quot;안녕하세요, 허경영입니다&quot;…응급실에도 걸린 '민폐 전화' 논란",일부 네티즌들은 &quot;번호를 <b>스팸</b> 처리해 차단했는데 다시 전화가 와서 놀랐다&quot;며 &quot;<b>스팸</b> 전화를 받는... 한편 허 후보의 이같은 '전화 돌리기'는 공직<b>선거</b>법을 위반하지 않는 것으로 드러났습니다. 특정 정당이나 후보자를... ,https://n.news.naver.com/mnews/article/057/0001628024?sid=100,"Mon, 13 Dec 2021 17:27:00 +0900"
'한 번에 5000만건' 허경영 전화 폭탄 돌리는 이유…알고 보니,<b>선거</b>관리위원회 측은 허 후보의 전화가 자신을 홍보하는 것이 아닌 투표 독려 전화이기 때문에 위법성이... 지난번 투표 독려 전화에 사용된 번호는 많은 사람들이 '싫어요'를 누르면서 <b>스팸</b> 전화로 분류됐기 때문이다.,https://n.news.naver.com/mnews/article/031/0000642139?sid=100,"Mon, 13 Dec 2021 16:40:00 +0900"
&quot;허경영 대통령 후보입니다&quot;…중환자실에도 걸려온 이 전화,결국 허 대표의 번호를 차단하거나 <b>스팸</b> 등록을 해놓은 이들도 어쩔 수 없이 전화를 받게 되는 상황이... 이에 대한 비판이 일자 국가혁명당 측은 “<b>선거</b>법상 특정 후보나 정당을 지지해 달라는 내용이 아닌 단순 투표... ,https://n.news.naver.com/mnews/article/018/0005105768?sid=100,"Mon, 13 Dec 2021 16:16:00 +0900"
"허경영, 한번에 5000만건 이상 발신… 개인 번호 어떻게 알았지?",일부 누리꾼은 투표 독려 전화 번호를 <b>스팸</b> 처리했다. 허 대표 측은 지난 주말 발신 번호를 변경해 투표 독려... 허 대표 측의 투표 독려 전화는 공직<b>선거</b>법상 문제가 없다. <b>선거</b>관리위원회에 따르면 특정 후보나 정당을... ,https://n.news.naver.com/mnews/article/417/0000764023?sid=154,"Mon, 13 Dec 2021 15:11:00 +0900"
주말에 시도 때도 없이 걸려오는 ‘허경영 전화’… 선관위 “투표 참여...,뉴시스 주말만 되면 시도 때도 없이 걸려오는 이른바 ‘허경영 전화’를 두고 충북<b>선거</b>관리위원회는... 탐탁지 않은 주민들은 허경영 전화를 자신의 휴대전화에서 <b>스팸</b> 처리해 차단했지만 허 후보 측에서는 이번에는... ,https://n.news.naver.com/mnews/article/022/0003647372?sid=100,"Mon, 13 Dec 2021 14:57:00 +0900"
<b>스팸</b> 처리했는데 또 &quot;허경영입니다&quot;…주말 걸려온 이 전화,다른 네티즌들은 &quot;개인정보 유출 아니냐&quot; &quot;<b>스팸</b> 전화를 받는 기분이었다&quot; 등의 반응을 보였다. 이에 국가혁명당 공보실장은 &quot;용역업체에 의뢰해 불법 개인정보 수집은 절대 아니다&quot;고 전했다. 중앙<b>선거</b>관리위원회 측에... ,https://n.news.naver.com/mnews/article/025/0003158275?sid=100,"Mon, 13 Dec 2021 12:11:00 +0900"
한번에 5천만건 '허경영 전화'…번호 바꿔 주말 강타,탐탁지 않은 주민들은 바로 '02-780-9010'으로 걸려온 허경영 전화를 자신의 휴대전화에서 <b>스팸</b> 처리해... 허경영 전화는 <b>선거</b>법상 특정 후보나 정당을 지지해 달라는 내용이 아닌 단순 투표 참여를 건의하는 내용으로... ,https://n.news.naver.com/mnews/article/421/0005780469?sid=102,"Mon, 13 Dec 2021 11:22:00 +0900"
[윤재우의 비대면 <b>선거</b>의 제왕 #2] 긍정적이고 포지티브한 콘텐츠가 경...,◇ 긍정적 가치 <b>선거</b>의 목표는 승리이다. 진영논리로 지지자들만 결집하여도 당선이 가능한 지역은... 비대면 언택트는 <b>스팸</b>차단 기능을 가지고 있다는 것을 항상 기억하여야 한다. 지지자들만 환호하는 콘텐츠는 무조건... ,https://www.nbntv.kr/news/articleView.html?idxno=266122,"Sun, 05 Dec 2021 09:02:00 +0900"
허경영을 어찌할까 [2030 세상보기],"&quot;나라에 돈이 없는 게 아니라 도둑이 많다&quot;는 그의 발언은 거의 진리가 되었고, 인터넷에는 그의 <b>선거</b>사무소에서 무차별적으로 걸어대는 <b>스팸</b> 전화를 받았다는 인증샷이 끊이지 않는다. 분명 2007년 대선 때와는 다른... ",https://n.news.naver.com/mnews/article/469/0000644843?sid=110,"Fri, 03 Dec 2021 20:01:00 +0900"
여론조사 상대성 이론: 콜 포비아 세대가 온다,"#1 현대 여론조사 제20대 대통령 <b>선거</b> 여론조사가 속속 발표된다. 지지율에 따라 양 진영의 희비가... <b>스팸</b> 전화이겠거니 안 받는다. 개중에 여론조사 전화가 있었을 것이다(어제 한 번 받았는데, 허경영 후보였다. 책... ",http://www.ddanzi.com/711715528,"Wed, 01 Dec 2021 18:16:00 +0900"
먹거리 가격 줄인상…총대 멘 식음료·외식 1위 브랜드,매출액 기준 식품업계 1위 CJ제일제당은 대표 상품인 ‘햇반’과 ‘<b>스팸</b>’ 가격을 올 4월과 7월 각각 6.8... 대통령 <b>선거</b> 등 큰 이슈들이 많아 이 시기를 틈타 업계 가격인상은 지속될 가능성이 크다”고 주장했다.... ,http://www.shinailbo.co.kr/news/articleView.html?idxno=1487625,"Mon, 29 Nov 2021 13:32:00 +0900"
"이준석 &quot;이번 <b>선거</b>, 카드뉴스 없다…정치인 평가기준은 '말'&quot;",기사내용 요약&quot;단톡방에 돌려 <b>스팸</b>공해할 생각 없어&quot; &quot;카드뉴스 보고 선택하는 유권자 없다&quot; 이준석 국민의힘 대표가 28일 &quot;이번 <b>선거</b>에 선대위 홍보본부 차원의 카드뉴스는 없다&quot;고 강조했다. 이 대표는 이날 페이스북을... ,https://n.news.naver.com/mnews/article/003/0010858219?sid=100,"Sun, 28 Nov 2021 16:08:00 +0900"
연말에도 식품 가격 인상 지속될까…꼼수 비판도 제기,7월1일 <b>스팸</b>과 햄·소시지 등 육가공 제품 가격을 평균 9.5% 인상한 CJ제일제당에 대해서는 원재료 가격 상승을... 특히 올해 연말과 내년 초에는 대통령 <b>선거</b>에 이목이 집중돼 식품 업체들의 가격 인상 러시는 더욱 집중될... ,https://n.news.naver.com/mnews/article/003/0010857528?sid=101,"Sun, 28 Nov 2021 07:00:00 +0900"
"울산시의회·기초 구군 예산안, 정치와 행정 계획 잘 반영돼야",그러니까 일각에서는 지방<b>선거</b> 앞두고 유권자들의 표심을 의식해서 그냥 다 돈 뿌리고 있는 거 아니냐라는... 문자도 <b>스팸</b>처리돼서 시민들에게 제대로 전달되지 않을 것을 우려하는 일각의 지적도 있었습니다. 조금만 더... ,https://n.news.naver.com/mnews/article/079/0003579332?sid=102,"Thu, 25 Nov 2021 17:32:00 +0900"
SNS 달군 허경영 전화 ˝나도 왔었네˝ 주말 인증놀이,다른 누리꾼 역시 네이버 <b>스팸</b>차단 어플 등에 이 번호를 신고했다며 &quot;불법 <b>스팸</b> 전화를 받는 기분이었다&quot;라고... 이와 관련해 투표 독려 전화는 불법이라는 일부 지적이 이어졌고 중앙<b>선거</b>관리위원회는 한 언론과의... ,http://www.kbsm.net/default/index_view_page.php?idx=329359&part_idx=294,"Tue, 16 Nov 2021 18:18:00 +0900"
"&quot;주말 걸려온 의문의 전화, 묘한 느낌에 받아보니 정체는… 外”","처음에는 해당 전화번호를 올리며 <b>선거</b> 홍보 전화니 받지 말라는 내용이 주였는데, 점점 시간이 갈수록... ◇ 황보선: 허경영 후보가 그동안 보여준 좀 남다른 행보 때문인지, <b>스팸</b> 전화를 기다리는 상황까지 발생한... ",https://radio.ytn.co.kr/program/?f=2&id=79721&s_mcd=0214&s_hcd=01,"Tue, 16 Nov 2021 08:32:00 +0900"
"[황출새] &quot;주말 걸려온 의문의 전화, 묘한 느낌에 받아보니 정체는... 外...","처음에는 해당 전화번호를 올리며 <b>선거</b> 홍보 전화니 받지 말라는 내용이 주였는데, 점점 시간이 갈수록... ◇ 황보선: 허경영 후보가 그동안 보여준 좀 남다른 행보 때문인지, <b>스팸</b> 전화를 기다리는 상황까지 발생한... ",https://n.news.naver.com/mnews/article/052/0001665559?sid=100,"Tue, 16 Nov 2021 08:07:00 +0900"
'허토피아' 만든단 허경영 &quot;돈 때문에 억울함 없는 세상&quot;,"한 네티즌은 &quot;개인정보를 어떻게 알았느냐&quot;면서 라며 불쾌감을 드러냈고, 다른 네티즌 역시 네이버 <b>스팸</b>차... 한편 허 대표는 지난 1991년 서울 은평구의회 구의원 출마를 시작으로 1997년 제15대 대통령 <b>선거</b>, 2007년 제17대... ",https://n.news.naver.com/mnews/article/011/0003985645?sid=100,"Tue, 16 Nov 2021 08:04:00 +0900"
이재명 &quot;위성정당 방지법&quot;…심상정 &quot;단일화 계산 아니길&quot;,"후보 단일화 문제, 주요 <b>선거</b>때마다 떠오르곤 하죠. 이번 대선도 예외는 아닐 듯싶습니다. 특히나 현재... 안타깝게도 결국 <b>스팸</b>처리됐다는 건 안 비밀입니다. 허 후보의 부상, 기성 정치권이 그냥 웃고 넘길 일인가 싶기도... ",https://n.news.naver.com/mnews/article/437/0000280863?sid=100,"Mon, 15 Nov 2021 18:41:00 +0900"
[ET] “캐시백 받아 가세요” 외,"대다수가 받지 말라는 식이었는데, 결국 이 전화, <b>스팸</b> 번호로 분류됐습니다. 내 번호 어떻게 안 거냐, 불쾌하다는 반응도 많았는데요. <b>선거</b>법 위반은 아니라고 하네요. 지금까지 박태원의 픽이었습니다.",https://n.news.naver.com/mnews/article/056/0011157002?sid=101,"Mon, 15 Nov 2021 18:11:00 +0900"
&quot;안녕하십니까 허경영입니다&quot; 갑자기 걸려온 13초 전화 정체,"&quot;개인정보를 어떻게 알았느냐&quot;, &quot;<b>스팸</b> 전화를 받는 기분이었다&quot;, &quot;나도 받았으면 좋겠다&quot; 등이었다. 허 후보는... 이와 관련해 투표 독려 전화는 불법이라는 일부 지적이 이어졌고 중앙<b>선거</b>관리위원회 측은 연합뉴스에... ",https://n.news.naver.com/mnews/article/025/0003150892?sid=100,"Mon, 15 Nov 2021 17:12:00 +0900"
[팩트체크] 주말 SNS 달군 '허경영 전화'는 <b>선거</b>법 위반일까,글의 대부분은 '02-780-9010' 번호로 걸려온 전화를 받았더니 허경영 국가혁명당 명예대표의 전화였다거나 <b>스팸</b> 전화인 줄 알았는데 허 명예대표의 전화였다는 것이다. 이는 내년 대통령 <b>선거</b> 출마를 선언한 허 명예대표가... ,https://n.news.naver.com/mnews/article/001/0012794322?sid=100,"Mon, 15 Nov 2021 16:40:00 +0900"
주말 인터넷 달군 새로운 인증 놀이 “허경영 전화 받았다”,"전화번호 검색 및 <b>스팸</b> 차단 서비스 앱 ‘후후’(whowho)에서 해당 번호는 15일 오후 4시 현재 2만 5975건 <b>스팸</b> 신고를 받아 <b>스팸</b> 번호로 분류되어 있다. 한편, 해당 전화가 <b>선거</b>법 위반은 아닌 것으로 보인다. 해당 전화에서... ",https://weekly.cnbnews.com/news/article.html?no=140853,"Mon, 15 Nov 2021 16:28:00 +0900"
&quot;내 전화 받았죠?&quot;…주말 SNS 달군 허경영 번호,"다만 해당 전화는 2만 명 넘는 인원의 ‘싫어요’ 기록을 달성하며 결국 <b>스팸</b> 전화로 분류됐습니다. 한편, 일각에서는 투표 독려 전화는 불법이라는 목소리가 나왔습니다. 중앙<b>선거</b>관리위원회는 한 언론과의 인터뷰를... ",https://n.news.naver.com/mnews/article/057/0001621566?sid=100,"Mon, 15 Nov 2021 14:34:00 +0900"
&quot;나도 받았다&quot; SNS인증 이어진 전화번호 주인은,공직<b>선거</b>법 제 58조 2항은 '누구든지 투표 참여를 권유하는 행위를 할 수 있다'고 규정돼있다. 한편 해당 번호는 2만명 이상이 '싫어요'를 누르면서 15일 현재 <b>스팸</b> 전화로 분류된 상태다.,https://n.news.naver.com/mnews/article/031/0000635988?sid=100,"Mon, 15 Nov 2021 14:30:00 +0900"
2만 통 넘긴 허경영 대선 투표 독려 전화…&quot;<b>선거</b>법 위반은 아냐&quot;,실제로 해당 전화에 2만명 이상이 '싫어요'를 누르면서 <b>스팸</b>전화로 분류되기도 한 것으로 알려졌다. 대통령 후보의 투표 독려 전화는 <b>선거</b>법 위반에는 해당되지 않는 것으로 파악된다. 특정 후보나 정당을 지지해달라는... ,https://n.news.naver.com/mnews/article/088/0000730946?sid=004,"Mon, 15 Nov 2021 09:56:00 +0900"
&quot;전화 받았더니 허경영&quot; &quot;너도?&quot;..주말 SNS 달군 이 번호,다른 누리꾼 역시 네이버 <b>스팸</b>차단 어플 등에 이 번호를 신고했다며 &quot;불법 <b>스팸</b> 전화를 받는 기분이었다... 이와 관련해 투표 독려 전화는 불법이라는 일부 지적이 이어졌고 중앙<b>선거</b>관리위원회는 한 언론과의 인터뷰를... ,https://n.news.naver.com/mnews/article/014/0004739487?sid=100,"Mon, 15 Nov 2021 07:51:00 +0900"
&quot;나도 받았다&quot;…허경영 전화 SNS 인증 봇물,다른 누리꾼 역시 네이버 <b>스팸</b>차단 어플 등에 이 번호를 신고했다며 “불법 <b>스팸</b> 전화를 받는 기분이었다”... 이와 관련해 투표 독려 전화는 불법이라는 일부 지적이 이어졌고 중앙<b>선거</b>관리위원회는 한 언론과의... ,https://n.news.naver.com/mnews/article/018/0005085918?sid=100,"Sun, 14 Nov 2021 21:41:00 +0900"
&quot;나도 왔었네&quot;... SNS 달군 '허경영 전화' 인증 놀이,또 &quot;전화를 얼마나 많이 돌리길래 <b>스팸</b>전화로 분류돼 있나&quot;며 '해당 번호가 999번 이상 <b>스팸</b>신고 됐다'는... 당시 불법 전화 아니냐는 논란이 일었지만 중앙<b>선거</b>관리위원회는 한 언론에 '특정 후보나 정당을 지지해 달라는... ,https://n.news.naver.com/mnews/article/469/0000641107?sid=102,"Sun, 14 Nov 2021 21:01:00 +0900"
[Books&amp;Biz] 뉴욕 투자은행과 실리콘밸리 현장…두 시선으로 본 '플랫폼...,"메흐란 사하미는 지메일의 <b>스팸</b>메일 필터링 기술을 만들어낸 구글 초기 엔지니어 출신으로, 지금은... 발언과 <b>선거</b> 등 다양한 사례에서 빅테크 기업들이 무엇을 잘못했으며, 어떻게 개선할 수 있는지를 적어놨다.... ",https://n.news.naver.com/mnews/article/009/0004877332?sid=101,"Thu, 11 Nov 2021 04:04:00 +0900"
공모주 열풍에… 주식 <b>스팸</b> 문자 58% 급증,"내년 3월 대통령 <b>선거</b>를 앞두고 ‘설문조사’ 유형의 <b>스팸</b> 신고 건수도 증가하는 추세다. 3분기 약 3만7000건으로 2분기(4∼6월) 대비 19% 늘어났다. 허태범 후후앤컴퍼니 대표는 “계좌 개설, 지원금 및 대출 신청 등... ",https://n.news.naver.com/mnews/article/020/0003389284?sid=101,"Mon, 25 Oct 2021 03:03:00 +0900"
"텃밭인데, 광주·전남 경선 투표율 왜 저조했나","1차 2차 <b>선거</b>인단에 오는 전화, 거는 전화에 연세 있는 분들은 <b>스팸</b> 전화인 줄 알고 안 받는 경우가 많다&quot;고 말했다. 또 다른 민주당 관계자는 &quot;각 캠프가 사활을 걸고 있는 것과 달리 이 지사 대세론으로 추가 기울여진... ",http://www.mdilbo.com/detail/ilgftp/654682,"Sun, 26 Sep 2021 19:50:00 +0900"
[연합뉴스 이 시각 헤드라인] - 15:00,이재명 후보 <b>선거</b>대책위는 &quot;국민의힘 등과 일부 언론은 '이 후보 아들이 화천대유 직원으로 근무하고... 전문보기: http://yna.kr/ehRRqKuDA-a ■ &quot;명절은 '<b>스팸</b> 특수'&quot;…당근마켓 찾는 자취생들 서울 성북구에 사는 윤가람... ,https://n.news.naver.com/mnews/article/001/0012665661?sid=004,"Sun, 19 Sep 2021 15:00:00 +0900"
[e글중심] “여야 모두 계속되는 집안싸움 지겨워”,"특히 대통령 <b>선거</b>는 더 그러해야 하는데, 여야 양당의 선두 주자와 그 주변을 보면 앞으로 5년이 암울하다.... 네이트판 〈자꾸 자기가 냥이인 줄 아는 댕댕이들〉 5. 오늘의유머 〈박찬호에게 <b>스팸</b>전화 걸면 어떻게 될까요?〉",https://n.news.naver.com/mnews/article/025/0003392278?sid=102,"Wed, 18 Aug 2021 16:46:00 +0900"
'헛발질과 헛스윙',"물론 훌륭한 광고마케팅 수단이나, 수신자는 대부분 <b>스팸</b> 처리하기 때문에 에너지가 낭비된다. 곧 광고의... '공유지의 눈물과 디자인의 미소'가 다가오는 <b>선거</b>의 최우선 공약이 되기를 바라는 맘 간절하다. 이제는 곧... ",http://www.hidomin.com/news/articleView.html?idxno=460451,"Thu, 05 Aug 2021 17:08:00 +0900"
"종량제봉투 위 검은 비닐, 이래서 되겠습니까 [김소희·최지선의 아주 ...","최근 기업들은 소비자들의 요구에 따라 <b>스팸</b> 뚜껑을 일시적으로 없애기도 하고, 라벨 없는 생수병을... kr/1trvs 덧붙이는 글 | 글쓴이 최지선은 2021년 송파라 재보궐<b>선거</b>에서 미래당 구의원 후보로 출마했으며, 현재... ",https://n.news.naver.com/mnews/article/047/0002322121?sid=100,"Wed, 04 Aug 2021 07:30:00 +0900"
트위터 투명성 보고서 발표...유해 콘텐츠 대규모 삭제,트위터는 &quot;전 세계적인 보건 위기 또는 중요 <b>선거</b> 기간 동안 유해한 콘텐츠를 대규모로 신속하게... 이 수치는 코로나19에 대한 논의 중심으로 나타난 플랫폼 조작을 대상으로 <b>스팸</b> 방지를 위해 선제적으로 제기된... ,http://www.wsobi.com/news/articleView.html?idxno=130113,"Wed, 21 Jul 2021 18:24:00 +0900"
[MBN 백브리핑] 이준석-김재원 엇박자…지도부 갈등 역풍 맞나?,『SYNC: 이준석 / 국민의힘 당대표 (지난 12일) &quot;짚어야 할 점은 민주당이 국민<b>선거</b>인단을 과도하게 늘리기 위해 불특정 다수에게 너무 많은 <b>스팸</b> 문자를 살포했다는 것에 있습니다. 오히려 김재원 최고위원이 껴있는 것이... ,https://n.news.naver.com/mnews/article/057/0001594577?sid=100,"Wed, 21 Jul 2021 15:32:00 +0900"
&lt;현안 인터뷰&gt;‘메이플스토리’ 즐기는 평범한 청년…“대선승리 위해...,"양 대변인은 4·7 재·보궐<b>선거</b>를 앞둔 지난 3월 오세훈 서울시장 후보의 유세차에서 평범한 청년의 분노를... 집 앞 카페에서 자기소개서를 쓰고, 모르는 번호는 으레 ‘<b>스팸</b> 전화일 것’이라며 받지도 않았던... ",https://n.news.naver.com/mnews/article/021/0002479057?sid=100,"Wed, 21 Jul 2021 10:11:00 +0900"
'역선택 논란' 김재원 &quot;사실은 민주당 의원이 도와달라 했다&quot;,그는 이어 &quot;<b>선거</b>인단을 억지로 늘려 보려고 국민들에게 무한 <b>스팸</b>을 보낸 것에 대해 반성하지 않고 누구를 탓하고 있는 것이냐&quot;라면서 &quot;김 최고위원이 대중을 선동해 민주당 경선을 특정한 방향으로 조작할 수 있는 힘이... ,https://n.news.naver.com/mnews/article/469/0000617425?sid=100,"Thu, 15 Jul 2021 09:21:00 +0900"
"김남국, '역선택 논란' 김재원 맹폭 &quot;뻔뻔하고 양심 없는 태도···기대...",이같은 김 최고위원의 글을 두고 민주당은 &quot;법률적 대응을 적극 검토하겠다&quot;는 입장을 내자 이 대표는 &quot;<b>선거</b>인단 억지로 늘리려 무한 <b>스팸</b>을 보낸 것에 반성해야지 누구를 탓하는 것이냐&quot;라면서 &quot;김 최고위원이 대중을... ,https://n.news.naver.com/mnews/article/011/0003936298?sid=100,"Wed, 14 Jul 2021 07:44:00 +0900"
[MBN 백브리핑] 추미애 지지 선언은 역선택?…득과 실 살펴보니,『SYNC: 이준석 / 국민의힘 당대표 (어제) &quot;먼저 짚어야 할 것은 민주당이 국민<b>선거</b>인단을 과도하게 늘리기 위해 불특정 다수에게 너무 많은 <b>스팸</b> 문자를 살포했다는 것에 있습니다. 오히려 김재원 최고위원이 껴있는 것이... ,https://n.news.naver.com/mnews/article/057/0001592510?sid=100,"Tue, 13 Jul 2021 15:37:00 +0900"
김재원 꺼낸 '역선택' 논란에 노웅래 &quot;정치를 거지같이 해···반칙하던...,이같은 김 최고위원의 글을 두고 민주당은 &quot;법률적 대응을 적극 검토하겠다&quot;는 입장을 내자 이준석 구민의힘 대표는 &quot;<b>선거</b>인단 억지로 늘리려 무한 <b>스팸</b>을 보낸 것에 반성해야지 누구를 탓하는 것이냐&quot;라면서 &quot;김... ,https://n.news.naver.com/mnews/article/011/0003935954?sid=100,"Tue, 13 Jul 2021 13:12:00 +0900"
①경선연기 ②합종연횡 ③역선택...與 대선경선 3대 변수,이준석 대표가 민주당의 경선 <b>선거</b>인단 가입 안내 문자를 '<b>스팸</b> 문자'에 빗대며 민주당으로 공을 넘긴 것에도 발끈한 모습이다. 우원식 의원은 이 대표를 겨냥해 &quot;제1야당의 대표가 되어 이렇게 상대 당의 가장 중요하고... ,https://n.news.naver.com/mnews/article/003/0010603851?sid=100,"Tue, 13 Jul 2021 10:15:00 +0900"
4년 전 文도 “비열한 범죄행위”… 다시 정쟁 소재로 떠오른 ‘역선택...,국민의힘 이준석 대표도 “먼저 짚어야 할 점은 민주당이 국민<b>선거</b>인단을 과도하게 늘리기 위해 불특정 다수에게 너무 많은 <b>스팸</b> 문자를 살포했다는 것”이라며 “페이스북에 공개적으로 민주당 경선룰의 취약점을... ,https://n.news.naver.com/mnews/article/022/0003599612?sid=100,"Tue, 13 Jul 2021 06:06:00 +0900"
野 김재원 “추미애 찍으면 안되나?”… 與 “상도의 어긋나”,이 대표는 이날 당 회의에서 민주당이 국민<b>선거</b>인단을 과도하게 늘리려 불특정 다수에게 <b>스팸</b> 문자를 살포했다는 점을 지적했다. 이 대표는 “제가 아는 민주당 의원들이 제게도 참여 문자를 보낸 것으로 봐서 의원들과... ,https://n.news.naver.com/mnews/article/023/0003626298?sid=100,"Tue, 13 Jul 2021 03:05:00 +0900"
"이준석, '역선택 논란' 김재원 감싸자 우원식 &quot;정치를 장난하듯 해···...",이같은 김 최고위원의 글을 두고 민주당은 &quot;법률적 대응을 적극 검토하겠다&quot;는 입장을 내자 이 대표는 &quot;<b>선거</b>인단 억지로 늘리려 무한 <b>스팸</b>을 보낸 것에 반성해야지 누구를 탓하는 것이냐&quot;라면서 &quot;김 최고위원이 대중을... ,https://n.news.naver.com/mnews/article/011/0003935698?sid=100,"Tue, 13 Jul 2021 01:11:00 +0900"
김재원 '역선택' 두둔한 이준석...민주당 &quot;정치 상도의 없어&quot;,무식하니 별소리를 다 하십니다.] 국민의힘 이준석 대표는 자신도 신청하라는 문자를 받았다면서 <b>선거</b>인단을 늘리려고 민주당이 오히려 '무한 <b>스팸</b> 문자'를 살포하지 않았느냐고 반문했습니다. 민심과의 괴리를 줄여줄... ,https://n.news.naver.com/mnews/article/052/0001613293?sid=100,"Mon, 12 Jul 2021 22:21:00 +0900"
야 “화이트 해커” 여 “역선택 조장”…김재원 ‘여당 경선인단 등록...,오현주 정의당 대변인도 “민주당의 무한 <b>스팸</b>(문자)보다 국민의힘의 정치에 대한 무한 조롱이 더 유해하다”고 비판했다. 민주당은 세 차례에 걸쳐 국민<b>선거</b>인단을 모집한다. 지난 5~11일 모집한 1차 <b>선거</b>인단은... ,https://n.news.naver.com/mnews/article/032/0003085017?sid=100,"Mon, 12 Jul 2021 21:19:00 +0900"
[정참시] 이준석이 '엄지 척'한 김재원…한국당시절 경고받은 이유는?,[이준석/국민의힘 대표] &quot;(문제는) 민주당이 국민 <b>선거</b>인단을 과도하게 늘리기 위해 불특정 다수에게 너무 많은 <b>스팸</b> 문자를 살포했다는 것에 있습니다. 공개적으로 민주당 경선룰의 취약점을 알려준 김재원 최고위원은... ,https://n.news.naver.com/mnews/article/214/0001135355?sid=100,"Mon, 12 Jul 2021 20:41:00 +0900"
"장성철 &quot;김재원 행위, 정치인 자질에 근본적 회의감&quot;",민주당이 국민<b>선거</b>인단을 과도하게 늘리기 위해 불특정 다수에게 너무 많은 <b>스팸</b> 문자를 살포했다. 민주당이 의원과 친소관계에 있는 '일반 국민'에게 가입을 종용한 것으로 보인다&quot;라며 의혹을 제기했다. 이어 &quot;이런 홍보... ,https://n.news.naver.com/mnews/article/047/0002319602?sid=100,"Mon, 12 Jul 2021 19:11:00 +0900"
與 “김재원 경선 참여는 정치 선동”… 野 “秋 지지가 역선택? 秋 뭐가...,뉴시스 국민의힘 이 대표도 최고위 회의에서 “먼저 짚어야 할 점은 민주당이 국민<b>선거</b>인단을 과도하게 늘리기 위해 불특정 다수에게 너무 많은 <b>스팸</b>문자를 살포했다는 것”이라며 “반농담으로 말씀드리면 오히려 김... ,https://n.news.naver.com/mnews/article/022/0003599448?sid=100,"Mon, 12 Jul 2021 19:06:00 +0900"
여가부-&gt;통일부-&gt;역선택…논란 중심에 선 이준석,김재원 국민의힘 최고위원이 야당 지지자들에게 민주당 대선 경선 <b>선거</b>인단 참여를 독려한 것과 관련해 “역선택을 선동했다”며 반발하자 이 대표는 “민주당의 문자가 내게도 많이 왔다. 민주당이 전 국민에게 ‘<b>스팸</b>... ,https://www.etoday.co.kr/news/view/2043788,"Mon, 12 Jul 2021 18:44:00 +0900"
김재원 '역선택' 두둔한 이준석...민주당 &quot;정치 상도의 없어&quot;,무식하니 별소리를 다 하십니다.] 국민의힘 이준석 대표는 자신도 신청하라는 문자를 받았다면서 <b>선거</b>인단을 늘리려고 민주당이 오히려 '무한 <b>스팸</b> 문자'를 살포하지 않았느냐고 반문했습니다. 민심과의 괴리를 줄여줄... ,https://n.news.naver.com/mnews/article/052/0001613216?sid=100,"Mon, 12 Jul 2021 18:42:00 +0900"
이준석 &quot;통일부·여성부 수명 다했다&quot; 폐지론 띄워,"이 대표는 김재원 최고위원이 야당 지지자들에게 더불어민주당 대선 경선 <b>선거</b>인단 참여를 독려한 것과 관련, &quot;먼저 짚어야 할 점은 민주당이 국민<b>선거</b>인단을 과도하게 늘리기 위해 불특정 다수에게 너무 많은 <b>스팸</b>문자를... ",http://www.hidomin.com/news/articleView.html?idxno=458336,"Mon, 12 Jul 2021 18:32:00 +0900"
'작은 정부론'으로 대권 이슈 선점한 이준석… &quot;각론 들어가도 민주당에...,국민<b>선거</b>인단을 과도하게 늘리기 위해 불특정 다수에게 너무 많은 <b>스팸</b> 문자를 살포했다는 것&quot;이라고 꼬집었다. 이 대표는 이어 &quot;제가 아는 민주당 국회의원들이 제게도 참여 문자를 많이 보낸 것으로 봐서 민주당... ,http://www.newdaily.co.kr/site/data/html/2021/07/12/2021071200188.html,"Mon, 12 Jul 2021 17:42:00 +0900"
국민의힘의 민주당 국민<b>선거</b>인단 참여 독려에 “화이트 해커” vs “악성...,오현주 정의당 대변인도 논평에서 “민주당의 무한 <b>스팸</b>(문자)보다 국민의힘의 정치에 대한 무한 조롱이 더 유해하다”고 국민의힘 지도부가 자중해야 한다고 말했다. 민주당은 세 차례에 걸쳐 국민<b>선거</b>인단을 모집한다.... ,https://n.news.naver.com/mnews/article/032/0003084967?sid=100,"Mon, 12 Jul 2021 16:46:00 +0900"
‘민주당 경선’ 신청한 국힘 김재원…‘역선택 논란’은 이걸 노렸다,이 대표는 이날 최고위원회의에서 “먼저 짚어야 할 점은 민주당이 국민<b>선거</b>인단을 과도하게 늘리기 위해 불특정 다수에게 너무 많은 <b>스팸</b> 문자를 살포했다”며 “보안결함을 미리 알려줘서 보완할 수 있게 하면 화이트... ,https://n.news.naver.com/mnews/article/028/0002552206?sid=100,"Mon, 12 Jul 2021 16:36:00 +0900"
"민주당, 대선 경선 참여 김재원·거든 이준석 싸잡아 비난",이 대표도 이날 당 최고위원회에서 “민주당이 국민<b>선거</b>인단을 과도하게 늘리려고 불특정 다수에게 너무 많은 <b>스팸</b>문자를 살포한 점을 짚어야 한다”며 “이런 식의 홍보방식을 활용하면 일반국민 보다는 민주당... ,http://www.idaegu.com/newsView/idg202107120019,"Mon, 12 Jul 2021 15:42:00 +0900"
"이준석, 거듭 &quot;여가부·통일부 폐지&quot;강조…&quot;역할·수명 다했다&quot;",이에 대해 이 대표는 &quot;먼저 짚어야 할 점은 민주당이 <b>선거</b>인단을 과도하게 늘리기 위해 불특정 다수에게 너무 많은 <b>스팸</b> 문자를 살포했다는 것에 있다&quot;며 &quot;민주당 의원과 친소 관계에 있는 일반 국민에게 <b>선거</b>인단 가입을... ,http://www.ccdailynews.com/news/articleView.html?idxno=2069315,"Mon, 12 Jul 2021 15:38:00 +0900"
"정의당 &quot;김재원은 최악의 저질정치...이준석, 적반하장 정치&quot;",이어  김 최고위원을 감싸는 이준석 국민의힘 대표를 향해 &quot;당 대표로써 김 최고위원에게 자중하라는 메시지를 전해야 함에도 불구하고 오히려 <b>선거</b>인단 억지로 늘려보려고 국민들에게 무한 <b>스팸</b>을 보낸 것에 대해서... ,http://www.sisafocus.co.kr/news/articleView.html?idxno=263043,"Mon, 12 Jul 2021 15:30:00 +0900"
"민주당 &quot;김재원 감싸는 이준석, 악의적 정치선동&quot;",이어 &quot;민주당이 국민<b>선거</b>인단을 과도하게 늘리기 위해 불특정 다수에게 많은 <b>스팸</b>문자를 살포했다&quot;며 &quot;제가 아는 민주당 국회의원들이 저에게도 참여문자를 보낸 것으로 봐서 친소(親疏)관계가 있는 ‘일반국민’들에게... ,https://n.news.naver.com/mnews/article/123/0002250083?sid=100,"Mon, 12 Jul 2021 14:56:00 +0900"
정청래 &quot;이준석·김재원 쌍으로 땡큐…헛발질 계속 부탁&quot;,"이에 민주당에서 즉각 &quot;법률적 대응을 적극 검토하겠다&quot;는 입장을 냈지만, 이 대표는 &quot;<b>선거</b>인단 억지로 늘리려 무한 <b>스팸</b>을 보낸 것에 반성해야지 누구를 탓하는 것이냐&quot;며 김 최고위원을 두둔했다. 한편 이 대표는 유승민... ",https://n.news.naver.com/mnews/article/008/0004614955?sid=100,"Mon, 12 Jul 2021 14:38:00 +0900"
정의당 &quot;'역선택 김재원' 최악의 정치…이준석은 적반하장&quot;,오 대변인은 “이준석 대표는 당 대표로서 김 최고위원에게 자중하라는 메시지를 전해야 함에도 불구하고 오히려 ‘<b>선거</b>인단 억지로 늘려보려고 국민들에게 무한 <b>스팸</b>을 보낸 것에 대해서 반성해야지 누구를 탓하나’며... ,https://n.news.naver.com/mnews/article/018/0004982542?sid=100,"Mon, 12 Jul 2021 14:30:00 +0900"
"이준석, 與 ‘<b>선거</b>인단’ 신청 김재원에 ‘엄지 척’…“누가 봐도 화이...",페이스북 캡처 그러자 이 대표는 같은날 오후 SNS에서 “김재원 최고위원이 <b>선거</b>인단에 가입했다고 민주당에서 대변인 논평씩이나 내며 호들갑”이라며 “<b>선거</b>인단 억지로 늘려보려고 국민에게 무한 <b>스팸</b>을 보낸 것을... ,https://n.news.naver.com/mnews/article/022/0003599359?sid=100,"Mon, 12 Jul 2021 14:15:00 +0900"
"정의당 &quot;김재원 최악의 저질정치, 이준석 적반하장&quot;",그는 김 최고위원을 감싸는 이준석 국민의힘 대표에 대해서도 &quot;이준석 대표는 당 대표로서 김 최고위원에게 자중하라는 메시지를 전해야 함에도 불구하고 오히려 '<b>선거</b>인단 억지로 늘려보려고 국민들에게 무한 <b>스팸</b>을 보낸... ,http://www.viewsnnews.com/article?q=193344,"Mon, 12 Jul 2021 13:48:00 +0900"
&quot;상도의 벗어나&quot; vs &quot;무식하니 별소리&quot;… 국민<b>선거</b>인단 '역선택' 왈가왈...,반면 국민의힘 이 대표는 당 회의에서 &quot;먼저 짚어야 할 점은 민주당이 국민<b>선거</b>인단을 과도하게 늘리기 위해 불특정 다수에게 많은 <b>스팸</b> 문자를 살포했다는 것&quot;이라고 질타했다. 그러면서 &quot;민주당이 이런 식의 홍보 방법을... ,http://www.shinailbo.co.kr/news/articleView.html?idxno=1434791,"Mon, 12 Jul 2021 13:44:00 +0900"
"[노컷브이]이준석, '與<b>선거</b>인단 신청' 김재원 적극 옹호",이 대표는 최고위원회의에서 더불어민주당의 국민<b>선거</b>인단 참여 안내 문자를 '<b>스팸</b>이라고 비하한 뒤 &quot;이런 홍보방식은 보편적 민심과는 괴리된 결과나 나올 것이 자명하다. 김 최고위원이 껴 있는 것이 민심에 가까운... ,https://n.news.naver.com/mnews/article/079/0003526962?sid=100,"Mon, 12 Jul 2021 13:41:00 +0900"
"한 달된 이준석, 거침없는 도발로 '논쟁 확전'",이 대표는 &quot;먼저 짚어야 할 점은 민주당이 국민<b>선거</b>인단을 과도하게 늘리기 위해 불특정 다수에게 너무 많은 <b>스팸</b>문자를 살포했다는 것&quot;이라며 &quot;제가 아는 민주당 국회의원들이 저에게도 참여문자를 많이 보낸 것으로 봐서... ,http://www.naeil.com/news_view/?id_art=392252,"Mon, 12 Jul 2021 13:32:00 +0900"
민주당 <b>선거</b>인단 가입한 김재원에 이준석이 한 말,"김철근 당대표 정무실장도 페이스북을 통해 &quot;나에게도 많은 <b>선거</b>인단 참여 문자가 오고 있다&quot;며 &quot;걸러지지 않는 무차별 <b>스팸</b> 문자가 문제임을 인식하고, 반성하고 새로운 방법을 만들어 내든지 해야지 적반하장식 태도는... ",http://www.mediapen.com/news/view/645136,"Mon, 12 Jul 2021 13:20:00 +0900"
만만한 상대 '역선택' 논란…대선경선 앞두고 &quot;난감하네&quot;,"이와 관련, 국민의힘 이준석 대표는 이날 최고위 회의에서 김재원 최고위원의 국민<b>선거</b>인단 신청 문제보다는 민주당이 국민<b>선거</b>인단을 과도하게 늘리기 위해 불특정 다수에게 너무 많은 <b>스팸</b>문자를 살포했다는 점을... ",http://www.newswatch.kr/news/articleView.html?idxno=55627,"Mon, 12 Jul 2021 12:50:00 +0900"
"'역선택' 비판에…국힘 &quot;적반하장, 무한 <b>스팸</b>이나 반성해라&quot;",이에 민주당에서 즉각 &quot;법률적 대응을 적극 검토하겠다&quot;는 입장을 냈고 이 대표는 &quot;<b>선거</b>인단 억지로 늘리려 무한 <b>스팸</b>을 보낸 것에 반성해야지 누구를 탓하는 것이냐&quot;고 비판했다.,https://n.news.naver.com/mnews/article/008/0004614877?sid=100,"Mon, 12 Jul 2021 12:49:00 +0900"
"'역선택' 감싼 이준석에…우원식 &quot;비열한 짓 동참, 악동같아&quot;",이에 민주당에서 즉각 &quot;법률적 대응을 적극 검토하겠다&quot;는 입장을 냈고 이 대표는 &quot;<b>선거</b>인단 억지로 늘리려 무한 <b>스팸</b>을 보낸 것에 반성해야지 누구를 탓하는 것이냐&quot;며 &quot;김 최고위원이 대중을 선동해 민주당 경선을 특정한... ,https://n.news.naver.com/mnews/article/008/0004614876?sid=100,"Mon, 12 Jul 2021 12:45:00 +0900"
"이준석, ‘민주당 <b>선거</b>인단 참여’ 논란 김재원 두둔 “누가 봐도 화이...",이 대표는 이날 국회에서 열린 최고위원회의에서 &quot;먼저 짚어야 할 점은 민주당이 국민<b>선거</b>인단을 과도하게 늘리기 위해 불특정 다수에게 너무 많은 <b>스팸</b> 문자를 살포했다는 것&quot;이라며 오히려 이번 논란의 책임을 민주당에... ,https://www.vop.co.kr/A00001583177.html,"Mon, 12 Jul 2021 12:32:00 +0900"
"與, ‘김재원 <b>선거</b>인단 신청’ 발끈…野 “역선택 주장, 秋는 뭐가 되나...",12일 이준석 국민의힘 대표는 국회에서 열린 최고위원회 회의에서 “먼저 짚어야 할 점은 민주당이 국민<b>선거</b>인단을 과도하게 늘리기 위해 불특정 다수에게 너무 많은 <b>스팸</b>문자를 살포했다는 것이다”고 지적했다. 김... ,http://www.skyedaily.com/news/news_view.html?ID=136096,"Mon, 12 Jul 2021 12:28:00 +0900"
"민주당 경선 역선택 논란, 김재원 &quot;추미애 지지가 역선택인가&quot;",이 대표는 &quot;<b>선거</b>인단을 억지로 늘려보려고 국민들에게 무한 <b>스팸</b>을 보낸 것에 대해 반성하지않고 누구를 탓하고 있는 것이냐&quot;고 따져 물으며 &quot;김재원 최고위원 한 사람에 의해 민주당 <b>선거</b>결과가 왜곡 되지도 않을... ,http://www.sisafocus.co.kr/news/articleView.html?idxno=263030,"Mon, 12 Jul 2021 12:26:00 +0900"
"[영상] 정의, 김재원 與 <b>선거</b>인단 가입에 “유해 정치인, 부끄러운 줄 알...",정의당은 12일 김재원 국민의힘 최고위원이 더불어민주당 국민<b>선거</b>인단을 신청한 것과 관련 “시민에게... 무한 <b>스팸</b>보다 국민의힘의 정치에 대한 무한 조롱이 시민에게 더 유해하다”고 질타했다. 진실언론 팩트TV가 독자... ,http://facttv.kr/facttvnews/detail.php?number=31934&thread=21r02,"Mon, 12 Jul 2021 12:24:00 +0900"
이준석 &quot;與 <b>선거</b>인단 참여 문자? 나도 많이 받아...무한<b>스팸</b> 반성해야&quot;,이준석 국민의힘 대표가 12일 더불어민주당을 향해 &quot;<b>선거</b>인단을 억지로 늘려보려고 국민들에게 무한 <b>스팸</b>을 보낸 것에 대해서 반성해야지 누구를 탓하나&quot;고 강하게 비판했다. 이 대표는 자신의 페이스북을 통해  &quot;김재원... ,http://www.newspim.com/news/view/20210712000507,"Mon, 12 Jul 2021 11:58:00 +0900"
"김재원 '역선택'…김어준 &quot;'너는 가짜' 빌미 줬다&quot;, 우상호 &quot;혼선 전략&quot;",이에 민주당에서 즉각 &quot;법률적 대응을 적극 검토하겠다&quot;는 입장을 냈고 이준석 국민의힘 대표는 &quot;<b>선거</b>인단 억지로 늘리려 무한 <b>스팸</b>을 보낸 것에 반성해야지 누구를 탓하는 것이냐&quot;고 비판했다.,https://n.news.naver.com/mnews/article/008/0004614834?sid=100,"Mon, 12 Jul 2021 11:53:00 +0900"
"김재원, 추미애 역선택 ‘정치기술’ 논란",이준석 대표는 이날 같은 회의에서 “문제는 민주당이 국민<b>선거</b>인단을 과도하게 늘리기 위해 불특정 다수에게 너무 많은 <b>스팸</b>문자를 살포했다는 것”이라며 “반농담으로 말씀드리면 오히려 김재원 최고위원이 참가한... ,https://n.news.naver.com/mnews/article/016/0001860196?sid=100,"Mon, 12 Jul 2021 11:47:00 +0900"
"이준석, 與 <b>선거</b>인단으로 ‘추미애 뽑겠다’는 김재원에 “화이트 해커...",이에 민주당은 일부러 상대 당의 약체 후보를 지지하는 이른바 ‘역선택’ 행위라고 강하게 반발했다.이 대표는 “먼저 짚어야 할 점은 민주당이 국민<b>선거</b>인단을 과도하게 늘리기 위해 불특정 다수에게 너무 많은 <b>스팸</b>... ,https://www.asiatoday.co.kr/view.php?key=20210712010006632,"Mon, 12 Jul 2021 11:44:00 +0900"
"민주당, '역선택' 논란 김재원에 &quot;우리 경선서 손 떼라&quot; 발끈",4선 중진 우원식 의원은 이준석 대표가 민주당의 경선 <b>선거</b>인단 가입 안내 문자를 '<b>스팸</b> 문자'에 빗대며 민주당으로 공을 넘긴 것을 겨냥해 &quot;기가 막혀 글을 쓴다&quot;며 &quot;이준석 대표는 '정권교체를 위해 민주당 <b>선거</b>인단에... ,https://n.news.naver.com/mnews/article/003/0010601860?sid=100,"Mon, 12 Jul 2021 11:41:00 +0900"
&quot;민주당이 인신공격&quot; 여가부·통일부 폐지 비판에 발끈한 이준석,이 대표는 &quot;민주당이 국민<b>선거</b>인단을 과도하게 늘리기 위해 불특정 다수에게 너무 많은 <b>스팸</b> 문자를 살포했다. 저에게도 참여 문자를 많이 보낸 것으로 봐선 민주당이 의원과 친소관계에 있는 '일반국민'에게 가입을... ,https://n.news.naver.com/mnews/article/047/0002319514?sid=100,"Mon, 12 Jul 2021 11:35:00 +0900"
이준석 &quot;김재원은 화이트해커&quot;…김재원 &quot;민주당 <b>선거</b> 참여가 왜 불법?&quot;,이 대표는 &quot;먼저 짚어야 할 점은 민주당이 국민<b>선거</b>인단을 과도하게 늘리기 위해 불특정 다수에게 너무 많은 <b>스팸</b> 문자를 살포했다는 거&quot;라며 &quot;반농담으로 말씀드리면 오히려 김재원 최고위원이 껴있는 것이 민심에 가까울... ,https://n.news.naver.com/mnews/article/214/0001135213?sid=100,"Mon, 12 Jul 2021 11:32:00 +0900"
김재원은 왜 적진인 '민주당 대선 후보 경선'에 참여했을까,"통상 정치인들이 보유한 연락처를 통해 <b>스팸</b>처럼 경선 참여 문자를 보내는 걸 감안하면, 문자메시지 등을 보냈다는 것만으로 민주당 대선주자들이 특별히 김 최고위원이 경선 <b>선거</b>인단에 참여해달라고 생각할 필요도... ",https://n.news.naver.com/mnews/article/277/0004935828?sid=100,"Mon, 12 Jul 2021 11:24:00 +0900"
"이준석, 민주당 국민<b>선거</b>인단 &quot;너무 많은 <b>스팸</b> 문자…민심과 괴리된 결...",이어 &quot;먼저 짚어야 할 점은 민주당이 국민<b>선거</b>인단을 과도하게 늘리기 위해 불특정 다수에게 너무 많은 <b>스팸</b> 문자를 살포했다는 것&quot;이라며 &quot;제가 아는 민주당 의원들이 저에게도 참여 문자를 많이 보낸 것으로 봐서 민주당... ,https://n.news.naver.com/mnews/article/629/0000094286?sid=100,"Mon, 12 Jul 2021 11:19:00 +0900"
"김재원, 민주당 <b>선거</b>인단 참여 독려 논란… 역선택 독려?",이준석 국민의힘 대표는 12일 국회에서 열린 최고위원회에서 &quot;먼저 짚어야 할 점은 민주당이 국민<b>선거</b>인단을 과도하게 늘리기 위해 불특정 다수에게 너무 많은 <b>스팸</b> 문자를 살포했다는 것에 있다&quot;고 지적했다. 그러면서... ,http://www.sisaweek.com/news/articleView.html?idxno=145582,"Mon, 12 Jul 2021 11:04:00 +0900"
이준석 &quot;김재원은 화이트 해커&quot;…與 국민<b>선거</b>단 가입 '두둔',이 대표는 이날 오전 최고위원회의에서 &quot;먼저 짚어야 할 점은 민주당이 국민<b>선거</b>인단을 과도하게 늘리기 위해 불특정 다수에게 너무 많은 <b>스팸</b> 문자를 살포했다는 것에 있다&quot;며 &quot;제가 아는 민주당 국회의원들이 저에게도... ,https://n.news.naver.com/mnews/article/008/0004614804?sid=100,"Mon, 12 Jul 2021 11:02:00 +0900"
[여의도 치받] 與 “역선택 비열하다” 野 “추미애는 뭐가 되나”,이 대표는 12일 국회에서 열린 최고위원회의에서 “먼저 짚어야 할 점은 민주당이 국민<b>선거</b>인단을 과도하게 늘리기 위해 불특정 다수에게 너무 많은 <b>스팸</b>문자를 살포했다는 것에 있다”며 “민주당 국회의원들이 제게도... ,http://www.ajunews.com/view/20210712104320092,"Mon, 12 Jul 2021 10:56:00 +0900"
"물러서지 않는 이준석 &quot;여가부·통일부, 애초 역할 없는 부처&quot;",이 대표는 “먼저 짚어야 할 점은 민주당이 국민<b>선거</b>인단을 과도하게 늘리기 위해 불특정 다수에게 너무 많은 <b>스팸</b>문자를 살포했다는 것”이라며 “국민<b>선거</b>인단 취지 자체가 지지자나 당원 아닌 사람들의 의견도... ,https://n.news.naver.com/mnews/article/469/0000616681?sid=100,"Mon, 12 Jul 2021 10:51:00 +0900"
“여가부·통일부 폐지해야”… 이준석 ‘작은 정부론’ 거듭 강조,그는 “먼저 짚어야 할 점은 민주당이 <b>선거</b>인단을 과도하게 늘리기 위해 불특정 다수에게 너무 많은 <b>스팸</b> 문자를 살포했다는 것에 있다”며 “민주당 의원과 친소 관계에 있는 일반 국민에게 <b>선거</b>인단 가입을 많이 종용한... ,https://n.news.naver.com/mnews/article/005/0001455651?sid=100,"Mon, 12 Jul 2021 10:50:00 +0900"
민주당 <b>선거</b>인단 가입 김재원 놓고 여야 공방 이어가,이준석 국민의힘 대표도 “<b>선거</b>인단 억지로 늘려보려고 국민에게 무한 <b>스팸</b>을 보낸 것에 대해서 반성해야지 누구를 탓하나”라고 가세했다. 이 대표는 전날 페이스북을 통해 “김재원 최고위원 한 사람에 의해 (민주당)... ,https://www.siminilbo.co.kr/news/newsview.php?ncode=1065577463377212,"Mon, 12 Jul 2021 10:46:00 +0900"
'역선택 논란' 김재원에 우상호 &quot;'법 위반하자' 공개발언이라니&quot;,그러면서 &quot;<b>선거</b>인단 억지로 늘려보려고 국민들에게 무한 <b>스팸</b>을 보낸 것에 대해서 반성해야지 누구를 탓하고 있는 것이냐&quot;고 비판했다. 아울러 이 대표는 &quot;김 최고위원이 다수의 대중을 선동해 민주당 경선을 특정한... ,http://www.gobalnews.com/news/articleView.html?idxno=32503,"Mon, 12 Jul 2021 10:44:00 +0900"
"이준석, 與<b>선거</b>인단 가입 김재원에 &quot;누가봐도 화이트해커&quot;(종합)","김 실장은 &quot;나에게도 많은 <b>선거</b>인단 참여 문자가 오고 있다&quot;며 &quot;걸러지지 않는 무차별 <b>스팸</b> 문자가 문제임을 인식하고, 반성하고 새로운 방법을 만들어 내든지 해야지 적반하장식 태도는 뭔가?&quot;라고 되물었다. 그는... ",https://n.news.naver.com/mnews/article/003/0010601641?sid=100,"Mon, 12 Jul 2021 10:42:00 +0900"
김재원 ‘추미애 역선택’에 이준석 두둔…“정치 희화화” 비판도,이준석 대표는 이날 같은 회의에서 “문제는 민주당이 국민<b>선거</b>인단을 과도하게 늘리기 위해 불특정 다수에게 너무 많은 <b>스팸</b>문자를 살포했다는 것”이라며 “반농담으로 말씀드리면 오히려 김재원 최고위원이 참가한... ,https://n.news.naver.com/mnews/article/016/0001860030?sid=100,"Mon, 12 Jul 2021 10:41:00 +0900"
"[아이포토]이준석, &quot;민주당 경선 취약점 알려준 김재원은 화이트해커&quot;",이에 이 대표는 &quot;먼저 짚어야 할 점은 민주당이 <b>선거</b>인단을 과도하게 늘리기 위해 불특정 다수에게 너무 많은 <b>스팸</b> 문자를 살포했다는 것에 있다&quot;며 &quot;당연히 이런 식의 홍보 방식으로 하면 보편적 민심과는 괴리된 결과가... ,https://n.news.naver.com/mnews/article/031/0000609998?sid=100,"Mon, 12 Jul 2021 10:38:00 +0900"
"이준석, 민주당 <b>선거</b>인단으로 ‘추미애 뽑겠다’는 김재원에 “화이트...",국민<b>선거</b>인단을 과도하게 늘리기 위해 불특정 다수에게 너무 많은 <b>스팸</b> 문자를 살포했다는 것”이라고 했다. 이어 “제가 아는 민주당 국회의원들이 제게도 참여문자를 많이 보낸 것으로 봐서 민주당 국회의원과... ,https://n.news.naver.com/mnews/article/366/0000745983?sid=100,"Mon, 12 Jul 2021 10:35:00 +0900"
"이준석 &quot;여가부·통일부, 수명 다해… 與공세? 철학적 빈곤&quot;",한편 민주당 측 문자메시지를 받고 민주당 경선 국민<b>선거</b>인단으로 신청한 김재원 최고위원에 쏟아지는 여권 비판에 대해서는 &quot;민주당이 <b>선거</b>인단을 과도하게 늘리기 위해 불특정 다수에게 너무 많은 <b>스팸</b>문자를... ,https://n.news.naver.com/mnews/article/031/0000609995?sid=100,"Mon, 12 Jul 2021 10:32:00 +0900"
이준석 &quot;여가부 · 통일부 수명 다해…평가할 때 됐다&quot;,이에 대해 &quot;민주당이 국민<b>선거</b>인단을 과도하게 늘리기 위해 불특정 다수에게 <b>스팸</b>문자를 살포한 것이 문제&quot;라며 &quot;집권 여당이 이렇게 가볍게 이슈에 대응해서야 국민들의 신뢰를 얻기 어렵다&quot;고 말했습니다. (사진... ,https://n.news.naver.com/mnews/article/055/0000906653?sid=100,"Mon, 12 Jul 2021 10:29:00 +0900"
"이준석 &quot;민주당, 호들갑 그만…품격 갖추라&quot;",국민<b>선거</b>인단을 과도하게 늘리기 위해 불특정 다수에게 너무 많은 <b>스팸</b> 문자를 살포했다는 것&quot;이라고 꼬집었다. 또 &quot;제가 아는 민주당 국회의원들이 저에게도 참여 문자를 많이 보낸 것으로 봐서 민주당 국회의원과 친소... ,https://n.news.naver.com/mnews/article/015/0004576571?sid=100,"Mon, 12 Jul 2021 10:26:00 +0900"
"이준석 &quot;김재원, 與경선 취약점 알려준 화이트해커&quot;",이에 이 대표는 &quot;먼저 짚어야 할 점은 민주당이 국민<b>선거</b>인단을 과도하게 늘리기 위해 불특정 다수에게 너무 많은 <b>스팸</b>문자를 살포했다는 것에 있다&quot;며 &quot;제가 아는 민주당 국회의원들이 저에게도 참여문자를 많이 보낸... ,https://n.news.naver.com/mnews/article/277/0004935736?sid=100,"Mon, 12 Jul 2021 10:21:00 +0900"
"이준석 “김재원은 화이트 해커&quot;, 연일 김재원 감싸기",그러면서 “민주당이 국민<b>선거</b>인단을 과도하게 늘리기 위해 불특정 다수에게 너무 많은 <b>스팸</b>문자를 살포했다”며 “제가 아는 민주당 국회의원들이 저에게도 참여문자를 보낸 것으로 봐서 (자신들과) 친소관계가 있는... ,http://www.viewsnnews.com/article?q=193331,"Mon, 12 Jul 2021 10:18:00 +0900"
"이준석 &quot;여가부·통일부, 수명 다했거나 애초에 역할 없는 부처&quot;",또한 이 대표는 김재원 최고위원이 민주당 경선 국민<b>선거</b>인단에 가입한 것에 민주당이 비판한 것을 두고 &quot;먼저 짚어야 할 점은 민주당이 국민<b>선거</b>인단을 과도하게 늘리기 위해 불특정 다수에게 너무 많은 <b>스팸</b>문자를... ,https://n.news.naver.com/mnews/article/629/0000094250?sid=100,"Mon, 12 Jul 2021 10:13:00 +0900"
이준석 “여가부·통일부 수명 다해” 폐지론 고수,이 대표는 김재원 최고위원이 민주당 대선 경선 <b>선거</b>인단 참여를 공개 독려하자 민주당이 반발한 것에 대해선 “먼저 짚어야 할 점은 민주당이 <b>선거</b>인단을 과도하게 늘리기 위해 불특정 다수에게 너무 많은 <b>스팸</b> 문자를... ,https://n.news.naver.com/mnews/article/022/0003599297?sid=100,"Mon, 12 Jul 2021 10:09:00 +0900"
"이준석 &quot;與, 호들갑과 철학적 빈곤..김재원은 화이트해커&quot;",김 최고위원이 민주당 경선 <b>선거</b>인단에 참여해 논란에 된 것에 대해선 &quot;먼저 짚어야 할 점은 민주당이 <b>선거</b>인단을 과도하게 늘리기 위해 불특정 다수에게 너무 많은 <b>스팸</b> 문자를 살포했다는 것에 있다&quot;며 &quot;민주당 의원과... ,https://n.news.naver.com/mnews/article/014/0004672698?sid=100,"Mon, 12 Jul 2021 10:02:00 +0900"
"이준석 &quot;與, 통일부·여가부 공격… 호들갑에 철학적 빈곤&quot;",김 최고위원이 더불어민주당 경선 국민<b>선거</b>인단에 가입한 것에는 &quot;먼저 짚어야 할 점은 민주당이 국민<b>선거</b>인단을 과도하게 늘리기 위해 불특정 다수에게 너무 많은 <b>스팸</b> 문자를 살포했다는 것에 있다&quot;며 &quot;제가 아는 민주당... ,https://n.news.naver.com/mnews/article/008/0004614763?sid=100,"Mon, 12 Jul 2021 09:58:00 +0900"
"김재원 국힘 최고, &quot;민주당 국민<b>선거</b>인단 신청 완료&quot;…이재명 역선택 시...","민주당의 날선 비판에 이준석 국민의힘 대표는 페이스북에 &quot;<b>선거</b>인단 억지로 늘려보려고 국민에게 무한 <b>스팸</b>을 보낸 것을 반성해야지 누구를 탓하나&quot;며, &quot;김 최고 한 사람이 여러분의 <b>선거</b>결과를 왜곡하지 않겠지만 만약... ",http://www.newshankuk.com/news/content.asp?news_idx=202107120834350101,"Mon, 12 Jul 2021 09:56:00 +0900"
"이준석, 여가부 폐지·<b>선거</b>인단 논란에 &quot;호들갑이자 철학적 빈곤&quot;","여성가족부와 통일부 폐지 주장, 더불어민주당 <b>선거</b>인단 참여 논란에 따른 비판이 거세지자 직접 대응에 나선... 김 실장은 이날 페이스북에 글을 올려 &quot;민주당의 모습이 참으로 한심하다&quot;며 &quot;걸러지지 않는 무차별 <b>스팸</b>... ",https://www.etoday.co.kr/news/view/2043617,"Mon, 12 Jul 2021 09:50:00 +0900"
이준석 &quot;통일부·여성부 수명 다해…특별 임무 평가할 때&quot;,"이 대표는 김재원 최고위원이 야당 지지자들에게 더불어민주당 대선 경선 <b>선거</b>인단 참여를 독려한 것과 관련, &quot;먼저 짚어야 할 점은 민주당이 국민<b>선거</b>인단을 과도하게 늘리기 위해 불특정 다수에게 너무 많은 <b>스팸</b>문자를... ",https://n.news.naver.com/mnews/article/421/0005471360?sid=100,"Mon, 12 Jul 2021 09:47:00 +0900"
與 “역선택 선동” vs 이준석 “웬 호들갑…<b>스팸</b>이나 반성해라”,이 대표는 11일 밤 자신의 페이스북에 “김 최고위원이 <b>선거</b>인단 참여 문자를 받고 <b>선거</b>인단에 가입했다고 민주당에서 호들갑인데 저한테도 많이 왔다”며 “<b>선거</b>인단을 억지로 늘려보려고 국민들에게 무한 <b>스팸</b>을 보낸... ,http://www.kukinews.com/newsView/kuk202107120030,"Mon, 12 Jul 2021 09:44:00 +0900"
이준석 '작은 정부론' 고수 &quot;여가부·통일부 수명 다해&quot;,이 대표는 김재원 최고위원이 민주당 경선 <b>선거</b>인단 참여를 공개 독려한 데 대해 민주당이 강력 반발하자 &quot;먼저 짚어야 할 점은 민주당이 <b>선거</b>인단을 과도하게 늘리기 위해 불특정 다수에게 너무 많은 <b>스팸</b> 문자를... ,https://n.news.naver.com/mnews/article/003/0010601401?sid=100,"Mon, 12 Jul 2021 09:41:00 +0900"
"이준석, 민주당 <b>선거</b>인단 참여 논란 “김재원은 누가봐도 화이트 해커”",이 대표는 이날 국회에서 열린 최고위원회의에서 민주당 대선 경선 <b>선거</b>인단 참여 독려 논란에 대해 “먼저 짚어야 할 점은 민주당이 국민<b>선거</b>인단을 과도하게 늘리기 위해 불특정 다수에게 너무 많은 <b>스팸</b>문자를... ,https://n.news.naver.com/mnews/article/032/0003084865?sid=100,"Mon, 12 Jul 2021 09:31:00 +0900"
이준석 &quot;與 <b>선거</b>인단 문자 나도 받아…누구를 탓하나&quot;,"이준석 국민의힘 대표는 같은 당 김재원 최고위원이 더불어민주당 경선 <b>선거</b>인단에 신청해 논란이 된 것과 관련해 11일 &quot;<b>선거</b>인단 억지로 늘려보려고 국민들에게 무한 <b>스팸</b>을 보낸 것에 대해 반성해야지, 누구를 탓하나... ",https://n.news.naver.com/mnews/article/277/0004935650?sid=100,"Mon, 12 Jul 2021 09:27:00 +0900"
"우원식“與<b>선거</b>인단 신청한 野, 비열” 김철근 “무차별 <b>스팸</b>문자가 문...",앞서 민주당 우원식 의원은 이 대표가 “<b>선거</b>인단 억지로 늘려보려 국민들에게 무한 <b>스팸</b>을 보낸 것을 반성해야 한다”고 말하자 12일 “기가 막혀 글을 쓴다. 비열한 짓에 동참하는 걸 보고 참으로 실망을 금할 수 없다”... ,https://n.news.naver.com/mnews/article/023/0003626099?sid=100,"Mon, 12 Jul 2021 08:48:00 +0900"
이준석 &quot;김재원이 與 경선 조작 가능하다면 국민의힘 최고 잠룡&quot;,이준석 국민의힘 대표는 김재원 최고위원이 더불어민주당 대통령 <b>선거</b> 경선 국민<b>선거</b>인단에 신청해 논란이 된 것과 관련해 &quot;<b>선거</b>인단 억지로 늘려보려고 국민들에게 무한 <b>스팸</b> 보낸 것을 반성해야지 누굴 탓하겠냐&quot;고... ,https://n.news.naver.com/mnews/article/029/0002686363?sid=100,"Mon, 12 Jul 2021 08:35:00 +0900"
이준석 &quot;與 <b>선거</b>인단 <b>스팸</b> 문자 받았다…누굴 탓하나&quot;,이 대표는 “<b>선거</b>인단을 억지로 늘려보려고 국민들에게 무한 <b>스팸</b>을 보낸 것에 대해 반성하지 않고 누구를 탓하고 있냐”며 “참여 문자가 저한테도 많이 왔다”고 적었다. 이어 “김 최고위원 한 사람에 의해 민주당... ,https://n.news.naver.com/mnews/article/018/0004982052?sid=100,"Mon, 12 Jul 2021 08:24:00 +0900"
'김재원 민주당 경선개입 논란'에 이준석 &quot;<b>스팸</b>이나 반성해라&quot;,이어 &quot;<b>선거</b>인단 억지로 늘려보려고 국민들에게 무한 <b>스팸</b>을 보낸 것에 대해서 반성해야지 누구를 탓하고 있는 것이냐&quot;고 반문했습니다. 이 대표는 그러면서 &quot;김재원 최고위원 한 사람에 의해 여러분의 <b>선거</b> 결과가... ,https://n.news.naver.com/mnews/article/057/0001592049?sid=100,"Mon, 12 Jul 2021 08:11:00 +0900"
이준석 &quot;與 <b>선거</b>인단 참여 <b>스팸</b> 나도 받아…웬 호들갑&quot;,이준석 국민의힘 대표는 김재원 최고위원이 더불어민주당 경선 <b>선거</b>인단 참여를 공개 독려한데 대해 민주당이 강력 반발하자 &quot;<b>선거</b>인단을 억지로 늘려보려고 국민들에 무한 <b>스팸</b>을 보낸 것에 대해 반성해야지 누구를... ,https://n.news.naver.com/mnews/article/003/0010601259?sid=100,"Mon, 12 Jul 2021 08:07:00 +0900"
우원식 “이준석 기가 막혀···김재원 비열한 짓에 동참”···<b>선거</b>인...,이에 대한 비판이 일자 이 대표는 “<b>선거</b>인단 억지로 늘려보려고 국민들에게 무한 <b>스팸</b>을 보낸 것에 대해서 반성해야지 누구를 탓하고 있는 것이냐”고 옹호하자 우 의원이 이를 비판한 것이다. 우 의원은 상대당... ,https://n.news.naver.com/mnews/article/032/0003084852?sid=100,"Mon, 12 Jul 2021 08:00:00 +0900"
"이준석 &quot;민주, 내게도 <b>선거</b>인단 참여 문자…왜 김재원 '역선택' 욕하냐...",박태훈 선임기자 = 이준석 국민의힘 대표는 더불어민주당이 역선택을 선동하고 있다며 김재원 국민의힘 최고위원에 대해 법적 조치까지 검토하자 &quot;<b>선거</b>인단을 억지로 늘려보려고 국민들에게 무한 <b>스팸</b>을 보낸 것에 대해... ,https://n.news.naver.com/mnews/article/421/0005471080?sid=100,"Mon, 12 Jul 2021 07:23:00 +0900"
與 &quot;역선택 선동&quot;…이준석 &quot;<b>스팸</b> 반성해야지 누굴 탓하나&quot;,반발하자 &quot;<b>선거</b>인단 억지로 늘려보려고 국민들에게 무한 <b>스팸</b>을 보낸 것에 반성해야지 누구를 탓하고 있나&quot;라고 지적했다. 이 대표는 지난 11일 페이스북에서 <b>선거</b>인단 참여를 당부하는 민주당의 문자가 &quot;내게도 '많이' 왔다... ,https://n.news.naver.com/mnews/article/008/0004614638?sid=100,"Mon, 12 Jul 2021 06:38:00 +0900"
與 &quot;역선택유도 법적대응&quot; vs 이준석 &quot;김재원이 최강 잠룡&quot;,"민주당은 야당을 향해 &quot;경선 개입을 즉각 중단하라&quot;며 법적 대응을 예고했고, 이준석 국민의힘 대표는 &quot;<b>선거</b>인단 억지로 늘려보려고 국민들에게 무한 <b>스팸</b>을 보낸 것에 대해서 반성해야지 누구를 탓하나&quot;라며 반박했다. 김... ",https://n.news.naver.com/mnews/article/014/0004672528?sid=100,"Mon, 12 Jul 2021 05:51:00 +0900"
이준석 “김재원이 與 경선 조작 가능하면 우리당 최강 잠룡”,이준석 국민의힘 대표는 김재원 최고위원이 더불어민주당 대선 경선 국민<b>선거</b>인단에 신청해 논란이 된 것과 관련 “<b>선거</b>인단 억지로 늘려보려고 국민들에게 무한 <b>스팸</b>을 보낸 것에 대해서 반성해야지 누구를 탓하나”라고... ,https://n.news.naver.com/mnews/article/023/0003625988?sid=100,"Sun, 11 Jul 2021 23:14:00 +0900"
"이준석 &quot;민주당, 허술한 경선시스템 반성해야지 왜 김재원 탓하나&quot;","관련, &quot;<b>선거</b>인단 억지로 늘려보려고 국민들에게 무한 <b>스팸</b>을 보낸 것에 대해서 반성해야지, 누구를 탓하고 있는 것입니까?&quot;라며 김 최고위원을 감쌌다. 이준석 대표는 이날 밤 페이스북을 통해 &quot;우리 당 김재원 최고위원이... ",http://www.viewsnnews.com/article?q=193323,"Sun, 11 Jul 2021 22:02:00 +0900"
"윤석열, '이회창 사무실'이었던 광화문 이마빌딩에 캠프 마련",윤석열 전 검찰총장이 29일 매헌 윤봉길 의사 기념관에서 출정식을 연 데 이어 <b>선거</b> 준비에 속도를 내고... 단기간에 친구 신청이 폭증하면서 페이스북이 윤 전 총장의 계정을 <b>스팸</b>이라 인식했을 가능성도 있다. 윤 전... ,http://www.newspim.com/news/view/20210630000429,"Wed, 30 Jun 2021 10:59:00 +0900"
"[김정학의 바이 더 웨이, 디지털!] 디지털시대, 변화의 문화현장 ❺ 위...","인간과 로봇을 구별하는 최초 테스트 '튜링 테스트'의 인터넷버전인 이 프로그램은 보안이 취약한 컴퓨터를 찾아 <b>스팸</b>메일 발송, 계정 해킹 등의 일을 하며 부정<b>선거</b>를 유발하는 봇(bot)의 활동을 막는 데 집중하면서... ",http://www.sctoday.co.kr/news/articleView.html?idxno=35725,"Wed, 16 Jun 2021 09:56:00 +0900"
[오병상의 코멘터리] 이준석..'보수 디지털정치'의 시작이다,4.코로나 시대라 직접대면이 안되니까 다른 후보들도 '온라인+언택트' <b>선거</b>운동을 한다고 했지만..주로 문자메시지 대량발송에 매달렸습니다. 이런 딱딱한 홍보용 문자메시지는 대부분 <b>스팸</b>으로 받아들입니다. 결선에... ,https://n.news.naver.com/mnews/article/025/0003109456?sid=110,"Sun, 13 Jun 2021 21:43:00 +0900"
[앵커 대담] 이준석 &quot;당내 대선주자 더 많이 발굴돼야…하태경 도전은 ...,그래서 의례적으로 전당대회 때 당원들께 보내던 <b>스팸</b> 문자나 이런 것도 안 보내고 했던 이런 시도를 했었는데요. 다행히도 그 결과가 좋게 나와서 앞으로 제 뒤를 이어서 당직 <b>선거</b>에 도전하는 젊은 세대나 이런 분들은... ,http://www.obsnews.co.kr/news/articleView.html?idxno=1314098,"Fri, 11 Jun 2021 20:52:00 +0900"
"국민의힘, '비방문자' 스캔들 결국 수사의뢰 않기로",<b>선거</b>과정에서 적법하지 않은 방법으로 낙선운동을 하고 <b>스팸</b>(문자)을 보낸 것 아닌가&quot;라고 따져 물었다. 이어 &quot;선관위에서 엄격하게 판단했으면 좋겠다&quot;며 &quot;이 부분은 해당 인물이 정보를 소상히 밝히지 않으면 최소 당... ,https://n.news.naver.com/mnews/article/586/0000025288?sid=100,"Tue, 08 Jun 2021 14:37:00 +0900"
"국힘 선관위 &quot;이준석 비방문자, 수사의뢰 안해&quot; 李 &quot;형사고발감&quot;(종합)",<b>선거</b>과정에서 적법하지 않은 방법으로 낙선운동을 하고 <b>스팸</b>(문자)을 보낸 것 아닌가&quot;라고 따졌다. 이어 &quot;선관위에서 엄격하게 판단했으면 좋겠다&quot;며 &quot;이 부분은 해당 인물이 정보를 소상히 밝히지 않으면 최소 당... ,https://n.news.naver.com/mnews/article/003/0010539571?sid=100,"Tue, 08 Jun 2021 12:07:00 +0900"
'당심'에선 밀린 이준석...당원 70% 벽 넘을 수 있을까,대중교통을 이용한 <b>선거</b> 유세로 대중과의 접촉을 늘리는 방식을 택한 것이다. <b>스팸</b>으로 인식되는 홍보용 문자 메시지도 발송하지 않는 대신 페이스북이나 카카오톡 등 SNS를 이용한다. 이 전 최고위원 측 관계자는... ,http://www.iminju.net/news/articleView.html?idxno=72923,"Tue, 01 Jun 2021 18:54:00 +0900"
이준석의 3無…캠프사무실-지원차량-문자홍보 없다,유권자들이 <b>선거</b> 때마다 대량으로 발송되는 문자메시지를 ‘<b>스팸</b> 문자’로 인식하기 때문에 비용 대비 홍보 효과가 크지 않다는 판단에서다. 그 대신 페이스북과 카카오톡 등을 최대한 활용한다. 다만 본경선에선... ,https://n.news.naver.com/mnews/article/020/0003360689?sid=100,"Mon, 31 May 2021 03:01:00 +0900"
KBS 통합뉴스룸국장이 말하는 9시뉴스 현재와 미래,KBS가 수신료 인상을 추진하는 지금은 이른바 '조국 사태' '4·7재보궐<b>선거</b>' 등과 관련한 KBS 보도 논란에 답할... 일례로 '<b>스팸</b> 뚜껑 반납하기' 운동으로 실제 뚜껑이 없어진 제품이 있었다. 언론이 이런 것들을 선도적으로... ,https://n.news.naver.com/mnews/article/006/0000108018?sid=102,"Sun, 23 May 2021 06:31:00 +0900"
"양자대결 조사, 기계가 물으면 윤석열, 사람이 물으면 이재명?","<b>스팸</b> 전화로 오해해 전화를 끊는 사람이 많기 때문에, 정치 이슈에 관심이 많은 적극 투표층의 의견이... 실제 4ㆍ7 재ㆍ보궐<b>선거</b> 이후 실시된 총 7건의 여론조사 중 100% ARS 방식으로 실시된 5건의 조사에선 모두 윤 전... ",https://n.news.naver.com/mnews/article/469/0000604331?sid=100,"Fri, 14 May 2021 18:21:00 +0900"
"&quot;진중권과 친하다&quot; 강조한 이준석 &quot;'작은고추부대' 표현, 나쁜 의도 없다...",그러면서 진 전 교수는 &quot;작은고추부대는 태극기부대의 디지털 버전&quot;이라며 &quot;그런 식으로 하면 다음 <b>선거</b>도... /김경훈 기자 styxx@sedaily.com ▶ [지구용 레터] <b>스팸</b> 뚜껑 사라진거 아니었어?▶ 서울경제 더 폴리틱스 뉴스를... ,https://n.news.naver.com/mnews/article/011/0003908017?sid=100,"Mon, 10 May 2021 11:38:00 +0900"
국민의힘 차기 대표 선출 선관위원장에 황우여···&quot;6월 둘째주 예상&quot;,국민의힘이 차기 대표 선출을 위한 중앙당 <b>선거</b>관리위원회 위원장에 황우여 전 새누리당(국민의힘 전신)... /조권형 기자 buzz@sedaily.com ▶ [지구용 레터] <b>스팸</b> 뚜껑 사라진거 아니었어?▶ 서울경제 더 폴리틱스 뉴스를... ,https://n.news.naver.com/mnews/article/011/0003907938?sid=100,"Mon, 10 May 2021 10:22:00 +0900"
"이승엽 홀대했던 발렌타인, 정치판에 뛰어들어...미국 코네티컷주 <b>스팸</b>...","이들 매체에 따르면, 미국 코네티컷주 스탬포드시 시장 <b>선거</b> 캠페인을 공식적으로 시작했다. 스탬포드시... 올해 70세인 발렌타인은 공화당원으로 등록했지만, 이번 <b>선거</b>에는 무소속 후보로 나선다.",https://m.sports.naver.com/wbaseball/article/425/0000117737,"Sat, 08 May 2021 09:29:00 +0900"
[AP미디어동향 4월4주] 국민세금으로 '뉴스포털' 만들자는 김의겸 의원...,노조위원장 <b>선거</b>는 오는 4월 30일에 실시한다. ■ [SBS]는 2019년 5월 론칭한 유튜브 &lt;그알&gt; 채널이 구독자 수... 불법<b>스팸</b>을 전송한 성인광고 업체를 집중 조사하여 17개 사업자와 피의자 12명을 적발하고 검찰에... ,http://apnews.kr/View.aspx?No=1582941,"Tue, 04 May 2021 23:10:00 +0900"
"'전교조 특채' 부당지시 혐의 조희연 사건, 공수처로 이첩",해직 교사 5명 중 1명은 같은 해 6월교육감 <b>선거</b>에 예비후보로 출마했다가 조 교육감과 단일화한 인물로... /방진혁 기자 bready@sedaily.com ▶ [지구용 레터] <b>스팸</b> 뚜껑 사라진거 아니었어?▶ 서울경제 더 폴리틱스 뉴스를... ,https://n.news.naver.com/mnews/article/011/0003906103?sid=102,"Tue, 04 May 2021 17:42:00 +0900"
검찰 '<b>선거</b>법 위반' 최강욱 대표에 당선무효형 구형,검찰이 공직<b>선거</b>법 위반 혐의를 받고 있는 최강욱 열린민주당 대표에게 당선무효형을 선고해 달라고... /한민구 기자 1min9@sedaily.com ▶ [지구용 레터] <b>스팸</b> 뚜껑 사라진거 아니었어?▶ 서울경제 더 폴리틱스 뉴스를... ,https://n.news.naver.com/mnews/article/011/0003906032?sid=102,"Tue, 04 May 2021 16:27:00 +0900"
‘여성혐오’ 엔진은 켜져 있었고 출발신호가 떨어졌다[플랫],"지난 7일 여당의 재·보궐 <b>선거</b> 패배와 20대 남성들의 국민의힘 지지를 두고 여성 우대적인 정부 정책... 베스트 댓글 시스템의 경우 비록 <b>스팸</b> 댓글 도배를 막기 위한 정책이었다고는 하지만, 특정 세력의 목소리를 과잉... ",https://n.news.naver.com/mnews/article/032/0003072314?sid=110,"Mon, 03 May 2021 10:00:00 +0900"
"[미리보는 이데일리 신문] ‘연공서열제 못 참아’ MZ세대, 생산직노조...","중간<b>선거</b> 3곳 모두 패배 △경제 -“화폐로 인정 못해” “제도권 편입 고려”…암호화폐 놓고 정부내... 승승장구 △소비자생활 -CJ제일제당, <b>스팸</b> 사용 식당에 ‘인증마크’ -업력·재무에 ESG 활동까지 평가, 중소... ",https://n.news.naver.com/mnews/article/018/0004912719?sid=102,"Mon, 26 Apr 2021 22:00:00 +0900"
네이버 웹툰에 대한 여성혐오자들의 악플 테러는 어떤 사회적 용인 위에...,"지난 7일 여당의 재·보궐 <b>선거</b> 패배와 20대 남성들의 국민의힘 지지를 두고 여성 우대적인 정부 정책... 베스트 댓글 시스템의 경우 비록 <b>스팸</b> 댓글 도배를 막기 위한 정책이었다고는 하지만, 특정 세력의 목소리를 과잉... ",https://n.news.naver.com/mnews/article/032/0003070837?sid=103,"Fri, 23 Apr 2021 16:52:00 +0900"
"한국 찾은 댄 라리머 “탈중앙화 SNS 클라리온, 탈중앙화 자율조직 에덴...","뽑는 <b>선거</b>도 에덴위에서 할 수 있을 것”이라고 내다봤다. 클라리온 SNS, 이오스를 소각하면서 <b>스팸</b>메시지 거른다 댄이 최근 개발하고 있는 탈중앙화 SNS인 클라리온에서도 이오스 코인이 직접 사용될 전망이다.... ",https://n.news.naver.com/mnews/article/009/0004776982?sid=105,"Fri, 09 Apr 2021 10:23:00 +0900"
"[4·7 재보선] 서울시장 마지막 여론조사...오세훈, 박영선에 15.4~22.0%p ...",4·7 서울시장 보궐<b>선거</b>와 관련해 실시된 마지막 여론조사에서 국민의힘 오세훈 후보가 더불어민주당... 한국갤럽은 지난달 18일 발표한 조사담(調査談)에서 &quot;ARS 조사는 기계음을 듣고 번호를 누르는 방식이라 <b>스팸</b>... ,https://n.news.naver.com/mnews/article/119/0002481097?sid=100,"Thu, 01 Apr 2021 11:01:00 +0900"
"블랙베리 '2021 연간 위협 보고서', 코로나 팬데믹 상황에 따른 새로운 ...","글로벌 대유행에서 미국 <b>선거</b>에 이르기까지 특히 2020년에 더욱 그런 양상을 보였다&quot;라며 덧붙여 &quot;세계가... ◇서비스로서의 랜섬웨어 제품의 인기가 높아지면서 기존의 기성품 랜섬웨어를 공격 키트, 악성 <b>스팸</b>... ",https://www.dailysecu.com/news/articleView.html?idxno=122354,"Tue, 23 Mar 2021 16:50:00 +0900"
"코로나 팬데믹, 사이버 범죄는 어떻게 달라졌나","글로벌 대유행에서 미국 <b>선거</b>에 이르기까지 특히 2020년에 더욱 그런 양상을 보였다. 세계가 더 많이 서로... 서비스로서의 랜섬웨어 제품의 인기가 높아지면서 기존의 기성품 랜섬웨어를 공격 키트, 악성 <b>스팸</b> 캠페인... ",http://www.nextdaily.co.kr/news/article.html?id=20210323800032,"Tue, 23 Mar 2021 15:19:00 +0900"
블랙베리 &quot;서비스형 사이버 공격·용역 해커 활발&quot;,"더불어 RaaS가 유행하면서 기존의 기성품 랜섬웨어를 공격 키트, 악성 <b>스팸</b> 캠페인, 위협 에뮬레이션... 글로벌 대유행에서 미국 <b>선거</b>에 이르기까지 특히 2020년에 더욱 그런 양상을 보였다&quot;며 &quot;세계가 더 많이 서로... ",http://www.datanet.co.kr/news/articleView.html?idxno=157514,"Tue, 23 Mar 2021 10:45:00 +0900"
임현택·이필수 2인 경쟁...<b>선거</b>운동 불가 합종연횡이 변수,코로나19 여파로 대면 <b>선거</b>운동이 어려우니 후보들이 문자메시지를 주로 보내 공해 수준이었다. <b>스팸</b>처리하는 교수들도 많았다&quot;라며 &quot;다만 전자투표 방식 자체가 편리해서 투표 의지가 있는 교수들은 편하게 참여했을... ,http://www.medicaltimes.com/Users/News/NewsView.html?mode=view&ID=1139512&REFERER=NP,"Mon, 22 Mar 2021 05:46:00 +0900"
"한국거래소, 정치인·디지털화폐 관련주 시장 경보 발령","4·7 보궐<b>선거</b>와 윤석열 전 검찰총장 사퇴 등 정치적인 사건과 암호화폐 비트코인의 가격이 치솟으면서... 그 중 <b>스팸</b>문자 신고 건수가 급증한 종목이 8개, 소수 계좌가 매수에 과다하게 관여한 종목은 4개였다. 정치인... ",http://www.skyedaily.com/news/news_view.html?ID=126143,"Wed, 17 Mar 2021 17:25:00 +0900"
"오세훈 &quot;어차피 할 합당, 지금 입당하라&quot;···안철수 &quot;<b>선거</b> 후 합당안&quot;...","안 후보의 이 같은 합당 선언은 그가 야권의 서울시장 단일화 후보로 결정될 경우 내년 대통령 <b>선거</b>에서... /조권형 기자 buzz@sedaily.com, 김남균 기자 south@sedaily.com ▶ [지구용 레터] <b>스팸</b> 뚜껑 사라진거 아니었어?▶ 서울경제... ",https://n.news.naver.com/mnews/article/011/0003884134?sid=100,"Wed, 17 Mar 2021 07:01:00 +0900"
보수층에 '합당' 러브콜...단일화 막판 승부수 던진 安,"먼저 자신이 야권 단일 후보가 되면 국민의힘과 통합<b>선거</b>대책위원회를 꾸릴 계획이다. 서울시장에 당선되면... /조권형 기자 buzz@sedaily.com, 김남균 기자 south@sedaily.com ▶ [지구용 레터] <b>스팸</b> 뚜껑 사라진거 아니었어?... ",https://n.news.naver.com/mnews/article/011/0003884012?sid=100,"Tue, 16 Mar 2021 17:31:00 +0900"
&quot;법·보험 산업군 겨냥 악성코드 '트릭봇' 활개&quot;,11일(현지시간) 보안기업 체크포인트는 트릭봇이 법·보험 산업군을 겨냥한 악성 <b>스팸</b>메일 등에 포함돼... 2020년 10월에는 미국 대통령 <b>선거</b> 인프라에 영향을 줄 수 있는 트릭봇 공격 사례가 발견되기도 했다.... ,https://n.news.naver.com/mnews/article/031/0000587932?sid=105,"Fri, 12 Mar 2021 17:21:00 +0900"
"틱톡, 부정확한 뉴스 확산 방지·사이버 폭력 예방 기능 도입","<b>스팸</b> 및 불쾌감을 주는 댓글을 적극적으로 필터링 할 수 있어 악성 댓글로 인한 사이버 폭력, 온라인 괴롭힘... 특히 코로나19 및 백신, <b>선거</b> 등 허위 정보가 자주 양산되는 주제의 콘텐츠에 대해서는 팩트체킹 전문... ",http://www.g-enews.com/ko-kr/news/article/news_all/2021031116545679721aef83fcde_1/article.html,"Thu, 11 Mar 2021 16:59:00 +0900"
틱톡이 자아성찰 돕네…악플 다니 &quot;정말 올리시겠습니까?&quot; 물음,틱톡 측은 &quot;모든 댓글 필터링 기능을 통해 <b>스팸</b> 및 불쾌감을 주는 댓글을 적극적으로 필터링할 수 있어 악성... 특히 신종 코로나바이러스 감염증(코로나19) 관련 정보와 <b>선거</b> 등 허위 정보가 자주 양산되는 주제의 콘텐츠에... ,https://n.news.naver.com/mnews/article/421/0005216757?sid=105,"Thu, 11 Mar 2021 15:32:00 +0900"
틱톡에는 가짜 뉴스와 악플이 없다? 새로운 기능 도입,"<b>스팸</b> 및 불쾌감을 주는 댓글을 적극적으로 필터링 할 수 있어 악성 댓글로 인한 사이버 폭력, 온라인 괴롭힘... 특히 코로나19 및 백신, <b>선거</b> 등 허위 정보가 자주 양산되는 주제의 콘텐츠에 대해서는 팩트체킹 전문... ",https://ditoday.com/%ed%8b%b1%ed%86%a1%ec%97%90%eb%8a%94-%ea%b0%80%ec%a7%9c-%eb%89%b4%ec%8a%a4%ec%99%80-%ec%95%85%ed%94%8c%ec%9d%b4-%ec%97%86%eb%8b%a4-%ec%83%88%eb%a1%9c%ec%9a%b4-%ea%b8%b0%eb%8a%a5-%eb%8f%84%ec%9e%85/,"Thu, 11 Mar 2021 10:04:00 +0900"
"틱톡, 가짜뉴스사이버 폭력 해결에 팔 걷었다","<b>스팸</b> 및 불쾌감을 주는 댓글을 적극적으로 필터링 할 수 있어 악성 댓글로 인한 사이버 폭력, 온라인 괴롭힘... 특히 코로나19 및 백신, <b>선거</b> 등 허위 정보가 자주 양산되는 주제의 콘텐츠에 대해서는 팩트체킹 전문... ",https://www.cnet.co.kr/view/?no=20210311085907,"Thu, 11 Mar 2021 09:03:00 +0900"
"틱톡, 안전한 플랫폼 활동 위한 보호 기능 강화",<b>스팸</b> 및 불쾌감을 주는 댓글을 적극적으로 필터링 할 수 있어 악성 댓글로 인한 사이버 폭력과 온라인 괴롭힘... 특히 코로나19 및 백신·<b>선거</b> 등 허위 정보가 자주 양산되는 주제의 콘텐츠에 대해서는 팩트체킹 전문... ,https://www.ebn.co.kr/news/view/1475119/?sc=Naver,"Thu, 11 Mar 2021 08:11:00 +0900"
수기명부 개인정보 관리 부실 '여전',최근 <b>스팸</b> 문자가 오기 시작했다&quot;며 &quot;2주 전 중소기업 제품판매전 행사장 출입 시 작성한 수기명부가 유출된... 일각에서는 다가올 <b>선거</b>에서 수기명부 개인정보가 홍보용으로 쓰이는 것 아니냐는 말도 나온다.... ,https://www.inews365.com/news/article.html?no=658323,"Wed, 10 Mar 2021 20:14:00 +0900"
[이봉현의 저널리즘책무실] 뉴스레터 보셨나요?,4일 발간된 최근호에서는 서울·부산시장 보궐<b>선거</b>를 취재해온 정치부의 두 기자에게 각 후보 진영의... 종전 언론사 뉴스레터는 <b>스팸</b>메일 취급을 받았다. 하지만 뉴스 스타트업이나 개인의 뉴스레터가 성공하면서 보는... ,https://n.news.naver.com/mnews/article/028/0002535613?sid=110,"Tue, 09 Mar 2021 17:25:00 +0900"
"틱톡 &quot;유해 영상 10건 중 9건, 24시간 내 삭제&quot;","삭제된 <b>스팸</b> 계정 및 영상, 제작자의 요청으로 복구된 영상, 정책 위반으로 거부된 광고들에 대한 정보... 정책 상 상업성 정치 광고를 허용하지 않는 틱톡은 2020년 하반기 미국 대선을 비롯한 전 세계 <b>선거</b> 기간 동안... ",https://n.news.naver.com/mnews/article/092/0002215101?sid=105,"Wed, 03 Mar 2021 23:28:00 +0900"
&quot;거대 클라우드에 모든 것을 맡기지 마라&quot; 클라우드 업체의 '을' 되지 않...,물론 저품질 이메일이란 <b>스팸</b>을 의미하지만 저품질의 기준이 무엇일까? 자녀가 어떻게 지내는지 묻는 짧은... 정치적 혼란의 규모 인지 예전에는 4년에 한 번씩 대통령 <b>선거</b>라는 열풍이 미국 전역을 휩쓸었다. 지금은... ,http://www.itworld.co.kr/news/185068,"Wed, 03 Mar 2021 15:02:00 +0900"
철학 없이 살아도 된다고요?,"<b>선거</b>철이 되면 누가 유권자를 더 잘 속이느냐의 여부가 승패가 갈린다. 이기고 보자는 전략은 실천 가능한... 외제를 국산품으로 속이고, 허술한 내용에 화려한 포장으로, 보이스 피싱에, <b>스팸</b>에… 소비자를 유혹할 수 있는... ",http://www.newsfreezone.co.kr/news/articleView.html?idxno=301806,"Wed, 03 Mar 2021 11:47:00 +0900"
"틱톡, 2020년 하반기 투명성 보고서 발표","삭제된 <b>스팸</b> 계정 및 영상, 제작자의 요청으로 복구된 영상, 정책 위반으로 거부된 광고에 대한 정보 등이... 상업성 정치 광고를 허용하지 않는 정책 틱톡은 2020년 하반기 미국 대선을 비롯한 전 세계 <b>선거</b> 기간 동안... ",https://ditoday.com/%ed%8b%b1%ed%86%a1-2020%eb%85%84-%ed%95%98%eb%b0%98%ea%b8%b0-%ed%88%ac%eb%aa%85%ec%84%b1-%eb%b3%b4%ea%b3%a0%ec%84%9c-%eb%b0%9c%ed%91%9c/,"Wed, 03 Mar 2021 09:55:00 +0900"
"틱톡, 지난해 하반기 코로나19 가짜뉴스 5만건 지웠다","있는 <b>스팸</b> 계정(949만9881개)과 <b>스팸</b> 영상(522만5800개) 역시 삭제 조치됐다. 틱톡은 자체 광고 정책과... 미국 대선의 경우 틱톡 내 안전, 보안, 정책 및 운영 전문가로 이루어진 전문팀을 통해 <b>선거</b> 관련 허위 콘텐츠를... ",https://n.news.naver.com/mnews/article/008/0004551198?sid=105,"Wed, 03 Mar 2021 09:12:00 +0900"
"틱톡, 작년 하반기 코로나19 허위정보 5만건 삭제",사용자에게 불쾌함을 줄 수 있는 <b>스팸</b> 계정 949만9천881개와 <b>스팸</b> 영상 522만5천800개 역시 자체 모니터링을... 또 미국 대선 등 <b>선거</b> 관련 허위 정보를 포함한 34만 건의 영상이 틱톡에서 삭제됐다. 지난해 하반기부터는... ,https://n.news.naver.com/mnews/article/031/0000586296?sid=105,"Wed, 03 Mar 2021 09:08:00 +0900"
"틱톡, <b>스팸</b> 계정 949만 개 모니터링 통해 걸러내","삭제된 <b>스팸</b> 계정 및 영상, 제작자의 요청으로 복구된 영상, 정책 위반으로 거부된 광고들에 대한 정보... 틱톡은 2020년 하반기 미국 대선을 비롯한 전 세계 <b>선거</b> 기간 동안 선제적으로 <b>선거</b> 관련 콘텐츠를 관리하기... ",https://www.etoday.co.kr/news/view/2000111,"Wed, 03 Mar 2021 08:50:00 +0900"
"틱톡, 코로나 가짜뉴스 영상 5만건 삭제","사용자에게 불쾌함을 줄 수 있는 <b>스팸</b> 계정(949 9881개)과 <b>스팸</b> 영상(522만5800개) 역시 자체 모니터링을 통해... 미국 대선의 경우 틱톡 내 안전, 보안, 정책 및 운영 전문가로 이루어진 전문팀을 통해 <b>선거</b> 관련 허위... ",https://n.news.naver.com/mnews/article/018/0004865845?sid=105,"Wed, 03 Mar 2021 08:16:00 +0900"
"틱톡, 유해 영상 10건 중 9건 24시간 내 삭제",삭제된 <b>스팸</b> 계정·영상과 제작자의 요청으로 복구된 영상 및 정책 위반으로 거부된 광고들에 대한 정보... 정책 상 상업성 정치 광고를 허용하지 않는 틱톡은 지난해 하반기 미국 대선 등 선제적으로 <b>선거</b> 관련... ,https://www.ebn.co.kr/news/view/1474038/?sc=Naver,"Wed, 03 Mar 2021 08:11:00 +0900"
트럼프 오른팔 넘어 대권 꿈꾸는 잠룡 폼페이오,내년 <b>선거</b>에서 하원 다수당 탈환에 도전하는 공화당 후보들을 위한 모금에 자신의 이름을 걸고 적극 지원함으로써 자신에 대한 당내 지지 기반을 다지고 있다고 평가했다. 미 <b>스팸</b> 차단 서비스인 로보킬러에 따르면... ,https://n.news.naver.com/mnews/article/016/0001800044?sid=104,"Sun, 28 Feb 2021 07:10:00 +0900"
코스피 횡보장서 테마주 봇물…급등락 변동성 투자주의보,이런 가운데 4월 재보궐<b>선거</b>를 앞두고 서울시장 예비후보들 관련 테마주들이 한동안 기승을 부리다가... 현재 다날은 지난 22일 하루동안 <b>스팸</b>관여과다종목에 따른 투자주의 종목으로 지정돼있다. 위지트는 19일... ,https://n.news.naver.com/mnews/article/119/0002470185?sid=101,"Mon, 22 Feb 2021 07:01:00 +0900"
<b>선거</b>철이면 오는 정치인의 문자··· “전화번호 어디서 알았나” 물어...,"하지만 개인이 불법<b>스팸</b> 문자의 발신자를 특정·추적하는 것은 불가능에 가깝기에 적용하기 어려운데, <b>선거</b> 유세 문자는 정치인에 의해 발송되기 때문에 정보주체의 권리 행사를 할 수 있다. 그러나 처벌조항이 있음에도... ",https://n.news.naver.com/mnews/article/138/0002099027?sid=105,"Wed, 17 Feb 2021 18:31:00 +0900"
"제주 제2공항 여론조사 어떤 번호로? 02, 064 두 종류 유력","▲문재인 대통령 국정 수행 평가 ▲대통령 <b>선거</b> 여당, 야당, 제3후보 지지 여부 ▲차기 대통령 선호도... 그 이유는 <b>스팸</b> 번호를 떠올리는 이유로 응답자가 070번호를 꺼리기 때문이다. 최대한 응답률을 높이기 위해... ",http://www.jejusori.net/news/articleView.html?idxno=325968,"Mon, 15 Feb 2021 12:54:00 +0900"
"[종합] '옥문아' 에픽하이 입담 여전, '강혜정♥' 타블로 딸 하루 폭풍성...",정답은 '<b>스팸</b> 메일함'이다. 정세랑 작가는 &quot;<b>스팸</b> 메일함 이름은 있을 법하면서도 가짜 이름이기 때문에... <b>선거</b>를 앞두고 상대 후보가 그의 늦잠 자는 버릇을 폭로하자 재치 있는 답변으로 위기를 모면했다. A. &quot;당신도... ,http://www.topstarnews.net/news/articleView.html?idxno=859991,"Wed, 10 Feb 2021 00:18:00 +0900"
"에픽하이, 3년 만에 컴백에도 식지않은 예능감…딸 하루 깜짝 등장('옥문...",네 번째로 '윈스터 처칠이 <b>선거</b>를 앞두고 상대 후보가 그이ㅡ 늦잠 자는 버릇을 폭로하자 재치 있는... 결국 타블로와 김희철은 동시에 &quot;<b>스팸</b> 메일의 이름&quot;이라고 정답을 맞혔다. 타블로는 &quot;제가 가장 빨리 쓴 가사는 '우산... ,https://m.entertain.naver.com/article/076/0003691860,"Wed, 10 Feb 2021 00:18:00 +0900"
가짜정보가 만연할 때 페이스북에서 확인하는 법,"주로 머신러닝을 통해 <b>스팸</b> 메시지를 걸러내는 등의 조치가 된다. 페이스북의 이러한 여러 조치에도... 앞으로는 여러 <b>선거</b>때문에 발생할 다양한 가짜 정보들이 있을 것이고, 플랫폼은 이러한 정보를 걸러내는... ",https://byline.network/?p=62026,"Thu, 04 Feb 2021 15:52:00 +0900"
‘코로나 양극화·미래 모습’ 잘 전달… 생활경제 기사 부족 아쉬워,"지방<b>선거</b>를 앞둔 분석 기사 등 읽을거리가 풍부했다는 평이 많았다. 코로나19로 심화된 양극화부터 미래의... 최근 영끌·빚투라는 신조어까지 나온 상태로, <b>스팸</b>으로 신고된 유형을 보면 ‘불법게임·도박’이 2017~2019년... ",https://n.news.naver.com/mnews/article/081/0003159117?sid=110,"Wed, 27 Jan 2021 05:09:00 +0900"
[러시아-에스토니아] 좀비PC 100만 대 디도스 공격에 국가 마비 사태,에스토니아: 최초의 대규모 사이버전쟁(2007.4.27~5.18) 첫 사흘간은 트래픽·<b>스팸</b> 폭증 양상 정부·국회 등... 인구의 절반 이상이 인터넷 뱅킹을 사용했다.2005년 에스토니아 정부는 인터넷을 통해 지방<b>선거</b>를 실시했다.... ,http://kookbang.dema.mil.kr/newsWeb/20210125/1/BBSMSTR_000000100135/view.do,"Sun, 24 Jan 2021 11:41:00 +0900"
대구경북TBC)선물 돌린 전 자유한국당 경산시당협위원장 집행유예,또 함께 기소된 59살 B씨 등 3명에게는 각각 벌금 3백만 원을 선고했습니다. 이들은 지난 2019년 1월과 9월에 <b>선거</b>구민 등 56명에게 <b>스팸</b>이나 한우 등 422만 원 상당의 선물을 제공한 혐의로 재판에 넘겨졌습니다.,http://www.tbc.co.kr/tbc_news/n14_newsview.html?p_no=20210122165251AE04066,"Sat, 23 Jan 2021 20:34:00 +0900"
김종인의 '사심 정치' 본전도 못 찾는다,"그러나 다음은 2002년 <b>스팸</b>메일 방지를 명분으로 1000통 이상 메일 발송시 1통 당 10원을 부과하는 유료정책을... 4.7 서울시장 보궐<b>선거</b>와 관련, 김종인 국민의힘 비대위원장은 '야권 후보단일화 원 포인트 경선'을 요구하는... ",http://www.ilyoseoul.co.kr/news/articleView.html?idxno=439472,"Fri, 22 Jan 2021 20:01:00 +0900"
대한체육회장 <b>선거</b>인단께 [이동훈의 100℃],"▲ 제41대 대한체육회장 <b>선거</b> ​ 일시 : 2021년 1월 18일 오전 9시부터 오후 6시까지(기간 외 기권처리) ​ 투표 방법 : 발송된 개인 URL을 통해 진행(미수신 시 <b>스팸</b>차단 애플리케이션, <b>스팸</b> 문구 삭제 필요) ​ 후보자(기호순)... ",http://www.ajunews.com/view/20210116125000415,"Sun, 17 Jan 2021 07:00:00 +0900"
유튜브 허위정보 제재에 도피처 된 네이버,네이버 블로그와 카페를 검색하면 '5·18 북한군 개입 주요증거' '미국 대선부정과 재검표 없는 4·15부정<b>선거</b>... 반면 유튜브 신고란엔 '증오 또는 악의적인 콘텐츠' '<b>스팸</b> 또는 오해의 소지가 있는 콘텐츠' 항목을 통해... ,https://n.news.naver.com/mnews/article/006/0000106293?sid=105,"Wed, 13 Jan 2021 14:20:00 +0900"
"한국미술협회 '제25대 이사장 <b>선거</b>', 코로나 시대에 맞춰 비대면으로 진...","휴대폰으로 <b>선거</b> 참여시 '1899-3079', '1899-3089', '02-525-1390' 등의 번호로 문자가 발신되며 차단 혹은 <b>스팸</b> 번호로 분류할 경우 문자투표가 불가하다. 스마트폰을 이용한 모바일 <b>선거</b>에 참여할 경우, '02-525-1390' 번호로 문자가... ",http://www.sctoday.co.kr/news/articleView.html?idxno=34603,"Mon, 11 Jan 2021 17:42:00 +0900"
[펜앤 단독 인터뷰] 나경원 &quot;서울시장 단일화 못하면 '죄인'...최종목표...,보궐<b>선거</b>는 그 '디딤돌'이 될 것이라며 말했다. 그는 서울시장 후보에서 단일화는 절체절명의 과제이며 이를... <b>스팸</b>김치찌와 돼지고기 김치찌개. 김치찌개에서 발전된 돼지고기 김치찜도. -장애인 올림픽이 '스페셜 올림픽... ,http://www.pennmike.com/news/articleView.html?idxno=39789,"Fri, 08 Jan 2021 17:59:00 +0900"
"[정기수 칼럼] 정경심 판결 재판장, 성탄 전야에 희망과 축복을 선사하...",그런 메일은 읽어 보지도 않고 바로 &lt;<b>스팸</b> 신고&gt;를 한다. 간단하다. 소신을 지키는 사람에게 그런 폭력과... 중앙<b>선거</b>여론조사심의위 홈페이지 참조). 이렇게 눈을 감고 세상을 보는 사람이 집권당 핵심이다. 같은 당의... ,https://n.news.naver.com/mnews/article/119/0002454943?sid=102,"Thu, 24 Dec 2020 08:00:00 +0900"
단순하지만 효과적인 공격 수법 ‘타이포스쿼팅’의 모든 것,올해 미국 대통령 <b>선거</b>도 많은 스쿼팅의 목표가 됐다. 디지털 섀도우(Digital Shadows)의 한 보고서에 따르면... 실행하고 <b>스팸</b>을 전송하거나 피싱 캠페인을 실행할 수 있다고 말했다. 지난 9월에는 깃허브 페이지에 사용자... ,http://www.itworld.co.kr/news/177069,"Wed, 23 Dec 2020 11:06:00 +0900"
“국가 차원 APT·랜섬웨어·원격근무 환경 타깃 공격 지속될 것”,"취약점, <b>스팸</b>, 악성코드, IP 스푸핑, 정보 탈취, 디도스(DDoS) 공격 등의 문제를 해결해야만 안전한 5G 시대를... 코로나19, 미국 대통령 <b>선거</b>, 북한 관련 기밀 정보, 암호화폐 거래소 등 특정 시기에 사회적으로 이슈가... ",https://byline.network/?p=59153,"Fri, 18 Dec 2020 17:16:00 +0900"
이스트시큐리티 &quot;2021년에는 재택근무 노린 공격 증가할 것&quot;,"코로나19, 미국 대통령 <b>선거</b>, 북한 관련 기밀 정보, 암호화폐 거래소 등 특정 시기에 사회적으로 이슈가... 취약점, <b>스팸</b>, 악성코드, IP 스푸핑, 정보 탈취, DDoS 공격 등의 문제를 해결해야만 안전한 5G 시대를 맞이할 수... ",https://www.widedaily.com/news/articleView.html?idxno=216597,"Fri, 18 Dec 2020 15:36:00 +0900"
"&quot;2021년, 국가기반 공격 고도화된다&quot;","취약점, <b>스팸</b>, 악성코드, IP 스푸핑, 정보 탈취, DDoS 공격 등의 문제를 해결해야만 안전한 5G 시대를 맞이할 수... 코로나19, 미국 대통령 <b>선거</b>, 북한 관련 기밀 정보, 암호화폐 거래소 등 특정 시기에 사회적으로 이슈가... ",http://www.datanet.co.kr/news/articleView.html?idxno=154267,"Fri, 18 Dec 2020 10:41:00 +0900"
[슬기로운 해독뉴스 99] 무료급식소 ‘벤츠모녀’ “우린 왜 밥 안 주냐...,"●서울시장 출마 조은희 서초구청장 “문 정부, 임대주택만 공급할 건가?” 최근 서울 시장 보궐<b>선거</b>... 소비자들의 <b>스팸</b>의 노란 뚜껑을 반납하는 운동에 씨제이(CJ)제일제당도 지난 9월 친환경 <b>스팸</b> 선물 세트에서... ",http://woman.chosun.com/client/news/viw.asp?cate=C08&mcate=M1001&nNewsNumb=20201272229,"Mon, 14 Dec 2020 21:43:00 +0900"
"해로운 온라인 콘텐츠의 규제, 문제는 라이브 동영상입니다","가짜 <b>선거</b> 결과 라이브 방송으로 시청자를 확보한 계정도 여럿 있었죠. 그 가운데는 65만 명의 구독자를 보유한 한 채널도 있있고, 구글 검색 결과에서 다섯 번째 안에 들어가는 채널도 있었습니다. 결국은 <b>스팸</b>을... ",https://ppss.kr/archives/230877,"Thu, 10 Dec 2020 10:52:00 +0900"
"누나의 불복 지지? 트럼프, '가짜 트윗'에 반응했다가 또 체면 구겨",'베티 트럼프'라는 이름의 계정에는 엘리자베스의 사진과 함께 &quot;이번 <b>선거</b>는 내가 침묵을 깨고 가족을 대신해... 트위터는 해당 계정이 플랫폼 조작과 <b>스팸</b>에 관한 규정을 위반했다며 계정을 영구 정지시켰다. 나한아... ,https://n.news.naver.com/mnews/article/277/0004796155?sid=104,"Sun, 22 Nov 2020 10:03:00 +0900"
"트럼프, 누나 사칭 가짜 트윗에 &quot;고마워&quot;…해당 계정 삭제 조치",실제로 '베티 트럼프'라는 이름의 계정에는 엘리자베스의 사진과 함께 &quot;이번 <b>선거</b>는 내가 침묵을 깨고 가족을... 얼마 후 트위터도 플랫폼 조작과 <b>스팸</b>에 관한 규정 위반으로 영구 정지한다며 해당 계정을 삭제했습니다.... ,https://n.news.naver.com/mnews/article/057/0001521067?sid=104,"Sun, 22 Nov 2020 09:09:00 +0900"
&quot;누나 사랑해&quot;…트럼프 '달달한' 트윗이 민망해진 사연,이번 <b>선거</b>에서 이겼고 끝까지 싸울 것이다&quot;는 글이 실려 있는 것으로 파악됐습니다. 그러나 해당 계정은... 조금 뒤 트위터도 플랫폼 조작과 <b>스팸</b>에 관한 규정 위반으로 해당 계정을 삭제했습니다. (사진=트럼프 대통령... ,https://n.news.naver.com/mnews/article/055/0000856187?sid=104,"Sat, 21 Nov 2020 23:59:00 +0900"
"트럼프, 가짜트윗에 반응···체면 구겨",‘베티 트럼프’라는 이름의 계정에는 누나인 엘리자베스 트럼프 그라우의 사진과 함께 “이번 <b>선거</b>는 내가... 혼란을 일으켜 미안하다”고 사과했다.이어 트위터는 플랫폼 조작과 <b>스팸</b>에 관한 규정 위반으로 영구... ,http://www.kookje.co.kr/news2011/asp/newsbody.asp?code=0400&key=20201121.99099007202,"Sat, 21 Nov 2020 23:37:00 +0900"
"누나가 불복 지지?…트럼프, 가짜트윗에 반응했다가 '뻘줌'",실제로 '베티 트럼프'라는 이름의 계정에는 엘리자베스의 사진과 함께 &quot;이번 <b>선거</b>는 내가 침묵을 깨고 가족을... 얼마 후 트위터도 플랫폼 조작과 <b>스팸</b>에 관한 규정 위반으로 영구 정지한다며 해당 계정을 삭제했다.... ,https://n.news.naver.com/mnews/article/001/0012030937?sid=104,"Sat, 21 Nov 2020 23:14:00 +0900"
일주일후면 결판 난다...트럼프 '불복' 소송 현황은,오는 23일까지 <b>선거</b>인단 52석이 걸린 세개 주에서 투표 결과를 확정해야 하는 만큼 트럼프 대통령의 마지막... 일부는 <b>스팸</b>일 가능성이 있다고 인정했다. ━ 조지아(11월20일 마감) ━ 조지아주는 바이든 후보와 트럼프... ,https://n.news.naver.com/mnews/article/008/0004500496?sid=104,"Tue, 17 Nov 2020 02:07:00 +0900"
[보일스님이 들려주는 4차 산업혁명 이야기] &lt;55&gt; 인공지능과 액정 화면...,"예를 들어, 최근 몇 년 사이에 <b>선거</b>전에서 허위 댓글을 통한 여론 조작 사건 때문에 뜻밖에 유망해져 버린... 웹사이트에서 <b>스팸</b>메일이나 해킹을 방지하기 위해 인공지능과 사람을 구별해 내기 위한 시험 과정이다. 현재... ",http://www.ibulgyo.com/news/articleView.html?idxno=209037,"Mon, 16 Nov 2020 14:13:00 +0900"
&quot;미국의 새정치: 음모론과 허위정보&quot; FT,트럼프 대통령 장남 에릭 트럼프는 지난주 민주당 전국위원회(NRC)가 &quot;우리 부정<b>선거</b> 제보 핫라인을 <b>스팸</b>하고 있다&quot;고 주장했다. 에릭 트럼프는 그러나 자신의 주장을 뒷받침하는 어떤 근거도 제시하지 못했다. 트럼프... ,https://n.news.naver.com/mnews/article/014/0004528521?sid=104,"Sat, 14 Nov 2020 06:26:00 +0900"
"&quot;온실가스 감축, 말만 있고 실행 없는 정부&quot;... 헌법소원 대리 김광재 변...",&quot; 헌법 전문 변호사로 대한변협 학술위원회 부위원장이기도 한 김광재 변호사는 지난 2018년 <b>선거</b>운동에서의... [김광재 법무법인 가족 변호사 / 헌법소원 청구 대리인] &quot;<b>스팸</b> 이메일 다 지워버리는 것. 그 이메일 보관하는... ,http://www.ltn.kr/news/articleView.html?idxno=29965,"Fri, 13 Nov 2020 19:21:00 +0900"
페북은 왜 '이건' 삭제하고 '저건' 남겨둘까,또 “앞으로 한국에서 치러질 <b>선거</b>에서도 똑같은 수준의 대응을 하도록 노력할 것”이라고 강조했다.... 유 매니저는 “AI가 진화하면서 지난 2분기 15억개 가짜 계정과 14억개 <b>스팸</b> 게시물을 삭제했다. 아동・성인 나체... ,https://n.news.naver.com/mnews/article/293/0000031884?sid=105,"Thu, 12 Nov 2020 17:31:00 +0900"
사재기 재확산 조짐 보이는 미국시장,"이유인즉, 다가오는 연말 연휴와 <b>선거</b> 후로 있을 소요사태 그리고 여전히 높은 코로나19 확진세... <b>스팸</b>과 땅콩버터 제조사로 유명한 Hormel Foods는 여전히 작년보다 납품가능 재고수량이 24%가량 낮으며 유기농 식품... ",http://news.kotra.or.kr/user/extra/kotranews/bbs/linkView/jsp/Page.do?dataIdx=185710,"Wed, 11 Nov 2020 10:51:00 +0900"
"백악관앞 “넌 해고야!”, 부정<b>선거</b> 핫라인엔 장난전화… 놀림거리된 트...",“DNC(민주당 전국위원회)는 우리가 받고 있는 수천 건의 제보를 잡재우기 위해 <b>선거</b> 사기 핫라인에 <b>스팸</b> 전화를 걸고 있다”며 “그들이 숨기고 있는 게 뭔지 궁금하군”이라고 했다. 장난전화가 쇄도하자 트럼프 캠프... ,https://n.news.naver.com/mnews/article/023/0003575137?sid=104,"Tue, 10 Nov 2020 19:49:00 +0900"
“투표소서 거북이 뒤집혔다” 조롱전화 쏟아진 백악관 핫라인,“민주당이 부정<b>선거</b> 신고를 가로막기 위해 <b>스팸</b>을 보내고 있다”는 것이다. 루돌프 줄리아니 등 트럼프 변호인단도 온라인상에서 희화화되고 있다. 특히 '포시즌스 기자회견 소동'이 회자된다. 트럼프 대통령은 지난 7일... ,https://n.news.naver.com/mnews/article/025/0003050918?sid=104,"Tue, 10 Nov 2020 05:00:00 +0900"
결국 번호 바꾼 트럼프 '부정<b>선거</b>' 신고센터…&quot;장난 멈춰달라&quot;,그는 트위터에 &quot;DNC는 우리가 받고 있는 수천 건의 불만신고를 방해하기 위해 핫라인에 <b>스팸</b>을 보내고 있다&quot;며 &quot;그들이 대체 무엇을 숨기고 있는지 궁금하다&quot;고 썼다. 더힐에 따르면 트럼프 <b>선거</b>캠프는 &quot;투표하는 동안... ,https://n.news.naver.com/mnews/article/003/0010175068?sid=104,"Mon, 09 Nov 2020 15:21:00 +0900"
트럼프 <b>선거</b>캠프 '부정<b>선거</b> 핫라인'에 장난전화 봇물,그는 &quot;DNC는 <b>스팸</b>전화로 핫라인에서 우리가 받는 수천통 신고를 막으려고 한다&quot;며 &quot;그들이 무엇을 숨기고 있는지 궁금하다&quot;고 말했다. 트럼프 <b>선거</b>캠프는 더힐에 보낸 성명에서 &quot;투표하는 동안 우려되는 경험을 한 미국인... ,https://n.news.naver.com/mnews/article/421/0004978518?sid=104,"Mon, 09 Nov 2020 11:50:00 +0900"
"민주당 서울 지지도, 리얼미터선 野보다 낮고 갤럽선 높은 이유는","높다&quot;면서 &quot;ARS는 <b>스팸</b>이나 텔레마케팅으로 잘못알고 전화를 바로 끊어 버리는 사례가 많다&quot;고 설명했다.... ※자세한 내용은 한국갤럽과 리얼미터, 중앙<b>선거</b>여론조사심의위원회 홈페이지를 참조하면 된다. 류호 기자",https://n.news.naver.com/mnews/article/469/0000551608?sid=100,"Sat, 07 Nov 2020 08:00:00 +0900"
[친환경 기업이 뜬다] “버려지는 마음과 버리는 마음을 터치합니다” ...,"터치포굿은 <b>선거</b> 현수막, 폐 플라스틱 등 사회 주변에서 짧고 쉽게 버려지는 자원들을 업사이클링해... 함께한 ‘<b>스팸</b>뚜껑 새활용하기’ 프로젝트가 있다. 버려지는 <b>스팸</b> 캔의 플라스틱 뚜껑을 수거해 ‘코로나방지... ",https://magazine.hankyung.com/job-joy/article/202010305757b,"Fri, 06 Nov 2020 11:47:00 +0900"
갈등 골 깊어지는 美…시위대 &quot;모든 투표함 다 열자&quot;,"트럼프 개표중단 소송제기에 뉴욕시민들 &quot;<b>선거</b>불복&quot; 반발 대선후 美 사회 분열 더 커져 맨해튼 주요 상점과... 기자가 이날 오후 뉴저지주 테너플라이, 클로스터에 있는 슈퍼 2곳을 둘러보니 '<b>스팸</b>'을 전혀 구할 수... ",https://n.news.naver.com/mnews/article/009/0004689820?sid=104,"Thu, 05 Nov 2020 17:53:00 +0900"
[뉴스 열어보기] 미국 대선 투표율 66.8%…20세기 들어 최고,"하지만 대선 당일, 미국인들에게 '집 밖에 나가지 말라'는 내용의 <b>스팸</b> 전화 수만 건이 걸려와서 미국... 미국 대통령 <b>선거</b>의 당선자가 확정되지 않은 가운데, 청와대와 정부는 결과 발표가 지연될 가능성까지 염두에 두고... ",https://n.news.naver.com/mnews/article/214/0001077484?sid=102,"Thu, 05 Nov 2020 06:35:00 +0900"
"시위대 운집에 백악관 앞 2m 철조망 세워, 투표 방해 <b>스팸</b>전화… 가짜뉴...",<b>스팸</b>전화 방지 업체인 로보킬러는 최소 수천 명에서 수만 명에 달하는 미국인이 이 전화를 받은 것으로 분석했다. 이에 정부 관계자들은 다급히 트위터 등을 통해 “주 전역의 투표소가 열려 있다. 유권자와 <b>선거</b>... ,https://n.news.naver.com/mnews/article/081/0003136928?sid=104,"Thu, 05 Nov 2020 05:06:00 +0900"
투표방해 <b>스팸</b>전화… 부정<b>선거</b> 가짜뉴스… 철조망 친 백악관,로이터통신 등에 따르면 <b>스팸</b>전화 방지업체 로보킬러는 최대 수만 명의 미국인이 이 전화를 받았을 것으로 추정했다. 트위터와 페이스북 등 소셜미디어는 우편투표 부정 의혹 등 <b>선거</b> 관련 가짜 정보를 퍼뜨렸다는... ,https://n.news.naver.com/mnews/article/020/0003318704?sid=004,"Thu, 05 Nov 2020 03:02:00 +0900"
'투표 저지' 전화에 무장한 유권자도,다만 <b>선거</b>나 투표라는 단어는 언급되지 않아 <b>선거</b>와의 연관성은 밝혀지지 않았다. 발신자나 전화의 목적도 확인되지 않았다. <b>스팸</b> 전화 방지 업체인 로보킬러 관계자는 이 같은 내용을 담은 전화는 지난 11개월간 수백만통... ,https://n.news.naver.com/mnews/article/011/0003821155?sid=104,"Wed, 04 Nov 2020 20:25:00 +0900"
대선 당일 美전역에 퍼진 의문의 전화 “집에 있어라”,<b>스팸</b> 전화 방지 업체인 로보킬러의 줄리아 포터 부사장의 말에 따르면 이 전화는 <b>선거</b> 당일인 이날 갑자기 급증세를 보였다. 그는 전화를 받은 미국인이 최소 수천 명에서 수만 명에 달할 것이라고 추측했다. 로보콜의... ,https://n.news.naver.com/mnews/article/005/0001377700?sid=104,"Wed, 04 Nov 2020 18:26:00 +0900"
가짜뉴스·괴전화·코로나 폭증…혼란스러웠던 대선 당일 [2020 미국의 선...,특히 이날 미국 전체 <b>스팸</b> 전화 중에서도 상위권에 들어갈 만큼 많은 양의 전화가 걸려왔다고 한다. 이날 소셜미디어에는 펜실베이니아주에서 부정<b>선거</b>가 의심된다는 유언비어가 쉴 새 없이 올라왔다. 뉴욕타임스(NYT)와... ,https://n.news.naver.com/mnews/article/022/0003519935?sid=104,"Wed, 04 Nov 2020 18:12:00 +0900"
백악관 주변서 양측 지지자 충돌…`표 도둑 맞았다` 가짜뉴스도,직접적으로 <b>선거</b>라는 단어는 언급되지 않았지만 <b>선거</b> 당일에 이런 전화가 집중적으로 걸려온 것은 <b>선거</b>를 방해하기 위한 것 아니냐는 관측이 나온다. <b>스팸</b> 전화 방지 업체인 로보킬러 관계자는 이 같은 내용을 담은... ,https://n.news.naver.com/mnews/article/009/0004688951?sid=104,"Wed, 04 Nov 2020 17:50:00 +0900"
[미 대선] 가짜뉴스에 장난전화까지…美 역대급 접전에 ‘역대급 혼란’,<b>스팸</b>전화 방지 업체인 로보킬러는 최소 수천 명에서 수만 명에 달하는 미국인이 이 전화를 받은 것으로 분석했다. 이에 정부 관계자들은 다급히 트위터 등을 통해 “주 전역의 투표소가 열려 있다. 유권자와 <b>선거</b>... ,https://n.news.naver.com/mnews/article/081/0003136862?sid=104,"Wed, 04 Nov 2020 16:26:00 +0900"
"美대선, 112년 만 최대 투표율 예상…공화당, 불법 조기개표 의혹 제기","네, <b>선거</b> 정보 제공 사이트 '미국 <b>선거</b> 프로젝트'에 따르면 사전 투표에 1억 116만 명이 참여했는데, 이는 지난... 이와 함께 가짜뉴스를 옮기는 <b>스팸</b> 전화도 기승을 부렸습니다. &quot;줄이 너무 길어 내일(5일) 투표해야 한다... ",https://n.news.naver.com/mnews/article/374/0000224600?sid=104,"Wed, 04 Nov 2020 15:28:00 +0900"
이목집중 美대선...현 시각 '이모저모',"투표 대기줄이 너무 길어 내일 투표해야 한다는 내용의 <b>스팸</b> 전화가 플로리다와 네브래스카에서 보고돼, 미 연방수사국이 수사에 착수했다. ◆ 사전투표 1억명 돌파...112년 만에 최고 투표율 미국 <b>선거</b> 분석 시스템 '미국... ",http://www.thedailypost.kr/news/articleView.html?idxno=77212,"Wed, 04 Nov 2020 15:19:00 +0900"
"美대선, 사전투표 1억명…“112년 만 최대 투표율 예상”","네, <b>선거</b> 정보 제공 사이트 '미국 <b>선거</b> 프로젝트'에 따르면 사전 투표에 1억 116만 명이 참여했는데, 이는 지난... 이와 함께 가짜뉴스를 옮기는 <b>스팸</b>전화도 기승을 부리고 있습니다. &quot;줄이 너무 길어 내일 투표해야 한다&quot;는... ",https://n.news.naver.com/mnews/article/374/0000224586?sid=104,"Wed, 04 Nov 2020 13:15:00 +0900"
&quot;집에 있어라&quot; 전화 수만통,<b>스팸</b> 전화 방지 업체인 로보킬러 관계자는 이 같은 전화는 지난 11개월간 보고됐지만 <b>선거</b> 당일 급증세를 보였다고 밝혔다. 이 관계자는 최소 수천 명에서 수만 명의 미국인이 이 전화를 받은 것으로 보인다고 분석했다.,http://www.koreadaily.com/news/read.asp?art_id=8804658,"Wed, 04 Nov 2020 12:49:00 +0900"
"美대선, 사전투표 1억명 돌파…폭력사태·<b>스팸</b>전화까지","네, <b>선거</b>정보 제공 사이트 '미국 <b>선거</b> 프로젝트'에 따르면 사전 투표에 1억 29만 명이 참여를 했는데, 이는... 이와 함께 가짜뉴스를 옮기는 <b>스팸</b>전화도 기승을 부리고 있습니다. &quot;줄이 너무 길어 내일 투표해야 한다&quot;는... ",https://n.news.naver.com/mnews/article/374/0000224570?sid=101,"Wed, 04 Nov 2020 11:49:00 +0900"
[美 대선] &quot;트럼프 투표 용지 버렸다&quot;... 투표 당일도 '가짜뉴스' 기승,전화 내용에 <b>선거</b>나 투표라는 단어가 언급되지 않았으나 투표 참여를 위협하는 분위기를 조장해 문제가 됐다. <b>스팸</b> 전화 방지업체 로보킬러 측은 최소 수천 명에서 수만 명이 해당 전화를 받은 것으로 추정했다. 일간... ,https://n.news.naver.com/mnews/article/469/0000550715?sid=104,"Wed, 04 Nov 2020 11:40:00 +0900"
협박전화·가짜뉴스 유포…대선날 크고작은 ‘소란’,다만 전화 내용에는 <b>선거</b>나 투표라는 단어는 언급되지 않았다. <b>스팸</b> 전화 방지업체 로보킬러 측은 최소 수천 명에서 수만 명이 의문의 전화를 받은 것으로 추정했다. 일부 지역에선 투표소 개장이 늦어지는 바람에 투표... ,https://n.news.naver.com/mnews/article/016/0001747185?sid=104,"Wed, 04 Nov 2020 11:37:00 +0900"
"미대선 당일 &quot;집에 있어라&quot; 의문의 로보콜, FBI 수사",<b>스팸</b> 전화 방지 업체인 로보킬러 관계자는 해당 내용을 담은 전화는 지난 11개월간 수백만 통 이상 걸린 것으로 집계됐으며 <b>선거</b> 당일 갑자기 급증세를 보였다고 밝혔다.이날 미국 전체의 <b>스팸</b> 전화 중에서도 상위권에... ,https://www.yeongnam.com/web/view.php?key=20201104001123181,"Wed, 04 Nov 2020 11:36:00 +0900"
"“트럼프 표 사라져”, “나가지 말라”…美대선 당일 가짜뉴스·의문의...","AFP=연합뉴스 전화에는 <b>선거</b>나 투표라는 단어가 언급되지 않았지만, <b>선거</b> 당일에 이런 전화가 걸려왔다는 사실 자체가 의아하다는 지적이 나온다. <b>스팸</b> 전화 방지 업체인 로보킬러 관계자는 “이런 전화가 지난 11개월간... ",https://n.news.naver.com/mnews/article/022/0003519683?sid=104,"Wed, 04 Nov 2020 10:20:00 +0900"
&quot;집에 있어라&quot; 수만명 미국인이 합성 전화를 받은 이유는?,"AFP=연합뉴스 의문의 전화는 합성된 여성 목소리로 '로보콜(미리 녹음된 메시지를 재생하는 전화)'이었고, <b>선거</b>나 투표라는 단어는 언급되지 않았다. 전화를 건 발신자나 전화의 목적도 확인되지 않았다. <b>스팸</b> 전화 방지... ",http://www.slist.kr/news/articleView.html?idxno=198093,"Wed, 04 Nov 2020 09:57:00 +0900"
[2020 미국의 선택] 협박전화·가짜뉴스…미 대선날 크고작은 몸살,다만 전화 내용에는 <b>선거</b>나 투표라는 단어는 언급되지 않았다. <b>스팸</b> 전화 방지업체 로보킬러 측은 최소 수천 명에서 수만 명이 의문의 전화를 받은 것으로 추정했다. 일부 지역에선 투표소 개장이 늦어지는 바람에 투표... ,https://n.news.naver.com/mnews/article/016/0001746940?sid=104,"Wed, 04 Nov 2020 09:54:00 +0900"
&quot;집에 있어라&quot;…미국 대선 당일 의문의 전화만 수만 통,"<b>스팸</b> 전화 방지 업체인 로보킬러 관계자는 이 같은 내용을 담은 전화는 지난 11개월간 수백만 통 이상 걸린 것으로 집계됐지만, <b>선거</b> 당일 갑자기 급증세를 보였다고 설명했습니다. 이날 미국 전체의 <b>스팸</b> 전화 중에서도... ",https://n.news.naver.com/mnews/article/057/0001515452?sid=104,"Wed, 04 Nov 2020 09:53:00 +0900"
美 일부 지역 투표시간 연장…FBI 수상한 전화 수사 착수,"한 <b>스팸</b> 전화 방지 업체에 따르면 이런 전화가 이미 지난 11개월 간 수백 만 통 이상 걸려왔는데, 특히 <b>선거</b>날 갑자기 급증세를 보였다고 합니다. ◀ 앵 커 ▶ 네, 그리고 일부 투표소에서는 투표 시간이 연장되었다고요.... ",https://n.news.naver.com/mnews/article/214/0001077308?sid=104,"Wed, 04 Nov 2020 09:31:00 +0900"
"美 대선날 &quot;집에 있어라&quot; 수상한 전화 수만통…FBI, 수사 나서","<b>스팸</b> 전화 방지 업체인 로보킬러 관계자는 이 같은 내용을 담은 전화는 지난 11개월간 수백만 통 이상 걸린 것으로 집계됐지만, <b>선거</b> 당일 갑자기 급증세를 보였다고 설명했다. 이날 미국 전체 <b>스팸</b> 전화 중에서도... ",https://n.news.naver.com/mnews/article/016/0001746905?sid=104,"Wed, 04 Nov 2020 09:27:00 +0900"
<b>선거</b> 당일 “집에 머물러라” 등 의문의 전화 · 메세지 속출,이는 <b>선거</b> 당일인 오늘(3일) 전체의 <b>스팸</b> 전화 중에서도 상위권에 들어갈 만큼 많은 양의 전화가 걸려왔다는 겁니다. 뿐만 아니라 한 사람에게 같은 날 여러 차례 전화가 걸려오는 사례도 발생했습니다. 실제로 음성 자동... ,https://www.radiokorea.com/news/article.php?uid=355167,"Wed, 04 Nov 2020 09:22:00 +0900"
투표 열기 <b>선거</b>일까지 이어져…우려했던 폭력사태는 일단 없어,"다만 이 메시지에서 <b>선거</b>나 투표란 단어는 언급되지 않았습니다. <b>스팸</b>전화 방지 업체인 로보킬러 관계자는 이 같은 내용의 전화가 지난 11개월간 수백만 통 이상 걸린 것으로 집계됐지만, <b>선거</b> 당일인 3일 급증세를... ",https://n.news.naver.com/mnews/article/055/0000852301?sid=104,"Wed, 04 Nov 2020 09:00:00 +0900"
[美 대선] 우려했던 폭력사태 없이 순조롭게 투표 마무리,이 메시지에서 <b>선거</b>나 투표란 단어는 언급되지 않았다. <b>스팸</b>전화 방지 업체인 로보킬러 관계자는 이 같은 내용의 전화가 지난 11개월간 수백만 통 이상 걸린 것으로 집계됐지만 <b>선거</b> 당일 급증세를 보였다고 설명했다. 이... ,http://www.opinionnews.co.kr/news/articleView.html?idxno=42633,"Wed, 04 Nov 2020 08:38:00 +0900"
대선 당일 &quot;집에 있어라&quot; 전화 수만 통…FBI 수사,"안전하게 집에 있어라&quot;는 말이 녹음돼 있었습니다. <b>스팸</b> 전화 방지 업체 관계자는 이런 전화가 지난 11개월간 수백만 통 이상 걸린 것으로 집계됐지만, <b>선거</b> 당일 갑자기 급증세를 보였다고 설명했습니다.",http://www.obsnews.co.kr/news/articleView.html?idxno=1239280,"Wed, 04 Nov 2020 08:18:00 +0900"
"투표하는데 자동녹음전화 “안전히 집에 머물러라”, FBI 조사",미국 대통령 <b>선거</b>가 진행 중인 3일(이하 현지시간) 수백만 유권자의 전화에 “안전하게 집에 머물러라”는... <b>스팸</b> 전화 대처 방법을 연구하는 로보킬러의 기울리아 포터 부회장은 로이터 통신에 “일년 가까이 돌아다닌... ,https://n.news.naver.com/mnews/article/081/0003136729?sid=104,"Wed, 04 Nov 2020 08:17:00 +0900"
[미 대선] 투표열기 <b>선거</b>일까지 이어져…우려했던 폭력사태는 일단 없어,"다만 이 메시지에서 <b>선거</b>나 투표란 단어는 언급되지 않았다. <b>스팸</b>전화 방지 업체인 로보킬러 관계자는 이 같은 내용의 전화가 지난 11개월간 수백만 통 이상 걸린 것으로 집계됐지만, <b>선거</b> 당일인 이날 급증세를 보였다고... ",https://n.news.naver.com/mnews/article/001/0011990762?sid=104,"Wed, 04 Nov 2020 07:59:00 +0900"
대선날 美 전역에 의문의 수만 통 전화…&quot;집에 있어라&quot;,"<b>스팸</b> 전화 방지 업체인 로보킬러 관계자는 이 같은 내용을 담은 전화는 지난 11개월간 수백만 통 이상 걸린 것으로 집계됐지만, <b>선거</b> 당일 갑자기 급증세를 보였다고 설명했다. [ ]",https://n.news.naver.com/mnews/article/009/0004688193?sid=104,"Wed, 04 Nov 2020 07:59:00 +0900"
[속보] 투표 방해?…美 대선 당일 &quot;집 밖에 나가지 말라&quot;는 전화 잇따라,"<b>스팸</b> 전화 방지 업체인 로보킬러 관계자는 이같은 전화는 지난 11개월간 수백만 통 이상 걸린 것으로 집계됐지만, <b>선거</b> 당일 갑자기 급증세를 보였다고 설명했다. 아울러 그는 최소한 수천명에서 수만명에 달하는... ",https://n.news.naver.com/mnews/article/088/0000670341?sid=104,"Wed, 04 Nov 2020 07:30:00 +0900"
"&quot;집에 있어라&quot; 대선 당일 전화 수만통…FBI, 수사 착수","<b>스팸</b> 전화 방지 업체인 로보킬러 관계자는 이 같은 내용을 담은 전화는 지난 11개월간 수백만 통 이상 걸린 것으로 집계됐지만, <b>선거</b> 당일 갑자기 급증세를 보였다고 설명했다. 이날 미국 전체의 <b>스팸</b> 전화 중에서도... ",https://n.news.naver.com/mnews/article/215/0000912658?sid=104,"Wed, 04 Nov 2020 07:15:00 +0900"
"&quot;집 밖 나가지말라&quot; 美대선날 의문의 전화 1000만통, FBI수사","<b>스팸</b> 전화 방지 업체인 로보킬러 관계자는 이같은 전화는 지난 11개월간 수백만 통 이상 걸린 것으로 집계됐지만, <b>선거</b> 당일 갑자기 급증세를 보였다고 설명했다. 아울러 그는 최소한 수천명에서 수만명에 달하는... ",https://n.news.naver.com/mnews/article/025/0003049336?sid=104,"Wed, 04 Nov 2020 06:54:00 +0900"
미 대선에 <b>스팸</b>전화 주의보 [2020 미국의 선택],<b>선거</b> 개입과 해킹을 감시하는 정부 기구인 CISA의 이 관계자는 <b>스팸</b>전화를 통한 가짜뉴스 확산은 '매년 벌어지는 일'이라면서 그러나 이 사안은 &quot;안정적인 수준에서 통제되고 있으며 사법당국이 상황을 통제하고 있다&quot;고... ,https://n.news.naver.com/mnews/article/014/0004522487?sid=104,"Wed, 04 Nov 2020 06:06:00 +0900"
[2020 미국의 선택] “집 나가지 마” <b>선거</b> 전날 들려온 의문의 목소리...,이투데이=고대영 기자 | <b>선거</b> 전날 해당 <b>스팸</b> 급격히 늘어 “투표 방해하려는 의도” 미연방수사국(FBI) 로고. AP/뉴시스<b>선거</b> 전날 집에 남아 있으라는 의문의 전화 메시지 수만 통이 가정에 전달된 것으로 나타났다.... ,https://www.etoday.co.kr/news/view/1958340,"Wed, 04 Nov 2020 05:06:00 +0900"
美 대선날 &quot;집 밖에 나가지 말아라&quot; 의문의 전화 수만통,"<b>스팸</b> 전화 방지 업체인 로보킬러 관계자는 이 같은 내용을 담은 전화는 지난 11개월간 수백만 통 이상 걸린 것으로 집계됐지만, <b>선거</b> 당일 갑자기 급증세를 보였다고 설명했다. 이날 미국 전체의 <b>스팸</b> 전화 중에서도... ",https://n.news.naver.com/mnews/article/015/0004443117?sid=104,"Wed, 04 Nov 2020 04:56:00 +0900"
&quot;안전하게 집에 있어라&quot; 美 대선 날 의문의 전화들…FBI 수사에 나서,<b>스팸</b> 전화 방지 업체인 로보킬러 관계자는 해당 내용을 담은 전화는 지난 11개월간 수백만 통 이상 걸린 것으로 집계됐으며 <b>선거</b> 당일 갑자기 급증세를 보였다고 밝혔다. 이날 미국 전체의 <b>스팸</b> 전화 중에서도 상위권에... ,https://n.news.naver.com/mnews/article/015/0004443116?sid=104,"Wed, 04 Nov 2020 04:55:00 +0900"
대선 당일 &quot;집에 있어라&quot; 의문의 전화 수만통.. FBI 수사 착수,"<b>스팸</b> 전화 방지 업체인 로보킬러 관계자는 이 같은 내용을 담은 전화는 지난 11개월간 수백만 통 이상 걸린 것으로 집계됐지만, <b>선거</b> 당일 갑자기 급증세를 보였다고 설명했다. 오늘(3일) 미 전체의 <b>스팸</b> 전화 중에서도... ",https://www.radiokorea.com/news/article.php?uid=355124,"Wed, 04 Nov 2020 04:45:00 +0900"
"대선 당일 &quot;집에 있어라&quot; 의문의 전화 수만통…FBI, 수사 착수","<b>스팸</b> 전화 방지 업체인 로보킬러 관계자는 이 같은 내용을 담은 전화는 지난 11개월간 수백만 통 이상 걸린 것으로 집계됐지만, <b>선거</b> 당일 갑자기 급증세를 보였다고 설명했다. 이날 미국 전체의 <b>스팸</b> 전화 중에서도... ",https://n.news.naver.com/mnews/article/001/0011990659?sid=100,"Wed, 04 Nov 2020 04:28:00 +0900"
"회사 안에 개발자가 너무 적어 공격받는 모바일 게임, 어몽어스",위협과 <b>선거</b>에서 트럼프를 뽑으라는 메시지도 담겨 있었다.이에 이너슬로스의 유일한 개발자인 포레스트 윌라드(Forester Willard)는 서버 업데이트를 진행했다. <b>스팸</b> 메시지 전송자를 파악해 서버로부터 추방하는 것이... ,http://www.boannews.com/media/view.asp?idx=92067&kind=,"Tue, 27 Oct 2020 12:29:00 +0900"
'<b>스팸</b> 메일'의 위력... 2900억 기부금 끌어모은 트럼프,"<b>스팸</b> 메일이 <b>선거</b> 운동의 핵심으로 등장한 건 어머어마한 자금력 때문이다. 미 정치 자금 분석업체 CRP에 따르면 트럼프 캠프가 지금까지 모은 기부금 중 <b>스팸</b> 메일을 통한 금액이 2억5,200만달러로 전체 기부금의 53%를... ",https://n.news.naver.com/mnews/article/469/0000546915?sid=104,"Fri, 23 Oct 2020 07:00:00 +0900"
"&quot;이란이 '트럼프에 투표해' 협박했다?&quot;...이란·러시아, '美대선 개입'했...","美DNI·FBI, 이례적인 대선 관련 기자회견...&quot;이란·러시아 <b>선거</b>개입 정황 발견&quot; &quot;트럼프 찍어라&quot; 극우단체 발신... 스푸핑 이메일이란 보낸 사람의 주소가 위조된 이메일로 흔히 <b>스팸</b>이나 피싱 사기 행각에 활용된다. 이날... ",http://www.ajunews.com/view/20201022095555255,"Thu, 22 Oct 2020 10:49:00 +0900"
"&quot;러-이란, 미 유권자에게 <b>선거</b>관련 협박 이메일보내&quot;",등 <b>선거</b> 분위기를 불안하게 만들고 있다고 폭로했다. AP통신 등에 따르면 존 랫클리프 국가정보국(DNI) 국장과... 용의자들은 그런 주소를 입수해서 광범위한 <b>스팸</b> 메일 형식으로 살포하는 작전을 편 것으로 추정된다. 해당... ,https://n.news.naver.com/mnews/article/003/0010140706?sid=104,"Thu, 22 Oct 2020 09:48:00 +0900"
빅데이터로 관심도 살펴보니...서울시장후보 '안철수' 대선후보 '조국'...,"결과 <b>선거</b> 여론조사와 달리 중앙<b>선거</b>관리위원회의 규율을 받지 않는 빅데이터 분석결과 차기 서울시장... 조사를 진행한 언노운데이터는 <b>스팸</b>과 리트윗, 반복성 게시물 제거 기능으로 특정 인물이 특정 이슈와 연관해... ",http://www.youthdaily.co.kr/news/article.html?no=50611,"Tue, 20 Oct 2020 14:52:00 +0900"
빅데이터 관심도 분석 결과...서울시장 관련어 안철수 앞서,"이로써 국민의힘 출신으로 내년 4월 서울시장 보궐<b>선거</b>나 내후년 대통령 <b>선거</b>에서 유력한 후보로... 언노운데이터 측은 “<b>스팸</b>과 리트윗, 반복성 게시물 제거 기능 등을 통해 특정 인물이 특정 이슈와 연관해... ",http://www.thepublic.kr/news/newsview.php?ncode=1065571780853784,"Tue, 20 Oct 2020 10:51:00 +0900"
"[홍석윤의 AI 천일야화] AI, 언어 장벽 깨뜨린다","조지 워싱턴의 1796년 고별연설의 첫 단락 &quot;미국의 행정부를 관리하기 위한 시민을 뽑는 새로운 <b>선거</b>가... 괴롭히거나, <b>스팸</b>, 속임수, 과격화 등 피해를 줄 수 있는 목적으로는 GPT-3 사용을 금지한다고 말했다). AI 언어... ",http://www.econovill.com/news/articleView.html?idxno=415662,"Sun, 18 Oct 2020 14:20:00 +0900"
문재인 대통령까지 팔아먹은 '이상직'의 그 때 그 동영상에는,2월 17일 단독입수 보도 무소속 이상직(전북 전주을) 의원이 4·15 총선 관련한 공직<b>선거</b>법 위반 사건의... 그때는 서울에서 오는 02 전화로...<b>스팸</b>이 아니고요. 여러분들한테 일 할 사람을 뽑는 그런 거니까 혹시 3일 동안... ,https://n.news.naver.com/mnews/article/002/0002154665?sid=102,"Wed, 14 Oct 2020 23:26:00 +0900"
"MS, 美 대선에 영향 미칠 수 있는 대규모 해킹 네트워크 적발","랜섬웨어 확산을 물론, <b>스팸</b> 메일을 대량으로 발송하는 등 다양한 악의적인 행위가 가능하다. 트릭봇은 미국... 감행해 <b>선거</b>에 '이론적이지만 실질적인' 위협을 가하고 있다&quot;며 &quot;앞으로 며칠 내에 남은 서버가 다운될... ",http://www.youthdaily.co.kr/news/article.html?no=49822,"Tue, 13 Oct 2020 09:01:00 +0900"
[16대 대선] 노사모와 이뤄낸 승리…&quot;열정과 진심이 조직을 이겼다&quot;,ⓒ노무현재단 사람사는세상_노무현사료관 노무현은 2000년 제16대 국회의원 <b>선거</b>에서 고배를 마셨다.... 마음에 <b>스팸</b> 전화도 마다 않고 신호만 울리면 전화를 받았다. 내가 단일후보가 된 것은 이런 분들의 열정과 참여... ,http://www.sisaon.co.kr/news/articleView.html?idxno=118710,"Wed, 07 Oct 2020 16:29:00 +0900"
&quot;코로나 통계 부풀려져&quot;…허위정보 퍼나르는 친트럼프 댓글부대,이들은 비슷한 내용의 글들을 <b>스팸</b>처럼 퍼뜨리는 '봇'이나 '트롤'을 이용하기도 하지만 10대 청소년들을... 전문가들은 이번 사례가 미 대선을 앞두고 러시아 등 외국에서 오는 <b>선거</b> 개입 시도만큼이나 미국 내부의... ,https://n.news.naver.com/mnews/article/001/0011885948?sid=104,"Wed, 16 Sep 2020 16:51:00 +0900"
러시아 '댓글 부대' 또 美 대선 개입 시도,미 연방수사국(FBI)은 2018년 중간<b>선거</b>부터 IRA의 활동을 인지하고 IT기업들에 적극적인 제보를 요청했다. 트위터 측은 “계정들의 품질이 낮고 <b>스팸</b>도 발송해 별다른 관심을 끌지 못했다”면서 “가짜 사이트로부터... ,https://n.news.naver.com/mnews/article/469/0000531819?sid=104,"Wed, 02 Sep 2020 17:31:00 +0900"
“유학생 코로나 구호 물품 준비했어요”,"영 김 <b>선거</b> 사무실측은 “D.K 김 파운데이션으로부터 도움을 받아서 한인회에 비누를 기부할 수 있게... 떡국떡, 탕면, 김, <b>스팸</b>, 두유, 파스, 홍삼 캔디, 뻥 과자. 라면 등이 들어있는 구호 물품백을 나누어주기도 했다.... ",http://www.koreatimes.com/article/1324623,"Fri, 21 Aug 2020 02:30:00 +0900"
"[글로벌-Biz 24] MS, 틱톡 인수 '새로운 고민'…유해 콘텐츠 범람",마이크로소프트가 틱톡 인수를 성사시킬 경우 광고 수익은 증가하겠지만 <b>스팸</b> 등 유해 콘텐츠 문제로 또... 예컨대 페이스북은 2016년 미국 <b>선거</b>를 앞두고 가짜 뉴스와 러시아 오보를 회피하지 않았다는 비난을 받았다.... ,http://www.g-enews.com/ko-kr/news/article/news_all/2020081107262220956336258971_1/article.html,"Tue, 11 Aug 2020 15:31:00 +0900"
