title,description,link,pubDate
통신사 긴급구조 위치 정보 정확도 개선… KT 기지국·SKT GPS 우세,"한편 김 위원장은 지난 2월 취임 후 처음으로 이통 3사 CEO(최고경영자)와 만나 단말기 유통구조 개선법 후속조치와 AI(인공지능) 관련 이용자 보호 방안, <b>불법스팸</b> 대응 강화, 본인확인 정보 안전성 강화 등... ",https://sateconomy.co.kr/news/view/1065584795689739,"Tue, 21 Apr 2026 14:20:00 +0900"
반값여행 신청 서두르세요! 여행비 50% 지역사랑상품권 환급,<b>불법스팸</b> 차단 못 하면 대량 문자 사업 못한다 방송미디어통신위원회가 대량문자 전송사업자의 <b>불법스팸</b> 방지 책임을 강화하는 제도 도입에 나섰다. 방미통위는 '전기통신사업법 시행령' 관련 고시 제정안을... ,https://www.korea.kr/news/policyNewsView.do?newsId=148962897&call_from=naver_news,"Tue, 21 Apr 2026 11:00:00 +0900"
"&quot;가짜 수익률 속지 마세요&quot; 금감원, 유사투자자문에 과태료 4억7000만원","한편, 정부는 온라인 플랫폼을 통한 불법 금융 광고가 산업 전반의 신뢰도를 저해한다고 판단하고, AI 기술을 활용한 실시간 모니터링 시스템 구축 및 <b>불법 스팸</b> 광고 차단을 위한 부처 간 협력을 강화하고 있다.",https://www.pointe.co.kr/news/articleView.html?idxno=78586,"Mon, 20 Apr 2026 17:34:00 +0900"
[정책브리핑] “고유가 피해지원금 드립니다” URL 문자 절대 누르지 마...,"정부, 스미싱·<b>스팸</b>문자 주의보 국민비서 사전 알림서비스 활용 권장 유관기관 합동으로 모니터링 강화... 지난해 민생회복 소비쿠폰 관련 스미싱 단속 결과에 따르면 <b>불법</b> 도박사이트 접속유도, 개인정보 탈취 악성 앱... ",https://kookbang.dema.mil.kr/newsWeb/20260421/2/ATCE_CTGR_0030010000/view.do,"Mon, 20 Apr 2026 16:36:00 +0900"
[정책브리핑] “고유가 피해지원금 드립니다” URL 문자 절대 누르지 마...,"정부, 스미싱·<b>스팸</b>문자 주의보 국민비서 사전 알림서비스 활용 권장 유관기관 합동으로 모니터링 강화... 지난해 민생회복 소비쿠폰 관련 스미싱 단속 결과에 따르면 <b>불법</b> 도박사이트 접속유도, 개인정보 탈취 악성 앱... ",https://kookbang.dema.mil.kr/newsWeb/20260421/3/ATCE_CTGR_0010010000/view.do,"Mon, 20 Apr 2026 16:36:00 +0900"
"“통장만 빌려주면 돈 줍니다” 혹했다간 피눈물…금감원, 가상계좌 사...",금감원은 관련 PG사와 <b>불법</b>업체를 적발해 검찰에 수사를 의뢰한 상태다. 금감원은 가상계좌를 타인에게... 경우에는 즉시 신고해야 한다”고 강조했다. 자고 일어났더니 계좌가 0원? 금감원이 긴급 경고한 ‘<b>스팸</b>의 비극’,https://n.news.naver.com/mnews/article/011/0004612313?sid=102,"Mon, 20 Apr 2026 03:01:00 +0900"
&quot;퇴근하고 보니 부재중만 8통&quot;…시도 때도 없이 울려 '분통',여론조사 전화는 영리 목적의 <b>불법</b>성이 없다는 이유로 <b>스팸</b>으로 분류되지도 않는다. 박민규 고려대 통계학과 교수는 “비대면으로 신속하고 저렴하게 조사 가능한 수단은 사실상 전화뿐”이라면서도 “유권자에게... ,https://n.news.naver.com/mnews/article/015/0005276505?sid=102,"Fri, 17 Apr 2026 22:07:00 +0900"
"[위클리 시그널] LG U+, 유심 보호 조치 55만 건…정부, <b>스팸</b> 차단 고도...","LG유플러스(LG U+)가 지난 13일부터 유심 업데이트 및 교체를 순차적으로 진행하는 가운데, 과학기술정보통신부(과기정통부)를 비롯한 관계 기관도 <b>불법 스팸</b> 대응 강화에 나섰다. 한국과학기술원(KAIST) 연구진이... ",http://www.itdaily.kr/news/articleView.html?idxno=238936,"Fri, 17 Apr 2026 16:18:00 +0900"
보안은 선택이 아니라 공공재다,"한국인터넷진흥원 118상담센터는 해킹·바이러스, 개인정보 침해, <b>불법 스팸</b> 등과 관련한 상담을 365일 24시간 무료로 제공하고, 2026년부터는 실시간 채팅·챗봇과 통합 안내 웹페이지까지 도입했다. 특히 KISA는 이런... ",https://www.ablenews.co.kr/news/articleView.html?idxno=230367,"Fri, 17 Apr 2026 10:38:00 +0900"
&quot;신고는 편해졌는데 결과는 이용자 몫&quot; <b>불법스팸</b> 신고 시스템 현주소,"대량 <b>불법스팸</b> 발송에 악용된 번호는 이동통신사업자의 이용약관에 따라 이용 정지될 수 있는데, 이 경우 피해 보상을 받기 어렵다. <b>불법스팸</b> 신고가 급증하는 가운데 악성 앱을 통한 번호도용까지 그 수법이 진화하는... ",https://it.donga.com/108754/,"Fri, 17 Apr 2026 10:10:00 +0900"
통신사가 보이스피싱도 잡는다… LG유플 ‘보안 삼총사’,"문제의 앱은 악성코드 검사조차 피해가도록 설계돼 교묘히 보안망을 빠져나갔고, 가입자들은 영문도 모른 채 ‘<b>불법 스팸</b> 발송자’로 몰려 번호가 정지될 위기에 처해 있었다. 대응팀은 곧바로 한국인터넷진흥원(KISA)을... ",https://n.news.naver.com/mnews/article/005/0001843763?sid=101,"Fri, 17 Apr 2026 02:07:00 +0900"
방미통위 정상화 수순…'유료방송 활성화'는 제자리걸음,"16일 업계에 따르면 방미통위는 지난 10일 첫 전체회의를 개최하고 방송 3법 후속 조치, 방송사 재허가, <b>불법 스팸</b> 방지 등 총 23개 안건을 심의·의결했다. 다만 위원장 출범 100일 간담회에 이어 열린 첫... ",https://n.news.naver.com/mnews/article/014/0005509087?sid=105,"Thu, 16 Apr 2026 18:25:00 +0900"
"[단독] '버려질 콜라' 몇 캔이 해고 사유…BGF, 공정거래법 '지뢰' 밟나",명백한 <b>불법</b>행위&quot;라고 규정했다. 이어 &quot;협력관계를 고려해 해당 기사를 배송 업무에서 즉시 감차하는... 감차 요구의 빌미가 된 취식 물품은 콜라 200㎖ 5~6캔과 <b>스팸</b> 1개로 알려졌다. 화물연대는 수년간 이어온 현장 관행이... ,https://www.newsworks.co.kr/news/articleView.html?idxno=838024,"Thu, 16 Apr 2026 16:14:00 +0900"
"출범 6개월 만 첫 회의한 방미통위, 23건 의결에도 유료방송 현안 '공백...","16일 업계에 따르면 방미통위는 지난 10일 첫 전체회의를 개최하고 방송 3법 후속 조치, 방송사 재허가, <b>불법 스팸</b> 방지 등 총 23개 안건을 심의·의결했다. 다만 위원장 출범 100일 간담회에 이어 열린 첫... ",https://n.news.naver.com/mnews/article/014/0005508922?sid=105,"Thu, 16 Apr 2026 15:59:00 +0900"
'출금 안내' 문자 한 통의 함정···일상 파고든 피싱·스미싱 주의보,최근 금융감독원은 정교해지는 <b>불법</b>금융 <b>스팸</b>에 대응하기 위해 자연어 처리 기술(NLU) 등을 활용해 대응체계를 고도화한다고 밝혔다. 금감원은 한국인터넷진흥원(KISA)과 협력해 <b>불법</b>금융 <b>스팸</b>문자 대응 체계를... ,https://www.smartbizn.com/news/articleView.html?idxno=142010,"Thu, 16 Apr 2026 11:38:00 +0900"
[주간보안동향] 27년 전 취약점 발견한 AI…보안 업계 파장 일으킨 ‘미...,"한편, 방미통위는 지난 3월 <b>불법스팸</b> 전송자와 방지 의무를 소홀히 한 사업자에게 관련 매출액의 6% 이하 과징금을 부과하고, 악성스팸 전송자의 부당이익을 몰수·추징하는 내용의 정보통신망법 개정안이 국무회의를... ",https://it.donga.com/108745/,"Wed, 15 Apr 2026 16:54:00 +0900"
"'<b>불법스팸</b> 근절' 제도 개선 속도…&quot;과징금 부과, 신속 추진&quot;",정부가 <b>불법스팸</b> 근절을 위한 제도 개선에 속도를 낸다. 방송미디어통신위원회와 과학기술정보통신부는 14일 서울에서 '제5차 <b>불법스팸</b> 대응 민관 협의체 전체회의'를 열고 종합대책 추진 현황과 향후 개선 방향을... ,https://www.shinailbo.co.kr/news/articleView.html?idxno=5011264,"Wed, 15 Apr 2026 08:12:00 +0900"
방미통위 '<b>불법스팸</b>' 대응 전체회의…&quot;과징금 부과 위해 법 개정&quot;,"방송미디어통신위원회(위원장 김종철, 이하 방미통위)와 과학기술정보통신부(부총리 겸 장관 배경훈, 이하 과기정통부)는 14일 서울에서 제5차 <b>불법스팸</b> 대응 민·관 협의체 전체회의를 열었다. 이날 회의는 방미통위와... ",https://n.news.naver.com/mnews/article/448/0000603913?sid=100,"Tue, 14 Apr 2026 18:13:00 +0900"
<b>불법 스팸</b> 줄었다…AI 기술 적용·제도 개선 등 성과,"방송미디어통신위원회와 과학기술정보통신부는 14일 서울에서 '<b>불법 스팸</b> 대응 민관 협의체' 제5차 전체회의를 열고 종합대책 이행 상황을 점검했다고 밝혔다. 이날 회의에는 개인정보보호위원회, 경찰청... ",https://n.news.naver.com/mnews/article/082/0001376038?sid=101,"Tue, 14 Apr 2026 18:10:00 +0900"
정부 <b>불법스팸</b> 차단 위해 가짜 번호 막는다…민관 협의체 대책 마련,"14일 과학기술정보통신부와 방송미디어통신위원회에 따르면, 두 부처는 이날 서울 모처에서 제5차 <b>불법스팸</b> 대응 민·관 협의체 전체회의를 공동 개최했다. 이날 회의에는 주무 부처인 과기정통부 및 방미통위... ",https://n.news.naver.com/mnews/article/586/0000126887?sid=103,"Tue, 14 Apr 2026 17:17:00 +0900"
과기부·방미통위 &quot;AI 적용해 <b>불법스팸</b> 줄어&quot;…민·관 협의체 전체회의,과학기술정보통신부와 방송미디어통신위원회는 14일 서울에서 제5차 <b>불법스팸</b> 대응 민·관 협의체 전체회의를 열고 종합대책 추진 현황과 개선방향을 논의했다고 밝혔다. 이날 회의는 과기정통부와 방미통위가 공동... ,https://n.news.naver.com/mnews/article/277/0005749398?sid=105,"Tue, 14 Apr 2026 17:12:00 +0900"
무효번호로 <b>스팸</b>문자 못 보낸다…올해 상반기 차단시스템 정식 운영,정부가 통신사·단말기 제조사 등 민간사업자와 협력해 올해 상반기 중 <b>불법스팸</b> 차단을 위한 무표번호 차단시스템을 도입한다. 인공지능(AI) 기반 공동 대응 플랫폼 구축에도 속도를 낸다. 과학기술정보통신부와... ,https://n.news.naver.com/mnews/article/029/0003021647?sid=105,"Tue, 14 Apr 2026 17:02:00 +0900"
AI·제도 개선 영향…‘<b>불법스팸</b>’ 신고 수 대폭 줄어,‘<b>불법스팸</b>’ 대응 5차 민관 협의체 회의 <b>불법스팸</b> 협력 강화…스팸 신고 감소 결과 “전송자격인증제 시행으로 문자 유통 정상화” [게티이미지뱅크] [헤럴드경제=손미정 기자] <b>불법스팸</b> 대응을 위해 공동 대응 전선을... ,https://n.news.naver.com/mnews/article/016/0002629583?sid=103,"Tue, 14 Apr 2026 16:50:00 +0900"
과기정통부 “<b>불법스팸</b> 신고 건수 대폭 감소”... 종합대책 추진 현황 ...,민관 협의체의 노력으로 <b>불법스팸</b> 신고 건수가 대폭 감소 과학기술정보통신부(부총리 겸 장관 배경훈)가 밝혔다. 과기정통부와 방송미디어통신위원회(위원장 김종철)는 14일 서울에서 제5차 <b>불법스팸</b> 대응 민관 협의체... ,http://www.boannews.com/media/view.asp?idx=143154&kind=2,"Tue, 14 Apr 2026 16:18:00 +0900"
<b>불법스팸</b> 대응 민관 협력…AI·번호차단 총동원해 원천 봉쇄 속도,이투데이=김연진 기자 | 과학기술정보통신부와 방송미디어통신위원회는 '제5차 <b>불법스팸</b> 대응 민관 협의체' 전체회의를 열어 <b>불법스팸</b> 방지 종합대책 추진 현황 점검하고 개선 방향 등을 논의했다고 14일 밝혔다. 이날... ,https://www.etoday.co.kr/news/view/2575502,"Tue, 14 Apr 2026 16:02:00 +0900"
<b>불법스팸</b> 대응 성과 가시화… 상반기 내 무효번호 차단시스템 적용,"과학기술정보통신부와 방송미디어통신위원회는 14일 서울에서 제5차 <b>불법스팸</b> 대응 민관협의체 전체회의를 열었다. 이날 회의는 과기정통부와 방미통위가 공동으로 주관하고 개인정보보호위원회, 경찰청 등 관계부처... ",https://n.news.naver.com/mnews/article/030/0003417781?sid=105,"Tue, 14 Apr 2026 16:01:00 +0900"
<b>불법스팸</b> 대응 민관 협의체 5차 회의 열려,"방송미디어통신위원회와 과학기술정보통신부는 14일 서울에서 제5차 <b>불법스팸</b> 대응 민관 협의체 전체회의를 열었다고 밝혔다. 이날 회의엔 개인정보보호위원회, 경찰청 등 관계부처, 한국인터넷진흥원(KISA) 등 전문기관... ",https://n.news.naver.com/mnews/article/092/0002418649?sid=105,"Tue, 14 Apr 2026 16:01:00 +0900"
정부 <b>불법스팸</b> 차단 강화…제도 개선·AI 적용 박차,.정부가 <b>불법스팸</b> 피해 근절에 박차를 가한다. [사진: 셔터스톡] 정부가 <b>불법스팸</b> 피해를 막기 위해 무효번호 사전 차단과 발신자 인증 강화 정책에 박차를 가한다. 발송 단계부터 스팸을 원천 봉쇄하겠다는 전략이다.... ,https://www.digitaltoday.co.kr/news/articleView.html?idxno=656667,"Tue, 14 Apr 2026 16:00:00 +0900"
"<b>불법 스팸</b>, AI로 차단 성과…'무효번호 차단시스템' 상반기 도입",상반기 '<b>불법스팸</b> 무효번호 차단시스템'을 도입하면 스팸 차단 효과가 더 높아질 것으로 기대된다. 과학기술정보통신부(이하 과기부)와 방송미디어통신위원회(이하 방미통위)는 14일 서울에서 제5차 <b>불법스팸</b> 대응 민·관... ,https://www.ebn.co.kr/news/articleView.html?idxno=1705411,"Tue, 14 Apr 2026 16:00:00 +0900"
"정부, ‘<b>불법스팸</b> 차단’ 총력전…상반기 무효번호 차단 도입",'<b>불법스팸</b> 방지 종합대책' 추진 현황을 점검하고 개선방향 등을 논의하는 자리가 열렸다. 방송미디어통신위원회와 과학기술정보통신부는 14일 서울에서 제5차 <b>불법스팸</b> 대응 민·관 협의체 전체회의를 개최했다고 밝혔다.... ,https://n.news.naver.com/mnews/article/119/0003080524?sid=105,"Tue, 14 Apr 2026 16:00:00 +0900"
<b>불법스팸</b>에 칼 빼든 정부·방미통위…&quot;신원 검증·AI 차단&quot;,정부와 방송미디어통신위원회가 <b>불법스팸</b>에 대응하기 위한 추가 개선대책 마련에 나섰다. 과학기술정보통신부는 14일 방미통위와 서울에서 제5차 <b>불법스팸</b> 대응 민관 협의체 전체회의를 열고 ‘<b>불법스팸</b> 방지... ,https://n.news.naver.com/mnews/article/138/0002224448?sid=105,"Tue, 14 Apr 2026 16:00:00 +0900"
<b>불법 스팸</b> 줄었다…AI·제도 개선 효과 본격화,"무효번호 차단·해외발 통제 강화로 신고 감소 방미통위·과기부, 민관 협의체 5차 회의 방송미디어통신위원회와 과학기술정보통신부는 14일 서울에서 '<b>불법 스팸</b> 대응 민관 협의체' 제5차 전체회의를 열고 종합대책 이행... ",https://n.news.naver.com/mnews/article/001/0016021137?sid=100,"Tue, 14 Apr 2026 16:00:00 +0900"
"&quot;유령번호 <b>스팸</b>, 이제 안 통한다&quot;…무효번호 차단시스템 상반기 가동","과학기술정보통신부와 방송미디어통신위원회(이하 방미통위)는 14일 서울에서 ‘제5차 <b>불법스팸</b> 대응 민·관 협의체 전체회의’를 열고, <b>불법스팸</b> 발송의 원천 기술을 차단하는 것을 골자로 스팸 종합 방지 대책을... ",https://n.news.naver.com/mnews/article/003/0013887103?sid=105,"Tue, 14 Apr 2026 16:00:00 +0900"
<b>불법스팸</b>에 칼 빼든 정부…'무효번호 문자' 원천 차단,"과학기술정보통신부와 방송미디어통신위원회는 14일 서울에서 제5차 <b>불법스팸</b> 대응 민·관 협의체 전체회의를 열었다. 회의에는 과기정통부와 방미통위가 공동으로 주관하고 개인정보보호위원회, 경찰청 등 관계부처... ",https://n.news.naver.com/mnews/article/421/0008889259?sid=105,"Tue, 14 Apr 2026 16:00:00 +0900"
"&quot;<b>불법스팸</b> 번호 차단 강화&quot; 민·관협의체, 종합대책 논의","과학기술정보통신부와 방송미디어통신위원회는 14일 제5차 <b>불법스팸</b> 대응 민·관 협의체 전체회의를 열었다. 이날 회의엔 △개인정보보호위원회, 경찰청 등 관계부처 △한국인터넷진흥원(KISA) 등 전문기관 △KT... ",https://n.news.naver.com/mnews/article/008/0005344055?sid=105,"Tue, 14 Apr 2026 16:00:00 +0900"
"<b>불법스팸</b> 대응 민관 협의체, 종합 점검 실시",정부와 통신업계가 <b>불법스팸</b> 방지를 위해 머리를 맞댔다. 방송미디어통신위원회·과학기술정보통신부는 14일 서울에서 제5차 <b>불법스팸</b> 대응 민·관 협의체 전체회의를 열고 업계와 소통했다. 이날 회의는 방미통위와... ,https://it.chosun.com/news/articleView.html?idxno=2023092160328,"Tue, 14 Apr 2026 16:00:00 +0900"
"정부, <b>불법스팸</b> 차단 수위 높인다…'무효번호' 발송 원천 봉쇄","<b>불법스팸</b>문자 예시. /제공=방송미디어통신위원회광고성 문자와 피싱형 스팸이 확산하자 정부가 <b>불법 스팸</b> 차단 대책을 한층 강화한다. 이동통신 3사와 협력해 무효번호를 활용한 문자 발송을 원천 차단하고, 대량문자... ",https://news.mtn.co.kr/news-detail/2026041415525627129,"Tue, 14 Apr 2026 16:00:00 +0900"
[#통신 풍향계] LGU+ '유심 교체' 개시·KT '파트너스데이' 개최-'유튜브...,"과학기술정보통신부의 <b>불법스팸</b> 대응 민·관 협의체 제5차 전체회의 개최 등의 소식이 전해졌다. ◆LGU+, 유심 업데이트·무료 교체 첫날 18만건 완료…전국 현장 순차 대응 LG유플러스가 유심 업데이트 및 무료 교체 첫날... ",https://www.newsworks.co.kr/news/articleView.html?idxno=837730,"Tue, 14 Apr 2026 13:44:00 +0900"
"과기정통부, 제1회 적극행정 우수사례 7건 선정","'우수'사례로는 현장과 함께 완성한 연구기관 평가체계 개편, <b>불법스팸</b> 근절을 위한 문자사업자 관리체계개선이 선정됐고 '장려'사례로 일반우편물 송달기준 완화로 집배원 안전확보, 국가정보자원 화재 피해... ",https://news.bbsi.co.kr/news/articleView.html?idxno=4078122,"Tue, 14 Apr 2026 08:40:00 +0900"
[오늘 재경부 등 경제부처 일정],조간) ※<b>불법스팸</b> 대응 민·관협의체 5차 회의(15일 조간) ※제14회 국가전략기술특별위원회 개최(15일 조간) [방송미디어통신위원회] ▲10:00 위원장 기획조정관 국무회의 ▲10:00 삼임위원 기획조정관 과방위... ,https://news.einfomax.co.kr/news/articleView.html?idxno=4409322,"Tue, 14 Apr 2026 07:06:00 +0900"
"영등포구, 서울시 최초 ‘주정차 단속 음성 알림’ 도입","(사진=영등포구청 제공)  영등포구가 서울시 자치구 최초로 <b>불법</b> 주정차 단속 전, 문자뿐만 아니라 휴대폰... 특히 발신자 정보에 ‘영등포 주정차 단속’이라는 문구가 표시되도록 설정해, 운전자가 <b>스팸</b> 전화로 오해하지... ",https://www.siminilbo.co.kr/news/newsview.php?ncode=1160290469406739,"Mon, 13 Apr 2026 21:56:00 +0900"
"&quot;주차 단속, 전화로도 알려드립니다&quot;…영등포구, '음성 알림 서비스' 도...","포스터 출처= 영등포구영등포구 서울 영등포구가 <b>불법</b> 주정차 단속 방식을 한층 강화하면서도 주민 불편을... 그간 단속 전 문자 안내 서비스를 운영해왔으나, 최근 <b>스팸</b>·광고 메시지 증가로 인해 중요한 안내가 묻히거나... ",https://www.fntoday.co.kr/news/articleView.html?idxno=382218,"Mon, 13 Apr 2026 21:26:00 +0900"
"과기정통부, 제1회 적극행정 우수사례 7건 선정","이밖에 우수 사례로는 △현장과 함께 완성한 연구기관 평가체계 개편 △<b>불법스팸</b> 근절을 위한 문자사업자 관리체계개선 등이, 장려 사례로는 △일반우편물 송달기준 완화로 집배원 안전확보 △국가정보자원 화재 피해... ",https://n.news.naver.com/mnews/article/029/0003021437?sid=105,"Mon, 13 Apr 2026 17:38:00 +0900"
"과기정통부, 미국행 국제우편 신속 재개 등 적극행정 우수사례 7건 선정","그밖에 우수사례로는 △현장과 함께 완성한 연구기관 평가체계 개편 △<b>불법스팸</b> 근절을 위한 문자사업자 관리체계개선이, 장려 사례로는 △일반우편물 송달기준 완화로 집배원 안전확보 △국가정보자원 화재 피해... ",https://n.news.naver.com/mnews/article/030/0003417346?sid=105,"Mon, 13 Apr 2026 16:42:00 +0900"
진화하는 독버섯...피싱·스미싱과의 전쟁,"이에 따라 정부가 추진해온 <b>불법스팸</b> 부당이익 환수, 대량문자 유통시장 정상화 등의 정책에 힘을 실어야 할 필요가 있다. 방송미디어통신위원회 출범 후 첫 회의서 지난해 개정된 전기통신사업법에 따른 전송자격인증지... ",https://n.news.naver.com/mnews/article/092/0002418492?sid=105,"Mon, 13 Apr 2026 16:23:00 +0900"
"영등포구, 주정차 단속 ‘음성 알림 서비스’ 도입",서울 영등포구는 <b>불법</b> 주정차 단속 전 문자뿐만 아니라 휴대폰 음성 전화로도 차량 이동을 안내하는 주정차 단속 음성 알림 서비스를 본격 시행한다고 밝혔다. 그간 <b>스팸</b>과 광고 문자 증가로 단속 예고 문자를 제때... ,https://n.news.naver.com/mnews/article/028/0002800504?sid=102,"Mon, 13 Apr 2026 14:48:00 +0900"
"“주차 단속, 전화로도 알려드립니다”… 영등포구, 서울시 최초 ‘주정...","이미지=영등포구청 서울 영등포구가 서울시 자치구 최초로 <b>불법</b> 주정차 단속 전, 문자뿐만 아니라 휴대폰 음성 전화로도 주차 이동을 안내하는 ‘주정차 단속 음성 알림 서비스’를 본격 시행한다고 밝혔다. 그간 <b>스팸</b>이나... ",https://weekly.cnbnews.com/news/article.html?no=211807,"Mon, 13 Apr 2026 13:56:00 +0900"
"과기정통부, 적극행정 우수사례 선정…보이스피싱 번호 차단 등",우수 사례로는 연구기관 평가체계를 통합해 평가 부담을 줄이고 성과 환류 체계를 구축한 사례와 문자사업자 관리체계 개선을 통한 <b>불법 스팸</b> 대응 강화가 선정됐다. 장려 사례에는 일반우편물 송달기준 완화로 집배원... ,https://n.news.naver.com/mnews/article/119/0003079924?sid=105,"Mon, 13 Apr 2026 13:31:00 +0900"
"과기정통부, 제1회 적극행정 우수사례 7건 선정",그밖에 우수 사례로는 △현장과 함께 완성한 연구기관 평가체계 개편 △<b>불법스팸</b> 근절을 위한 문자사업자 관리체계개선이 포함됐다. 장려 사례로는 △일반우편물 송달기준 완화로 집배원 안전확보 △국가정보자원 화재... ,https://n.news.naver.com/mnews/article/031/0001021669?sid=105,"Mon, 13 Apr 2026 13:31:00 +0900"
&quot;<b>불법</b> 전화번호 신속 차단&quot;…과기부 적극행정 우수사례 선정,"이 밖에 우수 사례로는 현장과 함께 완성한 연구기관 평가체계 개편, <b>불법 스팸</b> 근절을 위한 문자 사업자 관리체계 개선이, 장려 사례로는 일반우편물 송달기준 완화로 집배원 안전 확보, 국가정보자원 화재 피해... ",https://n.news.naver.com/mnews/article/001/0016018067?sid=105,"Mon, 13 Apr 2026 13:30:00 +0900"
"&quot;보이스피싱 신속 차단&quot;…과기정통부, 적극행정 우수 7건 선정",우수 사례로는 △현장과 함께 완성한 연구기관 평가체계 개편 △<b>불법스팸</b> 근절을 위한 문자사업자 관리체계개선이 선정됐다. 장려 사례로는 △일반우편물 송달 기준 완화로 집배원 안전확보 △국가정보자원 화재 피해... ,https://n.news.naver.com/mnews/article/421/0008886133?sid=105,"Mon, 13 Apr 2026 13:30:00 +0900"
보이스피싱 번호 차단 30일→3일…과기정통부 '속도 행정' 빛났다,"이 밖에도 현장 의견을 반영한 연구기관 평가체계 개편, <b>불법 스팸</b> 근절을 위한 문자사업자 관리체계 개선, 집배원 안전 확보를 위한 일반우편 송달기준 완화, 국가정보자원 화재 피해 소상공인 지원, 5G 기반 스마트공장을... ",https://n.news.naver.com/mnews/article/277/0005748665?sid=105,"Mon, 13 Apr 2026 13:30:00 +0900"
"&quot;국민 체감 성과 창출&quot;…과기정통부, 적극행정 우수사례 7건 선정",그밖에 우수 사례로 ▲현장과 함께 완성한 연구기관 평가체계 개편 ▲<b>불법스팸</b> 근절을 위한 문자사업자 관리체계개선이 선정됐다. 장려 사례로 ▲일반우편물 송달기준 완화로 집배원 안전확보 ▲국가정보자원 화재 피해... ,https://www.digitaltoday.co.kr/news/articleView.html?idxno=656213,"Mon, 13 Apr 2026 13:30:00 +0900"
과기정통부가 선정한 적극행정 우수사례는? 보이스피싱 신속 차단·美 우...,"그밖에 우수 사례로는 ▲현장과 함께 완성한 연구기관 평가체계 개편 ▲<b>불법스팸</b> 근절을 위한 문자사업자 관리체계개선이 선정됐고, 장려 사례로는 ▲일반우편물 송달기준 완화로 집배원 안전확보 ▲국가정보자원 화재... ",https://n.news.naver.com/mnews/article/003/0013883914?sid=105,"Mon, 13 Apr 2026 13:30:00 +0900"
"[지금 구청은] 영등포구, 서울시 최초 ‘주정차 단속 음성 알림’ 도입","서울 영등포구는 서울 자치구 최초로 <b>불법</b> 주정차 단속 전, 문자메시지뿐만 아니라 휴대전화 음성 전화로도... 특히 발신자 정보에 ‘영등포 주정차 단속’이라는 문구가 표시되도록 설정, 운전자가 <b>스팸</b> 전화로 오해하지... ",https://n.news.naver.com/mnews/article/016/0002628790?sid=102,"Mon, 13 Apr 2026 11:36:00 +0900"
"“주차 단속, 전화로도 알려드립니다”… 영등포구, 서울시 최초 ‘주정...","최초로 <b>불법</b> 주정차 단속 전, 문자뿐만 아니라 휴대폰 음성 전화로도 주차 이동을 안내하는 ‘주정차 단속 음성 알림 서비스’를 본격 시행한다고 13일 밝혔다. 그간 <b>스팸</b>이나 광고 문자가 늘어나면서 단속 예고 문자를... ",https://n.news.naver.com/mnews/article/021/0002784192?sid=102,"Mon, 13 Apr 2026 11:06:00 +0900"
"영등포구, <b>불법</b> 주정차 단속 음성알림 도입…서울시 최초",서울 영등포구는 서울시 자치구 가운데 처음으로 <b>불법</b> 주정차 단속 전 문자와 함께 휴대전화 음성 전화로 차량 이동을 안내하는 '주정차 단속 음성 알림 서비스'를 본격 시행한다고 13일 밝혔다. 구는 <b>스팸</b>이나 광고 문자... ,https://n.news.naver.com/mnews/article/003/0013883330?sid=102,"Mon, 13 Apr 2026 10:18:00 +0900"
"영등포구, 서울시 최초 '주정차 단속 음성 알림 서비스' 시행","최초로 <b>불법</b> 주정차 단속 전, 문자뿐만 아니라 휴대폰 음성 전화로도 주차 이동을 안내하는 '주정차 단속 음성 알림 서비스'를 본격 시행한다고 13일 밝혔다. 그간 <b>스팸</b>이나 광고 문자가 늘어나면서 단속 예고 문자를... ",https://www.hg-times.com/news/articleView.html?idxno=301078,"Mon, 13 Apr 2026 10:00:00 +0900"
"영등포구, '주정차 단속 음성 알림' 도입…사전 안내 강화",영등포구가 서울시 자치구 가운데 처음으로 <b>불법</b> 주정차 단속 전 음성 안내를 병행하는 '주정차 단속 음성 알림 서비스'를 도입해 사전 안내 체계를 강화한다. 그동안 <b>스팸</b> 및 광고 문자 증가로 단속 안내 메시지를 제때... ,https://www.jeonmae.co.kr/news/articleView.html?idxno=1247462,"Mon, 13 Apr 2026 10:00:00 +0900"
"주차 단속, 전화로 예고…영등포구, '주정차 단속 음성 알림' 도입",서울 영등포구는 <b>불법</b> 주정차 단속 전 문자에 더해 음성 통화로 차량 이동을 안내하는 '주정차 단속 음성(ARS)... 발신자 정보에는 '영등포 주정차 단속' 문구가 표시돼 <b>스팸</b> 오인을 줄였다. CCTV 단속 구역에 차량이 진입하면... ,https://n.news.naver.com/mnews/article/421/0008885473?sid=102,"Mon, 13 Apr 2026 09:58:00 +0900"
"영등포구, 주정차 음성 알림 도입·상권·교육·침수대응까지 전방위 정...","◇ 주정차 단속, ‘문자+음성’ 병행…인지도 높인다 영등포구는 <b>불법</b> 주정차 단속 전 휴대전화 문자에 더해 음성 통화(ARS)로도 안내하는 ‘주정차 단속 음성 알림 서비스’를 도입했다. 기존에는 <b>스팸</b>·광고 문자 증가로... ",http://www.fntimes.com/html/view.php?ud=202604130948122080048b718333_18,"Mon, 13 Apr 2026 09:52:00 +0900"
"영등포구, 서울시 최초 '휴대전화 주정차 단속 예고 알림' 도입","서울 영등포구가 서울시 자치구 최초로 <b>불법</b> 주정차 단속 전, 문자뿐만 아니라 휴대폰 음성 전화로도 주차 이동을 안내하는 '주정차 단속 음성 알림 서비스'를 본격 시행한다고 13일 밝혔다. 그간 <b>스팸</b>이나 광고 문자가... ",https://n.news.naver.com/mnews/article/119/0003079747?sid=102,"Mon, 13 Apr 2026 09:10:00 +0900"
"영등포구 &quot;주차 단속, 전화로도 알려드립니다&quot;","최초로 <b>불법</b> 주정차 단속 전, 문자뿐만 아니라 휴대폰 음성 전화로도 주차 이동을 안내하는 '주정차 단속 음성 알림 서비스'를 본격 시행한다고13일 밝혔다. 그간 <b>스팸</b>이나 광고 문자가 늘어나면서 단속 예고 문자를 제때... ",https://www.m-i.kr/news/articleView.html?idxno=1363690,"Mon, 13 Apr 2026 08:32:00 +0900"
"영등포구, 서울시 최초 ‘주정차 단속 음성 알림’ 도입","[연합] 영등포구가 서울시 자치구 최초로 <b>불법</b> 주정차 단속 전, 문자뿐만 아니라 휴대전화 음성 전화로도 주차 이동을 안내하는 ‘주정차 단속 음성 알림 서비스’를 시행한다. 그간 <b>스팸</b>이나 광고 문자가 늘어나면서... ",https://n.news.naver.com/mnews/article/016/0002628487?sid=102,"Mon, 13 Apr 2026 07:49:00 +0900"
[Who is ?] 이재웅 쏘카 이사회 의장,한메일넷은 <b>불법 스팸</b>메일을 줄이고 투명한 의사소통을 지원하기 위해 대량메일을 보내는 IP는 사전에 미리 실명으로 등록한 뒤 이메일을 보낼 수 있는 온라인 우표제를 실시했다. 온라인 우표제는 시범서비스기간을... ,https://www.businesspost.co.kr/BP?command=article_view&num=435521,"Mon, 13 Apr 2026 07:22:00 +0900"
[이번주 재정경제부 등 경제부처 일정],조간) ※<b>불법스팸</b> 대응 민·관협의체 5차 회의(15일 조간) ※제14회 국가전략기술특별위원회 개최(15일 조간) *4월15일(수) ▲14:00 1차관 우수청년연구자 연구실 방문 및 R&amp;D 규제 간담회(중앙대학교) ※&quot;기술로... ,https://news.einfomax.co.kr/news/articleView.html?idxno=4409097,"Mon, 13 Apr 2026 07:06:00 +0900"
"‘주정차 단속 음성 알림’ 도입...영등포구, 휴대전화 음성 통화로 단...",휴대전화 음성 통화로 단속 예고 전달…주민 인지율 향상 발신자에 “영등포 주정차 단속” 문구 표시…<b>스팸</b> 오인 예방 <b>불법</b> 주차 알림 전화 안내포스터 [헤럴드경제=박종일 선임기자]영등포구가 서울시 자치구 최초로... ,https://n.news.naver.com/mnews/article/016/0002628445?sid=102,"Mon, 13 Apr 2026 06:31:00 +0900"
[클릭이슈] &quot;청년 1인 가구 노린 사이버 사기 급증&quot;...사이버 피해자 되...,또한 118과 같은 국가 <b>불법스팸</b> 대응센터를 통해 스미싱·피싱 메시지 신고 접수와 무료 상담이 가능하도록 체계를 구축해 피해 확산을 막는 데에도 주력하고 있다. 사이버 범죄 대응을 위한 전략적·제도적 틀도 정비하고... ,http://www.sisacast.kr/news/articleView.html?idxno=94909,"Sun, 12 Apr 2026 15:56:00 +0900"
"LG유플러스, IMSI 보안 강화…13일부터 전 고객 대상 유심 교체 시작","특히 IMSI 구조에 랜덤 요소를 적용함으로써 단순 식별값 기반 공격 가능성을 낮추고, 유심 복제나 <b>불법</b>... 스미싱 악용 가능성 경고…공식 채널만 이용해야 회사는 유심 교체 시행을 악용한 <b>스팸</b> 및 스미싱 공격... ",https://www.dailysecu.com/news/articleView.html?idxno=206181,"Sun, 12 Apr 2026 09:06:00 +0900"
"&quot;김미영 팀장, 이제는 진짜 퇴출&quot;... 방미통위, <b>불법 스팸</b> '원천 봉쇄' 나...",김종철 방미통위원장은 &quot;이번 제도로 대량문자 전송사업자에 대한 관리·감독 기능을 강화할 수 있게 됐다&quot;며 &quot;<b>불법스팸</b>으로 인한 국민 불편·피해 방지에 더욱 노력하겠다&quot;고 말했다.,https://www.insight.co.kr/news/549809,"Sat, 11 Apr 2026 16:14:00 +0900"
'국민의 통신기본권 보장' 공동선언,또한 국민의 일상을 위협하는 보이스피싱 및 <b>불법 스팸</b> 차단을 위한 기술적 조치도 한층 강화하기로 했다. 정부와 통신업계는 대한민국의 디지털 경쟁력을 유지하기 위한 인프라 투자와 기술 혁신에도 합의했다. 5G... ,https://n.news.naver.com/mnews/article/648/0000046156?sid=101,"Fri, 10 Apr 2026 17:54:00 +0900"
"방미통위, 출범 반년 만에 첫 전체회의…방송사 재허가 등 의결",대량 문자 전송 사업자의 <b>불법 스팸</b> 방지 역량을 사전에 검증하는 '전송자격인증제' 도입을 위한 하위 법령도 마련했다. 아울러 지난해 여름 특별재난지역으로 선포된 48개 지역 주민에 대해 텔레비전 방송 수신료를... ,https://n.news.naver.com/mnews/article/277/0005747917?sid=105,"Fri, 10 Apr 2026 17:28:00 +0900"
"방미통위, 출범 6개월 만에 첫 가동…지상파 재허가·방송 3법 착수","이 밖에도 특별재난지역 주민을 대상으로 한 TV 수신료 2개월 면제, <b>불법 스팸</b> 방지를 위한 '전송자격인증제' 도입 등 민생과 직결된 사안들도 함께 의결됐다. 다만, 사안이 복잡한 YTN 최대주주 변경 승인 취소 문제는 심도... ",https://www.goodnews1.com/news/articleView.html?idxno=458668,"Fri, 10 Apr 2026 17:22:00 +0900"
방미통위 첫 전체회의…방송사 재허가·방송3법 후속조치 이뤄져,이날 회의에서는 「이동통신단말장치 유통구조 개선에 관한 법률」 폐지 관련 하위법령 마련 및 <b>불법스팸</b> 대응 등 시급한 민생 현안에 대한 법령 개정 안건들도 의결됐다. 재허가 기간을 넘겨 법적 지위의 불안정성 등에... ,https://n.news.naver.com/mnews/article/448/0000603008?sid=100,"Fri, 10 Apr 2026 16:42:00 +0900"
"<b>스팸</b> 발송 시 '영구 퇴출'...방미통위, 전송자격인증제 시행","‘전송자격인증제’는 대량문자 전송사업을 하려는 사업자가 <b>불법스팸</b> 방지를 위한 역량을 갖추었는지 사전에 심사받고 인증을 획득해야 하는 제도다. 그간 스팸 피해가 급증함에 따라, 방미통위는 이해관계자와 전문가... ",https://n.news.naver.com/mnews/article/092/0002418281?sid=105,"Fri, 10 Apr 2026 16:40:00 +0900"
"방미통위, 6개월만에 정상화...방송사 재허가와 방송 3법 후속 조치 의결",방미통위는 또 이동통신단말장치 유통구조 개선에 관한 법률 폐지 관련 하위법령 마련과 <b>불법스팸</b> 대응 등 민생 현안에 대한 법령 개정 안건들도 의결했습니다. 다만 YTN 최대주주 변경 승인 취소 문제의 경우 사안의... ,https://news.bbsi.co.kr/news/articleView.html?idxno=4077679,"Fri, 10 Apr 2026 16:36:00 +0900"
"<b>불법스팸</b> 전송 시 사업권 박탈, 전송자격인증제 본격 시행",김종철 방송미디어통신위원회 위원장은 &quot;이번 제도를 통해 대량문자 전송사업자에 대한 관리·감독 기능을 강화할 수 있게 됐다&quot;며 &quot;<b>불법스팸</b>으로 인한 국민 불편과 피해 방지에 더욱 노력할 것&quot;이라고 말했다.,https://www.public25.com/news/articleView.html?idxno=43874,"Fri, 10 Apr 2026 16:30:00 +0900"
&quot;김미영 팀장 실직 위기?&quot;…<b>불법 스팸</b> 방지 위해 '칼 빼든' 방미통위,김종철 방미통위원장은 &quot;이번 제도로 대량문자 전송사업자에 대한 관리·감독 기능을 강화할 수 있게 됐다&quot;면서 &quot;<b>불법스팸</b>으로 인한 국민 불편·피해 방지에 더욱 노력하겠다&quot;고 말했다.,https://n.news.naver.com/mnews/article/008/0005342646?sid=105,"Fri, 10 Apr 2026 16:17:00 +0900"
방미통위 출범 반년 만에 첫 전체회의..방송 재허가·방송3법 등 후속조...,한편 이날 회의에선 ‘이동통신 단말장치 유통구조 개선에 관한 법률’ 폐지 관련 하위법령 마련과 <b>불법스팸</b> 대응 등 시급한 민생 현안에 대한 법령 개정 안건들도 의결됐다. 일례로 위치정보의 관리적·기술적... ,https://n.news.naver.com/mnews/article/009/0005664187?sid=105,"Fri, 10 Apr 2026 16:15:00 +0900"
"2년 8개월 '파행' 꼬리표 뗀 방미통위, 6인 체제로 첫발","특별재난지역 수신료 면제, <b>불법스팸</b> 방지를 위한 전송자격인증제 시행 고시 등도 의결됐다. 방미통위가 정상 가동된 것은 방미통위 설치법 제정 6개월 만이다. 그간 방미통위는 출범은 했으나 출석·의결 정족수가... ",https://n.news.naver.com/mnews/article/469/0000924745?sid=102,"Fri, 10 Apr 2026 16:10:00 +0900"
"지상파 133개 방송국 재허가…방미통위, <b>불법스팸</b> 차단 전송자격인증제...","대량 문자 사업자를 대상으로 <b>불법 스팸</b> 방지 역량을 검증하는 전송자격인증제가 도입된다. 방송미디어통신위원회는 10일 '2026년 제1차 전체회의'를 열고 이 같은 안건들을 심의, 의결했다. 이날 2024년과 2025년 상반기... ",https://www.newsworks.co.kr/news/articleView.html?idxno=837424,"Fri, 10 Apr 2026 16:06:00 +0900"
"방미통위, 단통법 폐지 후속 조치 완료…<b>불법</b> 보조금 차별 금지 명문화","방송미디어통신위원회(이하 방미통위)가 10일, 첫 전체 회의에서 이동통신단말장치 유통구조 개선에 관한 법률(단통법) 폐지 후속 조치를 의결하며, '지원금 차별 금지'와 '<b>불법 스팸</b> 차단' 강화를 주요 안건으로 다뤘다.... ",http://www.popcornnews.net/news/articleView.html?idxno=118047,"Fri, 10 Apr 2026 15:22:00 +0900"
‘방송3법’으로 첫발 뗀 방미통위…산업 진흥 메시지는(종합),단말기유통법(단통법) 폐지에 따른 하위법령 마련과 <b>불법 스팸</b> 대응 등 관련 제도 정비도 함께 추진된다. 아울러 장애인방송 접근권 확대를 위한 고시 개정안도 보고됐다. 적용 대상을 기존 시각·청각 장애인에서 모든... ,https://n.news.naver.com/mnews/article/138/0002224063?sid=105,"Fri, 10 Apr 2026 15:21:00 +0900"
"방미통위, 출범 6개월 만에 '첫 회의'···'방송 3법' 후속 조치 가속도",또 대량문자 전송사업자의 <b>불법 스팸</b> 방지 역량을 사전에 검증하는 '전송자격인증제' 도입을 위한 하위 법령도 마련됐다. 지난해 여름 호우로 특별재난지역으로 선포된 48개 지역 주민에 대해 텔레비전방송수신료를... ,http://www.enewstoday.co.kr/news/articleView.html?idxno=2417462,"Fri, 10 Apr 2026 15:17:00 +0900"
방송미디어통신위 첫 회의…방송사 재허가·방송3법 후속 조치,또 대량문자 전송사업자의 <b>불법 스팸</b> 방지 역량을 사전에 검증하는 '전송자격인증제' 도입을 위한 하위 법령도 마련됐습니다. 아울러 지난해 여름 호우로 특별재난지역으로 선포된 48개 지역 주민에 대해... ,https://n.news.naver.com/mnews/article/374/0000503688?sid=101,"Fri, 10 Apr 2026 15:14:00 +0900"
방미통위 &quot;<b>불법</b>투자·대출·도박 <b>스팸</b> 발송 즉시 퇴출&quot;,전송자격인증제는 대량문자 전송사업자가 <b>불법스팸</b> 방지 역량을 갖췄는지 사전에 심사해 인증하는 제도다. 인증을 받지 못하면 특수 유형 부가통신사업자로 등록할 수 없어 대량문자 사업 자체가 불가능하다. 새 기준에... ,https://n.news.naver.com/mnews/article/031/0001021296?sid=105,"Fri, 10 Apr 2026 15:06:00 +0900"
"지각 출발 방미통위, 6개월 만에 첫 전체회의...'행정 공백 해결' 주력",<b>불법 스팸</b> 문자 발송을 줄이기 위한 대책을 본격화했다. 방송 3법(방송법/방송문화진흥회법/한국교육방송송사법)' 후속 조치는 보고 안건으로 논의를 개시했다. 10일 방미통위는 정부과천청사에서 '2026년 제1차 전체회의... ,https://www.techm.kr/news/articleView.html?idxno=150985,"Fri, 10 Apr 2026 14:52:00 +0900"
[Gov &amp; Now] 방미통위 출범 6개월 만 첫 회의…방송사 재허가·방송3법 후...,이날 회의에서는'이동통신단말장치 유통구조 개선에 관한 법률' 폐지 관련 하위법령 마련 및 <b>불법스팸</b> 대응 등 시급한 민생 현안에 대한 법령 개정 안건들도 의결됐다. 다만 YTN 사안에 대해서는 시민사회와 국회의 관심이... ,https://www.ebn.co.kr/news/articleView.html?idxno=1705058,"Fri, 10 Apr 2026 14:44:00 +0900"
방미통위 첫 전체회의서 방송사 재허가·방송3법 후속 조치…&quot;TBS 재정상...,이른바 '단통법'으로 불리던 이동통신단말장치 유통구조 개선법 폐지에 따른 하위법령 마련과 <b>불법 스팸</b> 대응 등 민생 관련 안건도 함께 처리됐습니다. 김종철 방미통위원장은 &quot;그동안 위원회가 정상 가동되지 못해... ,http://tbs.seoul.kr/news/newsView.do?typ_800=1&idx_800=3536158&seq_800=20529036,"Fri, 10 Apr 2026 14:36:00 +0900"
"방미통위, 유효기간 만료 방송사 재허가 의결…TBS는 재논의",아울러 ‘이동통신단말장치 유통구조 개선에 관한 법률’ 폐지 관련 하위법령 마련 및 <b>불법스팸</b> 대응 등 민생 현안에 대한 법령 개정 안건들도 의결했다. 다만 YTN 최대주주 변경 승인 취소 문제의 경우 사안의... ,https://n.news.naver.com/mnews/article/025/0003515371?sid=103,"Fri, 10 Apr 2026 14:32:00 +0900"
앞으로 <b>불법스팸</b> 방지 역량 갖춰야 문자사업 가능,대량문자 전송사업을 하기 전에 <b>불법스팸</b> 방지역량을 먼저 갖추도록 하는 '전송자격인증제' 시행 방안이 마련됐다. 방송미디어통신위원회는 10일 '2026년 제1차 전체회의'를 열고 지난해 3월에 개정된 전기통신사업법에... ,https://it.chosun.com/news/articleView.html?idxno=2023092160194,"Fri, 10 Apr 2026 14:28:00 +0900"
"첫걸음 뗀 방미통위, 첫 위원회 회의서 단통법 폐지 시행령 의결 … 방...",대량문자 전송 사업자에게 전송자격 인증 기준을 신설하는 등 <b>불법 스팸</b> 문자가 쉽게 유통되지 않도록 환경을 조성했다. 위치정보보호 차원에서도 관리적·기술적 보호조치가 미흡한 373개 사업자에 대해 과징금과... ,https://biz.newdaily.co.kr/site/data/html/2026/04/10/2026041000182.html,"Fri, 10 Apr 2026 14:24:00 +0900"
"방미통위, 출범 반년 만에 첫 전체회의…현안 처리 착수","<b>불법 스팸</b> 대응 등 시급한 현안과 관련한 법령 개정안도 함께 의결됐습니다. 대량문자 전송서비스 제공을 위해서는 서류 적정성 등 5개 분야 16개 항목의 인증 기준을 충족해야 하며, 마약·도박·불법투자 유도 등 불법... ",http://www.newstomato.com/ReadNews.aspx?no=1297450&inflow=N,"Fri, 10 Apr 2026 14:18:00 +0900"
방미통위 정상화 첫 발…방송사 재허가·‘방송 3법’ 후속조치,"이날 회의에서는 ‘이동통신단말장치 유통구조 개선에 관한 법률’ 폐지 관련 하위법령 마련 및 <b>불법스팸</b> 대응 등 시급한 민생 현안에 대한 법령 개정 안건들도 의결됐다. 다만, 와이티엔(YTN) 사안에 대해서는... ",https://n.news.naver.com/mnews/article/016/0002627882?sid=103,"Fri, 10 Apr 2026 14:14:00 +0900"
"방미통위, 출범 6개월 만에 첫 전체회의… 23개 안건 의결",이날 방미통위는 지난해 7월 이동통신단말장치 유통구조 개선에 관한 법률(단통법) 폐지 관련 하위법령 마련 및 <b>불법스팸</b> 대응 등 시급한 민생 현안에 대한 법령 개정 안건들을 의결됐다. 또 방송법·방송문화진흥회법... ,https://it.chosun.com/news/articleView.html?idxno=2023092160195,"Fri, 10 Apr 2026 14:08:00 +0900"
"방미통위, 전송자격인증제 시행령 의결…<b>불법스팸</b> 막는다",<b>불법스팸</b> 방지 역량을 갖춘 사업자만 대량문자 전송사업을 할 수 있도록 하는 '전송자격인증제' 시행 방안이 마련됐다. 방송미디어통신위원회는 10일 '제1차 전체회의'를 열고 지난해 3월에 개정된 전기통신사업법에 따른... ,https://n.news.naver.com/mnews/article/030/0003416763?sid=105,"Fri, 10 Apr 2026 14:04:00 +0900"
<b>불법스팸</b> 차단 못하면 문자사업 못한다…‘전송자격 인증제’ 도입,대량문자 전송사업자가 <b>불법 스팸</b> 차단 역량을 사전에 갖추도록 하는 ‘전송자격인증제’ 도입이 추진된다. 불법 투자·대출 유도나 도박 등 스팸을 발송할 경우 즉시 시장에서 퇴출되는 강력한 제재도 함께 적용된다.... ,https://n.news.naver.com/mnews/article/018/0006254600?sid=105,"Fri, 10 Apr 2026 14:02:00 +0900"
"방미통위, ‘방송3법’ 후속조치 마련…업무 정상화 속도 박차",전송자격인증제는 대량문자 전송사업을 하려는 자가 <b>불법스팸</b> 방지 역량을 갖췄는지에 대해 방미통위가 인증하는 제도다. 김 위원장은 “이번 제도를 통해 대량문자 전송사업자에 대한 관리‧감독 기능을 강화할 수 있게... ,https://n.news.naver.com/mnews/article/138/0002224044?sid=105,"Fri, 10 Apr 2026 14:00:00 +0900"
"방미통위, 출범 6개월 만에 첫 회의…방송3법 등 후속 조치",이날 회의에서는 위치정보 보호 의무를 위반한 사업자 373곳에 대해 과징금과 과태료를 부과하는 안건도 의결됐습니다 또 대량문자 전송사업자의 <b>불법 스팸</b> 방지 역량을 사전에 검증하는 '전송자격인증제' 도입을 위한... ,https://n.news.naver.com/mnews/article/422/0000853659?sid=105,"Fri, 10 Apr 2026 13:50:00 +0900"
의결정족수 갖춘 방미통위 첫 회의…6개월 공백 끝 '정상화 신호',통신 분야에서는 <b>불법 스팸</b>과 단말기 유통 질서 관련 후속 정비가 집중 논의됐다. 방미통위는 전송자격인증제 시행을 위한 전기통신사업법 시행령 일부개정령안과 전송자격인증기준 등에 관한 고시 제정안을 의결했다.... ,https://n.news.naver.com/mnews/article/079/0004135326?sid=101,"Fri, 10 Apr 2026 13:40:00 +0900"
방미통위 첫 전체회의...'방송3법' 후속조치 등 논의,"오늘 회의에서는 이른바 '방송 3법' 개정안 후속 조치와 더불어 특별재난지역 수신료 면제, <b>불법 스팸</b> 문자 대응 등 민생 현안이 논의됐습니다. 또 재허가 기간을 넘겼던 지상파와 유료방송 사업자에 대한 재허가 여부도... ",https://n.news.naver.com/mnews/article/052/0002338973?sid=101,"Fri, 10 Apr 2026 13:37:00 +0900"
"방미통위, 첫 전체회의…방송3법·방송사 재허가 등 의결","전송자격인증제란 대량문자 전송사업을 하려는 자가 <b>불법스팸</b> 방지 역량을 갖췄는지에 대해 방미통위가 인증하는 제도다. 그간 방미통위가 다양한 이해관계자, 전문가 등의 의견을 수렴하고 입법예고 등을 거쳐... ",https://news.mtn.co.kr/news-detail/2026041013323330292,"Fri, 10 Apr 2026 13:36:00 +0900"
대량문자 전송사업 하려면 '자격인증' 받아야…<b>불법 스팸</b> 발송 시 즉시...,"이제 대량문자 전송사업을 하려는 사업자들은 사업 개시에 앞서 ‘전송자격인증제’에 따른 <b>불법스팸</b> 방지역량을 먼저 갖춰야 한다. 사업 개시 이후 불법 투자유도·대출, 도박 스팸 등 관련 대량문자를 발송하면 즉시... ",https://n.news.naver.com/mnews/article/003/0013880287?sid=105,"Fri, 10 Apr 2026 13:27:00 +0900"
"방미통위, 6개월 만에 첫 전체회의…단통법 폐지 후속조치 의결",<b>불법스팸</b> 대응 등 시급한 현안 관련 법령 개정 안건도 의결했다. 방미통위는 전기통신사업법에 따른 '전송자격인증제' 시행을 위한 시행령 관련 고시 제정안을 의결했다. 앞으로 대량문자 전송서비스를 제공하기... ,https://n.news.naver.com/mnews/article/030/0003416745?sid=105,"Fri, 10 Apr 2026 13:25:00 +0900"
방미통위 첫 회의…방송사 재허가·방송3법 후속 조치(종합),또 대량문자 전송사업자의 <b>불법 스팸</b> 방지 역량을 사전에 검증하는 '전송자격인증제' 도입을 위한 하위 법령도 마련됐다. 아울러 지난해 여름 호우로 특별재난지역으로 선포된 48개 지역 주민에 대해... ,https://n.news.naver.com/mnews/article/001/0016014285?sid=102,"Fri, 10 Apr 2026 13:22:00 +0900"
방미통위 첫 전체회의…150개 방송국 재허가·TBS 청문행,"<b>불법스팸</b>을 막는 전송자격인증제 관련 하위법규도 의결했다. 고시에는 다중인증, 금칙어 차단체계 등 5개 분야 16개 항목의 인증기준이 담겼다. 전기통신사업법에 따라 문자재판매사업자는 전송자격 인증을 갖춰야... ",https://www.digitaltoday.co.kr/news/articleView.html?idxno=655736,"Fri, 10 Apr 2026 13:14:00 +0900"
<b>불법스팸</b> 방지 역량 필수…'전송자격인증제' 시행안 마련,"정부가 대량문자 전송사업 전에 <b>불법스팸</b> 방지역량을 먼저 갖추도록 하고, 불법행위를 위한 스팸 문자 발송 시 인증을 취소하는 등의 내용이 담긴 '전송자격인증제' 시행 방안을 마련했다. 방송미디어통신위원회는 10일... ",https://n.news.naver.com/mnews/article/421/0008882360?sid=105,"Fri, 10 Apr 2026 13:08:00 +0900"
AI 사기와 가짜 콘텐츠... 보고 들어도 믿을 수 없는 시대,"경찰청 사이버범죄 신고 시스템, 금융감독원 보이스피싱 신고센터(1332), 한국인터넷진흥원 <b>불법스팸</b>대응센터(118)에 신고할 수 있다. 송금 피해가 발생했다면 거래 은행에 즉시 연락해 지급정지를 요청하는 것이 가장... ",https://www.gukjenews.com/news/articleView.html?idxno=3549791,"Fri, 10 Apr 2026 09:02:00 +0900"
"한국인터넷진흥원(KISA), AI로 '진화하는 금융 <b>스팸</b>' 잡는다…대응체계...","한국인터넷진흥원(KISA, 원장 이상중)은 금융감독원(원장 이찬진, 금감원)과 협력해 민생 침해 금융 범죄 예방을 위한 <b>불법</b> 금융 <b>스팸</b> 문자 대응체계를 대폭 강화한다고 밝혔다. 컨슈머타임스=안우진 기자 | 사회·경제적... ",https://www.cstimes.com/news/articleView.html?idxno=701485,"Fri, 10 Apr 2026 03:10:00 +0900"
"진화하는 금융 <b>스팸</b>문자, AI 기술로 잡는다… 차단 효율 80%까지 '쑥'","이미지=금융감독원 투자리딩방 가입 권유나 <b>불법</b> 대출 등 갈수록 교묘해지는 <b>불법</b>금융 <b>스팸</b> 문자를 잡아내기 위해 정부가 인공지능(AI) 기술을 전격 도입한다. 단순히 특정 단어를 걸러내는 수준을 넘어, 문자 속에 담긴... ",https://www.pinpointnews.co.kr/news/articleView.html?idxno=444284,"Thu, 09 Apr 2026 19:00:00 +0900"
"금감원, '<b>불법</b>금융 <b>스팸</b>' 대응 강화...한국인터넷진흥원과 협력",금융감독원은 한국인터넷진흥원(KISA)과 협력해 <b>불법</b>금융 <b>스팸</b>문자 대응체계를 강화한다고 9일 밝혔다. 투자 리딩방 참여 유도나 <b>불법</b> 사금융 광고 등 사기성 정보를 걸러내 금융소비자 피해를 줄이겠다는 취지다. 양... ,https://n.news.naver.com/mnews/article/014/0005505326?sid=101,"Thu, 09 Apr 2026 17:33:00 +0900"
"사기 문자와의 전쟁, 이제는 AI가 전면에 선다",한국인터넷진흥원(KISA)은 금융감독원과 함께 민생 침해 금융 범죄 피해를 예방하기 위해 <b>불법</b> 금융 <b>스팸</b> 문자 대응체계를 AI 기반으로 한층 강화하기로 했다.양 기관은 2024년 12월부터 <b>불법</b> 금융 관련 <b>스팸</b> 데이터를... ,https://www.kbsm.net/news/view.php?idx=515351,"Thu, 09 Apr 2026 17:10:00 +0900"
[#시큐리티 포커스] 엔키 '오펜시브 통합 플랫폼' 공급·스패로우 '취약...,"기반 <b>불법</b> 금융 <b>스팸</b> 대응체계 강화, 금융보안원의 금융분야 제로트러스트 보안 안내서 발간 소식이 전해졌다. ◆엔키화이트햇, 중소기업 보안 지원…공격표면관리 솔루션 공급 엔키화이트햇이 과학기술정보통신부와... ",https://www.newsworks.co.kr/news/articleView.html?idxno=837231,"Thu, 09 Apr 2026 16:30:00 +0900"
"금감원, <b>불법</b>금융 <b>스팸</b> 대응 고도화…AI로 신종 문자 잡는다",금융감독원이 한국인터넷진흥원(KISA)과 손잡고 <b>불법</b>금융 <b>스팸</b>문자 대응 체계를 대폭 강화한다. 투자 리딩방 유인 문자와 <b>불법</b> 사금융 광고 등 갈수록 교묘해지는 <b>스팸</b>문자를 인공지능(AI) 기반 분석으로 걸러내겠다는... ,https://n.news.naver.com/mnews/article/138/0002223932?sid=101,"Thu, 09 Apr 2026 16:21:00 +0900"
"KISA, AI로 진화하는 <b>불법</b> 금융 <b>스팸</b> 문자 차단한다",한국인터넷진흥원(KISA)은 금융감독원과 함께 '<b>불법</b> 금융 <b>스팸</b> 문자 대응체계'를 강화했다고 9일 밝혔다. 두 기관은 데이터를 공유하며 <b>스팸</b> 문자 사전 차단을 위해 협력해 왔다. KISA가 <b>스팸</b> 신고 데이터를 수집해... ,https://n.news.naver.com/mnews/article/029/0003020839?sid=105,"Thu, 09 Apr 2026 16:20:00 +0900"
"KISA, 금감원과 손잡고 <b>불법</b> 금융 <b>스팸</b> 문자 선제 차단",한국인터넷진흥원(KISA)이 인공지능(AI)을 활용해 <b>불법</b> 금융 <b>스팸</b> 문자의 대응 속도와 정확도를 높인다. KISA는 금융감독원과 함께 금융 범죄 피해를 예방하기 위해 <b>불법</b> 금융 <b>스팸</b> 문자 대응체계를 강화한다고 9일 밝혔다.... ,https://n.news.naver.com/mnews/article/277/0005747312?sid=105,"Thu, 09 Apr 2026 15:04:00 +0900"
&quot;AI로 진화한 <b>불법</b>금융 <b>스팸</b> 잡는다&quot;…금감원·KISA ‘속도·정밀’ 동시...,이번 조치는 최근 <b>불법 스팸</b>이 중동 정세 등 사회·경제적 이슈를 악용해 빠르게 진화하고 있다는 판단에 따른 것이다. 기존 방식으로는 변화 속도를 따라가기 어렵다는 인식이 반영됐다. 그동안 KISA가 스팸 신고 데이터를... ,http://www.metroseoul.co.kr/article/20260409500347,"Thu, 09 Apr 2026 14:40:00 +0900"
"금감원, KISA와 NLU 기술 활용 <b>불법 스팸</b> 잡는다",일러스트=연합뉴스  금융당국이 정교해지는 <b>불법</b>금융 <b>스팸</b>에 대응하기 위해 자연어 처리 기술(NLU) 등을 활용해 대응체계를 고도화한다. 금융감독원은 9일 한국인터넷진흥원(KISA)과 협력해 <b>불법</b>금융 <b>스팸</b>문자 대응 체계를... ,https://www.pointdaily.co.kr/news/articleView.html?idxno=300504,"Thu, 09 Apr 2026 14:16:00 +0900"
"KISA, 금감원과 '<b>불법</b> 금융 <b>스팸</b>' 대응 강화...AI로 선제 차단",아주경제=김성현 기자 minus1@ajunews.com <b>불법</b> 금융 <b>스팸</b> 문자 [사진=KISA] 한국인터넷진흥원(KISA)이 금융감독원과 손잡고 <b>불법</b> 금융 <b>스팸</b> 문자 대응을 대폭 강화한다. AI 기술을 도입해 신·변종 <b>스팸</b>까지 신속하게... ,https://www.ajunews.com/view/20260409134321672,"Thu, 09 Apr 2026 13:46:00 +0900"
"KISA·금감원, <b>불법</b> 금융 <b>스팸</b> 문자 대응 체계 강화",한국인터넷진흥원(KISA)은 금융감독원과 함께 민생 침해 금융 범죄 피해를 예방하기 위해 <b>불법</b> 금융 <b>스팸</b> 문자 대응체계를 강화한다고 9일 밝혔다. 양 기관은 2024년 12월부터 <b>불법</b> 금융 관련 <b>스팸</b> 데이터를 공유하며 <b>스팸</b>... ,https://www.datanet.co.kr/news/articleView.html?idxno=210818,"Thu, 09 Apr 2026 13:46:00 +0900"
진화하는 스미싱…AI로 선제 차단한다,"양 기관은 지난 2024년 12월부터 <b>불법</b> 금융 <b>스팸</b> 데이터를 공유하며 사전 차단 체계를 운영해 왔다. KISA가 <b>스팸</b> 신고 데이터를 수집해 제공하면, 금감원이 이를 분석해 도출한 차단 키워드를 이동통신사 시스템에... ",http://www.issuenbiz.com/news/articleView.html?idxno=75392,"Thu, 09 Apr 2026 13:20:00 +0900"
"“<b>불법</b> 리딩방 피싱 정조준”… 신·변종 금융 <b>스팸</b>, AI가 걸러낸다","앞으로도 금감원은 KISA와 협력해 사회적 이슈를 악용한 <b>스팸</b> 동향을 밀착 감시하고, AI 알고리즘 고도화로 <b>불법</b> 금융 피해를 최소화하는 데 집중할 방침이다. ▲ NLU를 활용한 <b>불법</b>금융 <b>스팸</b>문자 분석 예시. 금융감독원",https://m.skyedaily.com/news_view.html?ID=302111,"Thu, 09 Apr 2026 12:44:00 +0900"
사기꾼들 머리 써봤자 소용없다…AI가 먼저 <b>스팸</b> 읽고 차단,한국인터넷진흥원(KISA)은 금융감독원과 함께 <b>불법</b> 금융 <b>스팸</b> 문자 대응체계를 한층 강화한다고 9일 밝혔다. 민생 침해 금융 범죄 피해를 예방하기 위한 조치다. 양 기관은 재작년 12월부터 <b>불법</b> 금융 관련 <b>스팸</b> 데이터를... ,https://n.news.naver.com/mnews/article/015/0005272910?sid=105,"Thu, 09 Apr 2026 12:33:00 +0900"
"KISA-금융감독원, <b>불법</b> 금융 <b>스팸</b> 문자 대응체계 강화","한국인터넷진흥원(KISA, 원장 이상중)은 금융감독원(원장 이찬진, 이하 금감원)과 함께 민생 침해 금융 범죄 피해를 예방하기 위해 <b>불법</b> 금융 <b>스팸</b> 문자 대응체계를 한층 강화한다고 4월 9일(목) 밝혔다. 앞서 양 기관은 2024년... ",https://www.dailysecu.com/news/articleView.html?idxno=206149,"Thu, 09 Apr 2026 12:20:00 +0900"
"“진화하는 <b>스팸</b>, AI로 잡는다”... KISA·금감원, <b>불법</b> 금융 문자 선제...",사회경제적 이슈를 악용한 <b>불법</b> 금융 <b>스팸</b> 문자를 원천 봉쇄하기 위해 한국인터넷진흥원(KISA)과 금융감독원이 AI 기반의 고도화된 선제 대응 체계를 가동한다고 9일 밝혔다.양 기관은 지난 2024년부터 <b>불법</b> 금융 관련 <b>스팸</b>... ,http://www.boannews.com/media/view.asp?idx=143083&kind=2,"Thu, 09 Apr 2026 12:08:00 +0900"
"금감원, <b>불법</b>금융 <b>스팸</b> ‘AI로 차단’⋯탐지 속도·정밀도 높인다","금감원은 한국인터넷진흥원(KISA)과 협력해 <b>불법</b>금융 <b>스팸</b>문자 대응 체계를 강화할 계획이라고 9일 밝혔다. 이번 조치는 <b>불법</b>금융 <b>스팸</b>이 사회적 이슈를 악용해 빠르게 진화하는 데 따른 대응이다. 개인정보 유출, 전쟁 등... ",https://www.etoday.co.kr/news/view/2574226,"Thu, 09 Apr 2026 12:02:00 +0900"
&quot;AI로 <b>불법 스팸</b>문자 걸러낸다&quot;…금융당국 대응체계 고도화,"(사진=연합뉴스) 9일 금융당국에 따르면, 금융감독원은 한국인터넷진흥원(KISA)와 협력해 민생침해 금융범죄 피해 예방을 위한 <b>불법</b>금융 <b>스팸</b>문자 대응체계를 강화하기로 했다. 개인정보 유출, 중동사태 등의 사회경제적... ",https://www.asiatime.co.kr/article/20260409500061,"Thu, 09 Apr 2026 12:02:00 +0900"
"금감원-KISA, <b>불법</b>금융 <b>스팸</b>문자 대응체계 강화",금융감독원이 한국인터넷진흥원(KISA)과 협력해 <b>불법</b>금융 <b>스팸</b>문자 대응체계를 한층 강화한다. 금융감독원이 한국인터넷진흥원(KISA)과 협력해 <b>불법</b>금융 <b>스팸</b>문자 대응체계를 한층 강화한다./사진=미디어펜 김상문 기자... ,https://www.mediapen.com/news/view/1092287,"Thu, 09 Apr 2026 12:02:00 +0900"
"KISA, 금융감독원과 <b>불법</b> 금융 <b>스팸</b> 문자 대응 강화…AI로 선제 차단",이투데이=김연진 기자 | 한국인터넷진흥원(KISA)은 금융감독원과 함께 민생 침해 금융 범죄 피해를 예방하기 위해 <b>불법</b> 금융 <b>스팸</b> 문자 대응체계를 강화한다고 9일 밝혔다. 인공지능(AI)을 활용해 키워드 분석을... ,https://www.etoday.co.kr/news/view/2574222,"Thu, 09 Apr 2026 12:02:00 +0900"
"“급락장에 물리셨나요”…금감원, <b>불법</b>금융 <b>스팸</b>문자 AI로 감시한다",주식 시장 변동 상황 등에 따라 다양한 광고 문구로 소비자를 현혹하는 <b>불법</b>금융 <b>스팸</b>문자가 지속 확산하고 있는 가운데 금융감독원은 인공지능 기술을 활용해 최신 <b>스팸</b> 키워드를 빠르게 추출하고 이를 통해 신속하게... ,https://n.news.naver.com/mnews/article/018/0006253540?sid=101,"Thu, 09 Apr 2026 12:01:00 +0900"
"금감원·KISA, <b>불법</b>금융 <b>스팸</b> 대응 강화…키워드 분석에 AI 활용","금융감독원이 한국인터넷진흥원(KISA)과 협력해 <b>불법</b>금융 <b>스팸</b>문자 대응체계를 한층 강화한다. 자연어 처리 기반 인공지능(AI) 기술을 활용해 신·변종 <b>스팸</b>문자 탐지 정확도를 높이고, 최신 <b>스팸</b> 트렌드에 대한 대응... ",https://n.news.naver.com/mnews/article/119/0003078825?sid=101,"Thu, 09 Apr 2026 12:01:00 +0900"
<b>불법</b>금융 <b>스팸</b> AI로 잡는다…모니터링 주기도 단축,"금융감독원이 <b>불법</b> 금융 <b>스팸</b> 대응 체계를 인공지능(AI) 기반으로 전환하고, 데이터 교환 주기도 6개월에서 3개월로 단축한다. 금감원은 9일 &quot;자연어 처리 기술(Natural Language Understanding)을 활용해 데이터 기반 <b>스팸</b>... ",https://n.news.naver.com/mnews/article/031/0001020910?sid=101,"Thu, 09 Apr 2026 12:01:00 +0900"
"KISA &quot;<b>불법</b> 금융 <b>스팸</b> 문자, AI로 선제 차단&quot;",한국인터넷진흥원(KISA)은 금융감독원과 함께 민생 침해 금융 범죄 피해를 예방하기 위해 <b>불법</b> 금융 <b>스팸</b> 문자 대응체계를 한층 강화한다고 9일 밝혔다. 양 기관은 2024년 12월부터 <b>불법</b> 금융 관련 <b>스팸</b> 데이터를 공유하며... ,https://n.news.naver.com/mnews/article/014/0005505075?sid=105,"Thu, 09 Apr 2026 12:01:00 +0900"
"중동전쟁 확전 시나리오 입수?…금감원, <b>불법</b>금융 <b>스팸</b> 대응체계 강화",자연어 처리 기술 등 활용해 <b>스팸</b> 키워드 분석 정밀도 향상 <b>불법</b>금융 <b>스팸</b>문자 예시 [금융감독원 제공] [헤럴드경제=김은희 기자] 금융감독원은 한국인터넷진흥원(KISA)과 협력해 <b>불법</b>금융 <b>스팸</b>문자 대응체계를 한층... ,https://n.news.naver.com/mnews/article/016/0002627237?sid=101,"Thu, 09 Apr 2026 12:01:00 +0900"
"KISA-금감원, AI로 <b>불법</b> 금융 <b>스팸</b> 선제 차단",인공지능(AI)을 활용해 <b>불법</b> 금융 <b>스팸</b> 문자를 선제 차단하는 체계가 갖춰진다. 한국인터넷진흥원(KISA)은 금융감독원과 협력해 민생 침해 금융 범죄 예방을 위한 <b>스팸</b> 대응 체계를 강화한다고 9일 밝혔다. 금감원은 AI 기반... ,https://n.news.naver.com/mnews/article/030/0003416372?sid=105,"Thu, 09 Apr 2026 12:01:00 +0900"
"KISA-금감원, AI로 <b>불법</b> 금융 <b>스팸</b> 문자 차단 나선다","양 기관은 2024년 12월부터 <b>불법 스팸</b> 문자 사전 차단을 목표로 협력해왔고, 앞으로는 인공지능(AI) 기술을 활용해 대응체계를 한층 강화한다고 9일 밝혔다. 그동안 KISA는 불법 금융 유형의 스팸 신고 데이터를 수집해... ",https://n.news.naver.com/mnews/article/366/0001155491?sid=105,"Thu, 09 Apr 2026 12:01:00 +0900"
"<b>불법</b>금융 <b>스팸</b>문자, AI로 잡는다",신종 <b>불법</b>금융 <b>스팸</b>문자를 색출하는 데 인공지능(AI) 기술이 도입된다. 금융감독원은 한국인터넷진흥원(KISA)과 협력해 <b>스팸</b>문자 대응체계를 고도화한다고 9일 밝혔다. 그동안 <b>스팸</b>문자 분석은 수작업에... ,https://www.seoulfn.com/news/articleView.html?idxno=626042,"Thu, 09 Apr 2026 12:00:00 +0900"
&quot;중동사태 급락장에 물리셨나요?&quot;…신종 <b>스팸</b> 기승에 금감원 나선다,"금융감독원이 한국인터넷진흥원(KISA)과 손잡고 <b>불법</b>금융 <b>스팸</b>문자 차단 체계를 인공지능(AI) 기반으로 고도화한다. 투자 리딩방, <b>불법</b> 사금융 광고 등에 대응하기 위해 탐지 속도와 정확도를 높이겠다는 구상이다. 9일... ",https://n.news.naver.com/mnews/article/417/0001138219?sid=101,"Thu, 09 Apr 2026 12:00:00 +0900"
"&quot;진화하는 <b>불법스팸</b> 잡는다&quot;…금감원, NLU 기반 대응체계 고도화",금융당국이 갈수록 정교해지는 <b>불법</b>금융 <b>스팸</b>에 대응하기 위해 자연어 처리 기술(NLU) 등을 활용해 대응체계를 고도화한다. 금융감독원은 9일 한국인터넷진흥원(KISA)과 협력해 <b>불법</b>금융 <b>스팸</b>문자 대응체계를 한층... ,https://n.news.naver.com/mnews/article/421/0008879895?sid=101,"Thu, 09 Apr 2026 12:00:00 +0900"
"금감원·KISA, AI로 <b>불법</b>금융 <b>스팸</b>문자 잡는다…대응체계 고도화",금융감독원과 한국인터넷진흥원(KISA)이 인공지능(AI) 기술을 활용해 <b>불법</b>금융 <b>스팸</b>문자 대응체계를 한층 강화한다고 9일 밝혔다. 금융감독원과 한국인터넷진흥원(KISA)이 인공지능(AI) 기술을 활용해 <b>불법</b>금융... ,https://www.newspim.com/news/view/20260409000542,"Thu, 09 Apr 2026 12:00:00 +0900"
"사기 문자와의 전쟁, 이제는 AI가 전면에 선다",신종·변종 <b>스팸</b>까지 식별…차단 체계 고도화 한국인터넷진흥원(KISA)은 금융감독원과 함께 민생 침해 금융 범죄 피해를 예방하기 위해 <b>불법</b> 금융 <b>스팸</b> 문자 대응체계를 한층 강화한다고 9일 밝혔다. 양 기관은 2024년... ,https://n.news.naver.com/mnews/article/001/0016011940?sid=105,"Thu, 09 Apr 2026 12:00:00 +0900"
"&quot;지능형 <b>스팸</b>, AI가 먼저 잡는다&quot;…KISA·금감원, 금융 <b>스팸</b>문자 차단 총...",한국인터넷진흥원(KISA)이 금융감독원과 <b>불법</b> 금융 <b>스팸</b> 문자 대응체계를 강화한다고 9일 밝혔다. <b>불법</b> 금융 <b>스팸</b> 문자는 수신자 동의 없이 투자 리딩방 참여 권유나 <b>불법</b> 사금융 광고 등을 대량 발송하는 메시지를... ,https://n.news.naver.com/mnews/article/003/0013877607?sid=105,"Thu, 09 Apr 2026 12:00:00 +0900"
&quot;<b>스팸</b> 분석에 2개월 소요 한계 극복&quot;…AI로 대응 속도 '2배' 키운다,9일 금감원은 한국인터넷진흥원(KISA)과 협력해 <b>불법</b>금융 <b>스팸</b>문자 대응체계를 고도화할 계획이라고 밝혔다. 투자 리딩방 참여 유도나 <b>불법</b> 사금융 광고 등 금융범죄성 <b>스팸</b>문자가 사회적 이슈를 악용해 빠르게 변종돼... ,https://www.newsworks.co.kr/news/articleView.html?idxno=837177,"Thu, 09 Apr 2026 12:00:00 +0900"
"KISA·금감원, AI로 <b>불법</b> 금융 <b>스팸</b> 문자 선제 차단","한국인터넷진흥원(KISA)은 금융감독원과 함께 <b>불법</b> 금융 <b>스팸</b> 문자 대응체계를 강화한다고 9일 밝혔다. 투자 추천방 참여를 유도하는 이른바 리딩방 권유 문자나 <b>불법</b> 사금융 광고처럼, 수신자 동의 없이 대량 발송되는... ",https://byline.network/?p=9004111222598733,"Thu, 09 Apr 2026 10:00:00 +0900"
[오늘의 채권ㆍ외환 메모] (04월09일),"(15:00) ※진화하는 <b>불법</b>금융 <b>스팸</b>, 기술로 잡는다!(조간) ◇채권 발행 ▲은행채 16,000억원 ▲여전채 9,072억원 ▲회사채 15,250억원 ◇채권 만기 ▲은행채 3,000억원 ▲여전채 3,700억원 ▲회사채 2... ",https://news.einfomax.co.kr/news/articleView.html?idxno=4408544,"Thu, 09 Apr 2026 09:26:00 +0900"
[오늘 재경부 등 경제부처 일정],"(15:00) ※진화하는 <b>불법</b>금융 <b>스팸</b>, 기술로 잡는다!(조간) [산업통상부] -특이 일정 없음 [공정거래위원회] ▲10:00 위원장 플라스틱 및 정유업계 사회적 대화기구 상생협약(국회) ▲15:00 위원장 뿌리기업 현장방문... ",https://news.einfomax.co.kr/news/articleView.html?idxno=4408498,"Thu, 09 Apr 2026 07:06:00 +0900"
"[N2 모닝 경제 브리핑-4월 9일] 美증시, 미·이란 휴전에 3대 지수 강세...","진화하는 <b>불법</b>금융 <b>스팸</b>, 기술로 잡는다!(조간) ■ 눈에 띄는 경제 외신 - 8일(현지시각) 이란 파르스통신에 따르면 미국과 이란 간 휴전 발효 이후 한때 재개됐던 호르무즈 해협 유조선 통행이 다시... ",https://www.news2day.co.kr/article/20260408500150,"Thu, 09 Apr 2026 06:44:00 +0900"
[오늘의 주요일정]금융·증권(4월9일 목요일),"진화하는 <b>불법</b>금융 <b>스팸</b>, 기술로 잡는다! ▲14:00 금감원, ETF(상장지수펀드) 및 ELD(주가지수 연동예금) 관련 간담회 개최 ▲15:00 소상공인 신용평가체계 개편방안 발표 &lt;한국은행&gt; ▲12:00 2025년 자금순환... ",https://n.news.naver.com/mnews/article/003/0013876442?sid=101,"Thu, 09 Apr 2026 05:00:00 +0900"
"女 BJ 따귀 짝, 실내흡연까지…&quot;재미로 그랬다&quot; 막장 라이브방송","방송통신위원회는 명백한 불법 정보에 대해 방통위가 직접 긴급 조치권을 행사할 수 있도록 법적 근거를 마련 중이며, <b>불법 스팸</b>이나 유해 콘텐츠 유통 시 관련 매출액의 최대 6% 범위 내에서 과징금을 부과하고 범죄... ",https://n.news.naver.com/mnews/article/015/0005272252?sid=102,"Wed, 08 Apr 2026 08:16:00 +0900"
"카카오가 밀어붙인 브랜드 메시지, 광고주 '과징금 폭탄' 떠안나",방송미디어통신위원회(방미통위)가 <b>불법스팸</b> 처분 수위를 높이기로 하면서 카카오 '브랜드 메시지'로 광고를 발송하던 광고주들이 최대 매출액의 6%에 달하는 과징금을 부과받을 수 있다는 지적이 나온다. 암묵적으로... ,https://n.news.naver.com/mnews/article/417/0001137746?sid=105,"Tue, 07 Apr 2026 06:10:00 +0900"
"<b>스팸</b>문자·보이스피싱 전화번호, 24시간 내 완전 차단…정부 시스템 개...",실시간 대응체계는 보이스피싱과 <b>불법스팸</b> 대응 시간을 줄여 효과적인 방어장치가 될 것으로 기대된다. 지난해 우리나라 <b>불법스팸</b> 신고건수는 3억6147만건으로 역대 최대치를 기록했다. 보이스피싱 피해액도... ,https://n.news.naver.com/mnews/article/030/0003415150?sid=105,"Mon, 06 Apr 2026 16:32:00 +0900"
&quot;문자 동의≠카톡 광고&quot;…카카오 모델 '시험대',"카톡 메시지, 문자와 다르게 분류 6일 업계에 따르면 방송미디어통신위원회와 한국인터넷진흥원(KISA)은 최근 '<b>불법스팸</b> 방지를 위한 정보통신망법 안내서' 7차 개정본을 내고 광고수신 동의 과정에서 이용자의 선택권을... ",https://n.news.naver.com/mnews/article/293/0000082251?sid=105,"Mon, 06 Apr 2026 15:04:00 +0900"
'사용자 번호 이용해 <b>스팸</b> 발송'…악성 앱 설치 주의,최근 악성 앱을 설치한 뒤 자신도 모르는 사이 <b>불법 스팸</b> 발송자가 되는 피해가 발생하고 있습니다. 이로 인해 휴대전화 이용이 정지될 수도 있어 각별한 주의가 필요합니다. 임늘솔 기자가 보도합니다. [기자] 악성 앱을... ,https://science.ytn.co.kr/program/view.php?mcd=0082&hcd=&key=202604061102211576,"Mon, 06 Apr 2026 13:26:00 +0900"
[이번주 한국은행 및 금융위·금감원 일정],"(15:00) ※진화하는 <b>불법</b>금융 <b>스팸</b>, 기술로 잡는다!(조간) *4월10일(금) ※최초 외부감사 회사를 위한 감사인 선임제도 온라인 설명회 실시(석간) *4월12일(일) ※투자자가 쉽게 이해하는 바이오 공시로의 전환... ",https://news.einfomax.co.kr/news/articleView.html?idxno=4407793,"Mon, 06 Apr 2026 07:06:00 +0900"
금주 한국은행 및 금융당국(금융위·금감원) 주요 일정,"(15:00) ※진화하는 <b>불법</b>금융 <b>스팸</b>, 기술로 잡는다!(조간) *4월10일(금) ※최초 외부감사 회사를 위한 감사인 선임제도 온라인 설명회 실시(석간) *4월12일(일) ※투자자가 쉽게 이해하는 바이오 공시로의 전환... ",https://n.news.naver.com/mnews/article/123/0002380792?sid=101,"Mon, 06 Apr 2026 06:31:00 +0900"
탄핵 반대 외쳤던 극우 유튜버 ‘음모론’ 먹고 몸집 더 커졌다,극우 유튜브로 분류한 기준은 윤 전 대통령의 <b>불법</b>계엄을 옹호하고 탄핵을 반대하는 등의 내용을... 뉴스피드는 지난달 13일 “<b>스팸</b>·기만적인 행위·사기 등 이유로 폐쇄됐다는 e메일을 받았다”며 “이의신청을... ,https://n.news.naver.com/mnews/article/032/0003437900?sid=102,"Sun, 05 Apr 2026 20:29:00 +0900"
이번주 국내 주요 금융일정(4.6~4.10),"진화하는 <b>불법</b>금융 <b>스팸</b>, 기술로 잡는다(12시) 이창용 한국은행 총재, 보험연수원 협약식(14시) 한국은행, 2025년 자금순환(잠정)(12시) 한국은행, 3월 이후 국제금융·외환시장 동향(12시) 4월 10일(금요일) 이억원... ",https://www.newspim.com/news/view/20260403001014,"Sat, 04 Apr 2026 17:00:00 +0900"
[다음주 한국은행 및 금융위·금감원 일정],"(15:00) ※진화하는 <b>불법</b>금융 <b>스팸</b>, 기술로 잡는다!(조간) *4월10일(금) ※최초 외부감사 회사를 위한 감사인 선임제도 온라인 설명회 실시(석간) *4월12일(일) ※투자자가 쉽게 이해하는 바이오 공시로의 전환... ",https://news.einfomax.co.kr/news/articleView.html?idxno=4407699,"Sat, 04 Apr 2026 08:06:00 +0900"
다음주 금융당국 일정,"(06:00) -진화하는 <b>불법</b>금융 <b>스팸</b>, 기술로 잡는다!(12:00) -금감원, ETF(상장지수펀드) 및 ELD(주가지수 연동예금) 관련 간담회 개최(14:00) -신안우이 해상풍력 발전산업 PF금융약정식 개최(14:00) -소상공인 신용평가체계... ",https://n.news.naver.com/mnews/article/018/0006250006?sid=101,"Sat, 04 Apr 2026 06:32:00 +0900"
"KISA,120다산콜 AI 상담 도우미 고도화 돕는다","118상담센터는 해킹·바이러스, 개인정보 침해, <b>불법 스팸</b> 등 국민 생활과 밀접한 사이버 고충을 상담하는 창구로, 2010년 개소했다. 앞서 KISA는 AI 산업 발전을 위한 공공데이터 개방 정책에 따라 118상담센터의... ",https://n.news.naver.com/mnews/article/277/0005743605?sid=105,"Wed, 01 Apr 2026 16:59:00 +0900"
AI·구독형 해킹 서비스로 날개 단 모바일 앱 공격... &quot;설계부터 보안 내...,심아미 방송미디어통신위원회 디지털이용자기반과장은 &quot;보안 위협이 실제 이용자 피해로 이어지는 경로를 차단하는 데 집중하고 있다&quot;며 &quot;악성코드 유포와 피싱으로 이어지는 주요 통로인 '<b>불법 스팸</b>' 대응 정책을... ,https://n.news.naver.com/mnews/article/014/0005501061?sid=105,"Wed, 01 Apr 2026 16:42:00 +0900"
"[Biz&amp;Law] 현대차, <b>스팸</b>메일 보냈다가 날벼락…美 집단소송 피소","현대자동차 미국법인이 <b>불법 스팸</b>메일 발송과 관련해 집단소송에 휘말렸다. 원고 측은 여행 관련 이메일로 예상하고 열어보니 현대차 판매 사이트로 연결됐다며, 이는 스팸메일을 금지한 캘리포니아 법에... ",http://www.seoulwire.com/news/articleView.html?idxno=714627,"Wed, 01 Apr 2026 16:40:00 +0900"
[다시보기] 4월 1일 (수) 오전 사이언스 투데이,"이용해 <b>스팸</b> 발송 ■ &quot;고령층, 약 오래 먹을수록 골절 위험 최대 65% 증가&quot; ■ &quot;아이들 항생제 처방 3건 중 1건... 활성화는 <b>불법</b>&quot; ■ 긴급 옹벽 공사로 도로 통제...출근길 교통대란 ■ 지난해 산재로 605명 사망...정부 근절... ",https://science.ytn.co.kr/program/view.php?mcd=0082&hcd=0023&key=202604011110107825,"Wed, 01 Apr 2026 14:16:00 +0900"
&quot;<b>불법</b> 앱 설치했더니 <b>스팸</b> 발송자 됐다&quot;…휴대전화 정지 피해 잇따라,"실제 <b>불법스팸</b> 대응센터에는 개인 번호로 'cc취금이니~?', 'cc♥welcome 100%~' 등의 문구가 포함된 스팸이 발송돼 이동통신 서비스가 정지됐다는 신고가 다수 접수됐다. 이처럼 대량 스팸 발송에 악용된 번호는 통신사 약관에... ",https://www.thepublic.kr/news/articleView.html?idxno=299500,"Wed, 01 Apr 2026 13:52:00 +0900"
악성 앱 설치 주의…사용자 번호 이용해 <b>스팸</b> 발송,최근 악성 앱 설치 이후 이용자가 인지하지 못한 채 <b>불법 스팸</b> 발송자가 돼 이동전화 서비스가 정지되는 피해가 발생하고 있습니다. 방송미디어통신위원회는 '티비위키' 등 불법 동영상 재생 앱을 설치한 이용자의... ,https://science.ytn.co.kr/program/view.php?mcd=0082&hcd=&key=202604011103467128,"Wed, 01 Apr 2026 13:26:00 +0900"
"KISA-120다산콜재단, AI 상담 고도화 맞손","118상담센터는 해킹과 바이러스, 개인정보 침해, <b>불법 스팸</b> 등 국민 생활과 밀접한 사이버 피해를 상담하는 대표 창구다. KISA는 앞서 AI 산업 발전과 공공데이터 개방 정책에 맞춰 118상담센터 전화 상담 데이터를... ",https://n.news.naver.com/mnews/article/018/0006247303?sid=105,"Wed, 01 Apr 2026 12:02:00 +0900"
"비식별 데이터로 안전하게…KISA, 120다산콜 AI 상담 고도화","118상담센터는 해킹, 바이러스, 개인정보 침해, <b>불법 스팸</b> 등 국민 생활과 밀접한 사이버 고충을 상담하는 창구로 지난 2010년 개소했다. 앞서 KISA는 AI 산업 발전을 위한 공공데이터 개방 정책에 따라 118상담센터의... ",https://n.news.naver.com/mnews/article/001/0015995326?sid=105,"Wed, 01 Apr 2026 12:00:00 +0900"
<b>불법</b> 동영상 앱 설치했다가 날벼락...‘휴대폰 정지’ 주의보,악성 앱을 설치한 후 자신도 모르는 사이에 <b>불법스팸</b> 발송자가 돼 이동전화 서비스가 중지되는 피해가 발생하고 있어 주의가 요구된다. 방송미디어통신위원회는 최근 불법 동영상 재생 앱(티비위키 등)을 설치한... ,https://n.news.naver.com/mnews/article/011/0004605711?sid=105,"Wed, 01 Apr 2026 06:25:00 +0900"
&quot;악성 앱 깔면 내 번호로 <b>스팸</b> 발송&quot;…주의 필요해,"실제 <b>불법스팸</b> 대응센터(☎118)에는 'cc취금이니~?', 'cc♥welcome 100%~' 등의 문구로 시작하는 스팸이 개인 번호로 발송돼 서비스가 중지됐다는 신고가 다수 접수됐습니다. 이렇게 대량 <b>불법스팸</b> 발송에 악용된 번호는... ",https://n.news.naver.com/mnews/article/055/0001344833?sid=102,"Wed, 01 Apr 2026 05:40:00 +0900"
"&quot;<b>불법</b> 앱 깔았다가 <b>스팸</b> 발송자 낙인&quot;…방미통위, '악성앱' 주의보",악성 앱을 설치한 후 자신도 모르는 사이에 <b>불법스팸</b> 발송자가 되어 이동전화 서비스가 중지되는 피해가 발생하고 있어 주의가 요구된다. 방송미디어통신위원회(위원장 김종철)는 최근 불법 동영상 재생 앱(티비위키 등)... ,https://n.news.naver.com/mnews/article/448/0000600446?sid=100,"Tue, 31 Mar 2026 18:27:00 +0900"
<b>불법</b> 앱 깔았다가 <b>스팸</b> 발송자 낙인… 휴대전화 정지 피해 속출,실제 <b>불법스팸</b> 대응센터 118에는 ‘cc취금이니~?’ ‘cc♥welcome 100%~’ 등의 문구로 시작하는 스팸이 개인 번호로 발송돼 서비스가 중지됐다는 신고가 다수 접수됐다. 이렇게 대량 <b>불법스팸</b> 발송에 악용된 번호는... ,https://n.news.naver.com/mnews/article/366/0001153084?sid=105,"Tue, 31 Mar 2026 16:43:00 +0900"
내가 <b>스팸</b> 발송자?...알고 보니 '<b>불법</b> 동영상 앱' 때문,"실제 <b>불법스팸</b> 대응센터(☎118)에는 'cc취금이니~?', 'cc♥welcome 100%~' 등의 문구로 시작하는 스팸이 개인 번호로 발송돼 서비스가 중지됐다는 신고가 접수된 것으로 확인됐습니다. 방미통위는 이렇게 대량 <b>불법스팸</b> 발송에... ",https://n.news.naver.com/mnews/article/057/0001942426?sid=100,"Tue, 31 Mar 2026 16:40:00 +0900"
'악성 앱' 잘못 설치하면 <b>불법 스팸</b> 발송자 된다…다수 사례에 주의 요...,악성 앱을 설치한 후 자신도 모르게 <b>불법 스팸</b> 메시지가 발송돼 이동전화 서비스가 중지되는 피해가 발생하고 있어 주의가 요구된다. 31일 방송미디어통신위원회에 따르면 최근 '티비위키' 등 불법 동영상 재생 앱을... ,https://n.news.naver.com/mnews/article/656/0000172664?sid=102,"Tue, 31 Mar 2026 16:02:00 +0900"
“내가 <b>불법스팸</b> 발송자?”…악성앱 하나에 휴대폰 정지,악성 앱을 설치한 뒤 자신도 모르는 사이에 <b>불법스팸</b> 발송자가 되어 이동전화 서비스가 중지되는 피해가 발생하고 있어 이용자 주의가 요구된다. 31일 방송미디어통신위원회에 따르면 최근 방미통위와 한국인터넷진흥원... ,https://n.news.naver.com/mnews/article/138/0002222757?sid=105,"Tue, 31 Mar 2026 16:01:00 +0900"
“공짜 영화 보려다 <b>스팸</b> 발송자됩니다”…방미통위 주의보,"실제 <b>불법스팸</b> 대응센터(☎118)에는 ‘cc취금이니~?’, ‘cc♥welcome 100%~’ 등의 문구로 시작하는 스팸이 개인 번호로 발송돼 서비스가 중지됐다는 신고가 다수 접수됐습니다. 이렇게 대량 <b>불법스팸</b> 발송에 악용된 번호는... ",https://n.news.naver.com/mnews/article/056/0012152817?sid=103,"Tue, 31 Mar 2026 15:57:00 +0900"
&quot;<b>불법</b> 동영상 앱 깔았다가 <b>스팸</b> 발송자 됐다&quot;…악성 앱 설치 주의보,악용된 번호는 이용 정지·보상도 불가…소명 자료 제출해야 출처를 알 수 없는 악성 앱을 설치한 뒤 자신도 모르게 <b>불법 스팸</b> 발송자가 돼 이동전화 서비스가 중지되는 피해 사례가 발생하고 있다. 31일... ,https://n.news.naver.com/mnews/article/586/0000125696?sid=101,"Tue, 31 Mar 2026 15:44:00 +0900"
[카드] 방미통위 &quot;악성 앱 설치 시 <b>스팸</b> 발송 주의&quot;,방송미디어통신위원회(이하 방미통위)는 최근 불법 동영상 재생 앱을 설치한 이용자의 번호로 다른 사람들에게 도박 사이트 접속 등의 <b>불법스팸</b>을 대량 발송하는 피해가 있어 31일 이용자들의 주의를 당부한다고 밝혔다.,http://www.newsprime.co.kr/news/article.html?no=728760,"Tue, 31 Mar 2026 15:42:00 +0900"
&quot;공짜 드라마 보려다 <b>스팸</b> 발송자 된다&quot; <b>불법</b> 영상 앱 설치 주의,방미통위와 한국인터넷진흥원(KISA)이 운영하는 '<b>불법스팸</b> 대응센터'에서 최근 도박 사이트 접속을 유도하는 <b>불법스팸</b> 문자가 개인 이용자들의 번호로 대량 발송돼 번호가 정지됐다는 신고가 접수됐다. 티비위키 등 불법... ,https://n.news.naver.com/mnews/article/014/0005500249?sid=105,"Tue, 31 Mar 2026 15:32:00 +0900"
"&quot;악성 앱 설치하면 내 번호로 <b>스팸</b> 발송&quot;…방미통위, 주의 당부","실제 <b>불법스팸</b> 대응센터(☎118)에는 'cc취금이니~?', 'cc♥welcome 100%~' 등의 문구로 시작하는 스팸이 개인 번호로 발송돼 서비스가 중지됐다는 신고가 다수 접수됐습니다. 이렇게 대량 <b>불법스팸</b> 발송에 악용된 번호는... ",https://n.news.naver.com/mnews/article/422/0000850022?sid=105,"Tue, 31 Mar 2026 15:30:00 +0900"
악성 앱 깔았다가 내 번호로 <b>스팸</b>문자 발송… 주의 요구,"실제 <b>불법스팸</b> 대응센터(☎118)에는 'cc취금이니~?', 'cc♥welcome 100%~' 등의 문구로 시작하는 스팸이 개인 번호로 발송되면서 이동전화 서비스가 중지됐다는 신고가 다수 접수됐다. 이처럼 대량 <b>불법 스팸</b> 발송에 악용된... ",https://n.news.naver.com/mnews/article/654/0000173246?sid=102,"Tue, 31 Mar 2026 15:25:00 +0900"
앱 잘못 깔았다가 '<b>스팸</b> 발송자' 됐다,"방통위와 한국인터넷진흥원(KISA)이 운영하는 '<b>불법스팸</b> 대응센터'에는 최근 'cc취금이니~?', 'cc♥welcome 100%~' 등 도박 사이트 접속을 유도하는 <b>불법 스팸</b> 문자가 개인 이용자들의 번호로 대량 발송됐다는 신고가 쏟아지고... ",https://www.thereport.co.kr/news/articleView.html?idxno=86059,"Tue, 31 Mar 2026 15:16:00 +0900"
모르는 앱 깔았다 '<b>스팸</b> 폭탄' 공범된다…<b>불법</b> 동영상 앱 주의보,악성 앱을 설치한 후 자신도 모르는 사이에 <b>불법스팸</b> 발송자가 돼 이동전화 서비스가 중지되는 피해가 발생하고 있어 주의가 요구된다. 방송미디어통신위원회는 최근 불법 동영상 재생 앱(티비위키 등)을 설치한... ,https://n.news.naver.com/mnews/article/119/0003075328?sid=105,"Tue, 31 Mar 2026 15:15:00 +0900"
&quot;악성 앱 깔면 내 번호로 <b>스팸</b> 발송&quot;…주의 필요해,"실제 <b>불법스팸</b> 대응센터(☎118)에는 'cc취금이니~?', 'cc♥welcome 100%~' 등의 문구로 시작하는 스팸이 개인 번호로 발송돼 서비스가 중지됐다는 신고가 다수 접수됐다. 이렇게 대량 <b>불법스팸</b> 발송에 악용된 번호는... ",https://n.news.naver.com/mnews/article/001/0015992859?sid=100,"Tue, 31 Mar 2026 14:55:00 +0900"
&quot;공짜 영화의 대가는 번호 정지?&quot; 악성 앱 설치가 부른 <b>스팸</b> 참사,최근 악성 앱 설치 후 자신도 모르는 새 <b>불법스팸</b> 발송자가 돼 이동전화 서비스가 중지되는 피해 사례가 발생하고 있는 것으로 나타났다. 방송미디어통신위원회는 최근 ‘티비위키’ 등 불법 동영상 재생 앱을 설치한... ,https://n.news.naver.com/mnews/article/003/0013857369?sid=105,"Tue, 31 Mar 2026 14:44:00 +0900"
방미통위 “악성 앱 잘못 설치하면 <b>불법스팸</b> 발송자로⋯ 주의 필요”,악성 앱을 설치한 후 자신도 모르는 사이에 <b>불법스팸</b> 발송자가 되어 이동전화 서비스가 중지되는 피해가 발생하고 있어 주의가 요구된다. 방송미디어통신위원회(방미통위)는 31일 최근 불법 동영상 재생 앱(티비위키 등)... ,https://www.viva100.com/article/20260331501038,"Tue, 31 Mar 2026 14:40:00 +0900"
티비위키? &quot;<b>불법</b> 동영상앱으로 도박 <b>스팸</b> 주의하세요&quot;,"대량 <b>불법스팸</b> 발송에 악용된 번호는 이동통신사업자들의 이용 약관상 이용 정지될 수 있으며, 보상을 받을 수 없다. 최근 방미통위와 한국인터넷진흥원(KISA)이 운영하는 ‘<b>불법스팸</b> 대응센터’엔 ‘cc취금이니~?’, ‘cc... ",https://n.news.naver.com/mnews/article/092/0002416901?sid=105,"Tue, 31 Mar 2026 14:37:00 +0900"
네이버 메일 방치하면 사라진다…6개월 미사용 시 ‘차단’,"장기간 방치된 계정을 악용한 <b>스팸</b>, 해킹 등 보안 위험을 차단하기 위한 조치다. 휴면 계정으로 전환되면 기존... 실제로 장기 미사용 계정은 해킹 시도나 <b>불법</b> 광고 발송 등에 악용될 가능성이 높아 주요 플랫폼들이 유사한... ",http://www.metroseoul.co.kr/article/20260331500321,"Tue, 31 Mar 2026 14:30:00 +0900"
<b>불법스팸</b> 강력 제재...매출액 최대 6% 과징금,정보통신망법 일부개정안 국무회의 통과 부당이익은 몰수·추징 투데이e코노믹 = 우혜정 기자 | <b>불법스팸</b> 전송자와 관련 사업자에 대한 제재가 대폭 강화된다. 단순 과태료 중심의 기존 규제에서 벗어나 매출 연동 과징금과... ,https://www.todayeconomic.com/news/article.html?no=30046,"Sun, 29 Mar 2026 17:34:00 +0900"
KT &quot;<b>불법</b> 스트리밍 사이트 주의&quot;···삭제 권고·스미싱 경고,최근 정식 앱마켓을 통하지 않은 악성 불법 스트리밍을 통해 사용자 동의 없이 도박 문자 등 <b>불법 스팸</b> 문자가 발송되는 사례가 발견돼서다. 29일 업계에 따르면 KT는 최근 공식 홈페이지 내 '불법 스트리밍 앱으로 인한... ,http://www.enewstoday.co.kr/news/articleView.html?idxno=2412036,"Sun, 29 Mar 2026 14:16:00 +0900"
"&quot;잘못하면 번호 정지됩니다&quot;…KT, 악성 사이트 통한 스미싱 경고",KT가 최근 악성 불법 스트리밍 앱을 통한 악성앱 설치 유도 및 <b>불법 스팸</b>문자 발송 사례 등이 나타나고 있다며 이용자 주의를 당부했다. 29일 업계에 따르면 KT는 지난 27일 공식 홈페이지 공지를 통해 “최근 정식 앱마켓을... ,https://n.news.naver.com/mnews/article/003/0013852148?sid=105,"Sun, 29 Mar 2026 09:50:00 +0900"
KT &quot;<b>불법</b> 스트리밍 악성행위 탐지&quot;…삭제 권고·이용자 주의 당부,KT는 &quot;최근 정식 앱마켓을 통하지 않은 악성 불법 스트리밍을 통해 사용자 동의 없이 도박 문자 등 <b>불법 스팸</b> 문자가 발송되는 사례가 탐지되고 있다&quot;며 이용자 주의를 당부했다. KT는 최근 공식 홈페이지 내 '불법 스트리밍... ,https://n.news.naver.com/mnews/article/031/0001017644?sid=105,"Sun, 29 Mar 2026 06:26:00 +0900"
취업 준비하고 영화 봤을 뿐인데…줄줄이 새는 개인정보,한국인터넷진흥원(KISA)은 25일 권고문을 통해 &quot;최근 정식 앱마켓을 통하지 않은 악성 불법 스트리밍 앱을 통해 사용자 동의 없이 도박 문자 등 <b>불법 스팸</b> 문자가 발송되는 사례가 탐지되고 있어 주의가 필요하다&quot;고... ,https://n.news.naver.com/mnews/article/138/0002222384?sid=105,"Sat, 28 Mar 2026 09:01:00 +0900"
나도 모르게 빠져드는 ‘유명인 리딩방 광고’의 늪,"과거 사기꾼들이 <b>스팸</b> 문자나 무작위 전화를 활용했다면, 이제는 유튜브의 정교한 타기팅 알고리즘을... 건의 <b>불법</b> 금융 광고가 처리되지 못한 채 쌓여 있는 실정이다. “플랫폼이 광고 수익만 챙기고 범죄의 출입구... ",https://n.news.naver.com/mnews/article/262/0000019268?sid=102,"Fri, 27 Mar 2026 07:02:00 +0900"
[디벗과보안] ③ 창보다 빠른 방패 ‘AI’…온디바이스 보안으로 청소년...,"유해하거나 <b>불법</b>적인 사이트인지 판별해 실시간으로 화면을 차단하는 것이 가능합니다. 예컨대, 접속한... 이는 전년 대비 35% 가량 증가한 수치로 음성 <b>스팸</b>·보이스피싱 통화 2억5000만건(전년 대비 119% 증가), <b>스팸</b>... ",https://www.inthenews.co.kr/news/article.html?no=84807,"Fri, 27 Mar 2026 06:00:00 +0900"
"카페24, 쇼핑몰 게시판 '<b>스팸</b> 게시글 자동 삭제' 기능 선보여","온라인 쇼핑몰 운영 시 리뷰, Q&amp;A, 자유게시판 등에 유입되는 도박·성인·<b>불법</b>대출 관련 <b>스팸</b> 게시글은 단순한 <b>스팸</b> 이상의 문제를 일으킨다. 특히 검색엔진에 활발히 노출되는 쇼핑몰일수록 <b>스팸</b>의 주요 타깃이 되기... ",https://n.news.naver.com/mnews/article/050/0000104171?sid=101,"Thu, 26 Mar 2026 15:55:00 +0900"
“번호 어디서 났어요?”… 선거 <b>스팸</b> 문자 뿌린 후보자 ‘시정명령’ ...,개인정보를 <b>불법</b>으로 수집하거나 이용하는 구태 의연한 선거운동 방식에 제동이 걸렸다.... 실제로 선거철마다 기승을 부리는 '<b>스팸</b>성 문자'에 대한 유권자의 대응 요령도 구체화됐다. 유권자는 선거사무소가 정보 수집... ,https://www.daily365.news/2026/03/26/%eb%b2%88%ed%98%b8-%ec%96%b4%eb%94%94%ec%84%9c-%eb%82%ac%ec%96%b4%ec%9a%94-%ec%84%a0%ea%b1%b0-%ec%8a%a4%ed%8c%b8-%eb%ac%b8%ec%9e%90-%eb%bf%8c%eb%a6%b0-%ed%9b%84%eb%b3%b4/,"Thu, 26 Mar 2026 11:30:00 +0900"
‘<b>불법 스팸</b>’ 매출 최대 6% 과징금 부과,<b>불법 스팸</b> 전송자와 사업자에 대한 과징금 등 제재가 강화됩니다. 방송미디어통신위원회는 오늘 <b>불법 스팸</b> 전송자와 <b>불법 스팸</b> 방지 의무를 소홀히 한 사업자에게 관련 매출액의 6% 이하 과징금을 부과하는 내용의... ,https://n.news.naver.com/mnews/article/056/0012148268?sid=105,"Tue, 24 Mar 2026 17:16:00 +0900"
<b>불법스팸</b> 강력 제재…매출 6% 과징금·이익 몰수,"정부가 <b>불법스팸</b> 전송자와 관련 사업자에 대해 매출액의 최대 6%까지 과징금을 부과하고, 부당 이익을 몰수·추징한다. 방송미디어통신위원회는 24일 <b>불법스팸</b> 관련 과징금 부과와 부당 이익 환수 등을 규정한 '정보통신망... ",https://n.news.naver.com/mnews/article/029/0003017852?sid=105,"Tue, 24 Mar 2026 16:57:00 +0900"
<b>불법스팸</b> 전송 시 매출액 6% 이하 과징금 부과 … 부당이익 몰수,뉴데일리 김성현 기자 = <b>불법스팸</b> 사업자에 대한 제재가 과태료 처분에서 과징금으로 상향 조정된다. <b>불법스팸</b> 전송으로 취득한 부당이익은 몰수하는 등 어떠한 이득도 얻지 못하게 하겠다는 취지다.... ,https://biz.newdaily.co.kr/site/data/html/2026/03/24/2026032400404.html,"Tue, 24 Mar 2026 16:56:00 +0900"
개인정보 유출 반복 시 매출액 따라 과징금,"<b>불법 스팸</b>에 대한 규제도 강화됐다. 광고성 정보 전송 위반 시 매출액의 최대 6% 내에서 과징금을 부과할 수 있게 됐다. 그동안 <b>불법 스팸</b>에 대한 규제는 3000만원 이하의 과태료에 그쳤는데, 앞으로는 부당이익을 전액... ",https://www.dnews.co.kr/uhtml/view.jsp?idxno=202603241637585480482,"Tue, 24 Mar 2026 16:42:00 +0900"
<b>불법스팸</b> 전송 시 매출액 6% 과징금... 부당이익 전액 몰수,퍼블릭타임스=방송미디어통신위원회는 <b>불법스팸</b> 전송자와 관련 사업자에게 과징금을 부과하고 부당이익을 몰수하거나 추징하는 법적 근거를 마련했다고 24일 밝혔다. 이번 조치는 정보통신망 이용촉진 및 정보보호 등에... ,https://www.public25.com/news/articleView.html?idxno=42514,"Tue, 24 Mar 2026 16:26:00 +0900"
"<b>불법스팸</b> 관련자, 매출액 6% 이하 과징금 내야","<b>불법스팸</b> 전송자와 사업자는 앞으로 매출액의 6% 이하의 과징금을 내야 하고, 악성스팸 전송자의 부당이익은 몰수·추징된다. 방송미디어통신위원회는 24일 <b>불법스팸</b> 관련 과징금 부과 및 부당이익 환수 등을 규정한... ",https://it.chosun.com/news/articleView.html?idxno=2023092159145,"Tue, 24 Mar 2026 16:24:00 +0900"
"<b>불법스팸</b> 관련자, 매출액 6% 이하 과징금",알 수 없는 출처의 앱 설치 차단 방법 ⓒ방송미디어통신위원회 방송미디어통신위원회는 <b>불법스팸</b> 관련 과징금 부과 및 부당이익 환수 등을 규정한 '정보통신망 이용촉진 및 정보보호 등에 관한 법률' 일부개정 법률안이... ,http://www.sisafocus.co.kr/news/articleView.html?idxno=357647,"Tue, 24 Mar 2026 16:16:00 +0900"
<b>불법 스팸</b> 전송 시 매출액 6% 이하 과징금…부당이익도 몰수,이투데이=김연진 기자 | <b>불법 스팸</b> 전송자와 사업자는 앞으로 매출액의 6% 이하 과징금을 내야 한다. 악성 스팸 전송자의 부당 이익은 몰수‧추징된다. 방송미디어통신위원회는 24일 <b>불법 스팸</b> 관련 과징금 부과 및 부당... ,https://www.etoday.co.kr/news/view/2568788,"Tue, 24 Mar 2026 16:14:00 +0900"
<b>불법스팸</b>문자 전송하면 매출액 6% 과징금 낸다,"앞으로 <b>불법스팸</b> 전송자와 사업자는 매출액의 6% 이하의 과징금을 내야 하고, 악성스팸 전송자의 부당이익은 몰수·추징된다. 방송미디어통신위원회는 24일 <b>불법스팸</b> 관련 과징금 부과 및 부당이익 환수 등을 규정한... ",https://n.news.naver.com/mnews/article/215/0001246438?sid=101,"Tue, 24 Mar 2026 15:50:00 +0900"
<b>불법스팸</b> 전송 시 매출액 6% 이하 과징금…부당이익 몰수·추징,"<b>불법스팸</b> 전송자와 사업자는 앞으로 매출액의 6% 이하 과징금을 내야 하고, 부당이익은 몰수·추징된다. 방송미디어통신위원회는 24일 <b>불법스팸</b> 관련 과징금 부과 및 부당이익 환수 등을 규정한 '정보통신망 이용촉진 및... ",https://www.korea.kr/news/policyNewsView.do?newsId=148961346&call_from=naver_news,"Tue, 24 Mar 2026 15:48:00 +0900"
"“<b>스팸</b>으로 번 돈, 이젠 전부 환수한다”",앞으로 <b>불법 스팸</b> 전송자와 관련 사업자는 매출액의 최대 6%에 해당하는 과징금을 부과받고 악성 스팸 전송으로 얻은 부당이익은 몰수·추징된다. 방송미디어통신위원회는 24일 이 같은 내용을 담은 ‘정보통신망 이용촉진... ,https://n.news.naver.com/mnews/article/138/0002221805?sid=105,"Tue, 24 Mar 2026 15:40:00 +0900"
<b>불법스팸</b> 적발 시 매출 6% 과징금…부당이익도 몰수,앞으로 <b>불법스팸</b> 전송자와 관련 사업자에 대해 매출액의 최대 6%까지 과징금을 부과하고 부당이익을 몰수·추징할 수 있게 됩니다. 방송미디어통신위원회는 이 같은 내용을 담은 '정보통신망 이용촉진 및 정보보호 등에... ,https://n.news.naver.com/mnews/article/374/0000499969?sid=101,"Tue, 24 Mar 2026 15:32:00 +0900"
&quot;매출 6% 과징금에 수익 몰수&quot; <b>불법스팸</b> 제재 강화,<b>불법 스팸</b> 전송자와 관련 사업자에 대한 제재가 대폭 강화된다. 불법 사업자에 대한 과징금이 매출액 6% 이하로 책정되며 부당이익은 몰수한다. 방송미디어통신위원회는 이같은 내용의 <b>불법 스팸</b> 과징금 부과와 부당이익... ,https://www.safetimes.co.kr/news/articleView.html?idxno=241093,"Tue, 24 Mar 2026 15:08:00 +0900"
"방미통위, <b>불법스팸</b> 과징금 매출 최대 6% 부과…&quot;피해방지 기대&quot;",<b>불법 스팸</b> 전송자와 사업자는 매출액의 6% 이하의 과징금을 내는 제도가 마련됐다. 악성 스팸일 경우에는 부당 이익이 전액 몰수된다. 방송미디어통신위원회(방미통위)는 24일 <b>불법 스팸</b> 관련 과징금 부과 및 부당 이익 환수... ,https://n.news.naver.com/mnews/article/277/0005739304?sid=105,"Tue, 24 Mar 2026 15:06:00 +0900"
<b>불법스팸</b> 제재 대폭 강화…관련자 매출액 6% 이하 과징금,<b>불법스팸</b> 전송자와 관련 사업자에 대한 제재가 대폭 강화된다. 앞으로 <b>불법스팸</b> 전송자와 스팸 방지 의무를 소홀히 한 사업자는 관련 매출액의 6% 이하 과징금을 부과받게 된다. 악성 스팸 전송자가 얻은 부당이익에... ,https://n.news.naver.com/mnews/article/018/0006241811?sid=105,"Tue, 24 Mar 2026 15:00:00 +0900"
"해킹 조사 자료 제출 안 한 기업, ‘이행강제금’ 낸다","정보통신망법 개정안은 <b>불법스팸</b> 전송자와 <b>불법스팸</b> 방지 의무를 소홀히 한 사업자에 대해 관련 매출액의 6% 이하 과징금을 부과하고, 전송자의 부당이익을 몰수·추징하는 내용도 담고 있다. 정보통신망법 개정안은... ",https://n.news.naver.com/mnews/article/032/0003435325?sid=105,"Tue, 24 Mar 2026 14:58:00 +0900"
<b>불법스팸</b> 전송하면 매출액 6% 이하 과징금 낸다,방송미디어통신위원회는 <b>불법스팸</b> 관련 과징금 부과 및 부당이익 환수 등을 규정한 정보통신망 이용촉진 및 정보보호 등에 관한 법률 일부개정 법률안이 국무회의를 통과했다고 24일 밝혔다. 이날 의결된 법률안은... ,https://n.news.naver.com/mnews/article/014/0005496533?sid=105,"Tue, 24 Mar 2026 14:55:00 +0900"
"방미통위 &quot;<b>불법스팸</b> 전송자·사업자, 매출액 6% 이하 과징금 내야&quot;","개정안은 <b>불법스팸</b> 전송자와 방지 의무를 소홀히 한 사업자에게 관련 매출액 6% 이하 과징금을 부과하고, 불법 광고성 정보 전송으로 얻은 부당이익은 몰수·추징하는 내용을 담고 있다. 기존 제재는 3000만원 이하 과태료에... ",https://www.digitaltoday.co.kr/news/articleView.html?idxno=644761,"Tue, 24 Mar 2026 14:50:00 +0900"
지겨운 ‘<b>불법스팸</b>’…방미통위 “매출 최대 6% 과징금”,"<b>불법 스팸</b> 전송자와 사업자는 앞으로 매출액의 6% 이하의 과징금을 내야 하고, 악성일 경우에는 부당 이익이 몰수·추징됩니다. 방송미디어통신위원회(위원장 김종철)는 오늘(24일) <b>불법 스팸</b> 관련 과징금 부과 및 부당 이익... ",https://n.news.naver.com/mnews/article/056/0012148141?sid=105,"Tue, 24 Mar 2026 14:37:00 +0900"
<b>불법스팸</b> 과징금 최대 6% 부과…부당이익 몰수·추징,<b>불법스팸</b> 전송자와 사업자에 대한 제재가 대폭 강화된다. 관련 매출의 최대 6%까지 과징금이 부과되고 부당이익은 환수된다. 방송미디어통신위원회는 24일 <b>불법스팸</b> 과징금 부과와 부당이익 환수 내용을 담은 '정보통신망... ,https://n.news.naver.com/mnews/article/031/0001016219?sid=105,"Tue, 24 Mar 2026 14:26:00 +0900"
“<b>불법스팸</b> 뿌리 뽑는다”… 전송자·관리 소홀 사업자에 매출 6% 과징금...,"<b>불법스팸</b> 전송자와 관련 사업자에 대해 매출액의 최대 6%까지 과징금을 부과하고, 광고성 정보 전송으로 얻은 부당이익을 몰수·추징할 수 있는 법적 근거가 마련됐다. 방송미디어통신위원회는 24일 국무회의에서 이 같은... ",https://n.news.naver.com/mnews/article/366/0001151103?sid=105,"Tue, 24 Mar 2026 14:25:00 +0900"
"방미통위, <b>불법스팸</b> 과징금 최대 6% 부과···부당이익 몰수·추징",<b>불법스팸</b> 전송자와 사업자는 앞으로 매출액의 6% 이하 과징금을 내야 한다. 악성스팸 전송자의 부당이익 역시 몰수·추징된다. 방송미디어통신위원회(방미통위)는 24일 <b>불법스팸</b> 관련 과징금 부과 및 부당이익 환수 등을... ,http://www.enewstoday.co.kr/news/articleView.html?idxno=2409948,"Tue, 24 Mar 2026 14:19:00 +0900"
'<b>불법스팸</b>' 보내면 매출액 6% 이하 과징금… 부당이익 몰수·추징,앞으로 <b>불법스팸</b> 전송자와 사업자에게 매출액의 6% 이하의 과징금이 부과되고 악성스팸 전송자의 부당이익이 몰수·추징된다. 방송미디어통신위원회(방미통위)는 <b>불법스팸</b> 관련 과징금 부과 및 부당이익 환수 등을 규정한... ,https://www.newscj.com/news/articleView.html?idxno=3387780,"Tue, 24 Mar 2026 14:14:00 +0900"
<b>불법스팸</b> 과징금 최대 매출 6%…부당이익 몰수,"/사진=방송미디어통신위원회 로고 방송미디어통신위원회는 <b>불법스팸</b> 전송자와 관련 사업자에 대해 매출액의 최대 6%까지 과징금을 부과하고, 부당이익을 몰수·추징할 수 있는 법적 근거가 마련됐다고 24일 밝혔다.... ",http://www.issuenbiz.com/news/articleView.html?idxno=74616,"Tue, 24 Mar 2026 14:04:00 +0900"
<b>불법스팸</b> 과징금 '매출 최대 6%'…부당이익 몰수,<b>불법스팸</b> 전송자와 관련 사업자에 대해 매출액의 최대 6%까지 과징금을 부과하고 부당이익을 몰수·추징하는 법적 근거가 마련됐다. 방송미디어통신위원회는 24일 이 같은 내용을 담은 '정보통신망 이용촉진 및 정보보호... ,https://n.news.naver.com/mnews/article/448/0000598708?sid=100,"Tue, 24 Mar 2026 14:02:00 +0900"
<b>불법스팸</b> 과징금 '매출 최대 6%'…부당이익 몰수한다,국무회의 통과…과태료→매출연동 제재로 전환 <b>불법스팸</b> 전송자와 관련 사업자에 대해 매출액의 최대 6%까지 과징금을 부과하고 부당이익을 몰수·추징하는 법적 근거가 마련됐다. 방송미디어통신위원회는 24일 이 같은... ,https://n.news.naver.com/mnews/article/001/0015978319?sid=102,"Tue, 24 Mar 2026 13:56:00 +0900"
<b>불법스팸</b> 과징금 매출 6%로 상향…부당이익 몰수·추징까지 가능,"<b>불법스팸</b> 전송자와 방지 의무를 소홀히 한 사업자에게 매출의 6% 이하 과징금을 부과하고, 악성 스팸 전송자의 부당이익을 몰수·추징할 수 있도록 하는 법률안이 국무회의를 통과했다. 기존의 최대 3000만원 과태료... ",https://www.newsworks.co.kr/news/articleView.html?idxno=835221,"Tue, 24 Mar 2026 13:44:00 +0900"
"방미통위, <b>불법스팸</b> 과징금 최대 6% 부과…부당이익 환수 강화",24일 국무회의 의결 아주경제=나선혜 기자 hisunny20@ajunews.com <b>불법스팸</b> 전송자와 사업자는 앞으로 매출액의 6% 이하 과징금을 내야하고 악성스팸 전송자의 부당이익은 몰수·추징된다. 방송미디어통신위원회(방미통위)는... ,https://www.ajunews.com/view/20260324133636362,"Tue, 24 Mar 2026 13:40:00 +0900"
<b>불법스팸</b> 보내면 '매출 6% 과징금'…&quot;이익보다 더 크게 때린다&quot;,방송미디어통신위원회는 <b>불법스팸</b>에 대한 과징금 부과와 부당이익 환수를 담은 정보통신망법 개정안이 국무회의를 통과했다고 24일 밝혔다. 이번 개정안의 핵심은 '스팸으로 벌면 그 이상을 물게 한다'는 것이다. 불법... ,https://n.news.naver.com/mnews/article/079/0004128377?sid=101,"Tue, 24 Mar 2026 13:35:00 +0900"
통신사 최적요금제 고지 의무화…사용량 분석해 적합한 요금 알려야,"이날 국무회의에서는 <b>불법스팸</b> 전송자와 이를 방조한 사업자에게 매출액 6% 이하의 과징금을 부과하고, 악성스팸 전송자의 부당이익을 몰수·추징하는 내용의 정보통신망법 개정안도 통과됐다.",https://n.news.naver.com/mnews/article/030/0003410662?sid=105,"Tue, 24 Mar 2026 13:33:00 +0900"
'악성<b>스팸</b> 전송자' 부당이익 몰수…방미통위 &quot;국민 피해 방지&quot;,"<b>불법스팸</b> 전송자와 사업자는 앞으로 매출액의 6% 이하의 과징금을 내야 하고, 악성스팸 전송자의 부당이익은 몰수·추징된다. 방송미디어통신위원회(위원장 김종철)는 24일 <b>불법스팸</b> 관련 과징금 부과 및 부당이익 환수... ",https://n.news.naver.com/mnews/article/448/0000598689?sid=100,"Tue, 24 Mar 2026 13:30:00 +0900"
<b>불법 스팸</b> 전송하면 매출액 6% 과징금 낸다,"<b>불법스팸</b> 전송자와 사업자는 앞으로 매출액의 6% 이하의 과징금을 내게 된다. 또 악성스팸 전송자의 부당이익은 몰수, 추징된다. 방송미디어통신위원회는 24일 <b>불법스팸</b> 관련 과징금 부과와 부당이익 환수 등을 규정한... ",https://n.news.naver.com/mnews/article/092/0002415837?sid=105,"Tue, 24 Mar 2026 13:27:00 +0900"
'<b>불법스팸</b>' 매출액 6% 이하 과징금 부과…부당이득은 몰수·추징,<b>불법스팸</b> 사업자에 대한 제재가 과태료에서 과징금으로 상향된다. 또 악성스팸을 전송한 경우 부당이익은 몰수·추징된다. <b>불법스팸</b>으로 어떤 이득도 얻을 수 없게 하겠다는 취지다. 방송미디어통신위원회는 24일 이같은... ,https://n.news.naver.com/mnews/article/003/0013842234?sid=105,"Tue, 24 Mar 2026 13:25:00 +0900"
"<b>스팸</b> 팔아 번 돈, 다 뱉는다… 정부, 매출 6% 과징금 ‘폭탄’ 투하",(사진=경찰청) 국민의 일상을 침해하는 <b>불법 스팸</b> 전송자와 이를 방조한 사업자들이 앞으로는 벌어들인 수익보다 훨씬 큰 경제적 타격을 입게 된다. 방송미디어통신위원회(이하 방미통위)는 24일 열린 국무회의에서 불법... ,https://www.daily365.news/2026/03/24/%ec%8a%a4%ed%8c%b8-%ed%8c%94%ec%95%84-%eb%b2%88-%eb%8f%88-%eb%8b%a4-%eb%b1%89%eb%8a%94%eb%8b%a4-%ec%a0%95%eb%b6%80-%eb%a7%a4%ec%b6%9c-6-%ea%b3%bc%ec%a7%95%ea%b8%88-%ed%8f%ad/,"Tue, 24 Mar 2026 13:21:00 +0900"
<b>불법스팸</b> 보내면 매출액 6% 이하 과징금 내야,"<b>불법스팸</b> 예시 / 방송미디어통신위원회. <b>불법스팸</b> 전송자와 사업자는 앞으로 매출액의 6% 이하의 과징금을 내야 하고 악성스팸 전송자의 부당이익은 몰수, 추징된다. 방송미디어통신위원회는 24일 <b>불법스팸</b> 관련 과징금... ",https://www.safetynews.co.kr/news/articleView.html?idxno=246991,"Tue, 24 Mar 2026 13:16:00 +0900"
<b>불법스팸</b> 수익 끊는다…매출 6% 과징금·이익 환수,<b>불법스팸</b> 전송사·사업자에게 매출액의 6% 이하 과징금을 부과하고 악성스팸 전송자의 부당이익을 몰수·추징하는 법안이 마련됐다. 방송미디어통신위원회(방미통위)는 24일 이런 내용이 담긴 '정보통신망 이용촉진 및... ,https://n.news.naver.com/mnews/article/421/0008845547?sid=105,"Tue, 24 Mar 2026 13:03:00 +0900"
"&quot;<b>스팸</b>으로 번 돈, 1원도 못 챙긴다&quot;… 매출 6% 과징금에 부당이익 몰수...",<b>불법스팸</b> 전송자와 사업자는 앞으로 매출액의 6% 이하의 과징금을 내야한다. 악성스팸 전송자의 부당이익은 몰수·추징된다. 방송미디어통신위원회는 24일 <b>불법스팸</b> 관련 과징금 부과 및 부당이익 환수 등을 규정한... ,https://n.news.naver.com/mnews/article/119/0003072710?sid=105,"Tue, 24 Mar 2026 12:57:00 +0900"
<b>불법스팸</b> 방조자도 매출액 6% 이하 과징금…부당이익은 몰수·추징,<b>불법스팸</b> 전송자와 이를 방조한 사업자는 앞으로 매출액의 6% 이하의 과징금을 부과받는다. 악성스팸 전송자의 부당이익은 몰수·추징된다. 24일 방송미디어통신위원회는 <b>불법스팸</b> 관련 과징금 부과 및 부당이익 환수 등을... ,https://n.news.naver.com/mnews/article/030/0003410630?sid=105,"Tue, 24 Mar 2026 12:55:00 +0900"
"[단독] 'AI 따발총' 저품질 블로그글 하루 100건씩...네이버, 제재 강화...","[네이버 반론] &quot;<b>스팸</b>성·매크로·도배 등 비정상적 이용행태 모니터링·제재 강화&quot; 네이버 관계자는... 또 &quot;<b>불법</b>성,도배성 등 부적합 콘텐츠를 게시하는 등 애드포스트 이용 약관이나 운영정책에 위반되는 사항이 확인되는... ",https://www.newsverse.kr/news/articleView.html?idxno=9959,"Tue, 24 Mar 2026 00:28:00 +0900"
"닉 자보 &quot;비트코인, 데이터 저장소 변질 시 붕괴&quot;...노드 운영자 처벌 경...",언제든 <b>불법</b>화할 수 있는 분산형 데이터 쓰레기통이 될 것인지가 현재 위기의 핵심이다. 비트코인 개발 진영은 현재 자보 전문가나 아담 백(Adam Back)과 같이 비금전적 데이터를 <b>스팸</b>으로 간주하는 미니멀리스트 진영과... ,http://coinreaders.com/225587,"Mon, 23 Mar 2026 03:02:00 +0900"
"KT·LGU+, '기회비용' 따져 해킹 은폐…'처벌 강화' 촉구",▲사업자 고의 또는 중과실에 의한 침해사고가 5년 이내 2회 이상 반복 발생 시 매출액의 3% 이내 과징금 부과 ▲침해 정황만으로도 정부 직권으로 민관합동조사단 구성 ▲<b>불법스팸</b> 전송·방치하는 등 정보통신망법에... ,https://www.newsway.co.kr/news/view?ud=2026031914280473397,"Thu, 19 Mar 2026 14:58:00 +0900"
[팩트추적] 피해 구제도 막막…달콤한 분양의 덫,"지식산업센터의 높은 수익률을 앞세워 <b>불법</b> 대출을 부추겼던 교묘한 속임수. 심지어 온라인 가짜 사이트까지... 이 정보가 여러 영업조직에 공유되면, 계약이 성사될 때까지 무차별적인 <b>스팸</b> 전화와 끈질긴 설득이... ",https://n.news.naver.com/mnews/article/052/0002329165?sid=004,"Wed, 18 Mar 2026 23:45:00 +0900"
"[주간보안동향] MS, 3월 보안 패치 배포…제로 클릭 공격 주의보 外","의심스러운 문자는 즉시 <b>스팸</b>으로 신고하고, 카카오톡 ‘보호나라’ 채널의 ‘스미싱·피싱 확인서비스’... 자사 플랫폼 ‘자비스(XARVIS)’로 다크웹과 텔레그램, <b>불법</b> 가상자산 네트워크 등 히든 채널을 모니터링... ",https://it.donga.com/108567/,"Tue, 17 Mar 2026 16:20:00 +0900"
"카스퍼스키, SEO <b>스팸</b> 공격 경고...숨겨진 링크로 기업 평판 훼손 사례 ...","SEO <b>스팸</b> 공격은 평판이 높은 웹사이트에 숨겨진 링크를 삽입해 음란물이나 도박 등 <b>불법</b> 콘텐츠로 연결하는 방식이다. 피해 웹사이트는 검색 순위 급락, 방문자 신뢰 하락, 법적 책임 등 심각한 결과에 직면할 수... ",https://www.hellot.net/news/article.html?no=111414,"Tue, 17 Mar 2026 16:16:00 +0900"
"카스퍼스키 &quot;공격자들, 웹사이트 최적화 도중 <b>불법</b> 링크 삽입한다&quot;","글로벌 사이버보안 기업 카스퍼스키(한국지사장 이효은)는 17일 정상적인 웹사이트에 도박, 음란물 등 <b>불법</b>... 이효은 카스퍼스키 한국지사장은 &quot;많은 기업이 온라인을 통해 사업을 확장하고 있는 한국에서는 SEO <b>스팸</b>과... ",https://n.news.naver.com/mnews/article/092/0002414755?sid=105,"Tue, 17 Mar 2026 14:43:00 +0900"
“<b>스팸</b> 의심 전화입니다” 아들보다 낫네…진화하는 스마트폰 ‘4억건 ...,국회 과학기술정보방송통신위원회 소속 조인철 의원이 방송미디어통신위원회로부터 제출받은 ‘스팸문자 탐지·신고 건수’에 따르면 지난해 <b>불법스팸</b> 신고 건수는 3억6147만건으로 역대 최고치를 기록했다.... ,https://n.news.naver.com/mnews/article/022/0004113147?sid=101,"Mon, 16 Mar 2026 15:17:00 +0900"
"카스퍼스키, 검색 엔진 최적화SEO 공격 확산 속 웹사이트 보안 점검 권고","SEO <b>스팸</b>은 기업의 디지털 신뢰도와 재무적 안정성을 조용히 훼손할 수 있는 심각한 위협이다. 이러한 숨겨진 링크는 웹사이트의 신뢰도를 악용해 <b>불법</b> 사이트의 순위를 높일 뿐 아니라, 검색 엔진과 보안 솔루션으로부터... ",https://www.thisisgame.com/articles/416989,"Mon, 16 Mar 2026 14:32:00 +0900"
"카스퍼스키, 검색 엔진 최적화(SEO) 공격 확산 속 웹사이트 보안 점검 권...","SEO <b>스팸</b>은 기업의 디지털 신뢰도와 재무적 안정성을 조용히 훼손할 수 있는 심각한 위협이다. 이러한 숨겨진 링크는 웹사이트의 신뢰도를 악용해 <b>불법</b> 사이트의 순위를 높일 뿐 아니라, 검색 엔진과 보안... ",https://www.dailysecu.com/news/articleView.html?idxno=205722,"Mon, 16 Mar 2026 13:10:00 +0900"
“검색엔진 최적화 <b>스팸</b> 공격 확산”...웹사이트 숨은 링크 점검해야,카스퍼스키는 16일 정상 웹사이트에 악성 링크를 몰래 심는 방식의 SEO <b>스팸</b>이 기업 평판과 온라인 신뢰도에 심각한 타격을 줄 수 있다고 경고했다. 공격자는 평판이 좋은 사이트에 도박이나 음란물 같은 <b>불법</b> 콘텐츠로... ,https://n.news.naver.com/mnews/article/018/0006236028?sid=105,"Mon, 16 Mar 2026 09:04:00 +0900"
&quot;한 달 131건 폭주한 쿠팡 피해 신고&quot;… 개인정보 유출·판매자 갑질 도...,시민단체가 운영한 쿠팡 피해신고센터에 한 달 동안 131건의 제보가 접수되면서 대형 플랫폼 기업의 <b>불법</b>행위와 갑질 문제를 둘러싼 논란이 다시 불붙고 있다. 소비자 피해는 개인정보 유출 이후 해킹 시도와 <b>스팸</b>전화... ,https://www.ngonews.kr/news/articleView.html?idxno=226196,"Sat, 14 Mar 2026 09:32:00 +0900"
쿠팡 신고센터 한 달 131건 신고…'해킹시도·<b>스팸</b> 증가' 최다,소비자 신고는 개인정보 유출 이후 해킹 시도 및 <b>스팸</b>피싱 전화의 증가에 관한 내용이 가장 많았다.... 기업의 <b>불법</b>적인 행위를 규제·방지하고 피해자들이 제대로 보상받기 위해서는 온라인플랫폼법과 집단소송법을... ,https://n.news.naver.com/mnews/article/421/0008825181?sid=102,"Fri, 13 Mar 2026 17:38:00 +0900"
"민생경제위원회·참여연대, 쿠팡 소비자·판매자 피해신고센터 활동 발...",소비자 신고 내용의 다수는 개인정보 유출로 이후 해킹시도 및 <b>스팸</b>·피싱 전화의 증가였으며... 이용하는 <b>불법</b>행위를 저지르고 있다는 제보도 접수되기도 했다. 신고센터는 소비자 108명에게 한국소비자원 피해구제 및... ,http://www.intn.co.kr/news/articleView.html?idxno=2049560,"Fri, 13 Mar 2026 16:36:00 +0900"
"통신 3사, 보안 관리 체제 강화···체질 개선 속도",해킹사고를 반복하거나 <b>불법 스팸</b>을 전송한 기업에게 징벌적 과징금을 부과하도록 하는 법안이 최근 국회 문턱을 넘은 가운데 SK텔레콤ㆍKTㆍLG유플러스 등 국내 통신 3사가 보안 체제 강화에 적극 나서고 있다. 13일... ,http://www.wsobi.com/news/articleView.html?idxno=307109,"Fri, 13 Mar 2026 15:06:00 +0900"
"롯데카드, 개인정보 유출에 과징금 96억…기업 보안 관리 책임 법제화 ...","국회 본회의를 통과한 '정보통신망법' 개정안은 침해사고가 반복될 경우 매출액의 최대 3%, <b>불법 스팸</b> 방치 시 최대 6%의 과징금을 부과할 수 있도록 규정했다. 올해 9월 시행을 앞둔 '개인정보보호법' 개정안은 처벌... ",https://www.pointe.co.kr/news/articleView.html?idxno=74979,"Fri, 13 Mar 2026 11:54:00 +0900"
"황정아 의원, &quot;정보통신망법 개정안 통해 해킹·<b>불법스팸</b> 제재 수위 높...",더불어민주당 황정아 의원은 자신이 대표발의한 해킹사고·<b>불법스팸</b> 대응 강화 취지가 반영된 정보통신망법 개정안이 12일 국회 본회의를 통과했다고 밝혔다. 이번... ,http://www.breaknews.com/1191458,"Fri, 13 Mar 2026 09:16:00 +0900"
[본회의] 대미투자법·가습기살균제 국가배상 등 55개 법안 통과...李 &quot;국...,또 <b>불법 스팸</b> 규제 강화를 위해 광고성 정보 전송 위반에 대한 과징금 부과 규정도 마련했다. 이번 개정안은 최근 이동통신사와 금융회사 등에서 발생한 대규모 침해사고를 계기로 추진됐다. 지난해만 해도 4월 SK텔레콤... ,https://www.polinews.co.kr/news/articleView.html?idxno=725322,"Fri, 13 Mar 2026 06:34:00 +0900"
‘4세 고시’ 영어유치원 레벨테스트 금지법 통과,여야가 영어유치원 등 영유아 학원 ‘레벨테스트’를 금지하는 학원법 개정안과 <b>불법 스팸</b> 문자 등에 대해 최대 매출의 6%의 과징금을 부과할 수 있도록 하는 법안 등 53건의 법안을 12일 국회 본회의에서 처리했다.... ,https://n.news.naver.com/mnews/article/020/0003703734?sid=100,"Fri, 13 Mar 2026 04:33:00 +0900"
해킹 반복·<b>불법스팸</b> 방치 사업자에 징벌 과징금…정보통신망법 개정안...,"이번 개정안은 반복되는 해킹사고와 <b>불법스팸</b> 문제에 대해 사업자 책임을 한층 무겁게 묻는 데 초점이 맞춰졌다. 이날 통과된 대안에 따르면, 사업자의 고의 또는 중과실로 침해사고가 5년 이내 2회 이상 반복적으로 발생한... ",https://www.dailysecu.com/news/articleView.html?idxno=205690,"Thu, 12 Mar 2026 21:40:00 +0900"
해킹 사고·<b>불법스팸</b> 제재 강화법 국회 통과,해킹 사고와 <b>불법 스팸</b>에 대한 제재를 강화하는 정보통신망법 개정안이 12일 국회 본회의를 통과했다. 더불어민주당 황정아 의원(과학기술정보방송통신위원회·대전 유성을)이 대표발의한 해킹 사고·스팸폭탄 징벌 강화... ,https://n.news.naver.com/mnews/article/656/0000170336?sid=100,"Thu, 12 Mar 2026 19:54:00 +0900"
해킹사고 반복 시 매출 3% 과징금…정보통신망법 개정안 통과,<b>불법스팸</b>을 방지하기 위한 과징금 규정도 신설했다. <b>불법 스팸</b>을 전송하거나 이를 방치하는 등 정보통신망법상 사업자 의무를 위반한 경우 매출액의 6% 이내에서 과징금을 부과할 수 있다. 황 의원은 “이번 법안 통과로... ,https://n.news.naver.com/mnews/article/138/0002220437?sid=105,"Thu, 12 Mar 2026 18:45:00 +0900"
대미투자법 106일만에 통과…유아 ‘레테’ 전면 금지된다,아울러 <b>불법 스팸</b> 규제를 강화하기 위해 광고성 정보 전송 관련 의무 위반에 과징금을 부과하기로 했다. 관련 의무를 위반한 경우 매출액의 6% 이하로 과징금을 부과받는다. 12·29 여객기참사 피해구제 및 지원 등을 위한... ,https://n.news.naver.com/mnews/article/011/0004598723?sid=100,"Thu, 12 Mar 2026 18:21:00 +0900"
'통신사기피해방지법' 개정…가상자산 이용 보이스피싱도 환급 가능,개정안은 또한 <b>불법스팸</b>을 전송하거나 방치하는 등 사업자 의무를 위반할 경우 매출액 6% 를 초과하지 않는 범위에서 과징금을 부과하는 징벌적 제재가 새로 포함됐다. 교육 분야에서는 학원의 설립·운영 및 과외교습에... ,https://www.straightnews.co.kr/news/articleView.html?idxno=297317,"Thu, 12 Mar 2026 17:56:00 +0900"
침해사고 반복 기업 매출 최대 3% 과징금…해킹방지법 국회 통과,"해킹사고를 반복하거나 <b>불법 스팸</b>을 전송한 기업에게 각각 매출 3%, 6% 이하에서 부과할 수 있는 징벌적 과징금을 부과하도록 하는 법안이 국회 문턱을 넘었다. 국회는 12일 오후 본회의를 열고 조인철 더불어민주당... ",https://n.news.naver.com/mnews/article/003/0013819011?sid=105,"Thu, 12 Mar 2026 17:49:00 +0900"
영유아 학원 테스트 금지 어기면 과징금…학원법 등 53개 법안 본회의 ...,여야가 영어유치원 등 영유아 학원 ‘레벨테스트’를 금지하는 학원법 개정안과 <b>불법 스팸</b> 문자 등에 대해 최대 매출의 6%의 과징금을 부과할 수 있도록 하는 법안 등 53건의 법안을 12일 국회 본회의에서 처리했다.... ,https://n.news.naver.com/mnews/article/020/0003703613?sid=100,"Thu, 12 Mar 2026 17:46:00 +0900"
"해킹사고 반복·<b>불법스팸</b> 방치시 '징벌적 과징금'법, 국회 통과",해킹사고를 반복하거나 <b>불법스팸</b>을 전송·방치한 사업자에게 막대한 과징금을 부과하는 법안이 국회 본회의를 통과했다. 12일 황정아 더불어민주당 의원은 '해킹사고·스팸폭탄 징벌 강화법'인 정보통신망법 개정안 2건이... ,https://n.news.naver.com/mnews/article/008/0005329287?sid=105,"Thu, 12 Mar 2026 17:36:00 +0900"
황정아 발의 ‘해킹사고·<b>스팸</b>폭탄 징벌 강화법’ 대안반영 국회 통과,중대 해킹사고 반복·<b>불법스팸</b> 폭탄 사업자에 징벌적 과징금 신설 해킹 정황 있으면 신고 없어도 조사단 구성해 조사 황 의원 “보안 투자 외면하면 더 큰 비용 치러야” 발언하는 황정아 의원. 의원실 제공 국회... ,http://www.segyebiz.com/newsView/20260312517346?OutUrl=naver,"Thu, 12 Mar 2026 17:30:00 +0900"
"여야, 대미투자특별법 등 민생법안 53건 합의 처리","<b>불법스팸</b>을 방지하기 위한 과징금 규정도 신설했다. 가습기살균제 피해 구제를 위한 특별법 개정안도 통과됐다. 국가의 손해배상책임을 명시하고 정부출연금, 사업자의 분담금, 원료물질 사업자의 별도 분담금을... ",https://n.news.naver.com/mnews/article/469/0000919109?sid=100,"Thu, 12 Mar 2026 17:21:00 +0900"
'해킹 반복·<b>스팸</b> 방치 징벌 강화법' 국회 통과,<b>불법 스팸</b>을 보내거나 방치한 사업자에 대해서도 매출의 최대 6%까지 과징금을 부과하는 개정안도 이날 처리됐다.12일 국회 본회의에서 황정아 더불어민주당 의원이 대표 발의한 내용을 반영한 정보통신망 이용촉진 및... ,https://news.mtn.co.kr/news-detail/2026031216503288202,"Thu, 12 Mar 2026 17:00:00 +0900"
해킹 반복 기업엔 징벌적 과징금…가상자산 보이스피싱 피해 환급 가능,"국회가 12일 본회의에서 사이버 침해사고 예방·대응 체계를 전면 정비하는 '사이버 안전 패키지법' 6건, 해킹 반복 사업자와 <b>불법스팸</b> 전송자에게 징벌적 과징금을 부과하는 '정보통신망 이용촉진 및 정보보호 등에 관한... ",https://www.newsworks.co.kr/news/articleView.html?idxno=833897,"Thu, 12 Mar 2026 16:52:00 +0900"
황정아 발의 ‘해킹사고·<b>스팸</b>폭탄 징벌 강화’ 법안 국회 통과,황정아 더불어민주당 국회의원(대전 유성을)이 대표발의한 해킹사고와 <b>불법 스팸</b> 대응을 강화하는 정보통신망 이용촉진 및 정보보호 등에 관한 법률 개정안의 취지가 반영된 법안이 12일 대한민국 국회 본회의를 통과했다.... ,https://n.news.naver.com/mnews/article/421/0008822886?sid=102,"Thu, 12 Mar 2026 16:40:00 +0900"
황정아 의원 발의 '해킹·<b>스팸</b> 징벌 강화법' 국회 본회의 통과,이와 함께 <b>불법 스팸</b>을 전송하거나 방치하는 등 정보통신망법에 따른 사업자의 의무를 위반한 경우에도 매출액의 6%를 초과하지 않는 범위에서 과징금을 부과하는 징벌적 제재가 신설된다. 황정아 의원이 대표발의한... ,https://www.ibabynews.com/news/articleView.html?idxno=149570,"Thu, 12 Mar 2026 16:30:00 +0900"
'침해 사고 반복시 매출액 3% 과징금' 정보통신망법 개정안 국회 통과,<b>불법스팸</b> 위반 행위에 매출액 6% 이하 과징금을 부과하는 개정안도 이날 처리됐다. 황정아 더불어민주당 국회의원이 대표 발의한 개정안은 사업자의 고의 또는 중과실로 침해사고가 5년 이내 2회 이상 반복 발생하면... ,https://n.news.naver.com/mnews/article/031/0001012813?sid=105,"Thu, 12 Mar 2026 16:09:00 +0900"
'반복적 해킹사고·<b>스팸</b>폭탄 처벌 강화법' 본회의 통과…징벌적 과징금...,해킹 사고를 반복하거나 <b>불법 스팸</b>을 대량 전송한 사업자에 대해 징벌적 과징금을 부과하는 법안이 국회를 통과했다. 국회는 12일 본회의를 열고 이 같은 내용을 담은 정보통신망 이용촉진 및 정보보호 등에 관한 법률... ,https://www.newspim.com/news/view/20260312001036,"Thu, 12 Mar 2026 16:06:00 +0900"
"황정아 의원, 해킹사고·<b>스팸</b>폭탄 징벌 강화법 대안 국회 본회의 통과","아울러 <b>불법스팸</b>을 전송하거나 방치하는 등 정보통신망법에 따른 사업자의 의무를 위반한 자에 대해서도 매출액 6%를 초과하지 않는 범위에서 과징금을 부과하는 징벌적 제재가 신설되는데, 황정아 의원이 대표 발의한... ",http://www.newstnt.com/news/articleView.html?idxno=595034,"Thu, 12 Mar 2026 16:06:00 +0900"
정보통신망법 본회의 통과…해킹 반복 땐 매출 3% 과징금,아울러 <b>불법스팸</b> 규제를 강화하기 위해 광고성 정보 전송 관련 의무 위반에 과징금을 부과하기로 했다. 관련 의무를 위반한 경우 매출액의 6% 이하로 과징금을 부과하게 됐다. 이번에 통과한 정보통신망법은 조인철... ,https://n.news.naver.com/mnews/article/277/0005733530?sid=100,"Thu, 12 Mar 2026 15:47:00 +0900"
"나노아이티, 게이트웨이단 대량 문자 <b>스팸</b> 차단 기술 특허 등록",박상수 나노아이티 대표는 &quot;대량 문자를 취급하는 전기통신사업자로서 스팸 방어의 책임을 이통사와 단말기에만 미루지 않고 중계 게이트웨이에서 선제적으로 <b>불법 스팸</b>을 차단할 수 있게 됐다&quot;며 &quot;올해 당사... ,https://n.news.naver.com/mnews/article/008/0005328553?sid=101,"Wed, 11 Mar 2026 15:42:00 +0900"
[정옥재의 스마트 라이프] &quot;이름 용건 먼저 알려주세요&quot;...'3세대 AI폰' 써...,통화 스크리닝은 ▷<b>스팸</b>이나 <b>불법</b> 전화는 자동으로 수신하고 ▷<b>불법</b> 전화가 아닌 경우에는 사용자가 통화 스크리닝 기능을 사용할 수 있도록 했다. 10일 오후 070으로 시작되는 전화가 걸려왔다. 사용자에게는... ,https://n.news.naver.com/mnews/article/658/0000137570?sid=101,"Wed, 11 Mar 2026 06:02:00 +0900"
'소상공인 점포 정보 전송 서비스' 2년 연장,방미통위는 소상공인들의 긍정적인 평가와 함께 민원 및 <b>불법 스팸</b> 신고 증가가 나타나지 않았다는 점 등을 종합적으로 고려해 예외 허용을 연장하기로 결정했다고 설명했다. 김종철 방미통위원장은 &quot;이번 결정이... ,http://www.kbiznews.co.kr/news/articleView.html?idxno=113622,"Mon, 09 Mar 2026 11:30:00 +0900"
"&quot;070 둔갑 막아라&quot;…SKT, '피싱 위장막' 10개월 미사용 회선 대청소",번호 자원 활용을 효율화해 잘못 걸린 전화나 <b>스팸</b> 문자를 받는 등 불편도 완화될 전망이다. 8일 이통업계에... 범죄조직은 타인 명의로 개통된 '대포 유심'을 <b>불법</b> 중계기에 끼워 중국 등 해외에서 걸려 온 '070' 전화를... ,https://n.news.naver.com/mnews/article/008/0005326925?sid=105,"Mon, 09 Mar 2026 05:00:00 +0900"
"&quot;보이스피싱 잡아라&quot; SKT, 장기 미사용회선 정리",번호 자원 활용을 효율화해 잘못 걸린 전화나 <b>스팸</b> 문자를 받는 등 불편도 완화될 전망이다. SKT는 다음 달... 범죄조직은 타인 명의로 개통된 '대포 유심'을 <b>불법</b> 중계기에 끼워 중국 등 해외에서 걸려 온 '070' 전화를 '010... ,https://n.news.naver.com/mnews/article/008/0005326836?sid=105,"Sun, 08 Mar 2026 14:51:00 +0900"
"&quot;오늘 장사해요?&quot;…방미통위, 소상공인 점포 정보 문자 서비스 2년 연장","방미통위는 현재도 소상공인에 대한 지원 필요성이 계속되고 있으며, 해당 서비스에 대한 소상공인들의 긍정적 평가와 민원 및 <b>불법스팸</b> 신고량 추이 등을 종합적으로 고려해 이같이 예외적 허용을 연장한다고 설명했다.... ",http://www.itdaily.kr/news/articleView.html?idxno=238266,"Fri, 06 Mar 2026 11:30:00 +0900"
"방송미디어통신위원회, ‘소상공인 점포 정보 전송 서비스’ 2년 연장....",방미통위는 현재도 소상공인에 대한 지원 필요성이 계속되고 있고 해당 서비스에 대한 소상공인들의 긍정적 평가와 민원 및 <b>불법스팸</b> 신고량 추이 등을 종합적으로 고려해 이같이 예외적 허용을 연장한다고 설명했다.... ,https://idsn.co.kr/news/view/1065598332104886,"Thu, 05 Mar 2026 16:34:00 +0900"
"방미통위, 소상공인 점포 정보 문자 전송 서비스 2년 연장",방미통위는 소상공인 지원 필요성이 지속되고 있고 가입자들의 긍정적 평가와 <b>불법스팸</b> 신고량 추이 등을 종합 고려해 연장을 결정했다고 설명했다. 김종철 방미통위원장은 &quot;이번 결정이 소상공인 경제회복에... ,https://www.digitaltoday.co.kr/news/articleView.html?idxno=637300,"Thu, 05 Mar 2026 16:00:00 +0900"
"방미통위, ‘소상공인 점포 정보 전송 서비스’ 2년 연장",방미통위는 현재도 소상공인에 대한 지원 필요성이 계속되고 있고 해당 서비스에 대한 소상공인들의 긍정적 평가와 민원 및 <b>불법스팸</b> 신고량 추이 등을 종합적으로 고려해 이같이 예외적 허용을 연장한다고 설명했다.... ,http://journal.kobeta.com/?post_type=post&p=61980,"Thu, 05 Mar 2026 14:40:00 +0900"
&quot;가게 몇 시 열어요?&quot; 묻지 않아도 척척… 소상공인 점포 정보 안내 2년...,방미통위는 현재도 소상공인에 대한 지원 필요성이 계속되고 있고 해당 서비스에 대한 소상공인들의 긍정적 평가와 민원 및 <b>불법스팸</b> 신고량 추이 등을 종합적으로 고려해 이같이 예외적 허용을 연장한다고 설명했다.... ,https://n.news.naver.com/mnews/article/119/0003065706?sid=105,"Thu, 05 Mar 2026 14:16:00 +0900"
"방미통위, 소상공인 정보 전송 서비스 2년 연장 한다",방미통위는 현재도 소상공인에 대한 지원 필요성이 계속되고 있고 해당 서비스에 대한 소상공인들의 긍정적 평가와 민원 및 <b>불법스팸</b> 신고량 추이 등을 종합적으로 고려해 이같이 예외적 허용을 연장한다고 설명했다.... ,https://biz.newdaily.co.kr/site/data/html/2026/03/05/2026030500154.html,"Thu, 05 Mar 2026 11:20:00 +0900"
'소상공인 점포 정보 전송 서비스' 2년 연장… 사전동의 예외적 허용,방미통위는 현재도 소상공인에 대한 지원 필요성이 계속되고 있고 해당 서비스에 대한 소상공인들의 긍정적 평가와 민원 및 <b>불법스팸</b> 신고량 추이 등을 종합적으로 고려해 이같이 예외적 허용을 연장한다고 설명했다.... ,https://www.newscj.com/news/articleView.html?idxno=3381304,"Thu, 05 Mar 2026 11:12:00 +0900"
"방미통위, 소상공인 점포정보 문자 서비스 2년 연장","방미통위는 소상공인에 대한 지원 필요성이 계속되고 있는 점, 소상공인들의 긍정적 평가와 민원 및 <b>불법스팸</b> 신고량 추이 등을 고려해 예외적 허용을 연장했다고 설명했다. 김종철 방미통위원장은 “이번 결정이... ",https://n.news.naver.com/mnews/article/030/0003404568?sid=105,"Thu, 05 Mar 2026 11:04:00 +0900"
"방미통위, 소상공인 문자전송 사전동의 의무 예외적용 2년 연장 “점포...",방미통위는 소상공인에 대한 지원 필요성이 지속되고 있고 소상공인 긍정 평가와 민원 및 <b>불법스팸</b> 신고량 추이 등을 종합적으로 고려해 예외적 허용을 연장하기로 했다. 김종철 방미통위원장은 “이번 결정이 소상공인... ,https://n.news.naver.com/mnews/article/138/0002219610?sid=105,"Thu, 05 Mar 2026 11:04:00 +0900"
소상공인 점포정보 문자 서비스 2년 연장,"그러면서 현재도 소상공인에 대한 지원 필요성이 여전하고 해당 서비스에 대한 소상공인들의 긍정적 평가와 민원, <b>불법 스팸</b> 신고량 추이 등을 종합적으로 고려했다고 덧붙였다. 김종철 방미통위원장은 &quot;이번 결정이... ",https://n.news.naver.com/mnews/article/001/0015939350?sid=100,"Thu, 05 Mar 2026 10:58:00 +0900"
"소상공인 가게 안내 문자, 사전 동의 없어도 전송 가능…2년 연장","방미통위는 현재도 소상공인 지원 필요성이 계속되고 있고, 해당 서비스에 대한 소상공인들의 긍정적인 평가와 민원, <b>불법스팸</b> 신고량 추이 등을 종합적으로 고려해 연장을 결정했다. 김종철 방미통위원장은 &quot;이번 결정이... ",https://n.news.naver.com/mnews/article/003/0013802943?sid=105,"Thu, 05 Mar 2026 10:48:00 +0900"
“몇 시에 열어요? 가격은요?” 전화하지 마세요,방송미디어통신위원회는 소상공인 지원 필요성이 여전히 크고 해당 서비스에 대한 만족도와  민원·<b>불법 스팸</b> 신고 추이 등을 종합적으로 검토한 결과 연장 결정을 내렸다고 설명했다. 김종철 위원장은 “이번 조치가... ,https://www.kbmaeil.com/article/20260305500252,"Thu, 05 Mar 2026 10:44:00 +0900"
&quot;가게 몇 시에 열어요?&quot;…전화 대신 문자 안내 2년 연장,"방미통위는 민원 및 <b>불법 스팸</b> 신고 추이와 서비스 운영 성과 등을 종합적으로 검토한 결과, 소상공인 지원 효과가 있다고 판단해 연장을 결정했다고 설명했다. 김종철 방미통위원장은 &quot;이번 결정이 소상공인 경제... ",https://n.news.naver.com/mnews/article/079/0004121357?sid=101,"Thu, 05 Mar 2026 10:37:00 +0900"
&quot;가게 몇 시에 문 열어요?&quot;···안 물어봐도 된다,"소상공인 지원 필요성이 여전히 크고, 현장 평가가 긍정적이며 민원과 <b>불법스팸</b> 신고량 추이 등을 종합적으로 고려해 연장을 결정했다는 것이 방미통위 입장이다. 김종철 방미통위 위원장은 &quot;이번 결정이 소상공인 경제... ",http://www.enewstoday.co.kr/news/articleView.html?idxno=2401664,"Thu, 05 Mar 2026 10:32:00 +0900"
‘혜택 알림’ 클릭하고 보니 광고…“모호한 마케팅 표현 금지”,안내서는 한국인터넷진흥원 <b>불법스팸</b>대응센터 누리집에서 확인할 수 있다. 허해녕 한국인터넷진흥원 이용자보호단장은 “이번 개정은 기존 법령의 이용자 보호 원칙을 실무에서 명확히 이해하고 적용할 수 있도록 정리한... ,https://n.news.naver.com/mnews/article/662/0000089815?sid=102,"Thu, 05 Mar 2026 10:31:00 +0900"
&quot;몇 시에 열어요?&quot; 묻지 않아도 돼…소상공인 점포 정보 문자 서비스 2년...,방미통위는 소상공인 지원 필요성이 지속되고 있는 점과 민원·<b>불법스팸</b> 신고량 추이 등을 종합적으로 고려해 이번 연장을 결정했다고 설명했다. 연장 결정은 내수 경기 회복이 더딘 상황에서 소상공인의 경영 부담... ,https://www.newsworks.co.kr/news/articleView.html?idxno=833089,"Thu, 05 Mar 2026 10:26:00 +0900"
&quot;식당 몇 시에 문 열어요?&quot; 묻지 않아도 자동 회신… 소상공인 정보 전...,"방송미디어통신위원회는 이번 연장 결정에 앞서 서비스 이용 과정에서의 민원 발생 여부와 <b>불법 스팸</b> 신고 추이 등을 면밀히 검토했다. 조사 결과, 해당 서비스는 단순 스팸과 달리 이용자가 먼저 전화를 건 상황에서... ",https://www.daily365.news/2026/03/05/%ec%8b%9d%eb%8b%b9-%eb%aa%87-%ec%8b%9c%ec%97%90-%eb%ac%b8-%ec%97%b4%ec%96%b4%ec%9a%94-%eb%ac%bb%ec%a7%80-%ec%95%8a%ec%95%84%eb%8f%84-%ec%9e%90%eb%8f%99-%ed%9a%8c%ec%8b%a0-%ec%86%8c/,"Thu, 05 Mar 2026 10:23:00 +0900"
“영업시간이요? 위치가요?” 문자로 바로 온다,"방미통위는 소상공인 지원 필요성이 여전히 크고, 현장 평가가 긍정적이며, 민원과 <b>불법스팸</b> 신고량 추이 등을 종합적으로 고려해 연장을 결정했다고 밝혔다. 김종철 위원장은 “이번 결정이 소상공인 경제 회복에... ",https://n.news.naver.com/mnews/article/018/0006228890?sid=105,"Thu, 05 Mar 2026 10:13:00 +0900"
'혜택 알림'도 <b>스팸</b> … 광고 수신 규제 기준 강화,KISA는 방송통신위원회와 <b>불법스팸</b> 방지를 위한 정보통신망법 안내서 개정본을 발간했다고 4일 밝혔다. KISA는 광고성 정보 전송자가 정보통신망 이용촉진 및 정보보호 등에 관한 법률을 올바르게 이해하고 준수할 수... ,https://www.safetimes.co.kr/news/articleView.html?idxno=240178,"Wed, 04 Mar 2026 16:24:00 +0900"
"KISA, '혜택 알림·정보제공' 등 모호한 표현으로 광고 동의 유도 안 돼","한국인터넷진흥원(KISA, 원장 이상중)은 방송미디어통신위원회(위원장 김종철)와 함께「<b>불법스팸</b> 방지를 위한 정보통신망법 안내서」개정본을 발간했다고 4일(수) 밝혔다. 한국인터넷진흥원은 광고성 정보 전송자(이하... ",http://www.newsworker.co.kr/news/articleView.html?idxno=416129,"Wed, 04 Mar 2026 14:22:00 +0900"
"KISA, <b>불법스팸</b> 방지를 위한 정보통신망법 안내서 개정본 발간",한국인터넷진흥원(KISA)은 방송미디어통신위원회와 함께 '<b>불법스팸</b> 방지를 위한 정보통신망법 안내서' 개정본을 발간했다고 오늘 밝혔습니다. KISA는 광고성 정보 전송자(전송자)가 '정보통신망 이용촉진과 정보보호 등에... ,https://news.bbsi.co.kr/news/articleView.html?idxno=4069948,"Wed, 04 Mar 2026 13:52:00 +0900"
'혜택 알림'·'정보제공' 등 모호한 표현으로 광고 동의 유도 안 돼,한국인터넷진흥원(KISA)은 방송미디어통신위원회와 함께 '<b>불법스팸</b> 방지를 위한 정보통신망법 안내서' 개정본을 발간했다. 한국인터넷진흥원은 광고성 정보 전송자(이하 전송자)가 '정보통신망 이용촉진 및 정보보호 등에... ,https://www.datanet.co.kr/news/articleView.html?idxno=209748,"Wed, 04 Mar 2026 13:36:00 +0900"
&quot;'혜택 알림'·'정보제공' 등 모호한 표현으로 광고 동의 유도 안 돼&quot;,"한국인터넷진흥원(KISA, 원장 이상중)은 방송미디어통신위원회(위원장 김종철)와 함께 '<b>불법스팸</b> 방지를 위한 정보통신망법 안내서'개정본을 발간했다고 4일 밝혔다. 한국인터넷진흥원은 광고성 정보 전송자가 정보통신망... ",https://n.news.naver.com/mnews/article/031/0001010145?sid=105,"Wed, 04 Mar 2026 13:25:00 +0900"
‘혜택 알림’이라면서 광고 동의 유도?... <b>불법 스팸</b> 안내서 발간,"한국인터넷진흥원(KISA, 원장 이상중)은 방송미디어통신위원회(위원장 김종철)와 함께 <b>불법스팸</b> 방지를 위한 정보통신망법 안내서 개정본을 발간했다고 4일 밝혔다.KISA는 광고성 정보 전송자가 정보통신망 이용촉진 및... ",http://www.boannews.com/media/view.asp?idx=142460&kind=2,"Wed, 04 Mar 2026 13:20:00 +0900"
"'혜택 알림', '정보제공' 등 모호한 표현으로 광고 동의 유도 안 돼","한국인터넷진흥원(KISA, 원장 이상중)은 방송미디어통신위원회(위원장 김종철)와 함께 &lt;<b>불법스팸</b> 방지를 위한 정보통신망법 안내서&gt; 개정본을 발간했다고 3월 4일(수) 밝혔다. 한국인터넷진흥원은 광고성 정보 전송자(이하... ",https://www.dailysecu.com/news/articleView.html?idxno=205544,"Wed, 04 Mar 2026 12:46:00 +0900"
[#시큐리티 포커스] 시큐리온 'AV-TEST 인증'·아카마이 '제로 트러스트...,"방송미디어통신위원회의 <b>불법스팸</b> 방지 정보통신망법 안내서 개정본 발간 등의 소식이 전해졌다. ◆시큐리온, 온백신 AV-TEST 38번째 인증…탐지율 100% 만점 기록 시큐리온의 AI 기반 모바일 안티바이러스 솔루션... ",https://www.newsworks.co.kr/news/articleView.html?idxno=832991,"Wed, 04 Mar 2026 12:18:00 +0900"
"&quot;쿠폰 일방 지급 문자도 <b>스팸</b>&quot;… KISA, 정통망법 안내서 개정본 발간",아주경제=서민지 기자 vitaminji@ajunews.com 한국인터넷진흥원(KISA)이 방송미디어통신위원회와 '<b>불법스팸</b> 방지를 위한 정보통신망법 안내서'개정본을 발간했다. 4일 KISA에 따르면 이번 개정본은 정보통신기술(ICT) 환경 변화로... ,https://www.ajunews.com/view/20260304100622693,"Wed, 04 Mar 2026 12:02:00 +0900"
"KISA, ‘<b>불법스팸</b> 방지를 위한 정보통신망법 안내서’ 발간",한국인터넷진흥원(KISA)은 방송미디어통신위원회와 함께 ‘<b>불법스팸</b> 방지를 위한 정보통신망법 안내서’ 개정본을 발간했다고 4일 밝혔다. KISA는 광고성 정보 전송자가 정보통 신망 이용촉진 및 정보보호 등에 관한 법률을... ,https://n.news.naver.com/mnews/article/119/0003065232?sid=105,"Wed, 04 Mar 2026 12:02:00 +0900"
"정부, '혜택알림·정보제공' 가장한 광고 동의 유도 제동",한국인터넷진흥원(KISA)은 방송미디어통신위원회와 함께 '<b>불법스팸</b> 방지를 위한 정보통신망법 안내서' 개정본을 발간했다고 4일 밝혔다. 이번 개정은 정보통신기술(ICT) 환경 변화로 광고성 정보 전송 방식이 다양해진... ,https://n.news.naver.com/mnews/article/030/0003404108?sid=105,"Wed, 04 Mar 2026 12:01:00 +0900"
&quot;'혜택 알림·정보제공' 모호한 표현으로 광고 동의 유도 그만&quot;,제공하면서 발급·소멸 안내를 전송하는 행위 역시 영리 목적의 광고성 정보(스팸)에 해당하므로 이용자에게 명시적 사전 동의를 받아야 한다. 개정본은 한국인터넷진흥원 <b>불법스팸</b>대응센터 누리집에서 확인할 수 있다.,https://n.news.naver.com/mnews/article/001/0015937000?sid=105,"Wed, 04 Mar 2026 12:00:00 +0900"
"방미통위원장 만난 이통3사 대표, '담합 행정소송' 화두에","여기에 <b>불법스팸</b> 대응 강화와 본인확인 및 연계정보 안전성 강화, 통신분쟁 조정 실효성 제고 등과 관련해서도 의견을 교환한 것으로 알려졌다. 통신업계 관계자는 &quot;기관장 취임 이후 통상적으로 한 차례씩 이뤄지는... ",https://n.news.naver.com/mnews/article/421/0008801712?sid=105,"Tue, 03 Mar 2026 05:30:00 +0900"
[MWC26] 바르셀로나 축제의 장 자세히 톺아보니,"스미싱, 보이스피싱, <b>불법 스팸</b>을 선제 탐지하는 보안 활용과 QKD, PQC 결합 이중 보안 구조 적용 구상, 네트워크 데이터 플랫폼 다이브를 통한 유동인구 예측, 상권 분석, 정밀 실내 측위 같은 데이터 비즈니스 확대... ",https://www.econovill.com/news/articleView.html?idxno=731476,"Sun, 01 Mar 2026 14:04:00 +0900"
카카오 '브랜드 메시지' 쑥쑥…이용자 불만은 걸림돌,"현재 사전 수신 동의와 발신자 정보 확인, 수신 거부와 차단 기능을 갖추고 있으며, 인공지능(AI) 기반 필터링과 기술적 보호 장치를 통해 <b>불법 스팸</b> 발생을 최소화하고 있다는 설명이다. 카카오 관계자는 &quot;광고 사용자환경... ",https://n.news.naver.com/mnews/article/648/0000044848?sid=101,"Fri, 27 Feb 2026 16:45:00 +0900"
"LGU+ 홍범식, 방미통위 김종철과 1대1 상견례…통신 현안 논의","또한 <b>불법스팸</b> 대응 강화, 본인확인 및 연계 정보 안전성 강화, 통신 분쟁 조정 실효성 제고 등을 위한 정책 방안도 논의했다. 약 1시간 가량 논의한 두 사람은 이날 간담회 소회에 대한 질문에 별다른 답변 없이 퇴장했다.... ",http://www.shinailbo.co.kr/news/articleView.html?idxno=2196949,"Fri, 27 Feb 2026 11:18:00 +0900"
“회사에서 준 <b>스팸</b> 팔아 신발 샀어요”…중고장터 뒤덮은 ‘미개봉 선...,"1월 대비 2월(1~20일) ‘샴푸’ 검색량은 약 55배 증가했고, ‘명절’, ‘설날’, ‘선물세트’, ‘<b>스팸</b>’ 등... 개인 간 거래 횟수와 금액에도 제한이 적용되며 이를 위반할 경우 <b>불법</b> 판매로 간주된다. 번개장터 관계자는... ",https://n.news.naver.com/mnews/article/011/0004594041?sid=103,"Thu, 26 Feb 2026 20:16:00 +0900"
결산 시즌 '투자주의보' 발동..상폐 위기기업 '현미경 감시',"전형적인 <b>불법</b> 행위 모델 3가지를 구체적으로 제시했다. 첫 번째 사례는 내부자들의 부당한 미공개 정보... 주가와 거래량이 이상 급변하는 종목에 대해서는 즉각적인 조회공시를 요구하고, <b>스팸</b> 문자나 허위 게시글이... ",http://www.4th.kr/news/articleView.html?idxno=2108129,"Thu, 26 Feb 2026 12:24:00 +0900"
“전 세계 이메일의 45%가 <b>스팸</b>”…악성 이메일 공격 15% 증가,지난해 전송된 모든 이메일의 절반에 달하는 45%가 <b>불법 스팸</b>(spam)이었던 것으로 나타났다. 글로벌 보안기업 카스퍼스키는 지난해 전 세계 이메일 트래픽의 44.99%가 스팸이었다고 26일 밝혔다. 스팸은 단순히 원치 않는... ,https://n.news.naver.com/mnews/article/366/0001144572?sid=105,"Thu, 26 Feb 2026 11:15:00 +0900"
"KT 김영섭 대표, 김종철 방미통위원장 만나 현안 논의",또 <b>불법스팸</b> 대응 강화와 본인확인 및 연계정보 안전성 강화 및 통신분쟁 조정 실효성 제고 방안에 대한 의견도 주고 받았다. 김 위원장은 앞서 “국민이 안심하고 이용할 수 있는 통신 환경을 조성하고 지속 발전 가능한... ,https://n.news.naver.com/mnews/article/138/0002218880?sid=105,"Wed, 25 Feb 2026 18:35:00 +0900"
방미통위 위원장-이통3사 CEO 회동…무슨 얘기 오갔나,또한 최근 코스피가 6100에 육박하면서 <b>불법</b> 리딩방 같은 <b>스팸</b> 문자가 쏟아지는 상황을 감안해 이통3사에 <b>스팸</b>메세지 근절을 위한 협조를 요청한 것으로 확인됩니다.이번 간담회는 김 위원장의 취임 이후 통신업계와의 첫... ,https://news.mtn.co.kr/news-detail/2026022516195168754,"Wed, 25 Feb 2026 17:58:00 +0900"
"방미통위원장, 이통3사 대표와 순차 간담회","아울러 <b>불법 스팸</b> 대응과 본인확인·연계 정보 안전성 강화, 통신 분쟁 조정 실효성 제고 방안 등도 다룰 예정이라고 방미통위는 덧붙였다. 김 위원장은 &quot;국민들이 안심하고 이용할 수 있는 통신 환경을 조성하고 지속... ",https://www.newsway.co.kr/news/view?ud=2026022421435746669,"Tue, 24 Feb 2026 21:46:00 +0900"
보조금 양극화·알뜰폰 위축…'단통법 폐지' 보완책 나오나,"이번 간담회에서는 단통법 후속 조치 외에도 AI 서비스 이용자 보호, <b>불법 스팸</b> 대응 강화, 본인확인 및 연계정보(CI) 안전성 확보, 통신분쟁 조정제도 개선 등 폭넓은 현안이 다뤄질 예정이다. 특히 AI 기반 통신 서비스가... ",http://www.4th.kr/news/articleView.html?idxno=2107978,"Tue, 24 Feb 2026 18:50:00 +0900"
"방미통위원장, 이통3사 대표 순차 간담회","아울러 <b>불법 스팸</b> 대응과 본인확인·연계 정보 안전성 강화, 통신 분쟁 조정 실효성 제고 방안 등도 다룰 예정이다. 김 위원장은 &quot;국민들이 안심하고 이용할 수 있는 통신 환경을 조성하고 지속 발전 가능한 통신 산업의... ",http://www.hansbiz.co.kr/news/articleView.html?idxno=819212,"Tue, 24 Feb 2026 18:12:00 +0900"
"김종철 방미통위원장, 이통3사 CEO와 순차 회동…&quot;단통법 후속 조치 논의...","<b>불법 스팸</b> 대응 강화와 본인 확인 및 연계 정보 안전성 강화, 통신 분쟁 조정 실효성 제고 등도 다뤄집니다. 방미통위는 &quot;통신 분야 정책과 이용자 권익 보호가 차질 없이 추진되도록 사업자 소통 강화의 일환으로 이번... ",http://www.newstomato.com/ReadNews.aspx?no=1292341&inflow=N,"Tue, 24 Feb 2026 17:52:00 +0900"
"방미통위원장, 이동통신3사 만나 의견 청취…&quot;정책 방향 구체화&quot;","<b>불법스팸</b> 대응 강화와 본인확인 및 연계정보 안전성 강화, 통신분쟁 조정 실효성 제고 등도 다룰 예정이다. 방미통위는 통신 분야 정책 및 이용자 권익 보호가 차질 없이 추진되도록 사업자 소통 강화의 일환으로 이번... ",https://n.news.naver.com/mnews/article/448/0000592660?sid=100,"Tue, 24 Feb 2026 17:39:00 +0900"
"김종철 방미통위원장, 이동통신 3사 대표 만난다","개선에 관한 법률’(단통법) 관련 후속 조치와 인공지능(AI) 서비스 이용자 보호 방안 등 민생 현안을 논의한다. <b>불법 스팸</b> 대응 강화와 본인 확인·연계 정보 안전성 강화, 통신 분쟁 조정 실효성 제고 등도 다룰 예정이다.",https://n.news.naver.com/mnews/article/029/0003012403?sid=105,"Tue, 24 Feb 2026 17:32:00 +0900"
"김종철 방미통위원장, 이통3사 대표와 만난다...단통법 후속조치 논의","<b>불법스팸</b> 대응 강화와 본인확인 및 연계정보 안전성 강화, 통신분쟁 조정 실효성 제고 등도 다룬다. 방미통위는 통신 분야 정책 및 이용자 권익 보호가 차질 없이 추진되도록 사업자 소통 강화의 일환으로 이번 간담회를... ",https://www.etoday.co.kr/news/view/2559125,"Tue, 24 Feb 2026 17:22:00 +0900"
"김종철 방미통위원장, 통신 3사 대표와 순차 간담회‥단통법 후속 조치...",또 <b>불법스팸</b> 대응 강화와 본인확인 및 연계정보 안전성 강화 및 통신분쟁 조정 실효성 제고 방안에 대한 의견도 주고받을 예정이다. 방미통위는 통신 분야 정책 및 이용자 권익 보호가 차질 없이 추진되도록 사업자 소통... ,https://www.getnews.co.kr/news/articleView.html?idxno=862325,"Tue, 24 Feb 2026 17:14:00 +0900"
"방미통위 김종철, 정재헌·김영섭·홍범식과 '25·27일' 첫 만남 갖는다","이와 함께 <b>불법스팸</b> 대응 강화, 본인확인 및 연계정보 안전성 강화, 통신 분쟁 조정 실효성 제고 등에 대한 사안도 논의할 예정이다. 방미통위는 사업자 소통 강화의 일환으로 이번 간담회를 마련했으며 간담회를 통해 각... ",http://www.shinailbo.co.kr/news/articleView.html?idxno=2195546,"Tue, 24 Feb 2026 17:10:00 +0900"
"방미통위원장, 이통3사와 간담회…단통법 폐지 후속 조치 논의","이와 함께 <b>불법 스팸</b> 대응, 본인확인·연계 정보 안전성 강화, 통신 분쟁 조정 실효성 제고 방안 등도 폭넓게 다룰 예정이다. 김 위원장은 &quot;국민들이 안심하고 이용할 수 있는 통신 환경을 조성하고 지속 발전 가능한 통신... ",https://www.ngetnews.com/news/articleView.html?idxno=548507,"Tue, 24 Feb 2026 17:00:00 +0900"
"방미통위원장, 이통3사 대표와 순차 간담회",후속 조치와 인공지능(AI) 서비스 이용자 보호 방안 등 민생 현안을 논의할 방침입니다. 또 <b>불법 스팸</b> 대응과 통신 분쟁 조정 실효성 제고 방안 등도 다뤄질 예정이라고 방미통위는 덧붙였습니다. [사진 출처 : 연합뉴스],https://n.news.naver.com/mnews/article/056/0012130084?sid=105,"Tue, 24 Feb 2026 16:50:00 +0900"
"김종철 방미통위원장, 이통3사 대표와 순차 간담회","아울러 <b>불법 스팸</b> 대응과 본인확인·연계 정보 안전성 강화, 통신 분쟁 조정 실효성 제고 방안 등도 다룰 예정이라고 방미통위는 덧붙였습니다. 김 위원장은 &quot;국민들이 안심하고 이용할 수 있는 통신 환경을 조성하고... ",https://n.news.naver.com/mnews/article/422/0000837198?sid=105,"Tue, 24 Feb 2026 16:49:00 +0900"
"방미통위원장, 이통3사 대표 순차 간담회 연다","아울러 <b>불법 스팸</b> 대응과 본인확인·연계 정보 안전성 강화, 통신 분쟁 조정 실효성 제고 방안 등도 다룰 예정이라고 방미통위는 덧붙였다. 김 위원장은 &quot;국민들이 안심하고 이용할 수 있는 통신 환경을 조성하고 지속... ",https://www.betanews.net/article/view/beta202602240082,"Tue, 24 Feb 2026 16:44:00 +0900"
"통신 산업의 미래를 논하다…방송미디어통신위, 이동통신 3사와 비공개...","이 밖에도 <b>불법 스팸</b>의 효과적인 대응책, 본인확인 및 정보 보안 안정성 강화 방안, 통신 분쟁 조정의 실효성 확보 방안 등이 다뤄진다. 방송미디어통신위원회는 이러한 논의를 통해 국민들이 체감할 수 있는 통신 서비스... ",https://www.gokorea.kr/news/articleView.html?idxno=858803,"Tue, 24 Feb 2026 16:42:00 +0900"
"김종철 방미통위원장, 통신 3사 대표 순차 간담회…&quot;단통법 이후 시장 ...","방미통위는 아울러 <b>불법 스팸</b> 대응과 본인확인·연계 정보 안전성 강화, 통신 분쟁 조정 실효성 제고 방안 등도 다룰 예정이라고 덧붙였습니다. 김 위원장은 &quot;국민들이 안심하고 이용할 수 있는 통신 환경을 조성하고 지속... ",https://n.news.naver.com/mnews/article/055/0001335354?sid=100,"Tue, 24 Feb 2026 16:42:00 +0900"
"김종철 방미통위원장, 통신 3사 연쇄 회동···단통법 후속·AI 보호대책...","또한 <b>불법스팸</b> 대응 강화와 본인확인 및 연계정보 안전성 강화, 통신분쟁 조정 실효성 제고 등도 다룰 예정이다. 방미통위는 통신 분야 정책 및 이용자 권익 보호가 차질 없이 추진되도록 사업자 소통 강화의 일환으로... ",https://www.seoulfn.com/news/articleView.html?idxno=621963,"Tue, 24 Feb 2026 16:41:00 +0900"
"방송미디어통신위원장, 통신3사 만나 의견 청취…정책 방향 구체화","<b>불법스팸</b> 대응 강화와 본인확인 및 연계정보 안전성 강화, 통신분쟁 조정 실효성 제고 등도 다룰 예정이다. 방미통위는 통신 분야 정책 및 이용자 권익 보호가 차질 없이 추진되도록 사업자 소통 강화의 일환으로 이번... ",https://www.m-i.kr/news/articleView.html?idxno=1340073,"Tue, 24 Feb 2026 16:36:00 +0900"
"방미통위, 통신3사 대표 소집…단통법 후속조치 논의","아울러 <b>불법 스팸</b> 대응 강화, 본인확인 및 연계정보 안전성 제고, 통신분쟁 조정의 실효성 강화 방안 등도 함께 다룰 예정이다. 방미통위는 각 통신사의 건의사항을 폭넓게 청취하기 위해 간담회를 이틀에 걸쳐... ",https://n.news.naver.com/mnews/article/648/0000044717?sid=105,"Tue, 24 Feb 2026 16:33:00 +0900"
"방미통위, SKT·KT·LGU+와 현안 논의…단통법·AI 보호 점검","이와 함께 <b>불법스팸</b> 대응 강화, 본인확인 및 연계정보의 안전성 확보, 통신분쟁 조정 제도의 실효성 제고 방안도 주요 의제로 다뤄질 예정이다. 방미통위는 통신 분야 정책과 이용자 권익 보호를 차질 없이 추진하기 위해... ",https://www.ebn.co.kr/news/articleView.html?idxno=1700687,"Tue, 24 Feb 2026 16:32:00 +0900"
"김종철 방미통위원장, 이통3사 대표 만난다…&quot;정책 방향 구체화&quot;","<b>불법스팸</b> 대응 강화와 본인확인 및 연계정보 안전성 강화, 통신분쟁 조정 실효성 제고 등도 다룬다. 김종철 방미통위원장은 &quot;국민들이 안심하고 이용할 수 있는 통신 환경을 조성하고 지속 발전 가능한 통신 산업 기반을... ",https://www.digitaltoday.co.kr/news/articleView.html?idxno=633727,"Tue, 24 Feb 2026 16:24:00 +0900"
"김종철 방미통위원장, 이통3사 대표 만난다…‘단통법·<b>불법 스팸</b>’ 등...","아울러 최근 사회적 문제로 대두된 <b>불법 스팸</b> 대응 강화를 비롯해 본인확인 및 연계정보 안전성 제고, 통신분쟁 조정 제도의 실효성 확보 등도 비중 있게 다뤄질 전망이다. 방미통위는 이번 사업자 소통 강화를 기점으로... ",https://www.ceoscoredaily.com/page/view/2026022416230613325,"Tue, 24 Feb 2026 16:24:00 +0900"
"김종철 방미통위원장, 통신 3사 CEO 차례로 만난다","아울러 <b>불법스팸</b> 대응 강화와 본인확인 및 연계정보 안전성 강화, 통신분쟁 조정 실효성 제고 등도 다룬다. 김종철 위원장은 “국민들이 안심하고 이용할 수 있는 통신 환경을 조성하고 지속 발전 가능한 통신 산업의... ",https://n.news.naver.com/mnews/article/092/0002411644?sid=105,"Tue, 24 Feb 2026 16:23:00 +0900"
"김종철 방미통위원장, 이통 3사 대표 만난다","<b>불법스팸</b> 대응 강화와 본인확인 및 연계정보 안전성 강화, 통신분쟁 조정 실효성 제고 등도 다룰 계획이다. 방미통위는 통신 분야 정책 및 이용자 권익 보호가 차질 없이 추진되도록 사업자 소통 강화의 일환으로 이번... ",http://www.newsprime.co.kr/news/article.html?no=725218,"Tue, 24 Feb 2026 16:22:00 +0900"
"김종철 방미통위원장, 통신 3사 대표 회동…&quot;단통법 이후 시장 정비&quot;","<b>불법스팸</b> 대응 강화, 본인확인 및 연계정보 안전성 강화, 통신분쟁 조정 실효성 제고 등 이용자 보호 과제도 함께 논의한다. 방미통위는 통신 분야 정책과 이용자 권익 보호가 차질 없이 추진되도록 사업자와의 소통을... ",https://n.news.naver.com/mnews/article/079/0004118463?sid=101,"Tue, 24 Feb 2026 16:21:00 +0900"
"방미통위, 이통3사 CEO와 첫 간담회…단통법 후속·AI·<b>스팸</b> 등 논의","<b>불법스팸</b> 대응 강화와 본인확인 및 연계정보 안전성 강화, 통신분쟁 조정 실효성 제고 등도 안건에 올랐습니다. 방미통위는 통신 분야 정책 및 이용자 권익 보호가 차질 없이 추진되도록 사업자 소통 강화의 일환으로... ",https://n.news.naver.com/mnews/article/374/0000494104?sid=101,"Tue, 24 Feb 2026 16:20:00 +0900"
"방미통위원장, 이통3사 대표 순차 간담회 연다","아울러 <b>불법 스팸</b> 대응과 본인확인·연계 정보 안전성 강화, 통신 분쟁 조정 실효성 제고 방안 등도 다룰 예정이라고 방미통위는 덧붙였다. 김 위원장은 &quot;국민들이 안심하고 이용할 수 있는 통신 환경을 조성하고 지속... ",https://m.entertain.naver.com/article/001/0015921910,"Tue, 24 Feb 2026 16:14:00 +0900"
"김종철 방미통위, 25·27일 통신3사 대표와 첫 대면…“정책 의견 수렴”",또 <b>불법스팸</b> 대응 강화와 본인확인 및 연계정보 안전성 강화 및 통신분쟁 조정 실효성 제고 방안에 대한 의견도 주고받는다. 방미통위는 통신 분야 정책 및 이용자 권익 보호가 차질 없이 추진되도록 사업자 소통 강화... ,https://n.news.naver.com/mnews/article/138/0002218720?sid=105,"Tue, 24 Feb 2026 16:10:00 +0900"
취임 두달 넘겨 통신3사 만나는 방미통위원장…단통법 후속 등 논의,"<b>불법스팸</b> 대응 강화와 본인확인 및 연계정보 안전성 강화, 통신분쟁 조정 실효성 제고 등과 관련해서도 의견을 교환한다. 김 위원장은 &quot;국민들이 안심하고 이용할 수 있는 통신 환경을 조성하고 지속 발전할 수 있는... ",https://n.news.naver.com/mnews/article/421/0008790617?sid=105,"Tue, 24 Feb 2026 16:00:00 +0900"
"방미통위원장, 25일부터 이통3사 CEO 순차 회동","<b>불법스팸</b> 대응 강화와 본인확인·연계정보 안전성 강화, 통신분쟁 조정 실효성 제고 등도 논의할 예정이다. 방미통위 측은 &quot;각 통신사들의 건의사항을 가감 없이 수렴하기 위해 이틀간 순차적으로 진행한다&quot;고... ",https://n.news.naver.com/mnews/article/031/0001007889?sid=105,"Tue, 24 Feb 2026 15:49:00 +0900"
"김종철 방미통위원장, 이통3사 연쇄 간담회…통신 정책 방향 '윤곽'",이와 함께 ▲<b>불법스팸</b> 대응 강화 ▲본인확인 및 연계정보의 안전성 제고 ▲통신분쟁 조정 제도의 실효성 확보 등 생활 밀착형 과제도 테이블에 오른다. 최근 보이스피싱과 스팸 문자 피해가 지속되는 상황에서 통신사의... ,http://www.popcornnews.net/news/articleView.html?idxno=112983,"Tue, 24 Feb 2026 15:44:00 +0900"
"방미통위 위원장, 취임 2달만에 이통 3사 대표 만난다",인공지능(AI) 시대에 맞춰 AI 서비스 관련 이용자 보호 방안과 <b>불법 스팸</b> 대응 강화도 논의 테이블에 오를 전망이다. 이재명 정부 취임 이후 주가지수가 급격히 오르면서 최근 주식 불법 리딩방 관련 스팸이 늘었다는... ,https://n.news.naver.com/mnews/article/018/0006223641?sid=105,"Tue, 24 Feb 2026 15:39:00 +0900"
"김종철 방미통위원장, SKT·KT·LGU+ 대표 만난다…단통법 후속 방안 논...","<b>불법스팸</b> 대응 강화와 본인확인 및 연계정보 안전성 강화, 통신분쟁 조정 실효성 제고 등도 다룰 예정이다. 방미통위는 통신 분야 정책 및 이용자 권익 보호가 차질 없이 추진되도록 사업자와의 소통을 강화한다는... ",https://n.news.naver.com/mnews/article/003/0013785319?sid=105,"Tue, 24 Feb 2026 15:34:00 +0900"
"김종철 방미통위원장, 이통 3사 수장 만난다…단통법·<b>불법스팸</b> 등 논의",방미통위는 이를 토대로 단말기유통구조개선법(단통법) 폐지 이후 후속 조치와 <b>불법스팸</b> 이용자 보호 등 관련 정책을 구체화한다는 방침이다. 24일 방미통위에 따르면 김 위원장은 오는 25일 서울 중구와 여의도 모처에서... ,https://n.news.naver.com/mnews/article/030/0003401539?sid=105,"Tue, 24 Feb 2026 15:31:00 +0900"
"김종철 방미통위원장, 이통3사 대표 만난다… 정책 방향 구체화","<b>불법스팸</b> 대응 강화와 본인확인 및 연계정보 안전성 강화, 통신분쟁 조정 실효성 제고 등도 다룰 예정이다. 방미통위는 통신 분야 정책 및 이용자 권익 보호가 차질 없이 추진되도록 사업자 소통 강화의 일환으로 이번... ",https://www.newscj.com/news/articleView.html?idxno=3378124,"Tue, 24 Feb 2026 15:30:00 +0900"
"김종철 방송미디어통신위원장, 통신3사 대표와 현안 간담회 개최","<b>불법스팸</b> 대응 강화와 본인확인 및 연계정보 안전성 강화, 통신분쟁 조정 실효성 제고 등도 다룰 예정이다. 방미통위는 통신 분야 정책 및 이용자 권익 보호가 차질 없이 추진되도록 사업자 소통 강화의 일환으로 이번... ",https://it.chosun.com/news/articleView.html?idxno=2023092157528,"Tue, 24 Feb 2026 15:30:00 +0900"
"김종철 방미통위원장, 이통3사 CEO 만난다···&quot;정책 방향 구체화&quot;","<b>불법스팸</b> 대응 강화와 본인확인 및 연계정보 안전성 강화, 통신분쟁 조정 실효성 제고 등도 다룰 예정이다. 방미통위는 통신 분야 정책 및 이용자 권익 보호가 차질 없이 추진되도록 사업자 소통 강화의 일환으로 이번... ",http://www.enewstoday.co.kr/news/articleView.html?idxno=2397852,"Tue, 24 Feb 2026 15:28:00 +0900"
"김종철 방미통위원장, 통신3사 CEO와 연이은 회동...&quot;건의사항 가감 없이...","<b>불법스팸</b> 대응 강화와 본인확인 및 연계정보 안전성 강화, 통신분쟁 조정 실효성 제고 등도 다룰 예정이다. 김종철 방미통위원장은 &quot;국민들이 안심하고 이용할 수 있는 통신 환경을 조성하고 지속 발전 가능한 통신... ",https://www.techm.kr/news/articleView.html?idxno=149652,"Tue, 24 Feb 2026 15:28:00 +0900"
"김종철 방미통위원장 통신3사 CEO와 잇단 회동, 단통법 후속조치·AI 이...","<b>불법스팸</b> 대응 강화와 본인확인 및 연계정보 안전성 강화, 통신분쟁 조정 실효성 제고 등도 다룬다. 방미통위 관계자는 &quot;통신 분야 정책 및 이용자 권익 보호가 차질 없이 추진되도록 사업자 소통 강화의 일환으로 이번... ",https://www.businesspost.co.kr/BP?command=article_view&num=430978,"Tue, 24 Feb 2026 15:22:00 +0900"
"방미통위, 이동통신3사 만나 의견 청취…정책 방향 구체화","또한 <b>불법스팸</b> 대응 강화와 본인확인·연계정보 안전성 강화, 통신분쟁 조정 실효성 제고 등도 논의한다. 방미통위는 통신 분야 정책·이용자 권익 보호가 차질 없이 추진되도록 사업자 소통 강화의 일환으로 이번... ",https://www.viva100.com/article/20260224501010,"Tue, 24 Feb 2026 15:18:00 +0900"
"김종철 방미통위원장, 이통3사 대표 만난다 &quot;통신·AI정책 논의&quot;","<b>불법 스팸</b> 대응 강화와 본인확인 및 연계 정보 안전성 강화, 통신 분쟁 조정 실효성 제고 등도 다룰 예정이다. 방미통위는 통신 분야 정책 및 이용자 권익 보호가 차질 없이 추진되도록 사업자 소통 강화한다. 각 통신사의... ",https://n.news.naver.com/mnews/article/008/0005321548?sid=105,"Tue, 24 Feb 2026 15:17:00 +0900"
"김종철 방미통위원장, 통신3사 CEO 만난다 … 정책 방향 구체화","<b>불법스팸</b> 대응 강화와 본인확인 및 연계정보 안전성 강화, 통신분쟁 조정 실효성 제고 등도 다룰 예정이다. 방미통위는 통신 분야 정책 및 이용자 권익 보호가 차질 없이 추진되도록 사업자 소통 강화의 일환으로 이번... ",https://biz.newdaily.co.kr/site/data/html/2026/02/24/2026022400338.html,"Tue, 24 Feb 2026 15:14:00 +0900"
"방미통위, 통신 3사 의견 청취...통신 이용자 보호 방안 등 논의","<b>불법스팸</b> 대응 강화와 본인확인 및 연계 정보 안전성 강화, 통신 분쟁 조정 실효성 제고 등도 다룰 예정이다. 방미통위는 통신 분야 정책 및 이용자 권익 보호 추진을 위해 사업자 소통 강화의 일환으로 간담회를... ",https://n.news.naver.com/mnews/article/014/0005482013?sid=105,"Tue, 24 Feb 2026 15:10:00 +0900"
"김종철 방미통위원장, 이통3사 간담회…&quot;단통법 후속·AI 보호 논의&quot;","이와 함께 <b>불법 스팸</b> 대응 강화, 본인확인 및 연계정보의 안전성 제고, 통신분쟁 조정 실효성 강화 방안도 테이블에 오른다. 김종철 위원장은 “국민이 안심하고 이용할 수 있는 통신 환경을 조성하고, 지속 발전 가능한... ",https://www.ajunews.com/view/20260224150350785,"Tue, 24 Feb 2026 15:06:00 +0900"
‘화이트해커의 요람’ 정보보호학과에서 꿈을 펼치세요!,유출 정보는 다크웹(Dark Web)에서 거래되며 보이스피싱·스미싱·대포폰·대포통장·<b>불법 스팸</b> 문자 등 2·3차 범죄로 확산할 수 있다. 기업들의 핵심 기술 정보의 빈번한 유출 사례에 이어 최근에는 구글이 “북한 정부가... ,https://n.news.naver.com/mnews/article/028/0002792830?sid=102,"Mon, 23 Feb 2026 19:30:00 +0900"
"1억2500만원···보이스피싱, 한달뒤에야 알았다","이들은 한술 더 떠 <b>불법</b>을 저지른 은행직원을 색출할 목적이라며 수사에 협조하도록 강요했고 이어 유명... <b>스팸</b> 전화, 보이스피싱, 스미싱 등 각종 <b>스팸</b> 번호를 차단할 수 있는 <b>스팸</b> 차단 앱을 사용하는 것도 좋다.... ",https://www.thereport.co.kr/news/articleView.html?idxno=84551,"Mon, 23 Feb 2026 15:50:00 +0900"
"모노커뮤니케이션즈, 'RCS 대중화' 앞당기며 메시징 시장 패러다임 바꾼...","최근 <b>불법 스팸</b>과 스미싱 급증으로 문자 메시지에 대한 사회적 신뢰가 낮아진 상황에서, 모노커뮤니케이션즈는 RCS를 단순한 기술적 업데이트가 아닌 '신뢰 회복의 도구'로 규정했다. 기업 로고와 인증 마크가 표시되는... ",https://n.news.naver.com/mnews/article/030/0003401129?sid=105,"Mon, 23 Feb 2026 15:47:00 +0900"
1억 2천만 원 뜯긴 50대 &quot;앱 설치 순간 보이스피싱 제물&quot;,"이들은 한술 더 떠 <b>불법</b>을 저지른 은행직원을 색출할 목적이라며 수사에 협조하도록 강요했고 이어 유명... <b>스팸</b> 전화, 보이스피싱, 스미싱 등 각종 <b>스팸</b> 번호를 차단할 수 있는 <b>스팸</b> 차단 앱을 사용하는 것도 좋습니다.... ",https://n.news.naver.com/mnews/article/055/0001334974?sid=102,"Mon, 23 Feb 2026 15:23:00 +0900"
설 앞두고 1억2천만원 뜯긴 50대 &quot;앱 설치순간 보이스피싱 제물&quot;,"이들은 한술 더 떠 <b>불법</b>을 저지른 은행직원을 색출할 목적이라며 수사에 협조하도록 강요했고 이어 유명... <b>스팸</b> 전화, 보이스피싱, 스미싱 등 각종 <b>스팸</b> 번호를 차단할 수 있는 <b>스팸</b> 차단 앱을 사용하는 것도 좋다.... ",https://n.news.naver.com/mnews/article/001/0015919058?sid=102,"Mon, 23 Feb 2026 15:00:00 +0900"
[MWC26] 드디어 베일벗는 SKT 6G 청사진 '아테나(ATHENA)',"스미싱, 보이스피싱, <b>불법 스팸</b> 메시지 패턴을 AI가 실시간으로 학습하여 피해가 발생하기 전에 선제적으로 탐지하고 차단하는 플랫폼으로 기능한다는 뜻이다. 더불어 전송망 전 구간에는 양자암호통신(QKD)과... ",https://www.econovill.com/news/articleView.html?idxno=730512,"Mon, 23 Feb 2026 10:52:00 +0900"
이름·주소·신분증 등 10억 건 '개인정보' 유출...베트남 2100만 건 털렸...,"전문가들은 수천만 건에서 수억 건 단위에 이르는 이 같은 대규모 정보 유출은 단순히 <b>스팸</b> 이메일이나... 특히 한 번 유출된 데이터는 다크웹과 각종 <b>불법</b> 거래망을 통해 계속 복제·재판매되는 경우가 많아, 피해자... ",https://www.insidevina.com/news/articleView.html?idxno=42551,"Fri, 20 Feb 2026 17:58:00 +0900"
"구글, AI 보안 투자 강화에...'악성 앱' 확 줄었다","침해, <b>불법</b> 구독 유도 등 각종 위협으로부터 안드로이드 사용자를 보호하는 방식을 담고 있다. AI 기반 앱... 지난해에는 <b>스팸</b> 평점 및 리뷰 1억6000만개를 차단했으며, 리뷰 폭탄 공격을 받은 앱의 평점 하락을 평균 0.5점... ",http://www.choicenews.co.kr/news/articleView.html?idxno=161292,"Fri, 20 Feb 2026 08:38:00 +0900"
&quot;코스피 5000 호재? MZ조폭도 같이 웃는다&quot;,"그들은 1990년대 서울로 상경해 <b>불법</b> PC방(온라인 도박장)과 사채업으로 돈을 번 뒤 주가조작에 뛰어들었다.... <b>스팸</b>메일을 보낸 뒤 연락이 오는 피해자와 통화하며 투자를 유도하거나, 중계기를 써서 번호를 바꾼 뒤... ",https://www.m-joongang.com/news/articleView.html?idxno=402157,"Thu, 19 Feb 2026 11:16:00 +0900"
"'<b>스팸</b>·피싱' 명절에 급증...이통3사, AI로 대응",2024년 과기정통부와 한국통신사업자연합회는 '<b>불법스팸</b> 방지 종합대책'을 본격 운영하기 시작했다. 보이스피싱 역시 캄보디아 감금 사태를 계기로 작년 과기정통부·경찰·금융위원회 등 15개 기관이 참여하는... ,http://www.hansbiz.co.kr/news/articleView.html?idxno=817464,"Tue, 17 Feb 2026 10:00:00 +0900"
"설 명절 보이스피싱·스미싱 주의보···“명절 선물, 택배 링크 함부로...","또 카카오톡 ‘보호나라’ 채널 스미싱확인서비스에선 의심 문자의 ‘정상’ 여부를 확인할 수 있으며, <b>불법스팸</b> 간편신고 앱, 휴대전화 간편신고(삼성 단말기), <b>불법스팸</b> 대응센터(118) 등에도 신고가 가능하다. 악성 앱... ",https://n.news.naver.com/mnews/article/032/0003428064?sid=102,"Mon, 16 Feb 2026 13:44:00 +0900"
"6억 6,700만달러 적자·비트코인 ETF 4억 1,040만달러 유출…이더리움 ‘...","“제공자는 <b>스팸</b> 공격 없이 대가 지급을 보장받고, 사용자는 요청 내역이 신원이나 다른 요청과 연결되지... 인신매매·<b>불법</b> 도박까지…체이널리시스 “블록체인 투명성이 차단 열쇠” 체이널리시스는 2025년... ",https://www.tokenpost.kr/news/cryptocurrency/331723,"Sun, 15 Feb 2026 23:52:00 +0900"
"'설 택배 도착' 문자, 피싱이면 어떡하지?…카톡으로 즉각 판별",먼저 과학기술정보통신부와 한국인터넷진흥원이 운영하는 '<b>불법스팸</b> 간편 신고' 애플리케이션을 통해서는 의심 문자 내용을 곧바로 전송하면 된다. 신고 시 스미싱 문자와 인터넷주소(URL)를 첨부해 신고할 수 있다.... ,https://n.news.naver.com/mnews/article/421/0008776353?sid=105,"Sun, 15 Feb 2026 08:10:00 +0900"
"명절 불청객 ‘<b>불법 스팸</b>·보이스피싱’ 기승 … 이통3사, 대응 총력전...","포함된 인터넷주소를 절대 누르지 말고 전화도 받지 않아야 한다”며 “<b>불법 스팸</b> 간편 신고 앱과 휴대전화 간편 신고, <b>불법스팸</b>대응센터에 신고해 이용자 피해 확산 방지에 참여해 달라”고 당부했다. 뉴데일리 김성현",https://biz.newdaily.co.kr/site/data/html/2026/02/13/2026021300245.html,"Sat, 14 Feb 2026 08:00:00 +0900"
"“택배 왔어요” 설 선물 배송 문자, 눌렀다간 계좌 털린다","<b>불법 스팸</b> 신고와 신속 차단 체계도 운영 중이다. 방미통위는 <b>불법 스팸</b>이 의심되는 문자에 포함된 인터넷 주소는 누르지 말고 전화도 받지 않아야 하며, 의심 문자는 <b>불법 스팸</b> 대응센터(118)에 신고해 이용자 피해 확산... ",https://bravo.etoday.co.kr/view/atc_view/18595,"Sat, 14 Feb 2026 06:02:00 +0900"
"설 명절 앞두고 <b>불법 스팸</b> 문자 기승, 국민 주의 필요","국제뉴스/DB 설 명절을 앞두고 <b>불법 스팸</b> 문자와 산불 위험이 증가하면서 국민의 주의가 요구된다. 방송미디어통신위원회는 최근 설날을 맞아 &quot;설날 대비 200만 원 받으세요&quot;, &quot;설날행사 1+2=3통 행사&quot;, &quot;설 선물 배송&quot; 등의... ",https://www.gukjenews.com/news/articleView.html?idxno=3506847,"Sat, 14 Feb 2026 00:32:00 +0900"
설 명절에도 쉬지 않는 비상 연락처,kr) · 감염병 의심 - 1339 ◆ 긴급 신고 · 소방·응급환자 - 119 · 경찰 - 112 · 산불(산림청) - 042-481-4119 · 피싱·스미싱 - 1394 · <b>불법스팸</b> - 118 ◆ 생활 · 생활·민원 상담 - 110 · 가스 사고 - 1544-4500... ,https://www.korea.kr/multi/visualNewsView.do?newsId=148959622&call_from=naver_news,"Fri, 13 Feb 2026 19:00:00 +0900"
‘중국판 이혼숙려·금쪽이’ 그만…규제당국 칼 뺐다[중국나라],"이번 조치가 지목한 분야는 △악의적으로 부정적 감정 유발 △<b>스팸</b> 정보 생성 △허위 정보 조작·유포 △<b>불법</b> 활동 조장 등이다. 우선 비혼, 불임, 반(反)결혼·출산 같은 나쁜 가치를 홍보하고 옹호하며 남녀간 성별... ",https://n.news.naver.com/mnews/article/018/0006219105?sid=104,"Fri, 13 Feb 2026 11:58:00 +0900"
설 화두는 ‘부동산·지방선거’…‘민족 대이동’ 핵심 팁은?,"<b>불법스팸</b>이 의심되는 문자에 포함된 인터넷주소(URL)는 누르지 말고 전화도 받지 않아야 한다. 카카오톡 ‘보호나라’ 채널 ‘스미싱확인서비스’에서 의심 문자의 ‘정상’ 여부를 확인할 수 있으며, <b>불법스팸</b>... ",https://www.cnbnews.com/news/article.html?no=778991,"Fri, 13 Feb 2026 10:16:00 +0900"
'안전한 설' 당일 병의원 2276곳 운영…고속도로 4일간 '무료',"<b>불법 스팸</b>이 의심되는 문자에 포함된 인터넷주소(URL)는 누르지 말고, 수상한 전화는 받지 않는 것이 안전하다고 덧붙였다. 행정안전부도 최근 건조한 날씨로 산불 위험이 커지고 있는 만큼 성묘와 산행 시 각별한... ",https://www.korea.kr/news/policyNewsView.do?newsId=148959514&call_from=naver_news,"Thu, 12 Feb 2026 18:28:00 +0900"
'지원금·이벤트' 미끼 문자 확산…명절 스미싱 경고,"아울러 <b>불법 스팸</b> 간편 신고 앱이나 휴대전화 신고 기능, <b>불법스팸</b>대응센터를 통해 즉시 신고해 추가 피해를 예방해 달라고 당부했다. 방미통위는 명절을 전후해 각종 지원금이나 이벤트를 내세운 문자가 늘어나는 만큼... ",http://www.dailypop.kr/news/articleView.html?idxno=96474,"Thu, 12 Feb 2026 15:46:00 +0900"
21억달러 토큰채·6만달러 비트코인… 규제 압박 속 ETH ‘V자 반등’ 시...,"사용자가 어떤 모델을 얼마나 호출했는지는 감추되, 사용량 초과·<b>불법</b> 목적 이용 등 규칙 위반이... 예를 들어 봇 공격이나 <b>스팸</b> 행위를 차단하면서도, 이용자의 개인정보나 사용 내역을 블록체인에 그대로... ",https://www.tokenpost.kr/news/cryptocurrency/330959,"Thu, 12 Feb 2026 15:22:00 +0900"
"100달러 예치로 500번 호출… 이더리움, ZK로 'AI 챗봇 프라이버시 결제...",다만 이러한 익명 구조는 <b>스팸</b> 공격이나 <b>불법</b> 콘텐츠 생성 시도로 악용될 소지도 있다. 이를 막기 위해 두 연구자는 ‘이중 스테이킹’ 기반의 페널티 메커니즘을 함께 제안했다. 사용자가 이중지불을 시도하거나... ,https://www.tokenpost.kr/news/blockchain/330932,"Thu, 12 Feb 2026 13:42:00 +0900"
"LG유플러스, 설 연휴 보이스피싱 예방 위한 긴급 대응 체계 돌입","등 <b>불법</b>요인 차단 총력…‘고객 보호 특별 대책’ 가동 [서울타임즈뉴스 = 최남주 기자] LG유플러스가 설... 이와 함께 명절에 빈발하는 <b>스팸</b> 문자 유형을 AI에 추가 학습시켜 차단을 강화하고, ‘U+<b>스팸</b>차단’ 앱을 통해... ",https://www.seoultimes.news/news/article.html?no=2000091566,"Thu, 12 Feb 2026 09:41:00 +0900"
‘설 선물 배송 왔어요’ 누르지 마세요…악성<b>스팸</b> 주의 당부,"<b>불법스팸</b>이 의심되는 문자에 포함된 URL은 누르지 말고 전화도 받지 않아야 하며, <b>불법스팸</b> 간편신고 애플리케이션과 휴대전화 간편신고, <b>불법스팸</b>대응센터(☎118)에 신고해 이용자 피해 확산 방지에 참여해 줄 것을... ",http://journal.kobeta.com/?post_type=post&p=61779,"Thu, 12 Feb 2026 08:48:00 +0900"
'설 선물 배송' 문자 누르면 위험... 명절 앞두고 스미싱 기승,"방미통위는 의심되는 문자에 포함된 인터넷주소를 절대 누르지 말고 전화도 받지 않아야 하며 <b>불법 스팸</b> 간편 신고 앱과 휴대전화 간편 신고, <b>불법스팸</b>대응센터(☎118)에 신고해 이용자 피해 확산 방지에 참여해 달라고... ",http://www.dynews.co.kr/news/articleView.html?idxno=838913,"Wed, 11 Feb 2026 20:42:00 +0900"
'설 선물 배송' 미끼문자 주의보,"<b>불법스팸</b>이 의심되는 문자에 포함된 인터넷주소(URL)는 누르지 말고 전화도 받지 않아야 하며, <b>불법스팸</b> 간편신고 앱과 휴대전화 간편신고, <b>불법스팸</b>대응센터(☎118)에 신고해야 한다.",http://www.ujeil.com/news/articleView.html?idxno=381197,"Wed, 11 Feb 2026 20:28:00 +0900"
'설 선물 배송 왔어요' 문자 누르지 마세요,"<b>불법스팸</b>이 의심되는 문자에 포함된 인터넷주소(URL)는 누르지 말고 전화도 받지 않아야 하며, <b>불법스팸</b> 간편신고 앱과 휴대전화 간편신고, <b>불법스팸</b>대응센터(☎118)에 신고해 이용자 피해 확산 방지에 참여해 줄... ",https://it.chosun.com/news/articleView.html?idxno=2023092156910,"Wed, 11 Feb 2026 17:14:00 +0900"
“설 배송 왔어요”…‘미끼 문자’ 조심해야,"이런 문자에 포함된 인터넷 링크를 누르면 <b>불법</b> 사이트로 연결되고 악성 프로그램이 설치돼 무단 송금, 원격 제어 등의 피해로 이어질 수 있습니다. 미끼 문자로 의심될 경우에는 링크를 절대 누르지 말고 <b>스팸</b> 신고... ",https://n.news.naver.com/mnews/article/056/0012123510?sid=101,"Wed, 11 Feb 2026 17:05:00 +0900"
'설 선물 배송 문자' 함부로 누르지 마세요...스미싱 주의보,"카카오톡 '보호나라' 채널의 스미싱 확인 서비스와 <b>불법스팸</b> 간편 신고 앱, 휴대전화 신고 기능, <b>불법스팸</b> 대응센터(☎118)를 통해 신고할 수 있으며, 피싱이나 스미싱이 의심될 경우 112 또는 1394로 연락해 상담을 받을 수... ",https://n.news.naver.com/mnews/article/052/0002313634?sid=102,"Wed, 11 Feb 2026 16:38:00 +0900"
“설날 앞두고 200만원 드릴게요”…명절 노린 스미싱·사기 문자 기승,"<b>불법 스팸</b>으로 의심되는 문자는 카카오톡 ‘보호나라’ 채널 내 ‘스미싱 확인서비스’에서 확인할 수 있다. 보호나라 채널 창 내 스미싱을 클릭한 뒤 의심 메시지를 그대로 복사해 전송하면 되는데, 내용에 따라 악성... ",https://n.news.naver.com/mnews/article/662/0000088451?sid=102,"Wed, 11 Feb 2026 16:01:00 +0900"
“설 선물 배송” 미끼문자 기승…방미통위 주의 당부,"미끼문자에 포함된 인터넷주소(URL)를 눌러 <b>불법</b> 사이트에 접속하게 되면, 개인정보와 금융정보 탈취를 위한 악성프로그램이 설치돼 무단 송금 및 휴대폰 원격 제어 등의 추가 피해로 이어질 수 있다. 방미통위는... ",https://n.news.naver.com/mnews/article/119/0003058832?sid=105,"Wed, 11 Feb 2026 14:54:00 +0900"
"&quot;'설 선물 배송 왔어요' 문자 조심&quot;…방미통위, <b>불법스팸</b> 주의보","<b>불법스팸</b>이 의심되는 문자에 포함된 인터넷주소(URL)는 누르지 말고 전화도 받지 않아야 하며, <b>불법스팸</b> 간편신고 앱과 휴대전화 간편신고, <b>불법스팸</b>대응센터(☎118)에 신고해 이용자 피해 확산 방지에 참여해 줄 것을... ",https://n.news.naver.com/mnews/article/448/0000589955?sid=100,"Wed, 11 Feb 2026 14:21:00 +0900"
"&quot;설 선물 배송 왔어요&quot;…방미통위, 악성 <b>스팸</b> 주의 당부","<b>불법스팸</b>이 의심되는 문자에 포함된 URL은 누르지 말고 전화도 받지 않아야 하며, <b>불법스팸</b> 간편신고 앱과 휴대전화 간편신고, <b>불법스팸</b>대응센터에 신고할 것을 당부했다.",http://www.newsprime.co.kr/news/article.html?no=724080,"Wed, 11 Feb 2026 14:10:00 +0900"
설 앞두고 스미싱 급증…'미끼 문자 주의보' 발령,"방미통위 관계자는 &quot;<b>불법스팸</b>이 의심되는 문자에 포함된 URL은 누르지 말고 전화도 받지 않아야 한다&quot;며 &quot;<b>불법스팸</b> 간편신고 앱과 휴대전화 간편신고, <b>불법스팸</b>대응센터에 신고해 피해 확산 방지에 참여해 주기를 바란다... ",http://www.shinailbo.co.kr/news/articleView.html?idxno=2190977,"Wed, 11 Feb 2026 14:00:00 +0900"
설 연휴 앞두고 스미싱 확산…택배·이벤트 위장 문자 주의,"불분명한 문자에 포함된 URL은 누르지 말고, 모르는 번호의 전화는 받지 않는 것이 기본 수칙이다. <b>불법스팸</b> 간편신고 앱이나 휴대전화 신고 기능, <b>불법스팸</b>대응센터(☎118)를 통해 즉시 신고하면 피해 확산을 줄일 수 있다.",https://www.newswhoplus.com/news/articleView.html?idxno=54185,"Wed, 11 Feb 2026 13:48:00 +0900"
설 명절 앞두고 “선물 배송” 등 성행하는 ‘미끼 문자’ 주의 당부,"방미통위는 “<b>불법스팸</b>이 의심되는 문자에 포함된 URL은 누르지 말고 전화도 받지 않아야 한다”며 “<b>불법스팸</b> 간편신고 앱과 휴대전화 간편신고, <b>불법스팸</b>대응센터(118)에 신고해 이용자 피해 확산 방지에 참여해 줄... ",https://www.kukinews.com/article/view/kuk202602110112,"Wed, 11 Feb 2026 13:36:00 +0900"
‘설 선물 배송’ 문자 눌렀다가 낭패…명절 앞두고 스미싱 주의보,"방미통위 관계자는 “나의 작은 주의가 가족 전체의 큰 피해를 막을 수 있다”며 “<b>불법 스팸</b>이 의심되면 <b>불법스팸</b>신고 앱이나 휴대전화 간편 신고, <b>불법스팸</b>대응센터(118)로 신고해 달라”고 당부했다. 피싱 또는... ",https://n.news.naver.com/mnews/article/023/0003958581?sid=105,"Wed, 11 Feb 2026 13:33:00 +0900"
“설 배송 왔어요”…‘미끼 문자’ 조심해야,"이런 문자에 포함된 인터넷 링크를 누르면 <b>불법</b> 사이트로 연결되고 악성 프로그램이 설치돼 무단 송금, 원격 제어 등의 피해로 이어질 수 있습니다. 미끼 문자로 의심될 경우에는 링크를 절대 누르지 말고, <b>스팸</b> 신고... ",https://n.news.naver.com/mnews/article/056/0012123351?sid=105,"Wed, 11 Feb 2026 12:55:00 +0900"
설 앞두고 &quot;선물 배송 완료&quot; 등 미끼문자 주의,"<b>불법스팸</b>이 의심되는 문자에 포함된 URL은 누르지 말고 전화도 받지 않아야 하며 <b>불법스팸</b> 간편신고 앱과 휴대전화 간편신고, <b>불법스팸</b>대응센터에 신고해 이용자 피해 확산 방지에 참여해 줄 것을 당부했다.",https://www.newscj.com/news/articleView.html?idxno=3374183,"Wed, 11 Feb 2026 12:30:00 +0900"
'설 선물 배송' 미끼 스미싱 주의보,"방미통위 관계자는 &quot;<b>불법스팸</b>이 의심되는 문자에 포함된 URL은 누르지 말고 전화도 받지 않아야 한다&quot;며 &quot;<b>불법스팸</b> 간편신고 앱과 휴대전화 간편신고, <b>불법스팸</b>대응센터에 신고해 이용자 피해 확산 방지에 참여해달라... ",http://www.00news.co.kr/news/articleView.html?idxno=101841,"Wed, 11 Feb 2026 11:58:00 +0900"
“설 선물 배송왔어요” 눌렀다가 돈 잃는다?…‘이것’ 조심하세요,"방미통위는 “<b>불법스팸</b>이 의심되는 문자에 포함된 인터넷주소는 누르지 말고 전화도 받지 않아야 한다”며 “<b>불법스팸</b> 간편신고 앱과 휴대전화 간편신고, <b>불법스팸</b>대응센터에 신고해 이용자 피해 확산 방지에... ",https://n.news.naver.com/mnews/article/081/0003616977?sid=102,"Wed, 11 Feb 2026 11:53:00 +0900"
'설 선물 배송완료' 문자 누르니 털렸다…악성<b>스팸</b> 기승,"방미통위는 <b>불법스팸</b>이 의심되는 문자에 포함된 인터넷주소(URL)는 누르지 말고 전화도 받지 않아야 하며 <b>불법스팸</b> 간편신고 앱과 휴대전화 간편신고, <b>불법스팸</b>대응센터에 신고해야 한다고 당부했다.",https://n.news.naver.com/mnews/article/421/0008768417?sid=105,"Wed, 11 Feb 2026 11:53:00 +0900"
‘설날 200만 원’ 문자 눌렀다간 통장 ‘텅텅’,"카카오톡 '보호나라'채널 '스미싱확인서비스'에서 확인이 가능하다. 또 <b>불법스팸</b> 간편신고 앱, 휴대전화 간편신고(삼성 단말기), <b>불법스팸</b> 대응센터(118)를 통해 신고 가능하다. ▲ <b>불법 스팸</b> 신고 방법. 방미통위 제공",https://m.skyedaily.com/news_view.html?ID=298171,"Wed, 11 Feb 2026 11:48:00 +0900"
&quot;설 선물 배송·혜택&quot; 문자 속 링크 누르면 절대 안돼요,"인터넷주소는 절대 클릭하지 말고, 출처가 불분명한 전화 역시 받지 말 것을 당부했다. 아울러 <b>불법 스팸</b> 간편 신고 앱과 휴대전화 간편 신고 기능, <b>불법스팸</b>대응센터(☎118)를 통해 적극적으로 신고해 달라고 요청했다.",https://n.news.naver.com/mnews/article/654/0000166214?sid=102,"Wed, 11 Feb 2026 11:24:00 +0900"
"방송미디어통신위원회, 설 명절 앞두고 도박 사이트·악성 앱 설치 등 악...","<b>불법스팸</b>이 의심되는 문자에 포함된 URL는 누르지 말고 전화도 받지 않아야 하며, <b>불법스팸</b> 간편신고 앱과 휴대전화 간편신고, <b>불법스팸</b>대응센터에 신고해 이용자 피해 확산 방지에 참여해 줄 것을 당부했다.",https://idsn.co.kr/news/view/1065576788363869,"Wed, 11 Feb 2026 11:22:00 +0900"
"&quot;배송 문자 눌렀다간 큰일&quot;…방송미디어통신위원회, 설 스미싱 경보","의심되는 메시지에 포함된 주소는 누르지 말고, 전화도 받지 않는 것이 필요하다고 강조했다. 신고는 <b>불법 스팸</b> 간편 신고 앱이나 대응 센터를 통해 가능하다. 연합뉴스 한국면세뉴스",http://www.kdfnews.com/news/articleView.html?idxno=177854,"Wed, 11 Feb 2026 11:16:00 +0900"
설 연휴 앞두고 ‘설 선물 배송’ 스미싱 급증…URL 클릭 한 번에 금융피...,"의심 문자는 카카오톡 ‘보호나라’ 채널의 스미싱 확인 서비스를 통해 정상 여부를 확인할 수 있으며, <b>불법스팸</b> 간편신고 앱이나 휴대전화 간편신고 기능, <b>불법스팸</b>대응센터(118)를 통해 신고할 수 있다. 피싱이나... ",https://www.daily365.news/2026/02/11/%ec%84%a4-%ec%97%b0%ed%9c%b4-%ec%95%9e%eb%91%90%ea%b3%a0-%ec%84%a4-%ec%84%a0%eb%ac%bc-%eb%b0%b0%ec%86%a1-%ec%8a%a4%eb%af%b8%ec%8b%b1-%ea%b8%89%ec%a6%9durl-%ed%81%b4%eb%a6%ad/,"Wed, 11 Feb 2026 10:54:00 +0900"
설 명절 악용 스미싱 문자 활개...&quot;미끼 문자 조심해야&quot;,"방미통위는 의심되는 문자에 포함된 인터넷주소를 절대 누르지 말고 전화도 받지 않아야 하며 <b>불법 스팸</b> 간편 신고 앱과 휴대전화 간편 신고, <b>불법스팸</b>대응센터(☎118)에 신고해 이용자 피해 확산 방지에 참여해 달라고... ",https://www.joongangenews.com/news/articleView.html?idxno=495070,"Wed, 11 Feb 2026 10:50:00 +0900"
"'설날 대비 200만원 받으세요', '설날행사 1+2=3통 행사' 등 스미싱 주의","방미통위는 의심되는 문자에 포함된 인터넷주소를 절대 누르지 말고 전화도 받지 않아야 하며 <b>불법 스팸</b> 간편 신고 앱과 휴대전화 간편 신고, <b>불법스팸</b>대응센터(☎118)에 신고해 이용자 피해 확산 방지에 참여해... ",https://www.bntnews.co.kr/article/view/bnt202602110152,"Wed, 11 Feb 2026 10:48:00 +0900"
"“설 배송 왔어요” 클릭하면 위험…방미통위, ‘미끼 문자’ 주의 당부","방미통위는 의심되는 문자에 포함된 인터넷주소를 절대 누르지 말고, <b>불법 스팸</b> 간편 신고 앱과 휴대전화 간편 신고, <b>불법스팸</b>대응센터(☎118) 등에 신고해 달라고 당부했습니다. [사진 출처 : 연합뉴스... ",https://n.news.naver.com/mnews/article/056/0012123265?sid=105,"Wed, 11 Feb 2026 10:43:00 +0900"
설 택배 문자 함정…클릭하면 악성앱 설치,"아울러 <b>불법 스팸</b> 간편 신고 앱이나 휴대전화 간편 신고 기능, <b>불법스팸</b>대응센터(☎118)를 통해 신고해 달라고 당부했다. 방미통위는 &quot;명절 기간에는 택배·선물 관련 문자가 늘어나는 만큼 스미싱 피해가 집중될 수 있다... ",http://www.issuenbiz.com/news/articleView.html?idxno=72927,"Wed, 11 Feb 2026 10:42:00 +0900"
방미통위 &quot;설날 대비 200만원? 미끼 문자 누르지 마세요&quot;,"방미통위 측은 <b>불법스팸</b>이 의심되는 문자에 포함된 URL은 누르지 말고 전화도 받지 않아야 한다며, <b>불법 스팸</b> 간편 신고 앱과 휴대전화 간편신고, <b>불법스팸</b>대응센터에 신고해 이용자 피해 확산 방지에 참여해 줄 것을... ",https://n.news.naver.com/mnews/article/057/0001934818?sid=100,"Wed, 11 Feb 2026 10:38:00 +0900"
"&quot;설 배송 왔어요&quot; 문자, 클릭하면 위험","방미통위는 의심되는 문자에 포함된 인터넷주소를 절대 누르지 말고 전화도 받지 않아야 하며 <b>불법 스팸</b> 간편 신고 앱과 휴대전화 간편 신고, <b>불법스팸</b>대응센터(☎118)에 신고해 이용자 피해 확산 방지에 참여해 달라고... ",https://n.news.naver.com/mnews/article/001/0015899591?sid=105,"Wed, 11 Feb 2026 10:36:00 +0900"
‘설 선물 배송’으로 유인하는 ‘미끼문자’ 주의해야,"<b>불법스팸</b>이 의심되는 문자에 포함된 인터넷주소(URL)는 누르지 말고 전화도 받지 않아야 한다. 방미통위는 “<b>불법스팸</b> 간편신고 앱과 휴대전화 간편신고, <b>불법스팸</b>대응센터에 신고해 이용자 피해 확산 방지에 참여해 줄... ",https://n.news.naver.com/mnews/article/082/0001366643?sid=101,"Wed, 11 Feb 2026 10:35:00 +0900"
‘설 선물 배송’ 문자 인터넷주소 누르지 마세요,"<b>불법스팸</b>이 의심되는 문자에 포함된 인터넷주소(URL)는 누르지 말고 전화도 받지 않아야 하며 <b>불법스팸</b> 간편신고 앱과 휴대전화 간편신고, <b>불법스팸</b>대응센터에 신고해 이용자 피해 확산 방지에 참여해 줄 것을 당부했다.",https://n.news.naver.com/mnews/article/092/0002410200?sid=105,"Wed, 11 Feb 2026 10:29:00 +0900"
"방미통위, 설 선물 '미끼문자' 주의 당부",사진은 <b>불법스팸</b> 신고 방법 예시. [사진: 방송미디어통신위원회] 설 연휴를 앞두고 '설 선물 배송'으로 유인해 도박 사이트 접속 등으로 유도하는 미끼문자에 대한 이용자 주의가 요구된다. 방송미디어통신위원회는 11일... ,https://www.digitaltoday.co.kr/news/articleView.html?idxno=629850,"Wed, 11 Feb 2026 10:28:00 +0900"
설 선물 문자 함부로 눌렀다간 '계좌 순삭'…명절 노린 스미싱 비상,"<b>불법스팸</b> 간편신고 앱, 휴대전화 간편신고 기능(삼성 단말기), <b>불법스팸</b>대응센터(118)를 통한 신고도 가능하다. 피싱·스미싱이 의심되는 경우 112 또는 1394를 통해 상담받을 수 있다. 방미통위 관계자는 &quot;설 연휴... ",https://n.news.naver.com/mnews/article/079/0004114786?sid=101,"Wed, 11 Feb 2026 10:26:00 +0900"
&quot;'설 선물 배송 완료' 문자 누르지 마세요&quot;,"방미통위는 <b>불법스팸</b>이 의심되는 문자에 포함된 URL은 누르지 말고 전화도 받지 않아야 한다고 강조했다. 또 <b>불법스팸</b> 간편신고 앱과 휴대전화 간편신고, <b>불법스팸</b>대응센터에 신고해 이용자 피해 확산 방지에 참여해... ",https://n.news.naver.com/mnews/article/014/0005476916?sid=105,"Wed, 11 Feb 2026 10:23:00 +0900"
"띵동띵동…&quot;설 선물 배송 완료&quot; 또 날아온 이 문자, 누르지 마세요","방미통위 관계자는 &quot;<b>불법 스팸</b>이 의심되는 문자에 포함된 인터넷주소는 누르지 말고 전화도 받지 않아야 한다&quot;며 &quot;<b>불법 스팸</b> 간편 신고 앱과 휴대전화 간편 신고, <b>불법 스팸</b> 대응센터에 신고해 이용자 피해 확산 방지에... ",https://n.news.naver.com/mnews/article/008/0005317020?sid=105,"Wed, 11 Feb 2026 10:21:00 +0900"
“설 선물 배송 왔어요” URL 절대 누르지 마세요…미끼문자 ‘주의보’,"방미통위는 <b>불법스팸</b>이 의심되는 문자에 포함된 URL는 누르지 말고 전화도 받지 않아야 한다고 강조했다. 또 <b>불법스팸</b> 간편신고 앱과 휴대전화 간편신고, <b>불법스팸</b>대응센터에 신고해 이용자 피해 확산 방지에 참여해 줄... ",https://n.news.naver.com/mnews/article/016/0002599295?sid=105,"Wed, 11 Feb 2026 10:20:00 +0900"
&quot;URL 누르지 마세요&quot; 설 연휴 스미싱 문자 비상,"문자에 포함된 URL은 클릭하지 말고, 의심되는 전화도 받지 말 것을 당부했다. 아울러 <b>불법 스팸</b>이 의심될 경우 <b>불법스팸</b> 간편신고 앱이나 휴대전화 신고 기능, <b>불법스팸</b>대응센터(☎118)를 통해 신고해 줄 것을 요청했다.",https://www.kizmom.com/news/articleView.html?idxno=107658,"Wed, 11 Feb 2026 10:18:00 +0900"
명절 앞두고 '설 선물' 미끼문자 기승…&quot;모르는 번호·URL 피해야&quot;,"방미통위는 &quot;<b>불법스팸</b>이 의심되는 문자에 포함된 인터넷주소는 누르지 말고 전화도 받지 않아야 한다&quot;며 &quot;<b>불법스팸</b> 간편신고 앱과 휴대전화 간편신고, <b>불법스팸</b>대응센터에 신고해 이용자 피해 확산 방지에 참여해달라... ",https://n.news.naver.com/mnews/article/003/0013763255?sid=105,"Wed, 11 Feb 2026 10:12:00 +0900"
"방미통위, 설 선물 배송으로 유인하는 ‘악성<b>스팸</b>’ 주의 당부","방미통위 관계자는 “<b>불법스팸</b>이 의심되는 문자에 포함된 URL은 누르지 말고 전화도 받지 않아야 한다”며 “<b>불법스팸</b> 간편신고 앱과 휴대전화 간편신고, <b>불법스팸</b>대응센터(☎118)에 신고해 이용자 피해 확산 방지에... ",https://www.viva100.com/article/20260211500615,"Wed, 11 Feb 2026 10:08:00 +0900"
&quot;설 선물 왔나?&quot; 무심코 누른 문자 재앙으로…명절 스미싱 '주의보',"피해가 의심되거나 발생한 경우에는 지체 없이 경찰청(112)이나 <b>불법스팸</b>대응센터(118), 또는 1394로 연락해 상담을 받아야 한다. 전문가들은 &quot;나의 작은 주의가 우리 가족의 큰 피해를 막는 가장 강력한 방어선&quot;이라며... ",https://www.thedailypost.kr/news/articleView.html?idxno=113134,"Tue, 10 Feb 2026 14:10:00 +0900"
"김건희 집사 무죄, 김건희에게 인사 청탁한 검사도 무죄: 슬로우레터 2월...","공천 청탁은 무죄, <b>불법</b> 정치자금 혐의만 인정돼서 징역 6개월에 집행유예 1년을 선고받았다. 정청래... 메일이 <b>스팸</b>으로 넘어갔습니다. 이 점은 보완책이 있었으면 합니다.” “퇴직금을 ‘확정급여형(DB)’에서 ’... ",https://slownews.kr/154196,"Tue, 10 Feb 2026 07:30:00 +0900"
"박나래, 전현무·한혜진과 찍은 광고도 일부 삭제…복귀에도 손절 계속...","이른바 ‘주사 이모 게이트’로 알려진 <b>불법</b> 의료 시술 의혹도 있다. 박나래는 주사 이모를 ‘의사’로 알고... 한스킨, <b>스팸</b> 차단앱 후후 등이 박나래와 관련된 영상에 대해 같은 조치를 취했다. 여기에 약 8년 전... ",https://m.entertain.naver.com/article/109/0005474770,"Sat, 07 Feb 2026 14:42:00 +0900"
"아흔아홉째 이야기, 일요일이 다 가는 소리(3)",이런 <b>스팸</b>이 종종 들어오기 때문에 그냥 무심히 지나쳤었다. 지금 생각해 보니 이상했다. 쿠팡 상품 5천 원... 쿠팡이 장시간 노동과 임금 문제에서 법을 어긴 것은 물론이려니와 그 외에도 <b>불법</b>적인 행위가 한 두 가지가... ,http://www.tongilnews.com/news/articleView.html?idxno=215750,"Sat, 07 Feb 2026 12:14:00 +0900"
집값 이어 물가 겨눈 李 “독과점 반드시 시정해야”,비공개 회의에서는 전세 사기 방지를 위해 계약 전 임차인에게 필요한 정보를 제공하도록 하는 방안과 <b>불법 스팸</b> 방지 대책 등이 논의됐다. 앞서 이 대통령은 검찰이 ‘위례신도시 개발 비리 의혹 사건’에 대한 1심 무죄... ,https://n.news.naver.com/mnews/article/005/0001830580?sid=102,"Fri, 06 Feb 2026 00:04:00 +0900"
李대통령 &quot;독과점 고물가 공권력 총동원 시정…물가 TF 검토&quot;,"<b>불법 스팸</b> 방지를 위한 문자 메시지 전송자격 인증제와 제재 강화 방안, 전세 사기 예방을 위한 계약 전 정보 제공, 아침·야간 돌봄서비스 확대, 소비자 피해 구제를 위한 집단소송 제도 개선 방안 등이 테이블에 올랐다. 이... ",https://www.topstarnews.net/news/articleView.html?idxno=15956360,"Thu, 05 Feb 2026 20:40:00 +0900"
고물가에 &quot;공권력 총동원&quot; 주문한 이 대통령… '가격조정명령' 카드 언...,"이후 이 대통령은 비공개회의에서 <b>불법 스팸</b> 방지, 전세사기 방지 등 민생 체감 정책에 대한 보고를 받고 &quot;국민의 권리 보호를 위해 필요할 경우 법률이 아니라 시행령을 통해 속도감 있게 추진하는 방안도 검토하라&quot;고... ",https://n.news.naver.com/mnews/article/469/0000913048?sid=100,"Thu, 05 Feb 2026 18:46:00 +0900"
"이 대통령, 지방주도성장 대전환 재차 강조","이날 논의된 주요 정책은 문자 전송자격 인증제를 시행하고, 발송자에 대한 제재를 강화하는 등의 내용을 담은 <b>불법 스팸</b> 방지 대책과 전세 사기 방지를 위해 계약 전 임차인에게 필요한 정보를 제공하는 방안 등이다. 또한... ",https://www.inews365.com/news/article.html?no=906022,"Thu, 05 Feb 2026 18:00:00 +0900"
"李대통령, '국민 체감 정책' 속도전…'<b>불법 스팸</b>·전세 사기' 정조준(종...",김근욱 한재준 임윤지 기자 = 이재명 대통령은 5일 수석·보좌관 회의에서 <b>불법 스팸</b>과 전세 사기 방지 대책을 속도감 있게 마련하라고 지시했다. 지난주에 이어 이번 주에도 '국민 체감 정책'을 최우선 추진 과제로 삼겠다는... ,https://n.news.naver.com/mnews/article/421/0008756830?sid=100,"Thu, 05 Feb 2026 17:53:00 +0900"
이 대통령 &quot;피해주며 혼자 잘 살면 좋나…고물가에 공권력 총동원&quot;,우선 '문자 메시지 전송자격 인증제'를 시행하고 발송자에 대한 제재를 강화하는 내용 등을 포함한 <b>불법 스팸</b> 방지 대책이 논의됐습니다. 또 전세 사기 방지를 위해 계약 전 임차인에게 필요한 정보를 제공하도록 하는... ,https://n.news.naver.com/mnews/article/055/0001330681?sid=100,"Thu, 05 Feb 2026 17:49:00 +0900"
李 “필요하면 법률 아닌 시행령으로 속도감 있게 정책 추진 검토”,이날 비공개 회의에서 △문자 전송 자격 인증제 시행 및 발송자 제재 강화 등 <b>불법 스팸</b> 방지 대책 △계약 전 임차인에게 필요한 정보 제공 등 전세 사기 방지 대책이 논의됐다. 아울러 △소비자 집단 피해구제 소송제도... ,https://n.news.naver.com/mnews/article/020/0003695360?sid=100,"Thu, 05 Feb 2026 17:49:00 +0900"
李대통령 &quot;국가 조달 시 지방 가점제 준비…물가 관리 TF 검토하라&quot;,"김 대변인에 따르면, 문자 전송자격 인증제를 시행하고, 발송자에 대한 제재를 강화하는 등의 내용을 담은 <b>불법 스팸</b> 방지 대책이 논의됐다. 또한 전세 사기 방지를 위해 계약 전 임차인에게 필요한 정보를 제공하는... ",https://www.polinews.co.kr/news/articleView.html?idxno=722116,"Thu, 05 Feb 2026 17:36:00 +0900"
"李대통령, 민생 정책 속도전…<b>불법 스팸</b>·전세 사기 대책 '총동원'",전세사기 예방·<b>불법스팸</b> 차단 지시…“국민 권리 보호 우선&quot; 먹거리 물가·담합 행위엔 “시스템 악용 반드시 바로잡아야” 이재명 대통령은 5일 전세사기·<b>불법스팸</b> 등 국민 체감도가 높은 현안을 두고 &quot;시행령 등... ,https://www.asiatoday.co.kr/view.php?key=20260205010002212,"Thu, 05 Feb 2026 17:32:00 +0900"
李대통령 &quot;국민 권리보호 필요하면 시행령으로 속도감&quot;,"靑 수석·보좌관 회의서 '국민 체감 정책' 2주째 보고 <b>불법스팸</b> 방지, 전세 계약 전 임차인에 정보 제공 논의 소비자 집단 피해구제 소송제도 개선 방안 아침·야간 돌봄 서비스 확대 등도 함께 논의 靑 &quot;아직 확정 발표 단계... ",https://n.news.naver.com/mnews/article/079/0004112981?sid=100,"Thu, 05 Feb 2026 17:31:00 +0900"
설 연휴 앞두고 고물가 칼 빼든 李 &quot;가격조정명령제 활용하라&quot;,"김남준 청와대 대변인은 브리핑에서 &quot;문자 전송자격 인증제를 시행하고, 발송자에 대한 제재를 강화하는 등의 내용을 담은 <b>불법 스팸</b> 방지 대책이 논의됐고 전세 사기 방지를 위해 계약 전 임차인에게 필요한 정보를... ",https://n.news.naver.com/mnews/article/008/0005314787?sid=100,"Thu, 05 Feb 2026 17:31:00 +0900"
李대통령 &quot;피해주며 혼자 잘살면 좋나…고물가에 공권력 총동원&quot;(종합),우선 '문자 메시지 전송자격 인증제'를 시행하고 발송자에 대한 제재를 강화하는 내용 등을 포함한 <b>불법 스팸</b> 방지 대책이 논의됐다. 또 전세 사기 방지를 위해 계약 전 임차인에게 필요한 정보를 제공하도록 하는 방안도... ,https://n.news.naver.com/mnews/article/001/0015888426?sid=100,"Thu, 05 Feb 2026 17:26:00 +0900"
李 &quot;<b>스팸</b> 차단·전세 사기 예방 등 시행령 통해서라도 속도&quot;,이날 회의에서는 문자 전송 자격 인증제 도입과 발송자 제재 강화를 골자로 한 <b>불법 스팸</b> 방지 대책이 논의됐다. 또 전세 사기 예방을 위해 계약 전 임차인에게 필요한 정보를 제공하는 방안도 검토됐다. 아울러 소비자... ,https://www.ajunews.com/view/20260205164718131,"Thu, 05 Feb 2026 17:14:00 +0900"
독과점 고물가에 李대통령 &quot;가격조정 명령제도 검토&quot;…소비자 피해구제...,"이재명 대통령은 5일 청와대에서 수석·보좌관 회의를 주재하고 <b>불법 스팸</b> 방지와 전세사기 예방, 소비자 집단 피해구제 소송제도 개선, 아침·야간 돌봄서비스 확대 등 '국민 체감 정책'을 집중 점검하고 필요할 경우... ",https://n.news.naver.com/mnews/article/277/0005717714?sid=100,"Thu, 05 Feb 2026 17:12:00 +0900"
李대통령 “체감정책 속도 내라”…전세사기·<b>불법스팸</b> 대책 신속 추진...,이재명 대통령이 전세사기와 <b>불법스팸</b> 근절 등 국민 체감 정책을 두고 ‘속도전’을 주문하며 정책 드라이브 수위를 끌어올렸다. 입법 절차를 기다리기보다 시행령 등 행정수단을 활용해 신속히 추진하라고 지시하면서... ,https://www.kukinews.com/article/view/kuk202602050252,"Thu, 05 Feb 2026 17:12:00 +0900"
"李대통령 &quot;정책, 필요시 법률 아닌 시행령으로 속도감있게 추진 검토&quot;","한편 '국민 체감 정책'을 주제로 진행된 이날 회의에서 각 수석·비서관실은 문자 발송자에 대한 제재를 강화하는 내용을 담은 <b>불법 스팸</b> 방지 대책, 전세 계약 전 임차인에게 필요한 정보를 제공해 전세 사기 피해를... ",https://n.news.naver.com/mnews/article/003/0013752172?sid=100,"Thu, 05 Feb 2026 17:10:00 +0900"
"李대통령, 수석·보좌관회의 주재…&quot;수도권서 멀수록 두텁게 지원&quot;",회의에서는 <b>불법 스팸</b> 방지를 위해 문자 전송자격 인증제를 도입하고 발송자에 대한 제재를 강화하는 방안이 논의됐다. 전세 사기 예방을 위해 계약 전 임차인에게 필요한 정보를 제공하는 방안도 검토됐다. 이 밖에도... ,https://www.fntoday.co.kr/news/articleView.html?idxno=376755,"Thu, 05 Feb 2026 17:08:00 +0900"
"이 대통령, 속도감 있는 '국민 체감 정책' 강조…&quot;시행령 통해서라도&quot;","전세 사기 방지를 위해 계약 전 임차인에게 필요한 정보를 제공하는 방안, 문자 전송자격 인증제를 시행하고 발송자에 대한 제재를 강화하는 등 <b>불법 스팸</b>을 방지하는 대책 등이 논의됐다고 김 대변인은 전했습니다. 이와... ",https://n.news.naver.com/mnews/article/422/0000830776?sid=100,"Thu, 05 Feb 2026 17:05:00 +0900"
靑 <b>스팸</b>방지 대책 등 논의…&quot;발송자 제재 강화&quot;,발송자 책임을 강화해 <b>불법 스팸</b>을 줄이기 위한 대책이다. 이재명 대통령이 5일 청와대 여민관에서 열린 수석보좌관회의에서 발언하고 있다. (사진=연합뉴스) 김남준 청와대 대변인은 이날 회의 종료 후 서면 브리핑을 통해... ,https://n.news.naver.com/mnews/article/018/0006214145?sid=100,"Thu, 05 Feb 2026 16:57:00 +0900"
"李 대통령, '국민체감정책' 속도 주문…<b>불법스팸</b>·전세사기 방지(종합)",수석보좌관회의 주재…참모진에 당부 물가관리 TF 검토도 지시 이재명 대통령은 5일 참모진에 <b>불법 스팸</b> 방지 및 전세 사기 방지 대책 등 국민체감정책을 차질없이 준비하라고 지시했다고 김남준 청와대 대변인이 전했다.... ,https://n.news.naver.com/mnews/article/629/0000469993?sid=100,"Thu, 05 Feb 2026 16:56:00 +0900"
李대통령 &quot;전세 사기 막도록 임차인에 정보 제공&quot;…<b>불법 스팸</b> 방지 대책...,이재명 대통령은 5일 참모진에 전세사기 방지 방안과 <b>불법스팸</b> 방지 대책 등 '국민 체감 정책'을 속도감 있게 추진할 것을 지시했다. 이 대통령은 이날 수석보좌관회의 비공개 자리에서 국민 체감 정책들을 논의하며... ,https://www.newspim.com/news/view/20260205001291,"Thu, 05 Feb 2026 16:54:00 +0900"
‘고물가’ 칼 빼든 이 대통령 “국가 공권력 총동원···가격조정 명령...,이 대통령은 이날 비공개회의에서 문자 전송자격 인증제 시행 등의 내용을 담은 <b>불법 스팸</b> 방지 대책과 전세 사기 방지를 위해 계약 전 임차인에게 필요한 정보를 제공하는 방안 등을 참모들로부터 보고받았다. 이... ,https://n.news.naver.com/mnews/article/032/0003426120?sid=100,"Thu, 05 Feb 2026 16:23:00 +0900"
李대통령 “피해주며 혼자 잘 살면 좋나… 물가관리에 공권력 총동원”,"김남준 대변인은 이날 서면브리핑에서 이 대통령이 <b>불법 스팸</b> 방지 및 전세 사기 방지 대책 등 국민체감정책을 차질없이 준비하라고 지시했다고 밝혔다. 또 문자 전송자격 인증제를 시행하고, 발송자에 대한 제재를... ",https://n.news.naver.com/mnews/article/029/0003009355?sid=100,"Thu, 05 Feb 2026 15:10:00 +0900"
이 대통령 “밀라노 올림픽 관심 떨어져…대외홍보 신경 써달라”,비공개 회의에서는 ▶문자 전송 자격 인증제 시행 및 발송자 제재 강화 등 <b>불법 스팸</b> 방지 ▶계약 전 임차인에 필요한 정보 제공 등 전세 사기 방지 대책 ▶소비자 집단 피해 구제 소송제도 개선 ▶아침·야간 돌봄서비스... ,https://n.news.naver.com/mnews/article/025/0003501347?sid=100,"Thu, 05 Feb 2026 14:52:00 +0900"
'복귀설' 박나래 측이 전한 입장...광고계는 여전히 '손절',"한스킨, <b>스팸</b> 차단앱 후후 등도 박나래와 관련된 영상에 대해 같은 조치를 취했습니다. 이는 두 달째 이어지는 갑질 및 <b>불법</b> 의료 시술 의혹 여파 때문으로 추측됩니다. 기자 : 공영주 오디오 : AI앵커 제작 : 육지혜 * YTN... ",https://m.entertain.naver.com/article/052/0002310727,"Thu, 05 Feb 2026 13:23:00 +0900"
"[단독] ‘활동 중단’ 박나래, 복귀작에도 광고계 외면…뷰티·게임→의...","갑질 및 <b>불법</b> 의료 시술 의혹 등으로 활동을 중단한 박나래에 대한 광고계 손절은 이어지고 있다. 4일... 한스킨, <b>스팸</b> 차단앱 후후 등이 박나래와 관련된 영상에 대해 같은 죄를 취했다. 해당 영상은 현재 ‘동영상을... ",https://m.entertain.naver.com/article/109/0005473475,"Thu, 05 Feb 2026 07:30:00 +0900"
"[단독] '복귀작 확정' 박나래, 광고 손절 못 막았다…뷰티→의약계 줄줄...","한스킨, <b>스팸</b> 차단앱 후후 등이 박나래와 관련된 영상을 지웠다. 해당 영상은 현재 ‘동영상을 재생할 수... 및 <b>불법</b> 의료 시술 의혹 여파 때문인 것으로 추측된다. 박나래 전 매니저들은 지난달 3일 직장 내 괴롭힘... ",https://m.entertain.naver.com/article/109/0005473015,"Wed, 04 Feb 2026 13:41:00 +0900"
'사이버 이상거래 탐지 AI 시스템' 가동…주가 조작 조기 차단,"새로운 AI 시스템은 과거에 이상거래 가능성이 있다고 분류된 종목들의 온라인 게시글, <b>스팸</b>문자 신고 내역... 불공정거래 신고는 금융위 홈페이지, 금감원 <b>불법</b>금융신고센터, 한국거래소 불공정거래신고센터로 할 수... ",https://www.hellot.net/news/article.html?no=110034,"Wed, 04 Feb 2026 10:14:00 +0900"
'주가 조작' AI로 잡는다…한국거래소 사이버 이상거래 탐지 시스템 가...,"AI 시스템은 과거 이상거래 가능성이 있다고 분류된 종목과 관련한 온라인 게시글, <b>스팸</b>문자 신고 내역... 불공정거래 신고는 금융위 홈페이지 또는 금융감독원 <b>불법</b>금융신고센터, 한국거래서 불공정거래신고센터에 하면... ",https://www.ccdn.co.kr/news/articleView.html?idxno=1061605,"Mon, 02 Feb 2026 19:16:00 +0900"
"코스피 5%대 폭락 '쇼크'...거래소, '사이버 이상거래 탐지 AI' 본격 가동","게시글, <b>스팸</b>문자 신고 내역, 유튜브 영상, 주가 급등 데이터 등을 종합적으로 학습해 개발됐다. AI는 학습... 당시 증권선물위원회 위원장은 &quot;주가조작 척결은 주식시장 신뢰 회복의 출발점&quot;이라며, <b>불법</b> 이익 박탈은 물론... ",https://www.g-enews.com/view.php?ud=202602021340199293df2f5bc1bc_1,"Mon, 02 Feb 2026 15:48:00 +0900"
주가조작 원천차단? ..정부 &quot; 사이버 이상거래 탐지 AI 시스템' 가동&quot;,"새로운 AI 시스템은 과거에 이상거래 가능성이 있다고 분류된 종목들의 온라인 게시글, <b>스팸</b>문자 신고 내역... 불공정거래 신고는 금융위 홈페이지, 금감원 <b>불법</b>금융신고센터(홈페이지와 전화 1332), 한국거래소... ",https://www.kdpress.co.kr/news/articleView.html?idxno=202461,"Mon, 02 Feb 2026 15:32:00 +0900"
&quot;보이스피싱 신고 '1394' 꾹∼누르세요&quot;…365일 24시간 언제든,형식으로 <b>스팸</b> 전화 또는 광고성 번호로 오인되거나 번호 자체를 기억하기 어렵다는 지적이 제기돼왔다.... 경찰은 속칭 '사무장 병원'과 같은 <b>불법</b> 의료기관 개설·운영 등을 중점 단속 대상으로 지목했다. 각 시·도... ,https://n.news.naver.com/mnews/article/088/0000994980?sid=102,"Mon, 02 Feb 2026 15:22:00 +0900"
주가 조작 조기 차단…'사이버 이상거래 탐지 AI 시스템' 가동,"새로운 AI 시스템은 과거에 이상거래 가능성이 있다고 분류된 종목들의 온라인 게시글, <b>스팸</b>문자 신고 내역... 불공정거래 신고는 금융위 홈페이지, 금감원 <b>불법</b>금융신고센터(홈페이지와 전화 1332), 한국거래소... ",https://www.korea.kr/news/policyNewsView.do?newsId=148958931&call_from=naver_news,"Mon, 02 Feb 2026 15:10:00 +0900"
"KRX, 온라인 주가조작 탐지에 AI 투입","새 시스템은 과거 ‘이상거래 가능’ 분류 종목과 관련한 온라인 게시글, <b>스팸</b>문자 신고 내역, 유튜브 영상... 금융위원회는 홈페이지 신고 메뉴를, 금융감독원은 <b>불법</b>금융신고센터를 통해 ‘증권불공정거래 신고’를... ",https://m.skyedaily.com/news_view.html?ID=297291,"Mon, 02 Feb 2026 12:30:00 +0900"
"&quot;SNS·유튜브까지 싹 다&quot;…주가조작, AI가 먼저 잡는다","주가조작 세력이 온라인 게시글과 유튜브, <b>스팸</b> 문자 등을 동원해 특정 종목을 띄우는 ‘사이버발(發) 시세... 불공정거래는 금융위 홈페이지 신고 창구와 금감원 <b>불법</b>금융신고센터, 거래소 불공정거래신고센터 등을 통해... ",https://n.news.naver.com/mnews/article/018/0006211462?sid=101,"Mon, 02 Feb 2026 12:02:00 +0900"
"한국거래소, 주가조작 조기 차단 'AI 감시체계' 가동","새로 도입된 AI 시스템은 과거 이상거래 가능성이 있다고 분류된 종목들의 온라인 게시글, <b>스팸</b>문자 신고... 한편 자본시장 불공정거래 신고는 금융위원회 홈페이지, 금융감독원 <b>불법</b>금융신고센터, 한국거래소... ",https://www.kbanker.co.kr/news/articleView.html?idxno=223839,"Mon, 02 Feb 2026 12:00:00 +0900"
"서민금융진흥원, '스마트 레터링 서비스' 도입","고객이 사칭, <b>스팸</b>전화가 아님을 알고 안심하고 전화를 받을 수 있어 전화 연결률과 상담 수용도가 동시에... 한편, <b>불법</b>사금융 피해에 노출된 경우 금융감독원에 신고하여 필요한 도움을 받을 수 있으며 과도한 채무... ",http://www.bizwnews.com/news/articleView.html?idxno=123523,"Mon, 02 Feb 2026 07:34:00 +0900"
'버스 광고 100만원' 지방선거 쩐의 전쟁…&quot;금권문화 개선을&quot;,"선거 <b>스팸</b>에 짜증이 난다' 등의 반응을 보인다. 때 이른 선거전에 염증을 느끼며 되레 정치에 등을 돌리는 유권자도 적지 않다. 더욱이 선거전 조기 과열에 따른 <b>불법</b>·과잉 홍보가 공정 경쟁 질서를 약화하고, 금권... ",https://n.news.naver.com/mnews/article/003/0013741777?sid=102,"Sun, 01 Feb 2026 11:00:00 +0900"
[AI 금융 브리핑] 프리미어·특별자금·강태영·윤리비전·특별면책·스...,청소년 도박 근절 릴레이 캠페인은 서울경찰청 주관 캠페인으로 청소년 <b>불법</b> 사이버도박 문제에 대한... 이용자는 사칭과 <b>스팸</b>전화가 아님을 알고 안심하고 전화를 받을 수 있어 전화 연결률과 상담 수용도가 동시에... ,http://www.shinailbo.co.kr/news/articleView.html?idxno=2185407,"Fri, 30 Jan 2026 16:58:00 +0900"
&quot;보이스피싱과의 전면전&quot;…'연결' 내려놓고 '보호' 택한 이통3사,손영규 SK텔레콤 보안거버넌스 실장은 &quot;보이스피싱과 <b>불법 스팸</b> 수법은 날로 지능화되고 있다&quot;며 &quot;AI 대응 역량 강화와 정부·유관기관과의 협력을 지속할 것&quot;이라고 말했다. KT 관계자도 &quot;통신과 금융을 아우르는 이중... ,https://www.ezyeconomy.com/news/articleView.html?idxno=231613,"Fri, 30 Jan 2026 14:26:00 +0900"
누구보다 먼저 움직였다… 3만 명의 1.8조원 사수한 '이것',이는 지능형 <b>스팸</b> 차단 기술이 대량의 문자 데이터를 실시간으로 모니터링하며 <b>불법</b> URL이 포함된 메시지를 사전에 폐기한 결과물이다. 갈수록 정교해지는 범죄 수법에 대응하기 위해 단순 패턴 매칭 방식에서 벗어나... ,https://www.wikitree.co.kr/articles/1114198,"Fri, 30 Jan 2026 11:24:00 +0900"
[기획특집] 2026년 시행되는 보안·안전 관련 법령은 무엇?,이번 개정은 개인정보 보호 <b>불법스팸</b> 대응 정보보호 관리체계 개선 침해 사고 대응 강화 청소년 보호라는 다섯 가지 축을 중심으로 이루어진다.개인정보 보호 측면에서는 정보통신 서비스 제공자의 관리 책임이... ,http://www.boannews.com/media/view.asp?idx=141761&kind=6,"Fri, 30 Jan 2026 11:08:00 +0900"
"서금원, '스마트 레터링 서비스' 도입..&quot;1397 안내전화 안심하고 받으세...","이를 통해 고객이 사칭이나 <b>스팸</b> 전화가 아님을 사전에 인지하고 안심하고 전화를 받을 수 있어, 전화... <b>불법</b>사금융 피해에 노출된 경우 금융감독원(☎1332)에 신고하여 필요한 도움을 받을 수 있으며 과도한 채무 등으로... ",http://www.newsdream.kr/news/articleView.html?idxno=106468,"Fri, 30 Jan 2026 11:06:00 +0900"
"서민금융진흥원, 연체 채무자 상담에 '스마트 레터링' 도입","서민금융진흥원(이하 서금원)은 정책서민금융 연체 채무자 상담 품질을 높이고 사칭·<b>스팸</b> 전화를 예방하기... 한편, <b>불법</b>사금융 피해가 발생했거나 우려될 경우 금융감독원에 신고해 필요한 지원을 받을 수 있으며, 과도한... ",https://www.s-journal.co.kr/news/articleView.html?idxno=38311,"Fri, 30 Jan 2026 10:58:00 +0900"
"&quot;1397 전화, 안심하고 받으세요&quot;",이를 통해 고객이 사칭 및 <b>스팸</b>전화가 아님을 알고 안심하고 전화를 받을 수 있어 전화 연결률과 상담... <b>불법</b>사금융 피해에 노출된 경우 금융감독원(☎1332)에 신고하여 필요한 도움을 받을 수 있으며 과도한 채무... ,https://www.kbanker.co.kr/news/articleView.html?idxno=223822,"Fri, 30 Jan 2026 10:46:00 +0900"
"서금원, 서민금융 사칭 차단 '스마트 레터링 서비스' 도입",고객이 사칭 및 <b>스팸</b>전화가 아님을 알고 안심하고 전화를 받을 수 있어 전화 연결률과 상담 수용도가 동시에... <b>불법</b>사금융 피해에 노출된 경우 금융감독원(☎1332)에 신고하여 필요한 도움을 받을 수 있으며 과도한 채무... ,https://www.newspim.com/news/view/20260130000294,"Fri, 30 Jan 2026 10:29:00 +0900"
"서금원, '스마트 레터링 서비스' 도입…1397 안내전화 신뢰도↑",이를 통해 고객은 사칭·<b>스팸</b> 전화가 아님을 확인하고 안심하고 전화를 받을 수 있어 상담 연결률과... <b>불법</b>사금융 피해 발생 시 금융감독원에 신고할 수 있으며 과도한 채무로 어려움을 겪는 경우 서민금융진흥원이나... ,https://www.pointdaily.co.kr/news/articleView.html?idxno=290865,"Fri, 30 Jan 2026 09:46:00 +0900"
팬덤의 피를 끓게 해 ‘정의의 투사’ 만든 李,"이재명은 페이스북을 통해 “철거민들이 <b>불법</b>적 요구를 하면서 시청 앞에서 1년 6개월간 소음 시위, 시장... 수만 개 악플이 <b>스팸</b>으로 쌓여만 갔다.” ‘김어준이 최순실보다 나쁘다’(2021)의 저자 최인호는 손가혁은... ",https://n.news.naver.com/mnews/article/262/0000019120?sid=100,"Fri, 30 Jan 2026 07:02:00 +0900"
[언중언]해커 공격,▼요즘은 지속적인 <b>스팸</b>메일과 문자 등으로 개인의 금융과 정보를 침해하면서 해커에 대한 불신은 더욱... 점점 AI가 확산되는 시대를 맞아 앞으로 해커들의 이 같은 <b>불법</b> 행위는 한층 기승을 부리게 될 것으로 보인다.... ,https://n.news.naver.com/mnews/article/087/0001170974?sid=110,"Fri, 30 Jan 2026 00:05:00 +0900"
"감사원, &quot;국내 공공시스템, 모의해킹에도 백발백중 당해&quot;",<b>불법</b> 유통되는 개인정보에 대한 대응 체계도 도마에 올랐다. 감사원은 개인정보보호위원회가 운영 중인... 아울러 해킹으로 개인정보가 유출되더라도 <b>스팸</b>·보이스피싱 등 범죄로 이어지지 않도록 휴대전화번호 암호화 등... ,https://www.insnews.co.kr/news/articleView.html?idxno=88842,"Wed, 28 Jan 2026 17:20:00 +0900"
"감사원, 공공 '집중관리시스템' 7개 모의해킹…전 시스템에서 취약점 확...","다크웹 106만 건 분석과 '털린 내 정보 찾기'의 한계 감사원은 다크웹 등에서 <b>불법</b> 유통되는 공공부문... 방안 ▲<b>스팸</b>·보이스피싱 등 범죄 예방 관점에서, 매개체가 되는 휴대전화번호를 암호화 저장 대상에 포함하는 개선... ",https://www.dailysecu.com/news/articleView.html?idxno=204708,"Tue, 27 Jan 2026 18:04:00 +0900"
공공기관 모의 해킹했더니…&quot;전국민 주민번호 탈취 가능&quot;,"감사원은 개인정보가 유출되더라도 <b>스팸</b>, 보이스피싱 등 범죄에 활용되지 않도록 휴대폰 번호 암호화 등의 개선 방안을 마련할 것을 주문했다. 다크웹에서 <b>불법</b> 유통되는 개인정보를 국민이 직접 확인하는 ‘털린 내... ",https://n.news.naver.com/mnews/article/015/0005242945?sid=100,"Tue, 27 Jan 2026 17:35:00 +0900"
대량 정보 처리 공공시스템도 위기…모의 해킹하니 수천만명 주민번호...,"그러면서 &quot;개인정보가 유출된 이후에도 <b>스팸</b>과 보이스피싱 등 범죄에 활용되지 않도록 휴대전화 번호 암호화 등의 개선 방안을 마련하고, 다크웹에서 <b>불법</b> 유통되는 개인정보를 국민이 직접 확인하는 '털린 내 정보... ",https://n.news.naver.com/mnews/article/029/0003007401?sid=105,"Tue, 27 Jan 2026 17:22:00 +0900"
모의 해킹 결과 “주민번호 탈취 가능”…공공시스템 보안 취약 우려,"이와 함께 개인정보가 유출되더라도 <b>스팸</b>이나 보이스피싱 등 범죄에 악용되지 않도록 휴대전화 번호 암호화 등 추가 대책을 마련하고, 다크웹에서 <b>불법</b> 유통되는 개인정보를 국민이 직접 확인할 수 있는 ‘털린 내 정보... ",https://news.knn.co.kr/news/article_sns/895,"Tue, 27 Jan 2026 17:14:00 +0900"
감사원 &quot;공공시스템 외부 해킹 취약&quot;,"&quot; 감사원은 이와 함께 개인정보위에 개인정보가 유출되더라도 <b>스팸</b>, 보이스피싱 등 범죄에 활용되지 않도록 휴대전화 번호 암호화 등 개선 방안을 마련할 것을 주문했습니다. 또, 다크웹에서 <b>불법</b> 유통되는 개인정보를... ",https://www.ktv.go.kr/content/view?content_id=746848,"Tue, 27 Jan 2026 16:30:00 +0900"
공공시스템 '모의 해킹'…&quot;수천만 주민번호 손쉽게 탈취&quot;,이와 함께 개인 정보가 유출되더라도 <b>스팸</b>·보이스피싱 등 범죄에 활용되지 않도록 휴대전화 번호 암호화 등의 개선 방안을 마련할 것을 주문했다. 다크웹에서 <b>불법</b> 유통되는 개인 정보를 국민이 직접 확인하는 '털린 내... ,https://n.news.naver.com/mnews/article/015/0005242818?sid=100,"Tue, 27 Jan 2026 15:56:00 +0900"
공공시스템 '모의 해킹' 해보니…&quot;수천만명 주민번호 탈취가능&quot;,"이와 함께 개인 정보가 유출되더라도 <b>스팸</b>·보이스피싱 등 범죄에 활용되지 않도록 휴대전화 번호 암호화 등의 개선 방안을 마련하고, 다크웹에서 <b>불법</b> 유통되는 개인 정보를 국민이 직접 확인하는 '털린 내 정보 찾기... ",https://www.digitaltoday.co.kr/news/articleView.html?idxno=624316,"Tue, 27 Jan 2026 14:28:00 +0900"
정부 공공시스템 '보안 구멍' 충격…수천만 개인정보 해킹 위협,"향후, 개인정보보호위원회는 유출된 개인정보가 <b>스팸</b> 및 보이스피싱과 같은 범죄에 활용되지 않도록 전화번호 암호화 등 추가적인 보호 조치를 마련하고, 다크웹에서 <b>불법</b> 유통되는 개인정보의 관리를 강화할 방안을... ",https://www.gokorea.kr/news/articleView.html?idxno=855743,"Tue, 27 Jan 2026 14:06:00 +0900"
공공시스템 보안 취약…모의해킹 결과 20분 만에 1000만 명 회원 정보 탈...,"이와 함께 개인 정보가 유출되더라도 <b>스팸</b>·보이스피싱 등 범죄에 활용되지 않도록 휴대전화 번호 암호화 등의 개선 방안을 마련하고, 다크웹에서 <b>불법</b> 유통되는 개인 정보를 국민이 직접 확인하는 '털린 내 정보 찾기... ",https://www.pinpointnews.co.kr/news/articleView.html?idxno=422243,"Tue, 27 Jan 2026 13:52:00 +0900"
공공시스템 '모의 해킹' 해보니…&quot;수천만 명 주민번호 탈취 가능&quot;,"이와 함께 개인정보가 유출되더라도 <b>스팸</b>·보이스피싱 등 범죄에 활용되지 않도록 휴대전화 번호 암호화 등의 개선 방안을 마련하고, 다크웹에서 <b>불법</b> 유통되는 개인정보를 국민이 직접 확인하는 '털린 내 정보 찾기... ",https://n.news.naver.com/mnews/article/055/0001327792?sid=100,"Tue, 27 Jan 2026 12:16:00 +0900"
"감사원 &quot;공공시스템, 외부 해킹으로 개인정보 유출 우려…다크웹 대응도...","개인정보 <b>불법</b> 유통에 대한 개인정보위원회의 대응 부실 등 문제점도 감사로 드러났다. 감사원은 27일 이... 마련하고, <b>스팸</b>, 보이스피싱과 같은 범죄를 사전 예방하기 위하여 매개체인 휴대전화번호를 암호화하는... ",https://n.news.naver.com/mnews/article/003/0013732584?sid=100,"Tue, 27 Jan 2026 12:00:00 +0900"
공공시스템 '모의 해킹' 해보니…&quot;수천만명 주민번호 탈취가능&quot;,"이와 함께 개인 정보가 유출되더라도 <b>스팸</b>·보이스피싱 등 범죄에 활용되지 않도록 휴대전화 번호 암호화 등의 개선 방안을 마련하고, 다크웹에서 <b>불법</b> 유통되는 개인 정보를 국민이 직접 확인하는 '털린 내 정보 찾기... ",https://n.news.naver.com/mnews/article/001/0015868917?sid=100,"Tue, 27 Jan 2026 12:00:00 +0900"
"금융당국, <b>불법</b>사금융 신고 한 번에 추심 중단 등 '원스톱 지원체계' 구...","<b>불법</b> 사금융 피해자들이 금융감독원, 경찰, 법률구조공단 등 여러 기관을 일일이 찾아다니며 피해 사실을 호소하던 불편이 사라질 전망이다. 신고 서식 하나만 작성하면 <b>불법</b> 추심 중단부터 채무자 대리인(변호사) 선임까지... ",https://n.news.naver.com/mnews/article/088/0000993725?sid=101,"Mon, 26 Jan 2026 11:32:00 +0900"
"한국, 로봇 활용 세계 최고 수준이지만… 국산화율은 40%대 [디지털포스...",두어 <b>불법</b> 유통·사행성 확인 업무를 맡기는 구조를 제시하고 있습니다. ■ 세계 최대 이메일 서비스인 구글 지메일에서 <b>스팸</b> 차단·메일 분류 기능이 대규모로 오작동하는 장애가 24일(현지시간) 발생하며 전 세계... ,https://www.ilovepc.co.kr/news/articleView.html?idxno=57831,"Mon, 26 Jan 2026 09:14:00 +0900"
"디지털 안전 골든타임 지킨다..KISA, ‘모두의 안심콜 118’ 개편","118상담센터는 해킹·바이러스, 개인정보 침해, <b>불법 스팸</b> 등 사이버 고충에 대해 365일 24시간 무료로 상담 서비스를 제공하는 대국민 상담 창구다. 최근 빈번히 발생하고 있는 대규모 개인정보 유출 사고에서도... ",http://kpenews.com/View.aspx?No=3947710,"Tue, 20 Jan 2026 07:56:00 +0900"
[#시큐리티 포커스] 파이오링크 '대학 시장' 진출·S2W 'CTI 기반 모의해...,"118상담센터는 해킹·바이러스, 개인정보 침해, <b>불법 스팸</b> 등 국민 생활과 밀접한 사이버 고충에 대해 365일, 24시간 무료로 상담 서비스를 제공하는 대국민 상담 창구다. 이번 개편의 핵심은 실시간 채팅·챗봇 상담... ",https://www.newsworks.co.kr/news/articleView.html?idxno=827741,"Mon, 19 Jan 2026 18:24:00 +0900"
"'모두의 안심콜 118' 진화…KISA, 채팅·챗봇 상담 도입","118상담센터는 해킹·바이러스 감염, 개인정보 침해, <b>불법 스팸</b> 등 국민 생활과 밀접한 사이버 피해에 대해 365일 24시간 무료 상담을 제공하는 대국민 창구다. 최근 잇따른 대규모 개인정보 유출 사고 국면에서도 피해... ",https://www.ebn.co.kr/news/articleView.html?idxno=1695756,"Mon, 19 Jan 2026 11:14:00 +0900"
KISA 118상담센터 서비스 개편 … 접근성 확대,118상담센터는 해킹·바이러스·개인정보 침해·<b>불법 스팸</b> 등 국민 생활과 밀접한 사이버 고충에 대해 365일·24시간 무료로 상담 서비스를 제공하는 대국민 상담 창구다. 개편 내용은 △실시간 채팅·챗봇 상담 서비스... ,https://www.safetimes.co.kr/news/articleView.html?idxno=238475,"Mon, 19 Jan 2026 10:02:00 +0900"
"&quot;해킹 등 사이버상담은 118로&quot;...KISA, 챗봇 도입 서비스 고도화","해킹과 바이러스, 개인정보 침해, <b>불법 스팸</b> 등 국민 생활과 밀접한 사이버 고충에 대해 365일, 24시간 무료로 상담 서비스를 제공하는 대국민 상담 창구다. 한국인터넷진흥원(KISA, 원장 이상중)은 118상담센터 개소... ",https://n.news.naver.com/mnews/article/092/0002406556?sid=105,"Mon, 19 Jan 2026 07:59:00 +0900"
"한국인터넷진흥원(KISA), '118상담센터' 대개편…'채팅·챗봇' 상담 서비...","118상담센터는 해킹·바이러스, 개인정보 침해, <b>불법 스팸</b> 등 국민 생활과 밀접한 사이버 고충에 대해 365일, 24시간 무료로 상담 서비스를 제공하는 대국민 상담 창구다. 최근 빈번히 발생하고 있는 대규모 개인정보... ",https://www.cstimes.com/news/articleView.html?idxno=688918,"Mon, 19 Jan 2026 00:06:00 +0900"
“이쯤되면 모르는 전화 받지 않는걸로”…이번엔 통신사 사칭 보이스피...,"지난달부터 과학기술정보통신부와 통신사업자들은 <b>불법 스팸</b> 발송에 악용되는 해지·정지 전화번호를 가려내 사전 차단하는 시스템을 적용했다. 또한 에이닷, 익시오 등 통신사가 제공하는 AI 통화 앱에서는 통화 중... ",https://n.news.naver.com/mnews/article/009/0005623572?sid=105,"Sun, 18 Jan 2026 23:28:00 +0900"
"KISA, 사이버 고충 상담창구 '118' 서비스 개편…챗봇 도입",이용자는 118내비게이션에서 △상담 방식(전화·문자ARS·채팅·챗봇) △신고 창구(개인정보·<b>불법스팸</b>·침해사고 등) △관련 서비스(스미싱 확인서비스·털린 내 정보 찾기 등)를 한눈에 파악하고 활용할 수 있다.... ,https://n.news.naver.com/mnews/article/082/0001363185?sid=101,"Sun, 18 Jan 2026 19:33:00 +0900"
실시간 챗봇·웹페이지…118상담센터 서비스 개선,"118상담센터는 해킹·바이러스, 개인정보 침해, <b>불법 스팸</b> 등 국민 생활과 밀접한 사이버 고충에 대해 365일, 24시간 무료로 상담 서비스를 제공하는 대국민 상담 창구다. 최근 빈번히 발생하고 있는 대규모 개인정보... ",https://n.news.naver.com/mnews/article/014/0005464498?sid=105,"Sun, 18 Jan 2026 18:44:00 +0900"
"KISA, ‘118 상담센터’ 전면 개편… 실시간 채팅·챗봇 도입","118 상담센터는 해킹·바이러스, 개인정보 침해, <b>불법 스팸</b> 등 사이버 고충에 대해 365일, 24시간 무료로 상담을 제공하고 있다. 최근 잇따라 발생한 대규모 개인정보 유출 사고에서도 맞춤형 대응법을 안내해왔다. KISA는... ",https://www.viva100.com/article/20260118500577,"Sun, 18 Jan 2026 17:18:00 +0900"
통신사 사칭 보이스피싱 주의보,"지난달부터 과학기술정보통신부와 통신사업자들은 <b>불법 스팸</b> 발송에 악용되는 해지·정지 전화번호를 가려내 사전 차단하는 시스템을 적용했다. 또한 에이닷, 익시오 등 통신사가 제공하는 인공지능(AI) 통화 앱에서는... ",https://n.news.naver.com/mnews/article/009/0005623436?sid=105,"Sun, 18 Jan 2026 17:15:00 +0900"
"KISA, 118상담센터 서비스 개편","118상담센터는 해킹·바이러스, 개인정보 침해, <b>불법 스팸</b> 등 국민 생활과 밀접한 사이버 고충에 대해 365일, 24시간 무료로 상담 서비스를 제공하는 대국민 상담 창구다. 최근 빈번히 발생하고 있는 대규모 개인정보 유출... ",https://www.datanet.co.kr/news/articleView.html?idxno=208611,"Sun, 18 Jan 2026 16:06:00 +0900"
"&quot;챗봇으로 실시간 해킹 상담&quot;… KISA, '118상담센터' 개편","118상담센터는 해킹·바이러스, 개인정보 침해, <b>불법 스팸</b> 등 국민 생활과 밀접한 사이버 고충에 대해 365일·24시간 무료로 상담 서비스를 제공하는 대국민 상담 창구다. 최근 빈번히 발생하고 있는 대규모 개인정보... ",https://it.chosun.com/news/articleView.html?idxno=2023092155109,"Sun, 18 Jan 2026 14:58:00 +0900"
“AI 디지털 안전 골든타임 지킨다”...KISA 118상담센터 대대적 개편,이용자는 전화문자채팅 등 상담 방식 선택 개인정보<b>불법스팸</b>침해사고 등 유형별 신고 스미싱 확인털린 내 정보 찾기 등 관련 서비스 신청을 직관적으로 파악하고 이용할 수 있다.KISA 이상중 원장은 AI 대전환으로... ,http://www.boannews.com/media/view.asp?idx=141548&kind=2,"Sun, 18 Jan 2026 14:28:00 +0900"
"AI 디지털 안전 골든타임, '모두의 안심콜 118' 더 쉽고 편리해졌다","118상담센터는 해킹·바이러스, 개인정보 침해, <b>불법 스팸</b> 등 국민 생활과 밀접한 사이버 고충에 대해 365일, 24시간 무료로 상담 서비스를 제공하는 대국민 상담 창구다. 최근 빈번히 발생하고 있는 대규모 개인정보... ",http://www.enewstoday.co.kr/news/articleView.html?idxno=2382845,"Sun, 18 Jan 2026 14:06:00 +0900"
"&quot;실시간 채팅·챗봇 상담&quot; KISA, 118내비게이션 신설","118상담센터는 해킹·바이러스, 개인정보 침해, <b>불법 스팸</b> 등 국민 생활과 밀접한 사이버 고충에 대해 365일, 24시간 무료로 상담 서비스를 제공하는 대국민 상담 창구다. 최근 빈번히 발생하고 있는 대규모 개인정보 유출... ",https://n.news.naver.com/mnews/article/014/0005464386?sid=105,"Sun, 18 Jan 2026 13:57:00 +0900"
"KISA, 118상담서비스 개편…실시간 챗봇 상담∙118내비게이션 신규 도입","118상담센터는 해킹·바이러스, 개인정보 침해, <b>불법 스팸</b> 등 국민 생활과 밀접한 사이버 고충에 대해 365일, 24시간 무료로 상담 서비스를 제공하는 대국민 상담 창구다. 최근 빈번히 발생하고 있는 대규모 개인정보 유출... ",https://www.etoday.co.kr/news/view/2546628,"Sun, 18 Jan 2026 12:18:00 +0900"
"KISA, 118상담센터 서비스 개편…실시간 채팅·챗봇 도입","118상담센터는 해킹과 바이러스, 개인정보 침해, <b>불법 스팸</b> 등 국민 생활과 밀접한 사이버 고충에 대해 365일, 24시간 무료로 상담 서비스를 제공한다. KISA는 이번 서비스 개편을 통해 실시간 채팅 및 챗봇 상담 서비스를... ",https://n.news.naver.com/mnews/article/029/0003005469?sid=105,"Sun, 18 Jan 2026 12:04:00 +0900"
‘모두의 안심콜 118’ 더 쉽고 편리해진다,"118상담센터는 해킹, 바이러스, 개인정보 침해, <b>불법 스팸</b> 등 국민 생활과 밀접한 사이버 고충에 대해 365일 24시간 무료로 상담을 제공하는 대국민 창구다. 이번 개편의 핵심은 실시간 채팅·챗봇 상담 서비스 신규 도입과... ",https://n.news.naver.com/mnews/article/119/0003049441?sid=105,"Sun, 18 Jan 2026 12:03:00 +0900"
"KISA, 실시간 채팅·챗봇 도입… '118 상담 서비스' 전면 개편","118상담센터는 해킹·바이러스 감염, 개인정보 침해, <b>불법 스팸</b> 등 국민 생활과 밀접한 사이버 피해에 대해 365일 24시간 무료 상담을 제공하는 대국민 상담 창구다. 최근 잇따른 대규모 개인정보 유출 사고 상황에서도... ",https://www.ajunews.com/view/20260118101409449,"Sun, 18 Jan 2026 12:02:00 +0900"
"KISA 118 해킹 신고센터, 실시간 채팅·챗봇 도입","118상담센터는 해킹·바이러스, 개인정보 침해, <b>불법 스팸</b> 등 생활 밀착형 사이버 고충에 대해 365일 24시간 무료 상담을 제공하는 대국민 창구다. KISA는 최근 대규모 개인정보 유출 사고가 잇따르는 상황에서, 맞춤형... ",https://n.news.naver.com/mnews/article/018/0006202544?sid=105,"Sun, 18 Jan 2026 12:02:00 +0900"
"인터넷진흥원, 해킹·개인정보 유출 상담창구 '118상담' 서비스 개편","118상담센터는 해킹·바이러스, 개인정보 침해, <b>불법 스팸</b> 등 국민 생활과 밀접한 사이버 고충에 대해 무료 상담 서비스를 제공하는 상담 창구다. 최근 빈번히 발생하고 있는 대규모 개인정보 유출 사고에서도 맞춤형... ",https://n.news.naver.com/mnews/article/277/0005708227?sid=105,"Sun, 18 Jan 2026 12:01:00 +0900"
"KISA, 118상담센터 개편… “사각지대 없는 디지털 안전망 구축”","이 센터는 해킹·바이러스는 물론 개인정보 침해·<b>불법 스팸</b> 등 국민 생활과 밀접한 사이버 고충에 대해 365일, 24시간 무료로 상담 서비스를 제공하는 대국민 상담 창구 마련을 위해 마련됐다. KISA는 이번 개편을 통해... ",https://n.news.naver.com/mnews/article/366/0001136860?sid=105,"Sun, 18 Jan 2026 12:01:00 +0900"
"KISA, 사이버 고충 상담창구 '118' 서비스 개편…챗봇 도입","118상담센터는 해킹·바이러스, 개인정보 침해, <b>불법 스팸</b> 등 국민 생활과 밀접한 사이버 고충에 대해 365일·24시간 무료로 상담 서비스를 제공하는 대국민 상담 창구다. 최근 빈번히 발생하고 있는 대규모 개인정보... ",https://n.news.naver.com/mnews/article/030/0003390875?sid=105,"Sun, 18 Jan 2026 12:01:00 +0900"
"KISA, 118상담서비스 대대적으로 개편","118상담센터는 해킹·바이러스, 개인정보 침해, <b>불법 스팸</b> 등 국민 생활과 밀접한 사이버 고충에 대해 365일, 24시간 무료로 상담 서비스를 제공하는 대국민 상담 창구입니다. 최근 빈번히 발생하고 있는 대규모 개인정보... ",https://news.bbsi.co.kr/news/articleView.html?idxno=4062578,"Sun, 18 Jan 2026 12:00:00 +0900"
KISA '118상담센터' 개편…실시간 챗봇 도입,"118상담센터는 해킹·바이러스, 개인정보 침해, <b>불법 스팸</b> 등 국민 생활과 밀접한 사이버 고충에 대해 365일, 24시간 무료로 상담 서비스를 제공하는 대국민 상담 창구다. 최근 빈번히 발생하고 있는 대규모 개인정보 유출... ",https://n.news.naver.com/mnews/article/003/0013716483?sid=105,"Sun, 18 Jan 2026 12:00:00 +0900"
"KISA, 118상담센터에 실시간 채팅·챗봇 상담 서비스 도입","118상담센터는 해킹·바이러스, 개인정보 침해, <b>불법 스팸</b> 등 국민 생활과 밀접한 사이버 고충 관련해 365일, 24시간 무료로 상담 서비스를 제공하는 대국민 상담 창구다. 최근 빈번히 발생하고 있는 대규모 개인정보 유출... ",https://n.news.naver.com/mnews/article/421/0008720170?sid=105,"Sun, 18 Jan 2026 12:00:00 +0900"
"내 폰, 해킹 의심된다면?… 고민 말고 '118 상담센터'로","<b>불법 스팸</b> 등 국민 생활과 밀접한 사이버 고충에 대해 365일, 24시간 무료로 상담 서비스를 제공하는 대국민 상담 창구다. KISA는 올해 118상담센터 개소 16주년을 맞아 대대적 개편을 단행했다. 개편을 통해 실시간 채팅... ",https://n.news.naver.com/mnews/article/008/0005305951?sid=105,"Sun, 18 Jan 2026 12:00:00 +0900"
"KISA, 'AI 디지털 안전의 골든타임... 모두의 안심콜 118' 더 쉽고 편리해...","118상담센터는 해킹·바이러스, 개인정보 침해, <b>불법 스팸</b> 등 국민 생활과 밀접한 사이버 고충에 대해 365일, 24시간 무료로 상담 서비스를 제공하는 대국민 상담 창구다. 최근 빈번히 발생하고 있는 대규모 개인정보... ",http://www.newsworker.co.kr/news/articleView.html?idxno=410833,"Sun, 18 Jan 2026 11:36:00 +0900"
"KISA, 사이버 고충 상담창구 '118' 서비스 개편…챗봇 상담 도입","118상담센터는 해킹·바이러스, 개인정보 침해, <b>불법 스팸</b> 등 국민 생활과 밀접한 사이버 고충에 대해 365일, 24시간 무료로 상담 서비스를 제공하는 대국민 상담 창굽니다. KISA는 118상담센터를 통해 최근 빈번히... ",https://n.news.naver.com/mnews/article/055/0001325302?sid=101,"Sun, 18 Jan 2026 11:12:00 +0900"
"KISA, 사이버 고충 상담창구 '118' 서비스 개편…챗봇 도입","118상담센터는 해킹·바이러스, 개인정보 침해, <b>불법 스팸</b> 등 국민 생활과 밀접한 사이버 고충에 대해 365일, 24시간 무료로 상담 서비스를 제공하는 대국민 상담 창구다. KISA는 118상담센터를 통해 최근 빈번히 발생하고... ",https://n.news.naver.com/mnews/article/001/0015852955?sid=105,"Sun, 18 Jan 2026 10:10:00 +0900"
"AI 디지털 안전의 골든타임, 모두의 안심콜 118'더 쉽고 편리해졌다","118상담센터는 해킹·바이러스, 개인정보 침해, <b>불법 스팸</b> 등 국민 생활과 밀접한 사이버 고충에 대해 365일, 24시간 무료로 상담 서비스를 제공하는 대국민 상담 창구다. 최근 빈번히 발생하고 있는 대규모 개인정보... ",https://www.dailysecu.com/news/articleView.html?idxno=204402,"Sun, 18 Jan 2026 09:22:00 +0900"
"통신사, 병오년 AI 경쟁 '점화'…AI 사업 선점 '잰걸음'",손영규 SK텔레콤 보안거버넌스 실장은 &quot;끊임없는 근절 노력에도 불구하고 보이스피싱을 비롯한 불법 통신 사기 수법은 날로 지능화되고 있다&quot;며 &quot;정부 및 유관 기관과 협력해 보이스피싱 및 <b>불법 스팸</b> 근절에 적극... ,https://www.techm.kr/news/articleView.html?idxno=148576,"Fri, 16 Jan 2026 10:58:00 +0900"
"윤희석 &quot;제명 예상한 한동훈, 당원 아니어도 당 도울 수 있어&quot;[한판승부...",나중에 알고 봤더니 한 전 대표는 그 전날 월요일에 오후에 뭘 받으셨던 것 같은데 그게 아마 <b>스팸</b> 처리가... 비리와 <b>불법</b>이 있지 않습니까? 그런데 사실은 한동훈 전 대표 같은 경우에는 그분이 있었던 일이 실제로 사실이고... ,https://n.news.naver.com/mnews/article/079/0004105769?sid=100,"Fri, 16 Jan 2026 07:01:00 +0900"
[청경체] 초등생도 '금융 사기' 위험…부모가 알아야 할 이상징후는?,"아이와 함께 휴대전화 소액결제 한도를 확인하고, <b>스팸</b> 차단 앱이 잘 작동하는지 함께 눌러보는 겁니다. 또... 네, 그렇다면 이런 <b>불법</b> 도박이나 어떤 금융사기를 경제 교육의 소재로도 연결할 수 있을까요? 김지환 교사... ",http://news.ebs.co.kr/ebsnews/allView/60683654/N,"Thu, 15 Jan 2026 19:28:00 +0900"
"국힘 과방위, 온라인 입틀막 철폐법·접속국가 표시법 당론 발의",개정안에는 <b>불법</b>·허위조작정보임을 알면서도 타인을 해할 의도로 정보통신망을 통해 손해를 가한 경우... 캄보디아 납치사건을 비롯한 각종 스캠·피싱·코인사기·<b>스팸</b> 등 국민 안전을 위협하는 사이버범죄의 발신지는... ,https://n.news.naver.com/mnews/article/421/0008717039?sid=100,"Thu, 15 Jan 2026 17:38:00 +0900"
"스페인 최대 전력사 엔데사, 고객 개인정보 유출…해커 &quot;1TB DB&quot; 주장까지","엔데사는 자사 상업 플랫폼에서 &quot;무단·<b>불법</b> 접근&quot; 정황을 확인했으며, 이로 인해 에너지 계약과 관련된 일부... 그러나 회사는 고객 안내에서 &quot;사칭 시도, 유출 데이터 공개로 인한 통제 상실, 피싱 또는 <b>스팸</b> 공격&quot;으로... ",https://www.dailysecu.com/news/articleView.html?idxno=204278,"Wed, 14 Jan 2026 11:22:00 +0900"
"SKT, 지난해 통신 사기 시도 11억건 차단","비롯한 불법 통신 사기 수법은 날로 지능화되고 있다&quot;며 &quot;앞으로도 기술적·제도적 대응 역량을 지속 강화하고, 정부 및 유관기관과 협력해 보이스피싱, <b>불법 스팸</b> 근절에 적극 앞장서겠다&quot;고 말했다. [위키리크스한국=]",http://www.wikileaks-kr.org/news/articleView.html?idxno=181493,"Wed, 14 Jan 2026 10:56:00 +0900"
온라인 사이트 해킹에 &quot;정신적 피해&quot; 주장…대법 &quot;배상 책임 없어&quot;,A 씨는 이에 &quot;시스템에 대한 접근통제를 소홀히 해 개인정보가 유출돼 <b>스팸</b>메일을 받고 보이스피싱 등 2차... 또 회사가 피해 발생 즉시 당국에 신고해 <b>불법</b> 접속 경로를 차단하고 회원들에게 관련 사실을 알린 점을... ,https://n.news.naver.com/mnews/article/421/0008712470?sid=102,"Wed, 14 Jan 2026 06:00:00 +0900"
"SKT, AI로 보이스피싱·<b>스팸</b> 11억건 막았다",손영규 SK텔레콤 보안거버넌스 실장은 &quot;기술적·제도적 대응 역량을 지속적으로 강화하고 정부 및 유관기관과의 협력을 통해 보이스피싱과 <b>불법 스팸</b> 근절에 적극 나서겠다&quot;고 말했다.,http://www.hansbiz.co.kr/news/articleView.html?idxno=808323,"Tue, 13 Jan 2026 23:58:00 +0900"
"SKT, AI로 '필터링 기술' 똑똑해졌다…피싱·<b>스팸</b> 11억건 차단","보이스피싱을 비롯한 불법 통신 사기 수법은 날로 지능화되고 있다&quot;며, &quot;앞으로도 기술적·제도적 대응 역량을 지속 강화하고, 정부 및 유관기관과 협력해 보이스피싱, <b>불법 스팸</b> 근절에 적극 앞장서겠다&quot;고 말했다.",https://www.apnews.kr/news/articleView.html?idxno=3044743,"Tue, 13 Jan 2026 23:26:00 +0900"
"‘해킹 맛집’ 오명 쓴 대한민국, 2026년 AI 보안 과제는","SKT는 약 2700만 명의 고객 핵심 정보 유출로 2차 피해 우려를 낳았고, KT는 <b>불법</b> 펨토셀(소형 기지국)을 활용한... 한국인터넷진흥원(KISA)의 ‘2024년 하반기 사이버 위협 동향’에 따르면 ▲<b>스팸</b> 문자 ▲메일 발송 등이... ",https://it.donga.com/108231/,"Tue, 13 Jan 2026 18:20:00 +0900"
&quot;수상한 번호만 골라줘&quot; SK텔레콤 AI한테 부탁했더니 : 보이스피싱 차단...,"ⓒSK텔레콤 SK텔레콤이 인공지능(AI) 기술을 활용해 보이스피싱과 <b>불법 스팸</b> 등 통신 사기 예방 확률을 적극적으로 높이고 있다. SK텔레콤은 지난해 '통화패턴 분석 기반 AI 모델'을 도입한 결과, 사기로 의심되는 통화와... ",https://www.huffingtonpost.kr/news/articleView.html?idxno=241535,"Tue, 13 Jan 2026 17:54:00 +0900"
"SKT, 지난해 <b>스팸</b>·보이스피싱 11억건 차단했다","보이스피싱을 비롯한 불법 통신 사기 수법은 날로 지능화되고 있다&quot;며 &quot;앞으로도 기술적·제도적 대응 역량을 지속 강화하고, 정부 및 유관기관과 협력해 보이스피싱, <b>불법 스팸</b> 근절에 적극 앞장서겠다&quot;고 말했다.",https://n.news.naver.com/mnews/article/241/0003488470?sid=105,"Tue, 13 Jan 2026 17:51:00 +0900"
"'보이스피싱 철벽방어' SK텔레콤, 지난해 통신사기 11억 건 사전 차단","손영규 SK텔레콤 보안거버넌스 실장은 &quot;보이스피싱을 비롯한 불법 통신 사기 수법은 날로 지능화되고 있다&quot;며 &quot;기술적·제도적 대응 역량을 지속 강화하고, 정부 및 유관기관과 협력해 보이스피싱, <b>불법 스팸</b> 근절에... ",https://n.news.naver.com/mnews/article/076/0004364412?sid=101,"Tue, 13 Jan 2026 16:57:00 +0900"
"&quot;AI가 먼저 막았다&quot;…SK텔레콤, 보이스피싱·<b>스팸</b> 11억건 차단","보이스피싱을 비롯한 불법 통신 사기 수법은 날로 지능화되고 있다”며, “앞으로도 기술적·제도적 대응 역량을 지속 강화하고, 정부 및 유관기관과 협력해 보이스피싱, <b>불법 스팸</b> 근절에 적극 앞장서겠다”고 말했다.",https://www.megaeconomy.co.kr/news/newsview.php?ncode=1065599124141174,"Tue, 13 Jan 2026 16:48:00 +0900"
"SKT, AI 기술로 통신사기 시도 11억 건 차단… 전년 대비 35% 증가","손영규 SKT 보안거버넌스 실장은 “보이스피싱을 비롯한 불법 통신 사기 수법은 날로 지능화되고 있다”며 “앞으로도 기술적·제도적 대응 역량을 지속 강화하고 정부 및 유관기관과 협력해 보이스피싱, <b>불법 스팸</b>... ",https://n.news.naver.com/mnews/article/020/0003689034?sid=101,"Tue, 13 Jan 2026 16:37:00 +0900"
SKT &quot;AI로 <b>스팸</b>·피싱 35% 더 잡았다&quot;… 지난해 11억건 '철벽 방어',"비롯한 불법 통신 사기 수법은 날로 지능화되고 있다&quot;며 &quot;앞으로도 기술적·제도적 대응 역량을 지속 강화하고 정부와 유관 기관과 협력해 보이스피싱, <b>불법 스팸</b> 근절에 적극 앞장서겠다&quot;고 말했다. 더퍼블릭",https://www.thepublic.kr/news/articleView.html?idxno=290587,"Tue, 13 Jan 2026 16:36:00 +0900"
"AI 필터링 고도화한 SKT, 보이스피싱·<b>스팸</b> 35% 더 막았다",손영규 SKT 보안거버넌스 실장은 “보이스피싱을 비롯한 불법 통신 사기 수법이 갈수록 지능화되고 있다”며 “기술적 대응 역량을 지속 강화하고 정부와 유관기관 협력을 해 <b>불법 스팸</b>과 보이스피싱 근절에 적극... ,https://byline.network/?p=9004111222589367,"Tue, 13 Jan 2026 16:18:00 +0900"
"SK텔레콤, AI로 보이스피싱·<b>스팸</b> 35% 더 막았다… 지난해 11억건 차단","보이스피싱을 비롯한 불법 통신 사기 수법은 날로 지능화되고 있다&quot;며, &quot;앞으로도 기술적·제도적 대응 역량을 지속 강화하고, 정부 및 유관기관과 협력해 보이스피싱, <b>불법 스팸</b> 근절에 적극 앞장서겠다&quot;고 말했다.",http://www.thefirstmedia.net/news/articleView.html?idxno=190988,"Tue, 13 Jan 2026 16:16:00 +0900"
"SKT 필터링 기술, AI로 보이스피싱·<b>스팸</b> 35% 더 막아냈다",보이스피싱을 비롯한 불법 통신 사기 수법은 날로 지능화되고 있다&quot;며 &quot;기술적·제도적 대응 역량을 지속적으로 강화하고 정부 및 유관기관과 협력해 <b>불법 스팸</b>과 보이스피싱 근절에 적극 앞장서겠다&quot;고 말했다.,http://www.finomy.com/news/articleView.html?idxno=247632,"Tue, 13 Jan 2026 16:14:00 +0900"
"SKT, 보이스피싱·<b>스팸</b> 11억건 선제 차단","보이스피싱을 비롯한 불법 통신 사기 수법은 날로 지능화되고 있다”며 “앞으로도 기술적·제도적 대응 역량을 지속 강화하고, 정부 및 유관기관과 협력해 보이스피싱, <b>불법 스팸</b> 근절에 적극 앞장서겠다”고 말했다.",https://idsn.co.kr/news/view/1065591851561086,"Tue, 13 Jan 2026 16:12:00 +0900"
"SK텔레콤, &quot;AI로 똑똑해진 필터링 기술로 보이스피싱·<b>스팸</b> 35% 더 막아냈...","비롯한 불법 통신 사기 수법은 날로 지능화되고 있다&quot;며 &quot;앞으로도 기술적·제도적 대응 역량을 계속 강화하고 정부 및 유관기관과 협력해 보이스피싱, <b>불법 스팸</b> 근절에 적극 앞장서겠다&quot;고 말했다. [비즈월드= / ]",http://www.bizwnews.com/news/articleView.html?idxno=121260,"Tue, 13 Jan 2026 16:06:00 +0900"
"SKT, 지난해 음성 <b>스팸</b>·보이스피싱 11억건 차단…AI 기술 통해 전년 대...","비롯한 불법 통신 사기 수법은 날로 지능화되고 있다&quot;며 &quot;앞으로도 기술적·제도적 대응 역량을 지속 강화하고 정부 및 유관기관과 협력해 보이스피싱, <b>불법 스팸</b> 근절에 적극 앞장서겠다&quot;고 말했다. [스트레이트뉴스 ]",https://www.straightnews.co.kr/news/articleView.html?idxno=291910,"Tue, 13 Jan 2026 16:02:00 +0900"
"SKT, AI 필터링 고도화…통신사기 11억건 선제적 차단","보이스피싱을 비롯한 불법 통신 사기 수법은 날로 지능화되고 있다&quot;며 &quot;앞으로도 기술적·제도적 대응 역량을 지속 강화하고, 정부 및 유관기관과 협력해 보이스피싱, <b>불법 스팸</b> 근절에 적극 앞장서겠다&quot;고 말했다.",http://www.updownnews.co.kr/news/articleView.html?idxno=315791,"Tue, 13 Jan 2026 16:00:00 +0900"
[통신 브리핑] SK텔레콤·SK브로드밴드,손영규 SK텔레콤 보안거버넌스 실장은 &quot;불법 통신 사기 수법이 날로 지능화되고 있다&quot;며 &quot;앞으로도 기술적·제도적 대응 역량을 지속 강화하고 정부 및 유관기관과 협력해 보이스피싱과 <b>불법 스팸</b> 근절에 적극... ,http://www.niceeconomy.co.kr/news/articleView.html?idxno=88752,"Tue, 13 Jan 2026 15:56:00 +0900"
"AI 고도화한 SKT, 보이스피싱·<b>스팸</b> 차단 실적 35% 늘어",유서진 기자 | SK텔레콤이 인공지능(AI) 기반 필터링 기술을 고도화하며 보이스피싱과 <b>스팸</b> 차단 성과를... 손영규 SK텔레콤 보안거버넌스실장은 “보이스피싱을 비롯한 <b>불법</b> 통신 사기 수법이 갈수록 지능화되고... ,https://www.todayeconomic.com/news/article.html?no=29357,"Tue, 13 Jan 2026 15:50:00 +0900"
SK텔레콤 &quot;지난해 AI로 보이스피싱 등 통신 사기 시도 11억건 선제 차단...,"보이스피싱을 비롯한 불법 통신 사기 수법은 날로 지능화되고 있다&quot;며 &quot;앞으로도 기술적·제도적 대응 역량을 지속 강화하고, 정부 및 유관기관과 협력해 보이스피싱, <b>불법 스팸</b> 근절에 적극 앞장서겠다&quot;고 말했다.",https://www.getnews.co.kr/news/articleView.html?idxno=857137,"Tue, 13 Jan 2026 15:48:00 +0900"
"SK텔레콤, <b>스팸</b>·피싱 차단에 AI를 적용한 방식은?","보이스피싱을 비롯한 불법 통신 사기 수법은 날로 지능화되고 있다&quot;며, &quot;앞으로도 기술적·제도적 대응 역량을 지속 강화하고, 정부 및 유관기관과 협력해 보이스피싱, <b>불법 스팸</b> 근절에 적극 앞장서겠다&quot;고 말했다.",http://www.newsworker.co.kr/news/articleView.html?idxno=410290,"Tue, 13 Jan 2026 15:46:00 +0900"
"SKT, AI로 보이스피싱·<b>스팸</b> 35% 더 막아냈다","보이스피싱을 비롯한 불법 통신 사기 수법은 날로 지능화되고 있다&quot;며 &quot;앞으로도 기술적·제도적 대응 역량을 지속 강화하고 정부나 유관기관과 협력해 보이스피싱, <b>불법 스팸</b> 근절에 적극 앞장서겠다&quot;고 말했다.",https://n.news.naver.com/mnews/article/029/0003004609?sid=105,"Tue, 13 Jan 2026 15:23:00 +0900"
"SKT, AI 활용한 필터링 기술로 보이스피싱·<b>스팸</b> 35% 더 막았다","손영규 SK텔레콤 보안거버넌스 실장은 &quot;앞으로도 기술적·제도적 대응 역량을 지속 강화하고, 정부 및 유관기관과 협력해 보이스피싱, <b>불법 스팸</b> 근절에 적극 앞장서겠다&quot;고 말했다. 굿모닝경제",https://www.goodkyung.com/news/articleView.html?idxno=280615,"Tue, 13 Jan 2026 15:20:00 +0900"
"SKT, AI로 지난해 통신사기 11억건 차단","불구하고, 보이스피싱을 비롯한 불법 통신 사기 수법은 날로 지능화되고 있다&quot;며 &quot;기술적·제도적 대응 역량을 지속 강화하고, 정부 및 유관기관과 협력해 보이스피싱, <b>불법 스팸</b> 근절에 적극 앞장서겠다&quot;고 말했다.",https://www.job-post.co.kr/news/articleView.html?idxno=201625,"Tue, 13 Jan 2026 15:14:00 +0900"
"SKT, &quot;필터링 기술 고도화로 보이스피싱·<b>스팸</b> 35% 더 막았다&quot;","근절 노력에도 불구하고, 보이스피싱을 비롯한 불법 통신 사기 수법은 지능화되고 있다&quot;며, &quot;기술적·제도적 대응 역량을 지속 강화하고 정부·유관기관과 협력해 보이스피싱, <b>불법 스팸</b> 근절에 앞장서겠다&quot;고 말했다.",https://www.itbiznews.com/news/articleView.html?idxno=201332,"Tue, 13 Jan 2026 15:06:00 +0900"
"SK텔레콤, AI 기술로 보이스피싱·<b>스팸</b> 11억건 선제 차단","보이스피싱을 비롯한 불법 통신 사기 수법은 날로 지능화되고 있다&quot;며 &quot;앞으로도 기술적·제도적 대응 역량을 지속 강화하고, 정부 및 유관기관과 협력해 보이스피싱,<b>불법 스팸</b> 근절에 적극 앞장서겠다&quot;고 말했다.",https://www.smartfn.co.kr/news/articleView.html?idxno=132367,"Tue, 13 Jan 2026 14:58:00 +0900"
"SKT, AI로 보이스피싱·<b>스팸</b> 11억 건 선제 차단","비롯한 불법 통신 사기 수법은 날로 지능화되고 있다”며 “앞으로도 기술적·제도적 대응 역량을 지속 강화하고, 정부 및 유관 기관과 협력해 보이스피싱, <b>불법 스팸</b> 근절에 적극 앞장서겠다”고 말했다.",https://n.news.naver.com/mnews/article/468/0001209174?sid=101,"Tue, 13 Jan 2026 14:52:00 +0900"
SKT &quot;AI 적용해 음성 <b>스팸</b>·보이스피싱 11억건 차단&quot;,"손영규 SKT 보안거버넌스 실장은 &quot;앞으로도 기술적·제도적 대응 역량을 지속 강화하고, 정부 및 유관기관과 협력해 보이스피싱, <b>불법 스팸</b> 근절에 적극 앞장서겠다&quot;고 말했습니다.",https://n.news.naver.com/mnews/article/374/0000486067?sid=101,"Tue, 13 Jan 2026 14:18:00 +0900"
[오늘의 통신] SK텔레콤·LG유플러스,"보이스피싱, <b>불법 스팸</b> 근절에 적극 앞장서겠다&quot;고 말했다. LG유플러스 대학생 앰배서더 '유쓰피릿' 모집 공식 포스터. / 사진=LG유플러스 LG U+, 대학생 앰배서더 '유쓰피릿' 17기 모집 LG유플러스가 모집하는 유쓰피릿은... ",http://www.financialreview.co.kr/news/articleView.html?idxno=39641,"Tue, 13 Jan 2026 14:12:00 +0900"
"SKT, 보이스피싱·<b>스팸</b> 11억건 선제 차단","보이스피싱을 비롯한 불법 통신 사기 수법은 날로 지능화되고 있다”며 “앞으로도 기술적·제도적 대응 역량을 지속 강화하고, 정부 및 유관기관과 협력해 보이스피싱, <b>불법 스팸</b> 근절에 적극 앞장서겠다”고 말했다.",https://n.news.naver.com/mnews/article/119/0003047688?sid=105,"Tue, 13 Jan 2026 14:10:00 +0900"
"SKT, 지난해 보이스피싱·<b>스팸</b> 11억건 차단...AI 기술 활용","손영규 SK텔레콤 보안거버넌스실장은 “앞으로도 기술적·제도적 대응 역량을 지속적으로 강화하고, 정부·유관기관과 협력해 보이스피싱 및 <b>불법 스팸</b> 근절에 적극 앞장서겠다”고 말했다.",https://n.news.naver.com/mnews/article/009/0005620907?sid=105,"Tue, 13 Jan 2026 14:08:00 +0900"
"“전화 받는 순간부터 AI가 막는다”…SKT, 사기 차단 11억 건",손영규 보안거버넌스 실장은 “불법 통신 사기 수법이 갈수록 고도화되고 있다”며 “정부와 유관 기관과의 협력을 통해 보이스피싱과 <b>불법 스팸</b> 근절에 적극 나서겠다”고 말했다.,https://www.dizzotv.com/site/data/html_dir/2026/01/13/2026011380125.html,"Tue, 13 Jan 2026 14:06:00 +0900"
SKT &quot;AI로 지난해 통신사기 11억건 차단&quot;,"보이스피싱을 비롯한 불법 통신 사기 수법은 날로 지능화되고 있다&quot;며 &quot;앞으로도 기술적이고 제도적 대응 역량을 지속 강화하고 정부 및 유관기관과 협력해 보이스피싱, <b>불법 스팸</b> 근절에 적극 앞장서겠다&quot;고 말했다.",https://www.pointdaily.co.kr/news/articleView.html?idxno=288443,"Tue, 13 Jan 2026 13:44:00 +0900"
"AI로 똑똑해진 SKT 필터링 기술, 보이스피싱·<b>스팸</b> 35% 더 막아냈다","손영규 SK텔레콤 보안거버넌스 실장은 “앞으로도 기술적·제도적 대응 역량을 지속 강화하고, 정부 및 유관기관과 협력해 보이스피싱, <b>불법 스팸</b> 근절에 적극 앞장서겠다”고 말했다.",https://n.news.naver.com/mnews/article/021/0002763402?sid=101,"Tue, 13 Jan 2026 13:42:00 +0900"
SKT AI 필터링 고도화…보이스피싱·<b>스팸</b> 11억건 선제 차단,"손영규 보안거버넌스 실장은 “끊임없는 근절 노력에도 불구하고, 보이스피싱을 비롯한 불법 통신 사기 수법은 날로 지능화되고 있다”며 “정부 및 유관기관과 협력해 보이스피싱, <b>불법 스팸</b> 근절에 적극... ",https://www.nspna.com/news/?mode=view&newsid=797221,"Tue, 13 Jan 2026 13:38:00 +0900"
"SK텔레콤, AI 기반 필터링 고도화… 통신사기 11억 건 차단",손영규 SK텔레콤 보안거버넌스 실장은 &quot;보이스피싱을 비롯한 불법 통신 사기 수법이 갈수록 지능화되고 있다&quot;며 &quot;기술적·제도적 대응 역량을 지속 강화하고 정부 및 유관기관과 협력해 <b>불법 스팸</b>과 보이스피싱... ,https://www.s-journal.co.kr/news/articleView.html?idxno=37703,"Tue, 13 Jan 2026 13:36:00 +0900"
"SKT, 지난해 AI로 통신 사기 11억건 예방··· 전년 比 35%↑","보이스피싱을 비롯한 불법 통신 사기 수법은 날로 지능화되고 있다&quot;며 &quot;앞으로도 기술적·제도적 대응 역량을 지속 강화하고, 정부 및 유관기관과 협력해 보이스피싱, <b>불법 스팸</b> 근절에 적극 앞장서겠다&quot;고 말했다.",https://www.greenpostkorea.co.kr/news/articleView.html?idxno=305826,"Tue, 13 Jan 2026 13:04:00 +0900"
"[위클리오늘] SKT, 지난해 보이스피싱·<b>스팸</b> 등 통신 사기 11억건 차단","보이스피싱을 비롯한 불법 통신 사기 수법은 날로 지능화되고 있다&quot;며 &quot;앞으로도 기술적·제도적 대응 역량을 지속 강화하고, 정부 및 유관기관과 협력해 보이스피싱, <b>불법 스팸</b> 근절에 적극 앞장서겠다&quot;고 말했다.",http://www.weeklytoday.com/news/articleView.html?idxno=751457,"Tue, 13 Jan 2026 12:56:00 +0900"
"﻿SKT, AI 필터링 기술로 보이스피싱·<b>스팸</b> 11억건 차단",손영규 SKT 보안거버넌스 실장은 &quot;보이스피싱을 비롯한 불법 통신 사기 수법은 날로 지능화되고 있다&quot;라며 &quot;앞으로도 기술적·제도적 대응 역량을 강화하며 정부와 유관기관과 협력해 보이스피싱과 <b>불법 스팸</b> 근절에... ,https://www.aitimes.com/news/articleView.html?idxno=205532,"Tue, 13 Jan 2026 12:54:00 +0900"
"SK텔레콤, 필터링 기술로 보이스피싱·<b>스팸</b> 막는다","SKT 관계자는 &quot;보이스피싱을 비롯한 불법 통신 사기 수법은 지능화되고 있다&quot;며 &quot;기술적·제도적 대응 역량을 강화하고 유관기관과 협력해 보이스피싱, <b>불법 스팸</b> 근절에 적극 나서겠다&quot;고 말했다. /대전",http://www.cctimes.kr/news/articleView.html?idxno=886205,"Tue, 13 Jan 2026 12:30:00 +0900"
"똑똑한 SKT AI 필터링, 보이스피싱·<b>스팸</b> 35% 더 막았다","손영규 SK텔레콤 보안거버넌스 실장은 &quot;끊임없는 대응에도 불구하고 보이스피싱과 <b>불법 스팸</b>은 날로 지능화되고 있다&quot;며 &quot;AI 기반 기술적 대응 역량을 지속 강화하고, 정부 및 유관기관과 협력해 국민 피해를... ",https://www.ebn.co.kr/news/articleView.html?idxno=1694929,"Tue, 13 Jan 2026 11:58:00 +0900"
"SKT, 'AI' 활용해 보이스피싱·<b>스팸</b> 11억건 막았다","보이스피싱을 비롯한 불법 통신 사기 수법은 날로 지능화되고 있다&quot;며 &quot;앞으로도 기술적·제도적 대응 역량을 지속 강화하고, 정부 및 유관기관과 협력해 보이스피싱, <b>불법 스팸</b> 근절에 적극 앞장서겠다&quot;고 말했다.",https://www.the-pr.co.kr/news/articleView.html?idxno=60122,"Tue, 13 Jan 2026 11:52:00 +0900"
"AI 더한 SK텔레콤, 피싱·<b>스팸</b> ‘11억건’ 막았다","수법은 끊임없는 근절 노력에도 불구하고 날로 지능화하고 있다”며 “앞으로도 기술적·제도적 대응 역량을 지속 강화하고, 정부 및 관계기관과 협력해 보이스피싱, <b>불법 스팸</b> 근절에 적극 앞장서겠다”고 말했다.",https://n.news.naver.com/mnews/article/016/0002585026?sid=105,"Tue, 13 Jan 2026 11:36:00 +0900"
"AI로 똑똑해진 SKT 필터링, 보이스피싱·<b>스팸</b> 35% 더 막았다","보이스피싱을 비롯한 불법 통신 사기 수법은 날로 지능화되고 있다&quot;며 &quot;앞으로도 기술적·제도적 대응 역량을 지속 강화하고, 정부 및 유관기관과 협력해 보이스피싱, <b>불법 스팸</b> 근절에 적극 앞장서겠다&quot;고 말했다.",http://www.srtimes.kr/news/articleView.html?idxno=194121,"Tue, 13 Jan 2026 11:36:00 +0900"
"&quot;더 똑똑해진 'AI탐지기술' 통했다&quot; SKT, 작년 통신사기 11억건 차단·전...",보이스피싱·<b>불법스팸</b> 근절에 적극 앞장서겠다&quot;고 했다. 지난해 SKT는 유관기관에 신고되지 않은 보이스피싱 의심 전화번호를 사전탐지해 차단하는 '통화패턴 분석 기반 AI모델'을 도입했다. 이를 통해 음성 스팸... ,https://www.catchnews.kr/news/articleView.html?idxno=119344,"Tue, 13 Jan 2026 11:36:00 +0900"
"SKT, 'AI 필터링' 기술로 통신사기 시도 11억 건 차단","보이스피싱을 비롯한 불법 통신 사기 수법은 날로 지능화되고 있다&quot;며 &quot;앞으로도 기술적·제도적 대응 역량을 지속 강화하고, 정부 및 유관기관과 협력해 보이스피싱, <b>불법 스팸</b> 근절에 적극 앞장서겠다&quot;고 말했다.",http://www.itdaily.kr/news/articleView.html?idxno=237395,"Tue, 13 Jan 2026 11:34:00 +0900"
"SK텔레콤, AI 필터링으로 보이스피싱·<b>스팸</b> 35% 더 차단",손영규 SK텔레콤 보안거버넌스 실장은 &quot;보이스피싱 등 통신 사기 수법이 지능화되고 있다&quot;며 &quot;기술적·제도적 대응 역량을 강화하고 유관기관과 협력해 <b>불법 스팸</b> 근절에 앞장서겠다&quot;고 말했다.,http://www.whitepaper.co.kr/news/articleView.html?idxno=256862,"Tue, 13 Jan 2026 11:30:00 +0900"
통신사 위약금 면제의 역설…‘소비자 보호’ 제도가 ‘진흙탕 싸움’...,전화와 <b>스팸</b> 문자에 시달리고 있는 것으로 알려졌다. 직장인 김모(38)씨는 “보안 사고에 실망해 해지를... 업계에선 방송미디어통신위원회가 위약금 면제 종료 직전 발생하는 <b>불법</b> 보조금 살포와 허위·과장 광고를 철저히... ,https://www.sentv.co.kr/article/view/sentv202601120157,"Tue, 13 Jan 2026 11:30:00 +0900"
"SKT, AI로 보이스피싱·<b>스팸</b> 35% 더 막아냈다","보이스피싱을 비롯한 불법 통신 사기 수법은 날로 지능화되고 있다&quot;며 &quot;앞으로도 기술적·제도적 대응 역량을 지속 강화하고, 정부 및 유관기관과 협력해 보이스피싱, <b>불법 스팸</b> 근절에 적극 앞장서겠다&quot;고 말했다.",https://www.ziksir.com/news/articleView.html?idxno=119658,"Tue, 13 Jan 2026 11:28:00 +0900"
"SKT, 작년 통신 사기 시도 약 11억건 선제 차단","보이스피싱을 비롯한 불법 통신 사기 수법은 날로 지능화되고 있다&quot;며 &quot;앞으로도 기술적·제도적 대응 역량을 지속 강화하고 정부 및 유관기관과 협력해 보이스피싱, <b>불법 스팸</b> 근절에 적극 앞장서겠다&quot;고 말했다.",http://www.4th.kr/news/articleView.html?idxno=2104948,"Tue, 13 Jan 2026 11:28:00 +0900"
SKT &quot;지난해 <b>스팸</b>·보이스피싱 등 약 11억 건 차단&quot;,"손영규 SKT 보안거버넌스 실장은 &quot;끊임없는 근절 노력에도 불구하고, 보이스피싱을 비롯한 불법 통신 사기 수법은 날로 지능화되고 있다&quot;며 &quot;정부 및 유관기관과 협력해 보이스피싱, <b>불법 스팸</b> 근절에 적극... ",https://www.newsfreezone.co.kr/news/articleView.html?idxno=668975,"Tue, 13 Jan 2026 11:26:00 +0900"
"SKT, AI로 작년 보이스피싱·<b>스팸</b> 11억건 막아냈다","비롯한 불법 통신 사기 수법은 날로 지능화되고 있다&quot;며, &quot;앞으로도 기술적·제도적 대응 역량을 지속 강화하고, 정부 및 유관기관과 협력해 보이스피싱, <b>불법 스팸</b> 근절에 적극 앞장서겠다&quot;고 말했다.  [뉴스드림]",http://www.newsdream.kr/news/articleView.html?idxno=105097,"Tue, 13 Jan 2026 11:22:00 +0900"
"SKT, 지난해 AI 필터링 기술로 보이스피싱·<b>스팸</b> 11억건 선제 차단","보이스피싱을 비롯한 불법 통신 사기 수법은 날로 지능화되고 있다&quot;며 &quot;앞으로도 기술적·제도적 대응 역량을 지속 강화하고, 정부 및 유관기관과 협력해 보이스피싱, <b>불법 스팸</b> 근절에 적극 앞장서겠다&quot;고 말했다.",https://www.newspost.kr/news/articleView.html?idxno=220226,"Tue, 13 Jan 2026 11:14:00 +0900"
"SKT, AI 적용한 필터링 기술로 통신 사기 시도 11억건 선제 차단","불법 통신 사기 수법은 날로 지능화되고 있다&quot;라며 &quot;앞으로도 기술적·제도적 대응 역량을 지속 강화하고 정부 및 유관기관과 협력해 보이스피싱, <b>불법 스팸</b> 근절에 적극 앞장서겠다&quot;라고 말했습니다. 사진ㅣSK텔레콤",https://www.inthenews.co.kr/news/article.html?no=81853,"Tue, 13 Jan 2026 11:08:00 +0900"
"SKT, AI로 보이스피싱·<b>스팸</b> 35% 더 막아냈다","보이스피싱을 비롯한 불법 통신 사기 수법은 날로 지능화되고 있다”며 “앞으로도 기술적·제도적 대응 역량을 지속 강화하고, 정부 및 유관기관과 협력해 보이스피싱, <b>불법 스팸</b> 근절에 적극 앞장서겠다”고 말했다.",http://www.segyebiz.com/newsView/20260113507124?OutUrl=naver,"Tue, 13 Jan 2026 11:06:00 +0900"
AI로 보이스피싱 차단 3억건 늘렸다,"손영규 SK텔레콤 보안거버넌스 실장은 “앞으로도 기술적 제도적 대응 역량을 지속 강화하고, 정부 및 유관기관과 협력해 보이스피싱, <b>불법 스팸</b> 근절에 적극 앞장서겠다”고 말했다.",https://n.news.naver.com/mnews/article/092/0002405816?sid=105,"Tue, 13 Jan 2026 11:01:00 +0900"
"SK텔레콤, 보이스피싱 11억건 차단…AI로 통신 사기 필터링","보이스피싱을 비롯한 불법 통신 사기 수법은 날로 지능화되고 있다&quot;며 &quot;앞으로도 기술적·제도적 대응 역량을 지속 강화하고 정부 및 유관기관과 협력해 보이스피싱, <b>불법 스팸</b> 근절에 적극 앞장서겠다&quot;고 말했다.",https://n.news.naver.com/mnews/article/417/0001124266?sid=105,"Tue, 13 Jan 2026 11:00:00 +0900"
"AI로 똑똑해진 SKT 필터링 기술, 보이스피싱·<b>스팸</b> 35% 더 막아냈다","보이스피싱을 비롯한 불법 통신 사기 수법은 날로 지능화되고 있다&quot;며, &quot;앞으로도 기술적·제도적 대응 역량을 지속 강화하고, 정부 및 유관기관과 협력해 보이스피싱, <b>불법 스팸</b> 근절에 적극 앞장서겠다&quot;고 말했다.",https://www.ilyoseoul.co.kr/news/articleView.html?idxno=511642,"Tue, 13 Jan 2026 10:56:00 +0900"
"AI로 똑똑해진 SKT 필터링 기술, 보이스피싱·<b>스팸</b> 35% 더 막아냈다","보이스피싱을 비롯한 불법 통신 사기 수법은 날로 지능화되고 있다&quot;며, &quot;앞으로도 기술적·제도적 대응 역량을 지속 강화하고, 정부 및 유관기관과 협력해 보이스피싱, <b>불법 스팸</b> 근절에 적극 앞장서겠다&quot;고 말했다.",https://www.polinews.co.kr/news/articleView.html?idxno=719589,"Tue, 13 Jan 2026 10:56:00 +0900"
"SKT, 지난해 통신 사기 시도 11억건 차단","보이스피싱을 비롯한 불법 통신 사기 수법은 날로 지능화되고 있다&quot;며, &quot;앞으로도 기술적·제도적 대응 역량을 지속 강화하고, 정부 및 유관기관과 협력해 보이스피싱, <b>불법 스팸</b> 근절에 앞장서겠다&quot;고 말했다.",https://www.sisaweek.com/news/articleView.html?idxno=232668,"Tue, 13 Jan 2026 10:52:00 +0900"
"AI 적용한 SKT 필터링 기술, 2025년 보이스피싱-<b>스팸</b> 35% 더 막아내","보이스피싱을 비롯한 불법 통신 사기 수법은 날로 지능화되고 있다&quot;며 &quot;앞으로도 기술적·제도적 대응 역량을 지속 강화하고, 정부 및 유관기관과 협력해 보이스피싱, <b>불법 스팸</b> 근절에 적극 앞장설 것&quot;이라고 말했다.",https://www.thedailypost.kr/news/articleView.html?idxno=112736,"Tue, 13 Jan 2026 10:46:00 +0900"
"SKT, 지난해 <b>스팸</b>·보이스피싱 11억 건 차단","손영규 SKT 보안거버넌스 실장은 &quot;앞으로 기술적·제도적 대응 역량을 지속 강화하고, 정부 및 유관기관과 협력해 보이스피싱, <b>불법 스팸</b> 근절에 적극 앞장서겠다&quot;고 말했다.",https://www.ajunews.com/view/20260113104142673,"Tue, 13 Jan 2026 10:46:00 +0900"
"SKT, 필터링 기술로 보이스피싱·<b>스팸</b> 35% 선제 차단","불법 통신 사기 수법은 날로 지능화되고 있다&quot;며, &quot;앞으로도 기술적·제도적 대응 역량을 지속 강화하고, 정부 및 유관기관과 협력해 보이스피싱, <b>불법 스팸</b> 근절에 적극 앞장서겠다&quot;고 말했다. 딜라이트닷넷 박지선",https://www.delighti.co.kr/news/articleView.html?idxno=109468,"Tue, 13 Jan 2026 10:44:00 +0900"
"SKT, AI 필터링 기술로 보이스피싱·<b>스팸</b> 등 통신 사기 약 11억 건 차단","보이스피싱을 비롯한 불법 통신 사기 수법은 날로 지능화되고 있다&quot;며, &quot;앞으로도 기술적·제도적 대응 역량을 지속 강화하고, 정부 및 유관기관과 협력해 보이스피싱, <b>불법 스팸</b> 근절에 적극 앞장서겠다&quot;고 말했다.",https://www.redian.org/news/articleView.html?idxno=255326,"Tue, 13 Jan 2026 10:44:00 +0900"
"AI로 똑똑해진 SKT 필터링 기술, 보이스피싱·<b>스팸</b> 35% 더 막아냈다","보이스피싱을 비롯한 불법 통신 사기 수법은 날로 지능화되고 있다&quot;며, &quot;앞으로도 기술적·제도적 대응 역량을 지속 강화하고, 정부 및 유관기관과 협력해 보이스피싱, <b>불법 스팸</b> 근절에 적극 앞장서겠다&quot;고 말했다.",http://www.worktoday.co.kr/news/articleView.html?idxno=79816,"Tue, 13 Jan 2026 10:42:00 +0900"
"SK텔레콤 필터링 기술, AI로 고도화…보이스피싱·<b>스팸</b> 차단 성과 확대",손영규 SK텔레콤 보안거버넌스 실장은 “보이스피싱과 <b>불법 스팸</b> 수법이 갈수록 지능화되고 있다”며 “기술적·제도적 대응 역량을 지속 강화하고 정부와 유관기관과의 협력을 통해 불법 통신 사기 근절에 적극... ,https://weekly.cnbnews.com/news/article.html?no=202785,"Tue, 13 Jan 2026 10:38:00 +0900"
"SKT, AI로 지난해 통신사기 11억건 차단","통신 사기 수법은 날로 지능화되고 있다&quot;며, &quot;앞으로도 기술적·제도적 대응 역량을 지속 강화하고, 정부 및 유관기관과 협력해 보이스피싱, <b>불법 스팸</b> 근절에 적극 앞장서겠다&quot;고 말했다. 김광연 기자 fun3503@chosunbiz.com",https://it.chosun.com/news/articleView.html?idxno=2023092154762,"Tue, 13 Jan 2026 10:32:00 +0900"
"“<b>스팸</b> 때려잡는 AI”...SKT, <b>스팸</b>필터링으로 11억건 차단",보이스피싱을 비롯한 불법 통신 사기 수법은 날로 지능화되고 있다”며 “앞으로도 기술적·제도적 대응 역량을 지속 강화하고 정부 및 유관기관과 협력해 보이스피싱 및 <b>불법 스팸</b> 근절에 앞장서겠다”고 말했다.,https://n.news.naver.com/mnews/article/138/0002215035?sid=105,"Tue, 13 Jan 2026 10:26:00 +0900"
"SKT, AI로 통신사기 11억건 막았다","통신 서비스 안전성도 높인다. 손영규 SK텔레콤 보안거버넌스 실장은 &quot;기술적·제도적 대응 역량을 지속 강화하고, 정부 및 유관기관과 협력해 보이스피싱, <b>불법 스팸</b> 근절에 적극 앞장서겠다&quot;고 말했다.",https://www.newspim.com/news/view/20260113000407,"Tue, 13 Jan 2026 10:26:00 +0900"
"SKT, 2025년 보이스피싱·<b>스팸</b> 각종 통신 사기 시도 11억건 선제적 차단","보이스피싱, <b>불법 스팸</b> 근절에 적극 앞장서겠다”고 말했다. break9874@naver.com *아래는 위 기사를 '구글 번역'으로 번역한 영문 기사의 [전문]입니다. 구글번역'은... ",http://www.breaknews.com/1176122,"Tue, 13 Jan 2026 10:24:00 +0900"
"SKT, AI로 통신 사기 11억건 막았다","불법 통신 사기 수법은 갈수록 지능화되고 있다&quot;며 &quot;앞으로도 기술적·제도적 대응 역량을 지속적으로 강화하고, 정부 및 유관기관과의 협력을 통해 보이스피싱과 <b>불법 스팸</b> 근절에 적극 나설 것&quot;이라고 포부를 밝혔다.",https://www.ezyeconomy.com/news/articleView.html?idxno=230137,"Tue, 13 Jan 2026 10:22:00 +0900"
"SKT, 지난해 보이스피싱·<b>스팸</b> 등 통신 사기 11억건 막았다","보이스피싱을 비롯한 불법 통신 사기 수법은 날로 지능화되고 있다&quot;며 &quot;앞으로도 기술적·제도적 대응 역량을 지속 강화하고, 정부 및 유관기관과 협력해 보이스피싱, <b>불법 스팸</b> 근절에 적극 앞장서겠다&quot;고 말했다.",https://www.widedaily.com/news/articleView.html?idxno=286598,"Tue, 13 Jan 2026 10:20:00 +0900"
"SKT, 지난해 보이스피싱·<b>스팸</b> 등 통신 사기 11억건 막았다","보이스피싱을 비롯한 불법 통신 사기 수법은 날로 지능화되고 있다&quot;며 &quot;앞으로도 기술적·제도적 대응 역량을 지속 강화하고, 정부 및 유관기관과 협력해 보이스피싱, <b>불법 스팸</b> 근절에 적극 앞장서겠다&quot;고 말했다.",https://www.widedaily.com/news/articleView.html?idxno=286598,"Tue, 13 Jan 2026 10:20:00 +0900"
"SK텔레콤, AI로 2025년 통신사기 11억 건 차단 성과","보이스피싱을 비롯한 불법 통신 사기 수법은 날로 지능화되고 있다&quot;며, &quot;앞으로도 기술적·제도적 대응 역량을 지속 강화하고 정부 및 유관기관과 협력해 보이스피싱, <b>불법 스팸</b> 근절에 적극 앞장서겠다&quot;고 말했다.",http://www.ttlnews.com/news/articleView.html?idxno=3068667,"Tue, 13 Jan 2026 10:20:00 +0900"
"SKT, AI기술로 지난해 <b>스팸</b>·보이스피싱 35% 더 막았다","보이스피싱을 비롯한 불법 통신 사기 수법은 날로 지능화되고 있다&quot;며 &quot;앞으로도 기술적·제도적 대응 역량을 지속 강화하고, 정부 및 유관기관과 협력해 보이스피싱, <b>불법 스팸</b> 근절에 적극 앞장서겠다&quot;고 말했다.",https://www.onews.tv/news/articleView.html?idxno=270740,"Tue, 13 Jan 2026 10:16:00 +0900"
"SKT, AI로 <b>스팸</b>·보이스피싱 11억건 차단…전년比 35％↑","비롯한 불법 통신 사기 수법은 날로 지능화되고 있다&quot;라며 &quot;앞으로도 기술적·제도적 대응 역량을 지속 강화하고 정부 및 유관기관과 협력해 보이스피싱, <b>불법 스팸</b> 근절에 적극 앞장서겠다&quot;고 말했다. [1코노미뉴스 = ]",https://www.1conomynews.co.kr/news/articleView.html?idxno=46246,"Tue, 13 Jan 2026 10:14:00 +0900"
"SKT, AI 필터링 기술로 지난해 ‘통신 사기’ 11억건 차단","통신 사기 수법은 날로 지능화되고 있다”며, “앞으로도 기술적·제도적 대응 역량을 지속 강화하고, 정부 및 유관기관과 협력해 보이스피싱, <b>불법 스팸</b> 근절에 적극 앞장서겠다”고 말했다. [CEO스코어데일리 / / ]",https://www.ceoscoredaily.com/page/view/2026011310104881984,"Tue, 13 Jan 2026 10:12:00 +0900"
SKT &quot;지난해 보이스피싱·<b>스팸</b> 등 통신 사기 11억건 차단&quot;,"비롯한 불법 통신 사기 수법은 날로 지능화되고 있다&quot;며 &quot;앞으로도 기술적·제도적 대응 역량을 지속 강화하고 정부 및 유관기관과 협력해 보이스피싱, <b>불법 스팸</b> 근절에 적극 앞장서겠다&quot;고 말했다. 파이낸셜투데이",http://www.ftoday.co.kr/news/articleView.html?idxno=353358,"Tue, 13 Jan 2026 10:08:00 +0900"
"SKT, AI로 지난해 보이스피싱·<b>스팸</b> 11억 건 막았다…전년比 35%↑","보이스피싱을 비롯한 불법 통신 사기 수법은 날로 지능화되고 있다&quot;며, &quot;앞으로도 기술적·제도적 대응 역량을 지속 강화하고, 정부 및 유관기관과 협력해 보이스피싱, <b>불법 스팸</b> 근절에 적극 앞장서겠다&quot;고 말했다.",https://www.it-b.co.kr/news/articleView.html?idxno=86296,"Tue, 13 Jan 2026 10:08:00 +0900"
"SKT, AI 필터링 기술로 보이스피싱·<b>스팸</b> 차단율 35% 증가","보이스피싱을 비롯한 불법 통신 사기 수법은 날로 지능화되고 있다며 앞으로도 기술적제도적 대응 역량을 지속 강화하고, 정부 및 유관기관과 협력해 보이스피싱, <b>불법 스팸</b> 근절에 적극 앞장서겠다고 말했다.",http://www.boannews.com/media/view.asp?idx=141455&kind=,"Tue, 13 Jan 2026 10:04:00 +0900"
"SKT, 지난해 AI로 보이스피싱·<b>스팸</b> 등 통신 사기 11억 건 선제 차단","손영규 SKT 보안거버넌스 실장은 &quot;보이스피싱을 비롯한 불법 통신 사기 수법이 날로 지능화되고 있다&quot;며 &quot;기술적·제도적 대응 역량을 지속적으로 강화하고, 정부 및 유관 기관과 협력해 보이스피싱과 <b>불법 스팸</b>... ",https://www.e-science.co.kr/news/articleView.html?idxno=121874,"Tue, 13 Jan 2026 10:04:00 +0900"
"SK텔레콤, 지난해 통신 사기 시도 11억건 선제 차단…전년比 35%↑","대응 역량을 지속 강화하고, 정부 및 유관기관과 협력해 보이스피싱, <b>불법 스팸</b> 근절에 적극 앞장서겠다”고 말했다. 【 청년일보=신영욱 기자 】 SK텔레콤의 2025년 스팸·보이스피싱 차단 현황. [사진=SK텔레콤]",https://www.youthdaily.co.kr/news/article.html?no=209289,"Tue, 13 Jan 2026 10:02:00 +0900"
"AI 고도화한 SKT, 보이스피싱·<b>스팸</b> 차단 35% 더 막았다",음성 <b>스팸</b> 2억 5천만 건·문자 8억 5천만 건 차단 SK텔레콤이 2025년 한 해 동안 음성 <b>스팸</b>·보이스피싱 통화와... 손영규 SK텔레콤 보안거버넌스 실장은 &quot;보이스피싱을 비롯한 <b>불법</b> 통신 사기 수법이 갈수록 지능화되고... ,https://n.news.naver.com/mnews/article/079/0004104369?sid=105,"Tue, 13 Jan 2026 10:02:00 +0900"
"SKT, 지난해 AI로 통신사기 11억 건 차단… 전년比 35% 더 막았다",보이스피싱을 비롯한 불법 통신 사기 수법은 날로 지능화되고 있다&quot;며 &quot;앞으로도 기술적·제도적 대응 역량을 지속 강화하고 정부 및 유관기관과 협력해 보이스피싱과 <b>불법 스팸</b> 근절에 적극 앞장서겠다&quot;고 말했다.,https://www.pointe.co.kr/news/articleView.html?idxno=68016,"Tue, 13 Jan 2026 10:02:00 +0900"
"AI로 똑똑해진 SKT 필터링, 보이스피싱·<b>스팸</b> 35% 더 막았다","보이스피싱을 비롯한 불법 통신 사기 수법은 날로 지능화되고 있다&quot;며 &quot;앞으로도 기술적·제도적 대응 역량을 지속 강화하고 정부 및 유관기관과 협력해 보이스피싱, <b>불법 스팸</b> 근절에 적극 앞장서겠다&quot;고 말했다.",https://www.newscj.com/news/articleView.html?idxno=3362659,"Tue, 13 Jan 2026 10:00:00 +0900"
"SKT, AI로 보이스피싱·<b>스팸</b> 35% 더 막아냈다","손영규 SKT 보안거버넌스 실장은 &quot;보이스피싱을 비롯한 불법 통신 사기 수법은 날로 지능화되고 있다&quot;며, &quot;앞으로도 기술적·제도적 대응 역량을 지속 강화하고, 정부 및 유관기관과 협력해 보이스피싱, <b>불법 스팸</b>... ",https://www.insightkorea.co.kr/news/articleView.html?idxno=239116,"Tue, 13 Jan 2026 09:56:00 +0900"
"SKT, AI로 '피싱 철벽' 쳤다…보이스피싱·<b>스팸</b> 11억건 차단",SK텔레콤(CEO 정재헌)이 인공지능(AI) 기술을 활용해 보이스피싱과 <b>스팸</b> 등 통신 사기와의 전쟁에서... 손영규 SKT 보안거버넌스 실장은 &quot;날로 지능화되는 <b>불법</b> 통신 사기 수법에 맞서 기술적·제도적 대응 역량을 지속... ,https://www.thefairnews.co.kr/news/articleView.html?idxno=66271,"Tue, 13 Jan 2026 09:56:00 +0900"
"AI 이용했더니...SKT, 보이스피싱·<b>스팸</b> 11억건 막아냈다","보이스피싱을 비롯한 불법 통신 사기 수법은 날로 지능화되고 있다&quot;며 &quot;앞으로도 기술적·제도적 대응 역량을 지속 강화하고, 정부 및 유관기관과 협력해 보이스피싱, <b>불법 스팸</b> 근절에 적극 앞장서겠다&quot;고 말했다.",https://www.newstree.kr/newsView/ntr202601130003,"Tue, 13 Jan 2026 09:54:00 +0900"
"SKT, AI로 피싱·<b>스팸</b> 35% 더 막았다…작년 11억건 차단","보이스피싱을 비롯한 불법 통신 사기 수법은 날로 지능화되고 있다”며, “앞으로도 기술적·제도적 대응 역량을 지속 강화하고, 정부 및 유관기관과 협력해 보이스피싱, <b>불법 스팸</b> 근절에 적극 앞장서겠다”고 말했다.",https://n.news.naver.com/mnews/article/030/0003389395?sid=105,"Tue, 13 Jan 2026 09:50:00 +0900"
"AI로 똑똑해진 SKT 필터링 기술, 보이스피싱·<b>스팸</b> 35% 더 차단","비롯한 불법 통신 사기 수법은 날로 지능화되고 있다&quot;며, &quot;앞으로도 기술적·제도적 대응 역량을 지속 강화하고, 정부 및 유관기관과 협력해 보이스피싱, <b>불법 스팸</b> 근절에 적극 앞장서겠다&quot;고 말했다. [프레스맨]",https://www.pressman.kr/news/articleView.html?idxno=98454,"Tue, 13 Jan 2026 09:48:00 +0900"
"AI로 똑똑해진 SKT 필터링 기술, 보이스피싱·<b>스팸</b> 35% 더 막아내","보이스피싱을 비롯한 불법 통신 사기 수법은 날로 지능화되고 있다&quot;며 &quot;앞으로도 기술적·제도적 대응 역량을 지속 강화하고 정부 및 유관기관과 협력해 보이스피싱, <b>불법 스팸</b> 근절에 적극 앞장서겠다&quot;고 말했다.",https://www.eroun.net/news/articleView.html?idxno=70879,"Tue, 13 Jan 2026 09:48:00 +0900"
"SKT, 지난해 AI로 <b>스팸</b>·피싱 11억건 막았다",올해 <b>스팸</b>과 피싱 차단 전 과정에 AI 기술 적용을 확대한다. 악성 앱을 AI 기반으로 탐지하고 분석해 차단까지 이어지는 원스톱 대응 체계를 구축할 계획이다. 손영규 SK텔레콤 보안거버넌스 실장은 &quot;교묘해지는 <b>불법</b>... ,https://n.news.naver.com/mnews/article/629/0000461862?sid=105,"Tue, 13 Jan 2026 09:46:00 +0900"
"AI로 막아낸 통신 사기 11억 건…SKT, 보이스피싱 선제 차단","비롯한 불법 통신 사기 수법은 날로 지능화되고 있다”며 “앞으로도 기술적·제도적 대응 역량을 지속 강화하고, 정부 및 유관기관과 협력해 보이스피싱, <b>불법 스팸</b> 근절에 적극 앞장서겠다”고 말했다.",https://futurechosun.com/?p=142003,"Tue, 13 Jan 2026 09:46:00 +0900"
"SK텔레콤, 작년 통신사기 11억건 차단…&quot;AI로 보이스피싱 잡는다&quot;","음성 <b>스팸</b>과 보이스피싱 통화, <b>스팸</b> 문자 등 각종 통신 사기 시도 약 11억 건을 선제적으로 차단했다고 13일... 대응 역량을 지속 강화하고 정부·유관기관과 협력해 <b>불법</b> 통신 사기 근절에 앞장서겠다”고 말했다.",https://www.seoultimes.news/news/article.html?no=2000089413,"Tue, 13 Jan 2026 09:44:00 +0900"
"SK텔레콤, 지난해 통신 사기 시도 11억 건 선제 차단","보이스피싱을 비롯한 불법 통신 사기 수법은 날로 지능화되고 있다”며 “앞으로도 기술적·제도적 대응 역량을 지속 강화하고, 정부 및 유관기관과 협력해 보이스피싱, <b>불법 스팸</b> 근절에 적극 앞장서겠다”고 말했다.",https://www.cnbnews.com/news/article.html?no=772694,"Tue, 13 Jan 2026 09:44:00 +0900"
"SKT, 작년 <b>스팸</b>·보이스피싱 등 통신사기 11억건 차단","보이스피싱을 비롯한 불법 통신 사기 수법은 날로 지능화되고 있다”며 “앞으로도 기술적·제도적 대응 역량을 지속 강화하고, 정부 및 유관기관과 협력해 보이스피싱, <b>불법 스팸</b> 근절에 적극 앞장서겠다”고 말했다.",https://n.news.naver.com/mnews/article/014/0005461965?sid=105,"Tue, 13 Jan 2026 09:44:00 +0900"
"SK텔레콤, 지난해 AI로 보이스피싱‧<b>스팸</b> 11억건 차단…“기술‧제도 역...","비롯한 불법 통신 사기 수법은 날로 지능화되고 있다”라며 “앞으로도 기술적‧제도적 대응 역량을 지속 강화하고 정부 및 유관기관과 협력해 보이스피싱, <b>불법 스팸</b> 근절에 적극 앞장서겠다”라고 말했다.",https://www.kukinews.com/article/view/kuk202601130025,"Tue, 13 Jan 2026 09:44:00 +0900"
"SKT, AI 필터링 기술 보이스피싱·<b>스팸</b> 35% 더 막아내","통신 사기 수법은 날로 지능화되고 있다”며 “앞으로도 기술적·제도적 대응 역량을 지속 강화하고, 정부 및 유관기관과 협력해 보이스피싱, <b>불법 스팸</b> 근절에 적극 앞장서겠다”고 말했다. 이재현 글로벌이코노믹 기자",https://www.g-enews.com/view.php?ud=2026011309281645873d7a510102_1,"Tue, 13 Jan 2026 09:42:00 +0900"
"[AI픽] SKT, 지난해 음성 <b>스팸</b>·보이스피싱 11억건 차단","손영규 SKT 보안거버넌스 실장은 &quot;앞으로도 기술적·제도적 대응 역량을 지속 강화하고, 정부 및 유관기관과 협력해 보이스피싱, <b>불법 스팸</b> 근절에 적극 앞장서겠다&quot;고 말했다.",https://n.news.naver.com/mnews/article/001/0015843326?sid=105,"Tue, 13 Jan 2026 09:40:00 +0900"
"AI로 똑똑해진 SKT 필터링 기술... SKT, 보이스피싱·<b>스팸</b> 35% 더 막아냈...","보이스피싱을 비롯한 불법 통신 사기 수법은 날로 지능화되고 있다&quot;며, &quot;앞으로도 기술적·제도적 대응 역량을 지속 강화하고, 정부 및 유관기관과 협력해 보이스피싱, <b>불법 스팸</b> 근절에 적극 앞장서겠다&quot;고 말했다.",https://www.aitimes.kr/news/articleView.html?idxno=38114,"Tue, 13 Jan 2026 09:40:00 +0900"
"SKT 필터링 기술, 보이스피싱·<b>스팸</b> 35% 선제 차단","보이스피싱을 비롯한 불법 통신 사기 수법은 날로 지능화되고 있다&quot;며 &quot;앞으로도 기술적ㆍ제도적 대응 역량을 지속 강화하고, 정부 및 유관기관과 협력해 보이스피싱, <b>불법 스팸</b> 근절에 적극 앞장서겠다&quot;고 말했다.",http://www.wsobi.com/news/articleView.html?idxno=301505,"Tue, 13 Jan 2026 09:38:00 +0900"
"SK텔레콤, AI로 보이스피싱·<b>스팸</b> 사기 시도 11억건 차단","비롯한 불법 통신 사기 수법은 날로 지능화되고 있다”라며 “앞으로도 기술적·제도적 대응 역량을 지속적으로 강화하고 정부 및 유관기관과 협력해 보이스피싱, <b>불법 스팸</b> 근절에 적극 앞장서겠다”라고 말했다.",https://www.news2day.co.kr/article/20260113500087,"Tue, 13 Jan 2026 09:38:00 +0900"
"AI로 걸렀다…SKT, 지난해 통신사기 시도 11억건 차단","손영규 SKT 보안거버넌스 실장은 &quot;앞으로도 기술적·제도적 대응 역량을 지속 강화하고, 정부 및 유관기관과 협력해 보이스피싱, <b>불법 스팸</b> 근절에 적극 앞장서겠다&quot;고 말했다.",https://www.digitaltoday.co.kr/news/articleView.html?idxno=620446,"Tue, 13 Jan 2026 09:38:00 +0900"
"AI로 똑똑해진 SKT 필터링 기술, 보이스피싱·<b>스팸</b> 35% 더 방어",불구하고 보이스피싱을 비롯한 불법 통신 사기는 점점 더 지능화되고 있다&quot;며 &quot;앞으로도 기술적·제도적 대응 역량을 강화하고 정부 및 관계 기관과 협력해 보이스피싱과 <b>불법 스팸</b> 근절에 적극 나서겠다&quot;고 밝혔다.,https://www.koreaittimes.com/news/articleView.html?idxno=149791,"Tue, 13 Jan 2026 09:38:00 +0900"
"SKT, AI 기반 필터링으로 보이스피싱·<b>스팸</b> 11억건 차단",손영규 SK텔레콤 보안거버넌스 실장은 “보이스피싱을 비롯한 불법 통신 사기 수법이 갈수록 지능화되고 있다”며 “기술적·제도적 대응 역량을 지속적으로 강화하고 정부와 유관기관과의 협력을 통해 <b>불법 스팸</b>과... ,https://www.socialvalue.kr/news/view/1065573181280464,"Tue, 13 Jan 2026 09:36:00 +0900"
"&quot;AI로 <b>스팸</b> 잡았다&quot;… SKT, 지난해 통신 사기 시도 11억건 선제 차단","보이스피싱을 비롯한 불법 통신 사기 수법은 날로 지능화되고 있다&quot;며 &quot;앞으로도 기술적, 제도적 대응 역량을 지속 강화하고 정부와 유관 기관과 협력해 보이스피싱, <b>불법 스팸</b> 근절에 적극 앞장서겠다&quot;고 말했다.",https://www.financialpost.co.kr/news/articleView.html?idxno=244092,"Tue, 13 Jan 2026 09:36:00 +0900"
"SK텔레콤, 2025년 AI로 11억 건 음성 <b>스팸</b>·보이스피싱 차단",통신 사기 수법은 날로 지능화되고 있다&quot;며 &quot;기술적·제도적 대응 역량을 지속 강화하고 정부 및 유관기관과 협력해 보이스피싱과 <b>불법 스팸</b> 근절에 적극 앞장서겠다&quot;고 말했다. ★ CBC뉴스 - gonewsi로 전 세계 타전 ▶,https://www.cbci.co.kr/news/articleView.html?idxno=549655,"Tue, 13 Jan 2026 09:36:00 +0900"
"AI 기술 도입한 SKT 필터링 기술, 보이스피싱·<b>스팸</b> 35% 선제적 차단해","보이스피싱을 비롯한 불법 통신 사기 수법은 날로 지능화되고 있다&quot;며, &quot;앞으로도 기술적·제도적 대응 역량을 지속 강화하고, 정부 및 유관기관과 협력해 보이스피싱, <b>불법 스팸</b> 근절에 적극 앞장서겠다&quot;고 말했다.",https://www.nextdaily.co.kr/news/articleView.html?idxno=246166,"Tue, 13 Jan 2026 09:34:00 +0900"
"SKT, AI로 작년 보이스피싱·<b>스팸</b> 11억건 차단…전년比 35%↑","보이스피싱을 비롯한 불법 통신 사기 수법은 날로 지능화되고 있다&quot;며 &quot;앞으로도 기술적·제도적 대응 역량을 지속 강화하고, 정부 및 유관기관과 협력해 보이스피싱, <b>불법 스팸</b> 근절에 적극 앞장서겠다&quot;고 말했다.",https://www.businessplus.kr/news/articleView.html?idxno=105608,"Tue, 13 Jan 2026 09:32:00 +0900"
"SKT, AI 기반 선제 대응으로 통신 사기 시도 11억 건 차단","SK텔레콤의 손영규 보안거버넌스 실장은 &quot;보이스피싱을 비롯한 불법 통신 사기 수법이 계속 지능화되고 있다&quot;며 &quot;기술적·제도적 대응 역량을 강화하고, 정부와 유관기관과의 협력을 통해 보이스피싱과 <b>불법 스팸</b>... ",http://www.metroseoul.co.kr/article/20260113500058,"Tue, 13 Jan 2026 09:32:00 +0900"
"SKT, AI로 보이스피싱·<b>스팸</b> 35% 더 막았다…작년 11억건 차단","보이스피싱을 비롯한 불법 통신 사기 수법은 날로 지능화되고 있다&quot;며 &quot;앞으로도 기술적·제도적 대응 역량을 지속 강화하고, 정부 및 유관기관과 협력해 보이스피싱, <b>불법 스팸</b> 근절에 적극 앞장서겠다&quot;고 말했다.",https://n.news.naver.com/mnews/article/421/0008710360?sid=105,"Tue, 13 Jan 2026 09:31:00 +0900"
"<b>스팸</b>·피싱 11억건 막았다…SKT, AI 보안 체계 전면 확대","보이스피싱을 비롯한 불법 통신 사기 수법은 날로 지능화되고 있다&quot;며, &quot;앞으로도 기술적·제도적 대응 역량을 지속 강화하고, 정부 및 유관기관과 협력해 보이스피싱, <b>불법 스팸</b> 근절에 적극 앞장서겠다&quot;고 말했다.",https://www.joongangenews.com/news/articleView.html?idxno=485271,"Tue, 13 Jan 2026 09:30:00 +0900"
"SKT, AI로 <b>스팸</b>문자·보이스피싱 11억건 막았다","보이스피싱을 비롯한 불법 통신 사기 수법은 날로 지능화되고 있다&quot;며 &quot;앞으로도 기술적·제도적 대응 역량을 지속 강화하고, 정부 및 유관기관과 협력해 보이스피싱, <b>불법 스팸</b> 근절에 적극 앞장서겠다&quot;고 말했다.",https://n.news.naver.com/mnews/article/648/0000043482?sid=105,"Tue, 13 Jan 2026 09:29:00 +0900"
"SKT, 통신 사기 시도 11억건 선제 차단⋯가입자 보호 강화","불구하고 보이스피싱을 비롯한 불법 통신 사기 수법은 날로 지능화되고 있다&quot;며 &quot;기술적·제도적 대응 역량을 지속 강화하고 정부·유관기관과 협력해 보이스피싱, <b>불법 스팸</b> 근절에 적극 앞장서겠다&quot;고 말했다.",https://n.news.naver.com/mnews/article/031/0000996339?sid=105,"Tue, 13 Jan 2026 09:24:00 +0900"
"SKT, 지난해 통신사기 시도 11억건 선제 차단","보이스피싱을 비롯한 불법 통신 사기 수법은 날로 지능화되고 있다”며 “앞으로도 기술적·제도적 대응 역량을 지속 강화하고 정부 및 유관기관과 협력해 보이스피싱, <b>불법 스팸</b> 근절에 적극 앞장서겠다”고 말했다.",http://thetracker.co.kr/View.aspx?No=3921302,"Tue, 13 Jan 2026 09:23:00 +0900"
"SK텔레콤, AI로 통신사기 예방…2025년 음성·문자 등 11억건 차단",SK텔레콤은 13일 2025년 한 해 동안 음성 <b>스팸</b>·보이스피싱 통화와 문자 등 각종 통신 사기 시도 약 11억 건을... 손영규 SKT 보안거버넌스 실장은 &quot;보이스피싱과 <b>불법</b> 통신 사기 수법은 날로 지능화되고 있다&quot;며 &quot;기술적... ,http://www.newstnt.com/news/articleView.html?idxno=575623,"Tue, 13 Jan 2026 09:20:00 +0900"
"SK텔레콤, AI 필터링 기술로 '보이스피싱' 선제 차단 11억건 달성","비롯한 불법 통신 사기 수법은 날로 지능화되고 있다&quot;며, &quot;앞으로도 기술적·제도적 대응 역량을 지속 강화하고, 정부 및 유관기관과 협력해 보이스피싱, <b>불법 스팸</b> 근절에 적극 앞장서겠다&quot;고 말했다. / 월요신문=",https://www.wolyo.co.kr/news/articleView.html?idxno=307234,"Tue, 13 Jan 2026 09:20:00 +0900"
"SKT, AI로 작년 보이스피싱·<b>스팸</b> 11억건 막았다…전년比 35%↑","비롯한 불법 통신 사기 수법은 날로 지능화되고 있다”며, “앞으로도 기술적·제도적 대응 역량을 지속 강화하고, 정부 및 유관기관과 협력해 보이스피싱, <b>불법 스팸</b> 근절에 적극 앞장서겠다”고 말했다.",https://n.news.naver.com/mnews/article/018/0006199524?sid=105,"Tue, 13 Jan 2026 09:19:00 +0900"
AI로 똑똑해진 SKT 필터링 기술..보이스피싱·<b>스팸</b> 35% 더 막았다,비롯한 불법 통신 사기 수법은 날로 지능화되고 있다”며 “앞으로도 기술적·제도적 대응 역량을 지속 강화하고 정부 및 유관기관과 협력해 보이스피싱 및 <b>불법 스팸</b> 근절에 적극 앞장서겠다”고 말했다.,http://kpenews.com/View.aspx?No=3921288,"Tue, 13 Jan 2026 09:18:00 +0900"
SKT &quot;보이스피싱·<b>스팸</b> 35% 더 막아냈다&quot;,"보이스피싱을 비롯한 불법 통신 사기 수법은 날로 지능화되고 있다&quot;며 &quot;앞으로도 기술적·제도적 대응 역량을 지속 강화하고 정부 및 유관기관과 협력해 보이스피싱, <b>불법 스팸</b> 근절에 적극 앞장서겠다&quot;고 말했다.",https://weekly.hankooki.com/news/articleView.html?idxno=7144920,"Tue, 13 Jan 2026 09:18:00 +0900"
"SK텔레콤, AI 필터링으로 통신사기 11억건 차단",손영규 SK텔레콤 보안거버넌스 실장은 “보이스피싱 수법이 계속 고도화되고 있다”며 “기술적 대응 역량을 강화하고 정부·유관기관과 협력해 <b>불법</b> 통신 사기 근절에 나서겠다”고 말했다. SK텔레콤 2025년 <b>스팸</b>... ,https://www.fetv.co.kr/news/article.html?no=209756,"Tue, 13 Jan 2026 09:18:00 +0900"
"SKT, AI 기술로 '11억건' 보이스피싱·<b>스팸</b> 차단","불구하고 보이스피싱을 비롯한 불법 통신 사기 수법은 날로 지능화되고 있다&quot;며 &quot;기술적·제도적 대응 역량을 지속 강화하고 정부 및 유관기관과 협력해 보이스피싱, <b>불법 스팸</b> 근절에 적극 앞장설 것&quot;이라고 말했다.",http://www.m-i.kr/news/articleView.html?idxno=1324639,"Tue, 13 Jan 2026 09:16:00 +0900"
"SKT 필터링, AI로 똑똑해졌다...보이스피싱·<b>스팸</b> 11억 건 선제 차단","보이스피싱을 비롯한 불법 통신 사기 수법은 날로 지능화되고 있다”며 “앞으로도 기술적·제도적 대응 역량을 지속 강화하고 정부 및 유관기관과 협력해 보이스피싱, <b>불법 스팸</b> 근절에 적극 앞장서겠다”고 말했다.",https://www.etoday.co.kr/news/view/2544897,"Tue, 13 Jan 2026 09:16:00 +0900"
"SKT, 지난해 보이스피싱 11억건 선제 차단…전년比 35%↑","보이스피싱을 비롯한 불법 통신 사기 수법이 날로 지능화되고 있다&quot;며 &quot;앞으로도 기술적·제도적 대응 역량을 지속 강화하고 정부·유관기관과 협력해 보이스피싱, <b>불법 스팸</b> 근절에 적극 앞장서겠다&quot;고 말했다.",https://n.news.naver.com/mnews/article/008/0005303733?sid=105,"Tue, 13 Jan 2026 09:11:00 +0900"
"SK텔레콤, 지난해 음성 <b>스팸</b>·보이스피싱 11억건 차단","비롯한 불법 통신 사기 수법은 날로 지능화되고 있다&quot;며 &quot;앞으로도 기술적·제도적 대응 역량을 지속적으로 강화하고, 정부 및 유관 기관과 협력해 보이스피싱과 <b>불법 스팸</b> 근절에 적극 앞장서겠다&quot;고 말했다.",http://www.seoulwire.com/news/articleView.html?idxno=701345,"Tue, 13 Jan 2026 09:10:00 +0900"
"AI로 똑똑해진 SKT 필터링 기술, 보이스피싱·<b>스팸</b> 11억건 차단","보이스피싱을 비롯한 불법 통신 사기 수법은 날로 지능화되고 있다”며 “앞으로도 기술적·제도적 대응 역량을 지속 강화하고, 정부 및 유관기관과 협력해 보이스피싱, <b>불법 스팸</b> 근절에 적극 앞장서겠다”고 말했다.",https://www.viva100.com/article/20260113500160,"Tue, 13 Jan 2026 09:10:00 +0900"
"SKT, AI 기반 필터링 고도화로 보이스피싱·<b>스팸</b> 차단 성과 확대","불법 통신 사기 수법이 갈수록 지능화되고 있다&quot;며 &quot;앞으로도 기술적·제도적 대응 역량을 지속적으로 강화하고, 정부 및 유관기관과의 협력을 통해 <b>불법 스팸</b>과 보이스피싱 근절에 적극 나서겠다&quot;고 말했다. [팝콘뉴스]",http://www.popcornnews.net/news/articleView.html?idxno=108324,"Tue, 13 Jan 2026 09:10:00 +0900"
"AI로 똑똑해진 SKT 필터링 기술, 보이스피싱·<b>스팸</b> 35% 더 막아냈다","보이스피싱을 비롯한 불법 통신 사기 수법은 날로 지능화되고 있다&quot;며, &quot;앞으로도 기술적·제도적 대응 역량을 지속 강화하고, 정부 및 유관기관과 협력해 보이스피싱, <b>불법 스팸</b> 근절에 적극 앞장서겠다&quot;고 말했다.",http://www.newslock.co.kr/news/articleView.html?idxno=122985,"Tue, 13 Jan 2026 09:10:00 +0900"
"SKT, AI 도입 후 통신 사기 차단 강화","보이스피싱을 비롯한 불법 통신 사기 수법은 날로 지능화되고 있다&quot;며 &quot;앞으로도 기술적·제도적 대응 역량을 지속 강화하고 정부 및 유관기관과 협력해 보이스피싱, <b>불법 스팸</b> 근절에 적극 앞장서겠다&quot;고 말했다.",https://www.epnc.co.kr/news/articleView.html?idxno=327224,"Tue, 13 Jan 2026 09:08:00 +0900"
"SKT , AI 필터링 기술로 보이스피싱·<b>스팸</b> 35% 더 막아냈다","보이스피싱을 비롯한 불법 통신 사기 수법은 날로 지능화되고 있다”며, “앞으로도 기술적·제도적 대응 역량을 지속 강화하고, 정부 및 유관기관과 협력해 보이스피싱, <b>불법 스팸</b> 근절에 적극 앞장서겠다”고 말했다.",https://hbnpress.com/news/view/1065571435233987,"Tue, 13 Jan 2026 09:06:00 +0900"
"AI로 먼저 걸렀다…SKT, 작년 통신사기 11억건 차단","손영규 SKT 보안거버넌스 실장은 &quot;앞으로도 기술적·제도적 대응 역량을 지속 강화하고, 정부, 유관기관과 협력해 보이스피싱, <b>불법 스팸</b> 근절에 적극 앞장서겠다&quot;고 말했다.",https://n.news.naver.com/mnews/article/277/0005705765?sid=105,"Tue, 13 Jan 2026 09:05:00 +0900"
AI로 똑똑해진 SKT 필터링 기술…보이스피싱·<b>스팸</b> 35% 더 막아냈다,"유관기관과 협력해 보이스피싱, <b>불법 스팸</b> 근절에 적극 앞장서겠다&quot;고 말했다. 김윤호 기자 kyh81@ekn.kr 지난해 전화·문자 통한 통신사기 시도 11억건 선제 차단 ‘스캠뱅가드’, PASS앱·에이닷 전화에 적용 고객 보호 강화",https://www.ekn.kr/web/view.php?key=20260113028477823,"Tue, 13 Jan 2026 09:00:00 +0900"
"SKT 필터링 기술, 보이스피싱·<b>스팸</b> 35% 더 막아냈다","보이스피싱을 비롯한 불법 통신 사기 수법은 날로 지능화되고 있다&quot;며, &quot;앞으로도 기술적·제도적 대응 역량을 지속 강화하고, 정부 및 유관기관과 협력해 보이스피싱, <b>불법 스팸</b> 근절에 적극 앞장서겠다&quot;고 말했다.",https://www.koit.co.kr/news/articleView.html?idxno=204798,"Tue, 13 Jan 2026 09:00:00 +0900"
"SKT, AI 필터링 고도화로 통신사기 방어력 확대","보이스피싱을 비롯한 불법 통신 사기 수법은 날로 지능화되고 있다&quot;며 &quot;앞으로도 기술적·제도적 대응 역량을 지속 강화하고, 정부 및 유관기관과 협력해 보이스피싱, <b>불법 스팸</b> 근절에 적극 앞장서겠다&quot;고 말했다.",https://www.newswhoplus.com/news/articleView.html?idxno=51087,"Tue, 13 Jan 2026 09:00:00 +0900"
"11억건 막아낸 AI 방패 든 SK텔레콤, <b>스팸</b> 전쟁의 판을 바꾸다","보이스피싱을 비롯한 불법 통신 사기 수법은 날로 지능화되고 있다&quot;며, &quot;앞으로도 기술적·제도적 대응 역량을 지속 강화하고, 정부 및 유관기관과 협력해 보이스피싱, <b>불법 스팸</b> 근절에 적극 앞장서겠다&quot;고 말했다.",https://www.econovill.com/news/articleView.html?idxno=725399,"Tue, 13 Jan 2026 08:58:00 +0900"
"AI로 '스마트'...SKT 필터링 기술, 보이스피싱·<b>스팸</b> 35% 더 막아내","보이스피싱을 비롯한 불법 통신 사기 수법은 날로 지능화되고 있다&quot;며, &quot;앞으로도 기술적·제도적 대응 역량을 지속 강화하고, 정부 및 유관기관과 협력해 보이스피싱, <b>불법 스팸</b> 근절에 적극 앞장서겠다&quot;고 말했다.",https://www.bizwork.co.kr/news/articleView.html?idxno=411307,"Tue, 13 Jan 2026 08:58:00 +0900"
"SKT, AI 필터링 기술로 지난해 통신 사기 '11억건' 막았다","보이스피싱을 비롯한 불법 통신 사기 수법은 날로 지능화되고 있다&quot;며, &quot;앞으로도 기술적·제도적 대응 역량을 지속 강화하고, 정부 및 유관기관과 협력해 보이스피싱, <b>불법 스팸</b> 근절에 적극 앞장서겠다&quot;고 말했다.",https://www.pinpointnews.co.kr/news/articleView.html?idxno=416754,"Tue, 13 Jan 2026 08:58:00 +0900"
"SKT, 지난해 보이스피싱·<b>스팸</b> 등 통신 사기 11억건 막았다","보이스피싱을 비롯한 불법 통신 사기 수법은 날로 지능화되고 있다&quot;며 &quot;앞으로도 기술적·제도적 대응 역량을 지속 강화하고, 정부 및 유관기관과 협력해 보이스피싱, <b>불법 스팸</b> 근절에 적극 앞장서겠다&quot;고 말했다．",https://n.news.naver.com/mnews/article/003/0013706567?sid=105,"Tue, 13 Jan 2026 08:57:00 +0900"
SKT “작년 통신사기 시도 11억건 차단…AI로 35% 더 막아내”,"보이스피싱을 비롯한 불법 통신 사기 수법은 날로 지능화되고 있다”며 “앞으로도 기술적·제도적 대응 역량을 지속 강화하고, 정부 및 유관기관과 협력해 보이스피싱, <b>불법 스팸</b> 근절에 적극 앞장서겠다”고 말했다.",https://n.news.naver.com/mnews/article/011/0004577919?sid=105,"Tue, 13 Jan 2026 08:56:00 +0900"
"SKT, 필터링 기술로 보이스피싱·<b>스팸</b> 35% 선제 차단","보이스피싱을 비롯한 불법 통신 사기 수법은 날로 지능화되고 있다&quot;며, &quot;앞으로도 기술적·제도적 대응 역량을 지속 강화하고, 정부 및 유관기관과 협력해 보이스피싱, <b>불법 스팸</b> 근절에 적극 앞장서겠다&quot;고 말했다.",https://www.cstimes.com/news/articleView.html?idxno=688130,"Tue, 13 Jan 2026 08:56:00 +0900"
"AI로 똑똑해진 SKT 필터링 기술, 보이스피싱·<b>스팸</b> 35% 더 막아냈다","보이스피싱을 비롯한 불법 통신 사기 수법은 날로 지능화되고 있다&quot;며, &quot;앞으로도 기술적·제도적 대응 역량을 지속 강화하고, 정부 및 유관기관과 협력해 보이스피싱, <b>불법 스팸</b> 근절에 적극 앞장서겠다&quot;고 말했다.",https://www.ngonews.kr/news/articleView.html?idxno=222313,"Tue, 13 Jan 2026 08:56:00 +0900"
"SK텔레콤, 작년 통신사기 시도 11억 건 선제 차단","보이스피싱을 비롯한 불법 통신사기 수법은 날로 지능화되고 있다”며 “앞으로도 기술적·제도적 대응 역량을 지속 강화하고, 정부 및 유관기관과 협력해 보이스피싱, <b>불법 스팸</b> 근절에 적극 앞장서겠다”고 말했다.",http://www.datanews.co.kr/news/article.html?no=142771,"Tue, 13 Jan 2026 08:56:00 +0900"
"SK텔레콤, AI로 지난해 통신 사기 시도 11억건 선제 차단","보이스피싱을 비롯한 불법 통신 사기 수법은 날로 지능화되고 있다&quot;며 &quot;앞으로도 기술적·제도적 대응 역량을 지속 강화하고, 정부 및 유관기관과 협력해 보이스피싱, <b>불법 스팸</b> 근절에 적극 앞장서겠다&quot;고 말했다.",https://daily.hankooki.com/news/articleView.html?idxno=1321339,"Tue, 13 Jan 2026 08:54:00 +0900"
"SKT, 똑똑한 AI로 피싱·<b>스팸</b> 35% 더 막아","손영규 SKT 보안거버넌스 실장은 “앞으로도 기술적·제도적 대응 역량을 지속 강화하고, 정부 및 유관기관과 협력해 보이스피싱, <b>불법 스팸</b> 근절에 적극 앞장서겠다”고 말했다. SKT 2025년 스팸·보이스피싱 차단... ",https://www.smarttoday.co.kr/ko-kr/articles/100885,"Tue, 13 Jan 2026 08:54:00 +0900"
"AI로 똑똑해진 SKT 필터링 기술, 보이스피싱·<b>스팸</b> 35% 더 막아냈다","보이스피싱을 비롯한 불법 통신 사기 수법은 날로 지능화되고 있다&quot;며 &quot;앞으로도 기술적·제도적 대응 역량을 지속 강화하고, 정부 및 유관기관과 협력해 보이스피싱, <b>불법 스팸</b> 근절에 적극 앞장서겠다&quot;고 말했다.",http://www.enewstoday.co.kr/news/articleView.html?idxno=2380649,"Tue, 13 Jan 2026 08:53:00 +0900"
"SKT 필터링 기술, 보이스피싱·<b>스팸</b> 35% 더 막아냈다","보이스피싱을 비롯한 불법 통신 사기 수법은 날로 지능화되고 있다&quot;며 &quot;앞으로도 기술적·제도적 대응 역량을 지속 강화하고, 정부 및 유관기관과 협력해 보이스피싱, <b>불법 스팸</b> 근절에 적극 앞장서겠다&quot;고 말했다.",https://www.asiaa.co.kr/news/articleView.html?idxno=236783,"Tue, 13 Jan 2026 08:50:00 +0900"
"AI로 똑똑해진 SKT 필터링 기술, 보이스피싱·<b>스팸</b> 35% 더 막아냈다","보이스피싱을 비롯한 불법 통신 사기 수법은 날로 지능화되고 있다&quot;며, &quot;앞으로도 기술적·제도적 대응 역량을 지속 강화하고, 정부 및 유관기관과 협력해 보이스피싱, <b>불법 스팸</b> 근절에 적극 앞장서겠다&quot;고 말했다.",http://www.econonews.co.kr/news/articleView.html?idxno=422721,"Tue, 13 Jan 2026 08:50:00 +0900"
"AI 접목한 SKT 기술, 보이스피싱·<b>스팸</b> ‘11억건’ 막아냈다","수법은 끊임없는 근절 노력에도 불구하고 날로 지능화하고 있다”며 “앞으로도 기술적·제도적 대응 역량을 지속 강화하고, 정부 및 관계기관과 협력해 보이스피싱, <b>불법 스팸</b> 근절에 적극 앞장서겠다”고 말했다.",https://n.news.naver.com/mnews/article/016/0002584759?sid=105,"Tue, 13 Jan 2026 08:46:00 +0900"
"&quot;어쩌라고요&quot;가 던진 질문, 장애인은 더 크게 듣는다","한국인터넷진흥원(KISA)은 국번 없이 118을 통해 해킹·개인정보·<b>불법스팸</b>·스미싱 관련 상담/연결 안내를 제공하고, '털린 내 정보 찾기' 등 관련 서비스도 함께 안내하고 있다. 셋째, 스미싱 대응 요령처럼 &quot;지금 당장 할 수... ",https://www.ablenews.co.kr/news/articleView.html?idxno=227760,"Mon, 12 Jan 2026 17:06:00 +0900"
"캄보디아 '범죄왕' 천즈, 전문가 &quot;사형 가능성 높다, 태자그룹 차명재산...",그 후에 PC방에서 일을 하기 시작하면서 <b>불법</b> 게임 서버 운영이나 이용자 정보 거래 등을 통해서 돈을 벌기... ◆ 박귀빈 : 오늘도 캄보디아에 거점 두고 200억 원 규모 투자 사기 벌인 <b>스팸</b> 조직 한국인 총책이 현지에서... ,https://radio.ytn.co.kr/program/?f=2&id=106833&s_mcd=0433&s_hcd=01,"Mon, 12 Jan 2026 14:30:00 +0900"
"캄보디아 '범죄왕' 천즈, 전문가 &quot;사형 가능성 높다, 태자그룹 차명재산...",그 후에 PC방에서 일을 하기 시작하면서 <b>불법</b> 게임 서버 운영이나 이용자 정보 거래 등을 통해서 돈을 벌기... ◆ 박귀빈 : 오늘도 캄보디아에 거점 두고 200억 원 규모 투자 사기 벌인 <b>스팸</b> 조직 한국인 총책이 현지에서... ,https://n.news.naver.com/mnews/article/052/0002299417?sid=102,"Mon, 12 Jan 2026 11:58:00 +0900"
[단독] “돈 내면 수술 후기 써드립니다”···네이버 대형 카페 논란,"제보자는 A카페가 <b>불법</b>적으로 회원 계정을 대량 유입해 병원들의 허위 리뷰를 게재했다고 주장했다. ㄱ씨는... 이어 “가령, 비정상적인 대량의 홍보 게시글 등록 등 운영정책에 따라 <b>스팸</b>성 홍보활동으로 판단해 제재하고... ",https://n.news.naver.com/mnews/article/050/0000100826?sid=101,"Mon, 12 Jan 2026 08:35:00 +0900"
한국여성정치네트워크 “국가의 직무유기가 디지털 성범죄 키웠다”,"정부에 <b>불법</b> 디지털 성범죄 플랫폼의 즉각적인 폐쇄와 강력한 법 집행을 촉구했다.한국여성정치네트워크는... 이어 차단 목록이 이메일 <b>스팸</b>함에 묻혀 누락되고, 긴 URL을 인식하지 못하는 노후화된 시스템을 수년째... ",https://vop.co.kr/A00001685875.html,"Thu, 08 Jan 2026 14:56:00 +0900"
성형외과부터 기숙사까지…해킹 정보 '판매중',"이런 정보들이 새어나가면 동선이 드러나 스토킹이나 각종 협박에 시달릴 수 있고, <b>스팸</b> 메일이나 <b>불법</b> 광고에 강제로 노출될 수 있습니다. 과학기술정보통신부와 한국인터넷진흥원은 &quot;20곳이 넘는 국내 기관과 기업들의... ",https://n.news.naver.com/mnews/article/422/0000820222?sid=101,"Wed, 07 Jan 2026 22:43:00 +0900"
"딥페이크 음란물, 7배 늘었는데 85% 차단 실패",문제는 정부가 차단을 요청해도 대부분의 <b>불법</b> 사이트에 여전히 접속할 수 있다는 점이다. 감사원이... 방송심의위원회가 이메일로 보낸 차단 대상 사이트 주소가 메일 오류나 <b>스팸</b> 처리로 제대로 전달되지 않은... ,https://n.news.naver.com/mnews/article/310/0000132797?sid=102,"Wed, 07 Jan 2026 14:40:00 +0900"
"&quot;어쩐지 <b>스팸</b> 많이 오더라&quot;...해킹조직, 韓쇼핑몰 데이터 판매했다","해킹 포럼이란 해킹 정보 공유, 탈취 정보 판매, 악성코드 유포 등 <b>불법</b>적 사이버 행위가 이루어지는 온라인 커뮤니티를 말한다. 과기정통부는 작년 12월부터 올해 1월 5일 동안 해킹 포럼에서 확인된 국내 피해 기관·기업... ",https://n.news.naver.com/mnews/article/243/0000090808?sid=105,"Wed, 07 Jan 2026 14:03:00 +0900"
차단 요구한 딥페이크 음란물 85% 여전히 접속..AI 확산 제도 정비 필요,인공지능을 악용한 <b>불법</b> 콘텐츠를 막기 위한 차단 조치가 실질적인 효과를 내지 못하고 있다는 점이 감사... 이 중 173개는 차단 목록이 이메일 <b>스팸</b> 처리나 서버 오류로 통신사에 전달되지 않아 차단 시스템에 등재되지... ,http://www.dailypop.kr/news/articleView.html?idxno=95003,"Wed, 07 Jan 2026 12:00:00 +0900"
"감사원 &quot;딥페이크 음란물 사이트 85%, 접속 차단 조치에도 접속 가능&quot;",방송미디어통신심의위원회는 피해 신고 등이 접수되면 <b>불법</b> 딥페이크 음란물 삭제 또는 게시된 해외... 위원회가 통신사들에 보낸 차단 목록 송부 메일이 <b>스팸</b> 처리되거나 메일 서버가 오류가 난 등이 원인으로... ,https://www.idaegu.co.kr/news/articleView.html?idxno=534949,"Tue, 06 Jan 2026 16:54:00 +0900"
타이어 자국을 포트홀로 인식… 한심한 공공기관 AI,"방미심위는 <b>불법</b> 딥페이크 음란물이 게시된 사이트 운영자에게 삭제 요청을 하거나, 해외 사이트인 경우... 방미심위가 통신사들에 보낸 메일이 <b>스팸</b> 처리되거나, 메일 서버 오류로 주소가 전달되지 않은 것이다.... ",https://n.news.naver.com/mnews/article/023/0003951138?sid=100,"Tue, 06 Jan 2026 00:54:00 +0900"
엎드린 개 보고 ‘사람이 쓰러져 있다’ 어깨동무 하면 ‘싸우네’… 엉...,"정부는 <b>불법</b> 딥페이크 음란물을 적발하면 가해자를 처벌하면서 동시에 해당 음란물에 대한 온라인 접속... 방미심위가 통신사들에 차단해야 할 페이지 주소를 메일로 보냈는데, 이 메일이 <b>스팸</b> 처리돼 있어... ",https://n.news.naver.com/mnews/article/023/0003951017?sid=100,"Mon, 05 Jan 2026 14:19:00 +0900"
방미심위 차단 딥페이크 사이트 85% &quot;접속되네?&quot;…'CDN 꼼수' 속수무책,"구체적으로는 민원, 타 기관 이첩, 자체 모니터링 등으로 <b>불법</b> 영상을 인지하면 24시간 내 '디지털 성범죄... 방미심위와 통신사업자가 이메일로 차단 목록을 송수신하는 과정에서 메일서버 오류나 <b>스팸</b> 처리로... ",https://www.newsworks.co.kr/news/articleView.html?idxno=825683,"Mon, 05 Jan 2026 12:00:00 +0900"
&lt;단독&gt; 성매매 후기 사이트 ‘달리머넷’ 실체 추적,달리머넷은 VIP 회원에게 <b>불법</b> 촬영물을 판매해 얻은 수익으로 운영돼 경찰 수사를 받고 있다. 달리머넷은... 그럼에도 일부 회원에게 해외 발신 <b>스팸</b> 문자 등이 실제로 발송되며 2차 피해 우려가 커졌다. 한국인으로 구성... ,https://www.ilyosisa.co.kr/news/article.html?no=253614,"Mon, 05 Jan 2026 10:46:00 +0900"
[신년사] 김종철 방미통위 위원장 &quot;전체 미디어산업 재도약 추진&quot;,허위조작정보의 유통 방지 체계 구축해 표현의 자유 보장되는 건전한 공론장 형성될 수 있도록 하겠다&quot;며 &quot;<b>불법 스팸</b> 방지를 위해 역량을 갖춘 사업자만 대량 문자 시장에 진입을 허용하는 전송자격 인증제도 조속히... ,http://www.enewstoday.co.kr/news/articleView.html?idxno=2377427,"Sun, 04 Jan 2026 14:23:00 +0900"
“내 얘기 들어봐” 수다 지옥 선사…보이스피싱범 혼 빼는 ‘AI 할머니...,O2는 보이스피싱 조직이 인터넷 암시장이나 다크웹에서 <b>불법</b>으로 거래하는 사기 대상 전화번호 명부에... 끊고 <b>스팸</b> 신고(영국 기준 7726)를 하는 것이 최선”이라고 강조했다. 원샷 국제뉴스 더보기(https://www.chosun.com/tag... ,https://n.news.naver.com/mnews/article/023/0003950717?sid=104,"Sat, 03 Jan 2026 11:15:00 +0900"
보이스피싱 당하면 은행이 보상?…무과실 배상에 은행권 ‘긴장’,"이 자리에서 금융사 무과실 배상책임제와 함께 <b>불법 스팸</b> 과징금 부과·추징 근거를 담은 정보통신망법 개정안, 불법 개통 대리점 계약 해지를 위한 ‘정보통신사업법’, 해외 번호를 국내 번호로 위장하는 변작 중계기... ",https://www.kukinews.com/article/view/kuk202601020202,"Sat, 03 Jan 2026 06:02:00 +0900"
이진숙 직격? 방미통위원장 &quot;몇년 간 핵심과제 제대로 추진 못해&quot;,"아울러, <b>불법스팸</b> 방지 역량을 갖춘 사업자들만 대량문자 전송 시장 진입을 허용하는 '전송자격인증제'도 조속히 시행하겠습니다. 둘째, 규제와 진흥의 조화를 통해 산업혁신 활성화를 꾀하겠습니다. 미디어 이용행태 변화... ",https://n.news.naver.com/mnews/article/006/0000133544?sid=102,"Fri, 02 Jan 2026 23:28:00 +0900"
김종철 방통위원장 “규제·진흥 조화로 산업혁신·미디어 국민주권 강...,"또한 <b>불법스팸</b> 방지 역량을 갖춘 사업자들만 대량문자 전송 시장 진입을 허용하는 ‘전송자격인증제’도 조속히 시행하겠다고 약속했다. 산업혁신 활성화에도 노력하겠다고 밝혔다. 그는 &quot;미디어 이용행태 변화, 온라인... ",https://n.news.naver.com/mnews/article/119/0003044143?sid=105,"Fri, 02 Jan 2026 20:24:00 +0900"
"[2026 신년사] 방미통위 김종철 &quot;신·구 미디어 포괄, 진흥 정책 마련&quot;",이와 함께 <b>불법스팸</b> 방지 역량을 갖춘 사업자의 대량문자 전송 시장 진입을 허용하는 '전송자격인증제'를 시행할 계획이다. 또한 미디어 이용행태 변화 및 온라인 광고시장 성장 등에 따라 방송 광고·편성규제를 개편한다.... ,http://www.shinailbo.co.kr/news/articleView.html?idxno=2172406,"Fri, 02 Jan 2026 19:14:00 +0900"
방미통위원장 &quot;방송에만 적용되는 광고·편성규제 혁신해야&quot;,위원장으로서 첫 행보 때 언급했던 <b>불법 스팸</b> 문자와 관련해서는 &quot;<b>불법 스팸</b> 방지 역량을 갖춘 사업자들에만 대량문자 전송 시장 진입을 허용하겠다&quot;며 '전송 자격 인증제'가 필요하다고 했습니다. 또 허위 조작 정보의... ,https://n.news.naver.com/mnews/article/055/0001321148?sid=100,"Fri, 02 Jan 2026 18:58:00 +0900"
김종철 방미통위원장 &quot;정책 개혁 원년…속도감 있게 추진&quot;[신년사],우선 &quot;온라인상 유통되는 불법·유해 정보에 대한 사업자들의 단계별 맞춤형 책임성을 제고하기 위해 법제 개선을 추진하겠다&quot;며 &quot;<b>불법스팸</b> 방지 역량을 갖춘 사업자들만 대량문자 전송 시장 진입을 허용하는... ,https://n.news.naver.com/mnews/article/003/0013689838?sid=105,"Fri, 02 Jan 2026 18:41:00 +0900"
[신년사] 김종철 방미통위원장 &quot;방송·미디어·통신 정책 개혁 원년&quot;,"그러면서 <b>불법 스팸</b> 방지 역량을 갖춘 사업자들에만 대량문자 전송 시장 진입을 허용하는 '전송 자격 인증제'의 조속히 시행을 언급했습니다. 이어 미디어 이용행태 변화, 온라인 광고시장 성장 등으로 방송광고 시장... ",https://n.news.naver.com/mnews/article/374/0000484028?sid=101,"Fri, 02 Jan 2026 18:34:00 +0900"
김종철 방미통위 “허위정보 근절·미디어 통합법 추진…산업 대전환 원...,"또한, <b>불법 스팸</b> 근절을 위해 ‘전송자격인증제’를 조속히 시행해 대량문자 전송 시장의 질서를 바로잡을 계획이다. 산업적 측면에서는 ‘규제 혁신을 통한 진흥’에 나설 계획이다. 김 위원장은 “미디어 이용 형태의... ",https://n.news.naver.com/mnews/article/018/0006193984?sid=105,"Fri, 02 Jan 2026 18:29:00 +0900"
김종철 방미통위 “방송미디어 규제 개혁 원년…통합미디어법 속도”,김 위원장은 “<b>불법스팸</b> 방지 역량을 갖춘 사업자들만 대량문자 전송 시장 진입을 허용하는 ‘전송자격인증제’도 조속히 시행하겠다”고 강조했다. 김 위원장은 규제와 진흥 조화를 통한 산업혁신 활성화에도 집중한다.... ,https://n.news.naver.com/mnews/article/138/0002214187?sid=105,"Fri, 02 Jan 2026 18:29:00 +0900"
김종철 방미통위원장 &quot;허위조작정보 유통 방지 체계 구축&quot;,이어 &quot;<b>불법스팸</b> 방지 역량을 갖춘 사업자들만 대량문자 전송 시장 진입을 허용하는 '전송자격인증제'도 조속히 시행하겠다&quot;고 덧붙였다. 김 위원장은 3대 분야 주요 정책으로 △안전한 방송·미디어·통신 환경 조성... ,http://www.newsprime.co.kr/news/article.html?no=718638,"Fri, 02 Jan 2026 18:26:00 +0900"
김종철 방미통위 위원장 &quot;미디어 생태계 대전환 이끌겠다&quot;,방미통위는 이와 함께 <b>불법스팸</b> 방지 역량을 갖춘 사업자들만 대량문자 전송 시장 진입을 허용하는 '전송자격인증제'도 조속히 시행하기로 했다. 둘째로 규제와 진흥의 조화를 통해 산업혁신 활성화를 꾀한다. 방송광고... ,https://www.digitaltoday.co.kr/news/articleView.html?idxno=618084,"Fri, 02 Jan 2026 18:20:00 +0900"
김종철 방미통위원장 &quot;안전·자유·공정·혁신 미디어 세상 만들겠다&quot;,<b>불법 스팸</b>을 막기 위해 자격을 갖춘 사업자만 대량 문자를 보낼 수 있는 '전송자격인증제'도 조속히 시행할 계획이다. 산업 혁신을 위한 규제 완화도 추진한다. 김 위원장은 &quot;방송광고 시장 매출 급감에 대응해 광고와 편성... ,https://www.newsworks.co.kr/news/articleView.html?idxno=825640,"Fri, 02 Jan 2026 18:14:00 +0900"
[신년사] 김종철 방미통위원장 &quot;정책 개혁 원년...OTT 포함한 미디어 통...,이어 &quot;<b>불법스팸</b> 방지 역량을 갖춘 사업자들만 대량문자 전송 시장 진입을 허용하는 '전송자격인증제'도 조속히 시행하겠다&quot;고 덧붙였다. 규제와 진흥의 조화를 통해 산업혁신 활성화를 꾀하겠다는 의지다. 특히 김... ,https://www.techm.kr/news/articleView.html?idxno=148258,"Fri, 02 Jan 2026 18:14:00 +0900"
김종철 방미통위 위원장 &quot;개혁의 원년…헌법수호자로서 대전환 이끌겠다...,김 위원장은 먼저 &quot;온라인상에 유통되는 불법·유해 정보에 대한 사업자들의 단계별 맞춤형 책임성을 제고하는 법제개선을 추진하겠다&quot;며 &quot;<b>불법스팸</b> 방지 역량을 갖춘 사업자들만 대량문자 전송 시장 진입을 허용하는... ,https://www.etoday.co.kr/news/view/2541874,"Fri, 02 Jan 2026 18:10:00 +0900"
김종철 방미통위원장 “방송·통신 개혁 원년으로…차질 없이 정책 수행...,"그 일환으로, <b>불법 스팸</b> 방지 역량을 갖춘 사업자들에만 대량 문자 전송 시장 진입을 허용하는 ‘전송 자격 인증제’도 조속히 시행하기로 했습니다. 이어 미디어 이용행태 변화, 온라인 광고시장 성장 등으로 방송광고... ",https://n.news.naver.com/mnews/article/056/0012097625?sid=105,"Fri, 02 Jan 2026 18:09:00 +0900"
김종철 방미통위원장 &quot;안전·자유·공정·혁신 미디어 생태계 조성&quot;,"그러면서 허위조작정보 유통방지 체계 구축과 불법·유해 정보 단계별 책임성 제고, <b>불법스팸</b> 대응을 위한 ‘전송자격인증제’ 조속 시행 등으로 안전한 이용환경을 조성하겠다고 덧붙였습니다. 아울러 방송3법 개정... ",https://n.news.naver.com/mnews/article/057/0001928084?sid=100,"Fri, 02 Jan 2026 18:07:00 +0900"
(신년사)김종철 위원장 &quot;방미통위 정책개혁 원년…신뢰 회복에 총력&quot;,<b>불법 스팸</b> 문제 해결을 위해서는 대량 문자 전송 시장에 전송자격 인증제도를 조속히 도입할 예정입니다. 규제와 진흥의 조화를 통한 산업 혁신도 주요 과제로 제시됐습니다. 미디어 이용 행태 변화와 온라인 광고 시장... ,http://www.newstomato.com/ReadNews.aspx?no=1286687&inflow=N,"Fri, 02 Jan 2026 18:02:00 +0900"
[신년사] 김종철 방미통위 위원장 &quot;미디어 정책 개혁 원년…공정 질서 ...,김 위원장은 &quot;온라인상에 유통되는 불법·유해 정보에 대한 사업자들의 단계별 맞춤형 책임성을 제고하기 위해 법제 개선을 추진하겠다&quot;며 &quot;<b>불법 스팸</b> 방지 역량을 갖춘 사업자들만 대량 문자 전송 시장 진입을 허용하는... ,https://n.news.naver.com/mnews/article/031/0000993890?sid=105,"Fri, 02 Jan 2026 17:54:00 +0900"
김종철 방미통위원장 &quot;규제 혁신으로 방송미디어·AI 경쟁력 강화&quot;,<b>불법 스팸</b> 대응을 위해 대량문자 전송 시장에 전송자격인증제를 조속히 시행하겠다는 방침도 재확인했다. 이어 규제와 진흥의 균형을 통한 산업 혁신 필요성을 강조했다. 김 위원장은 “미디어 이용행태 변화와 온라인... ,https://www.ajunews.com/view/20260102174026836,"Fri, 02 Jan 2026 17:48:00 +0900"
[신년사] 방미통위원장 &quot;신구 미디어 포괄 통합 법제 구축&quot;,"그러면서 <b>불법 스팸</b> 방지 역량을 갖춘 사업자들에만 대량문자 전송 시장 진입을 허용하는 '전송 자격 인증제'의 조속히 시행을 언급했다. 이어 미디어 이용행태 변화, 온라인 광고시장 성장 등으로 방송광고 시장 매출이... ",https://n.news.naver.com/mnews/article/001/0015826543?sid=102,"Fri, 02 Jan 2026 17:48:00 +0900"
김종철 방미통위원장 &quot;새해 '허위조작정보 방지' 힘 쏟겠다&quot;,"또 <b>불법스팸</b> 방지 역량을 갖춘 사업자만 대량문자 전송 시장 진입을 허용하는 '전송자격인증제'를 시행한다는 계획이다. 산업혁신 활성화를 위해서는 &quot;방송에만 적용되는 광고·편성규제를 혁신하고, 방송·OTT... ",https://n.news.naver.com/mnews/article/008/0005299711?sid=105,"Fri, 02 Jan 2026 17:46:00 +0900"
[2026신년사] 김종철 방미통위원장 &quot;올해 방송미디어통신 정책 개혁 원년...,<b>불법스팸</b> 방지 역량을 갖춘 사업자들만 대량문자 전송 시장 진입을 허용하는 '전송자격인증제'도 시행한다. 아울러 규제와 진흥의 조화를 통해 산업혁신 활성화를 꾀할 계획이다. 김 위원장은 &quot;미디어 이용 행태 변화... ,https://www.newscj.com/news/articleView.html?idxno=3358857,"Fri, 02 Jan 2026 17:40:00 +0900"
김종철 방미통위원장 &quot;올해는 방송·미디어·통신 정책 개혁 원년될 것...,김 위원장은 &quot;온라인상에 유통되는 불법·유해 정보에 대한 사업자들의 단계별 맞춤형 책임성을 제고하기 위해 법제 개선을 추진하겠다&quot;며 &quot;<b>불법 스팸</b> 방지 역량을 갖춘 사업자들만 대량 문자 전송 시장 진입을 허용하는... ,https://n.news.naver.com/mnews/article/014/0005457485?sid=105,"Fri, 02 Jan 2026 17:37:00 +0900"
김종철 방미통위원장 “올해를 개혁의 원년으로 삼겠다”,이와 함께 <b>불법 스팸</b> 방지 역량을 갖춘 사업자에게만 대량 문자 전송을 가능하게 하는 '전송 자격 인증제'를 조속 시행하겠다고도 했습니다. 김 위원장은 하루가 달리 쪼그라들고 있는 방송미디어 시장의 심각성을 강조하며... ,https://n.news.naver.com/mnews/article/437/0000471698?sid=100,"Fri, 02 Jan 2026 17:32:00 +0900"
김종철 방미통위 위원장 &quot;새 위원과 속도감 있게 업무 추진&quot;,허위조작정보의 유통 방지 체계 구축해 표현의 자유 보장되는 건전한 공론장 형성될 수 있도록 하겠다”며 “<b>불법 스팸</b> 방지를 위해 역량을 갖춘 사업자만 대량 문자 시장에 진입을 허용하는 전송자격 인증제도 조속히... ,https://n.news.naver.com/mnews/article/092/0002404492?sid=105,"Fri, 02 Jan 2026 17:02:00 +0900"
당정 &quot;8·28 보이스피싱 대책 본격 추진&quot;…10~11월 피해지표 '감소' 확인,"보이스피싱 사범 처벌 강화를 위한 형법상 사기죄 법정형 상향, 범죄수익 환수 강화를 위한 부패재산몰수법 개정은 완료됐고, 의심정보(통신·수사) 공유, 대포폰 관련 이통사 관리책임·예방의무, <b>불법스팸</b> 과징금... ",https://www.dailysecu.com/news/articleView.html?idxno=203935,"Fri, 02 Jan 2026 11:56:00 +0900"
당정 '보이스피싱 없는 사회' 목표 재확인,"보이스피싱 사범에 대한 처벌 강화를 위한 형법상 사기죄의 법졍형 상향과 범죄수익 환수를 강화하는 부패재산몰수법 개정은 완료됐으며, 통신·수사정보 공유 확대, 대포폰 관리 책임 강화, <b>불법 스팸</b> 발송자에 대한... ",https://www.safetimes.co.kr/news/articleView.html?idxno=237942,"Tue, 30 Dec 2025 21:08:00 +0900"
[#통신 풍향계] SKT '500B AI 모델' 공개·LGU+ '양자내성암호 표준' 제정...,"침해사고 의심정보 공유, 대포폰에 대한 이동통신사 관리책임·예방의무 부과, <b>불법스팸</b> 발송 관련자에 대한 과징금 부과·범죄수익 몰수 관련 법들은 법사위를 통과했다. [뉴스웍스=]",https://www.newsworks.co.kr/news/articleView.html?idxno=825234,"Tue, 30 Dec 2025 18:24:00 +0900"
"당정, 보이스피싱 피해액 금융회사 보상추진… 기업 경제형벌 개선 방침",당정은 현재 ▶금융회사의 일정 한도 내 보이스피싱 피해액 보상 ▶보이스피싱 의심 정보 공유 ▶대포폰에 대한 이통사 관리책임 부과 ▶<b>불법스팸</b> 발송 관련자 과징금 부과 ▶가상자산 피해 지급정지 및 환급 조치... ,https://www.kihoilbo.co.kr/news/articleView.html?idxno=3008646,"Tue, 30 Dec 2025 18:18:00 +0900"
보이스피싱 대책 입법 속도…금융사 '무과실책임제도' 도입 추진,"부과, <b>불법스팸</b> 발송 관련자에 대한 과징금 부과 및 범죄수익 몰수 관련 법들은 법사위를 통과했다. 한편 지난 23일 금융회사가 일정 한도 내에서 보이스피싱 피해액을 보상하는 법안을 마지막으로 발의하면서 정부... ",https://www.korea.kr/news/policyNewsView.do?newsId=148957312&call_from=naver_news,"Tue, 30 Dec 2025 18:16:00 +0900"
"통신 3사, 연말연시 통신망 집중 관리 돌입","연말 분위기를 악용한 <b>불법 스팸</b>, 해킹 등 보안 위협에 대한 실시간 감시와 대응도 강화했다. 통합보안센터를 중심으로 모바일 악성 애플리케이션(앱), 웹 해킹 등 보안을 침해하는 시도에 대해 신속 대응하고, 자사... ",http://www.wsobi.com/news/articleView.html?idxno=300469,"Tue, 30 Dec 2025 16:52:00 +0900"
방송미디어통신위원회. '안전을 더하는 인공지능' 디지털윤리 비전 선포,"‘인터넷·통신 서비스 이용자 보호 유공 정부포상’에는 한국인터넷진흥원 안정은 팀장이 <b>불법스팸</b>으로부터 이용자를 보호하기 위해 관련 정책 수립을 지원하고, 민관 협력 및 지능형 차단 방안 등을 추진해 <b>불법스팸</b>... ",https://idsn.co.kr/news/view/1065592130040002,"Tue, 30 Dec 2025 16:22:00 +0900"
"“보이스피싱 30% 줄여”… 당정, 금융사 ‘무과실 배상’ 정책 논의","현재 보이스피싱 의심 정보 공유, 대포폰 관리 책임 강화, <b>불법 스팸</b> 과징금 부과 관련 법안 등은 법사위를 통과했으나 여야 정쟁으로 본회의 문턱을 넘지 못하고 있다. 민주당은 이 외에도 독립몰수제, 형벌감면제... ",https://n.news.naver.com/mnews/article/009/0005613938?sid=101,"Tue, 30 Dec 2025 15:45:00 +0900"
'2025 디지털 윤리대전' 대상에 동궁초 학생팀,"<b>불법스팸</b>으로부터 이용자를 보호하기 위해 관련 정책 수립을 지원하고, 민관 협력 및 지능형 차단 방안 등을 추진해 <b>불법스팸</b> 감축에 일조한 공로다. 이밖에 황용석 건국대 교수, 권은정 가천대 교수, 최재혁... ",https://n.news.naver.com/mnews/article/092/0002404265?sid=105,"Tue, 30 Dec 2025 15:33:00 +0900"
"〔소비자경제〕 KT 개인정보 유출 사태, '사과'로 끝낼 일 아니다","명백한 <b>불법</b>&quot;이라고 지적했다. 이로 인해 피해자들은 명의도용, 무단 소액결제, 2차 <b>스팸</b>·보이스피싱 위험에 노출됐다. 특히 무단 소액결제와 관련해 보안 전문가들은 &quot;기술적으로 도청 없이는 발생하기 어렵다.&quot;는... ",https://www.dailysportshankook.co.kr/news/articleView.html?idxno=421477,"Tue, 30 Dec 2025 14:44:00 +0900"
당정 “보이스피싱 대책 입법 속도”…무과실책임제 도입,이 밖에도 당정은 △보이스피싱 의심 정보 공유 △대포폰에 대한 이통사 관리 책임 부과 △ <b>불법 스팸</b> 발송 관련자 과징금 부과 △가상자산 피해 지급 정지 및 환급 조치 △발신번호 변작 중계기 국내 제조·유통 금지... ,https://www.viva100.com/article/20251230500590,"Tue, 30 Dec 2025 14:04:00 +0900"
"방미통위, '안전을 더하는 인공지능, 아름다운 디지털 세상' 비전 선포","인터넷·통신 서비스 이용자 보호 유공 정부포상에는 한국인터넷진흥원 안정은 팀장이 <b>불법스팸</b>으로부터 이용자를 보호하기 위해 관련 정책 수립을 지원하고, 민관 협력 및 지능형 차단 방안 등을 추진해 <b>불법스팸</b> 대폭... ",https://n.news.naver.com/mnews/article/014/0005455928?sid=105,"Tue, 30 Dec 2025 14:00:00 +0900"
"&quot;AI에도 안전 더해야&quot;…방미통위, 디지털윤리대전 개최","인터넷·통신 서비스 이용자 보호 유공 정부포상에는 한국인터넷진흥원 안정은 팀장이 <b>불법스팸</b>으로부터 이용자를 보호하기 위해 관련 정책 수립을 지원하고, 민관 협력 및 지능형 차단 방안 등을 추진해 <b>불법스팸</b> 대폭... ",https://n.news.naver.com/mnews/article/003/0013683664?sid=105,"Tue, 30 Dec 2025 14:00:00 +0900"
당정 &quot;보이스피싱 대책 입법 속도&quot;…'무과실 책임제' 추진,당정은 현재 ▲ 금융회사의 일정 한도 내 보이스피싱 피해액 보상 ▲ 보이스피싱 의심 정보 공유 ▲ 대포폰에 대한 이통사 관리책임 부과 ▲ <b>불법스팸</b> 발송 관련자 과징금 부과 ▲ 가상자산 피해 지급정지 및 환급 조치... ,https://n.news.naver.com/mnews/article/374/0000483382?sid=101,"Tue, 30 Dec 2025 13:59:00 +0900"
"당정, '보이스피싱 근절 종합대책' 추진상황 점검...보이스피싱 피해지...","보이스피싱 의심정보(통신ㆍ수사정보) 공유, 대포폰에 대한 이동통신사 관리책임 및 예방의무 부과, <b>불법스팸</b> 발송 관련자에 대한 과징금 부과 및 범죄수익 몰수... ",http://www.breaknews.com/1172857,"Tue, 30 Dec 2025 13:58:00 +0900"
당정 &quot;보이스피싱 대책 입법 속도&quot;…무과실 책임제 도입 추진,"보이스피싱 의심정보(통신·수사정보) 공유, 대포폰에 대한 이동통신사 관리책임 및 예방의무 부과, <b>불법스팸</b> 발송 관련자에 대한 과징금 부과 및 범죄수익 몰수 관련 법들은 법사위를 통과했다. 가상자산 피해에 대한... ",https://n.news.naver.com/mnews/article/092/0002404255?sid=105,"Tue, 30 Dec 2025 13:32:00 +0900"
"당·정, 보이스피싱 근절 방안 숙의…&quot;금융사 피해액 배상법 곧 현실화...","또 &quot;불법 개통 대리점 계약 해지 등을 위한 '정보통신사업법', <b>불법 스팸</b> 과징금 부과 및 추징을 위한 '정보통신망법', 관련 기관 간의 정보 공유 근거 마련과 인공지능(AI) 기반 보이스피싱 탐지 차단 체계 구축을 위한... ",https://www.financialpost.co.kr/news/articleView.html?idxno=242768,"Tue, 30 Dec 2025 13:32:00 +0900"
당정 &quot;보이스피싱 대책 입법 속도&quot;…'무과실 책임제' 도입 추진,"당정은 현재 금융회사의 일정 한도 내 보이스피싱 피해액 보상, 보이스피싱 의심 정보 공유, 대포폰에 대한 이통사 관리책임 부과, <b>불법스팸</b> 발송 관련자 과징금 부과, 가상자산 피해 지급정지 및 환급 조치, 발신번호... ",https://n.news.naver.com/mnews/article/374/0000483369?sid=101,"Tue, 30 Dec 2025 13:25:00 +0900"
"&quot;금융사 과실 없어도 책임&quot;…당정, 보이스피싱 대책 입법 속도전",당정은 △금융사의 일정 한도 내 보이스피싱 피해액 보상 △보이스피싱 의심정보 공유 △가상자산 지급정지 및 환급 조치 △대포폰에 대한 이동통신사 관리책임 부과 △<b>불법스팸</b> 발송 관련자 과징금 부과 △발신번호... ,https://n.news.naver.com/mnews/article/469/0000905991?sid=101,"Tue, 30 Dec 2025 13:20:00 +0900"
보이스피싱 피해 10월부터 감소…당정 &quot;입법·대책 속도전&quot;,"사기죄 법정형 상향과 범죄수익 환수를 강화하는 법 개정은 완료됐고, 보이스피싱 의심 정보 공유, 대포폰 관리 책임 강화, <b>불법 스팸</b> 과징금 부과 관련 법안도 국회 문턱을 넘었다. 가상자산을 활용한 보이스피싱... ",http://www.srtimes.kr/news/articleView.html?idxno=193179,"Tue, 30 Dec 2025 13:16:00 +0900"
"당정, 보이스피싱 ‘무과실 책임’ 도입 논의 본격화…금융사 책임 확대",당정은 현재 ▲금융회사의 일정 한도 내 보이스피싱 피해액 보상 ▲보이스피싱 의심 정보 공유 ▲대포폰에 대한 이동통신사 관리 책임 부과 ▲<b>불법 스팸</b> 발송 관련자 과징금 부과 ▲가상자산 피해 지급정지 및 환급... ,https://www.etoday.co.kr/news/view/2540858,"Tue, 30 Dec 2025 13:14:00 +0900"
"올 보이스피싱 2만건, 피해액 1조원 넘어","보이스피싱 의심 정보를 관계기관과 공유할 수 있는 법적 근거를 마련하고 대포폰에 대한 이통사의 관리 책임 강화, <b>불법 스팸</b> 발송자에 대한 과징금을 부과하는 법안들은 현재 법사위를 통과해 본회의에 올라와 있다.... ",https://www.naeil.com/news/read/572724?ref=naver,"Tue, 30 Dec 2025 13:08:00 +0900"
AI 도입 후 보이스피싱 감소세…“금융사 보상한도 1000만~5000만원”,"보이스피싱 의심정보 공유, 대포폰 관리책임 부과, <b>불법스팸</b> 과징금 관련 법안들은 법사위를 통과했다. 금융회사 피해액 보상 법안도 12월 23일 발의돼 입법이 진행 중이다. 일명 무과실 배상책임 제도다. 조인철... ",https://n.news.naver.com/mnews/article/030/0003385280?sid=101,"Tue, 30 Dec 2025 13:04:00 +0900"
보이스피싱 피해 10월부터 감소...당정 &quot;선제 대응으로 보이스피싱 범죄...,"보이스피싱 의심 정보 공유, 대포폰 관리 책임 강화, <b>불법 스팸</b> 관련 과징금 및 범죄수익 몰수 법안은 국회 법제사법위원회를 통과했다. 이와 함께 가상자산 피해에 대한 지급정지·환급 조치, 발신번호 변작 중계기... ",https://www.redian.org/news/articleView.html?idxno=255193,"Tue, 30 Dec 2025 12:10:00 +0900"
"당정, '무과실 책임제' 도입 비롯 '보이스피싱 대책 입법'에 속도","당정은 현재 금융회사의 일정 한도 내 보이스피싱 피해액 보상과 보이스피싱 의심 정보 공유, 대포폰에 대한 이통사 관리책임 부과, <b>불법스팸</b> 발송 관련자 과징금 부과, 발신번호 변작 중계기 국내 제조·유통 금지... ",https://www.goodkyung.com/news/articleView.html?idxno=279735,"Tue, 30 Dec 2025 12:04:00 +0900"
당정 “해외발 ‘010’ 보이스피싱 전화 차단…무과실 책임제 도입”,"또한 △정보통신사업법 개정안(불법 개통 대리점 계약 해지) △정보통신망법 개정안(<b>불법 스팸</b> 발송자에 과징금 부과 및 범죄수익 몰수·추징) △통신사기피해환급법(관계 기관 정보 공유 근거 마련, 인공지능 기반... ",https://n.news.naver.com/mnews/article/056/0012095372?sid=100,"Tue, 30 Dec 2025 12:00:00 +0900"
당정 &quot;보이스피싱 대책 입법 속도&quot;…'무과실 책임제' 도입 추진,당정은 현재 ▲금융회사의 일정 한도 내 보이스피싱 피해액 보상 ▲보이스피싱 의심 정보 공유 ▲대포폰에 대한 이통사 관리책임 부과 ▲<b>불법스팸</b> 발송 관련자 과징금 부과 ▲가상자산 피해 지급정지 및 환급 조치... ,http://www.chungnamilbo.co.kr/news/articleView.html?idxno=866636,"Tue, 30 Dec 2025 11:48:00 +0900"
보이스피싱 근절 대책 효과...10월 부터 피해지표 감소,"사기죄 처벌 강화와 범죄수익 환수 법안은 처리됐고, 보이스피싱 의심정보 공유, 대포폰 관리 책임 강화, <b>불법 스팸</b> 과징금 부과 법안 등은 법사위를 통과했다. 금융회사의 피해 보상 법안도 발의가 마무리됐다.... ",https://m.skyedaily.com/news_view.html?ID=294282,"Tue, 30 Dec 2025 11:40:00 +0900"
"보이스피싱 피해, 금융사 일부 책임…'무과실 배상책임제' 추진",당정은 이와 함께 ▵보이스피싱 의심정보(통신·수사정보) 공유 ▵대포폰에 대한 이동통신사 관리책임 및 예방의무 부과 ▵<b>불법스팸</b> 발송 관련자에 대한 과징금 부과 및 범죄수익 몰수 관련 법안도 추진 중이다. 한편... ,http://www.newsfc.co.kr/news/articleView.html?idxno=75887,"Tue, 30 Dec 2025 11:34:00 +0900"
"&quot;금융사, 보이스 피싱에 무과실 배상 한도 1000만~5000만원&quot;",이와 더불어 △보이스 피싱 의심 정보 공유 △대포폰에 대한 이동통신사 관리 책임 부과 △<b>불법 스팸</b> 발송자 과징금 부과 △가상자산 피해 지급 정지 및 환급 조치 △발신 번호 변작 중계기 국내 제조·유통 금지... ,https://n.news.naver.com/mnews/article/031/0000993008?sid=101,"Tue, 30 Dec 2025 11:29:00 +0900"
"당정, 보이스피싱 1조 피해 막는다…금융사 무과실 배상제 도입 속도","당정은 보이스피싱 의심정보 공유, 대포폰 이통사 관리·예방 의무, <b>불법스팸</b> 과징금·몰수, 발신번호 변작 중계기 금지 등을 법안화할 방침이다. 가상자산거래소에 의심거래 탐지·지급정지·환급 의무를 부여하고... ",https://www.raonnews.com/news/article.html?no=54546,"Tue, 30 Dec 2025 11:20:00 +0900"
"당정, 보이스피싱 '무과실 책임제' 도입 추진","사기죄 법정형 상향과 부패재산몰수법 개정은 이미 완료됐고 보이스피싱 의심정보 공유, 통신사 대포폰 방지 의무 강화, <b>불법스팸</b> 과징금 부과 등 관련 법안은 법사위를 통과했다. 또한 가상자산 피해 지급정지·환급... ",http://www.shinailbo.co.kr/news/articleView.html?idxno=2170689,"Tue, 30 Dec 2025 11:18:00 +0900"
당정 &quot;보이스피싱 대책 입법 속도&quot;… '무과실 책임제' 도입 추진,한편 당정은 ▲금융회사의 일정 한도 내 보이스피싱 피해액 보상 ▲보이스피싱 의심 정보 공유 ▲대포폰에 대한 이통사 관리책임 부과 ▲<b>불법스팸</b> 발송 관련자 과징금 부과 ▲가상자산 피해 지급정지 및 환급 조치... ,https://www.newscj.com/news/articleView.html?idxno=3357274,"Tue, 30 Dec 2025 11:18:00 +0900"
"당정, '보이스피싱 근절 종합대책' 추진상황 점검",부과 ▲<b>불법스팸</b> 발송 관련자에 대한 과징금 부과 및 범죄수익 몰수 관련 법들은 법사위를 통과한 상태다. ▲가상자산 피해에 대한 지급정지 및 환급 조치(12.17 정무위 통과) ▲발신번호 변작 중계기의 국내 제조·유통... ,http://www.intn.co.kr/news/articleView.html?idxno=2048165,"Tue, 30 Dec 2025 11:14:00 +0900"
"당정, 보이스피싱 예방 위해 금융회사 ‘무과실 배상 책임제’ 도입",이외에도 ▲불법 개통 대리점 계약 해지 등을 위한 전기통신사업법 ▲<b>불법 스팸</b> 발송자에 대한 과징금 부과 및 범죄수익 몰수 추징을 위한 정보통신망법 ▲관련 기관 간 정보 공유 근거 마련·AI 기반 보이스피싱 탐지... ,https://www.mediapen.com/news/view/1070249,"Tue, 30 Dec 2025 11:14:00 +0900"
당정 &quot;내년 보이스피싱 근절 원년 될 것&quot;…'무과실 책임제' 추진,당정은 △금융회사의 일정 한도 내 보이스피싱 피해액 보상 △보이스피싱 의심 정보 공유 △대포폰에 대한 이통사 관리책임 부과 △<b>불법스팸</b> 발송 관련자 과징금 부과 △가상자산 피해 지급정지 및 환급 조치... ,https://n.news.naver.com/mnews/article/586/0000119087?sid=100,"Tue, 30 Dec 2025 11:01:00 +0900"
당정 &quot;보이스피싱 대응 입법 속도&quot;…무과실 책임제 도입 추진,"당정은 금융회사의 일정 한도 내 피해액 보상, 보이스피싱 의심 정보 공유, 대포폰에 대한 이동통신사 관리 책임 부과, <b>불법 스팸</b> 발송 관련자 과징금 부과, 가상자산 피해 지급정지 및 환급 조치, 발신번호 변작 중계기... ",https://n.news.naver.com/mnews/article/025/0003493275?sid=100,"Tue, 30 Dec 2025 11:00:00 +0900"
보이스피싱 피해 증가세 꺾였다 &quot;8·28 대책 이후 지표 개선&quot;,"형법상 사기죄 법정형 상향과 범죄수익 환수를 강화한 부패재산몰수법 개정은 완료됐으며 통신·수사 의심정보 공유, 대포폰 관리 책임 강화, <b>불법 스팸</b> 과징금·범죄수익 몰수 관련 법안은 법사위를 통과했다.... ",https://www.ebn.co.kr/news/articleView.html?idxno=1693119,"Tue, 30 Dec 2025 10:58:00 +0900"
"당정 “기업 중대위법 과징금 대폭↑…경미사안, 과태료 전환”",당정은 △금융회사의 일정 한도 내 보이스피싱 피해액 보상 △보이스피싱 의심 정보 공유 △대포폰에 대한 이동통신사 관리책임 부과 △<b>불법스팸</b> 발송 관련자 과징금 부과 △가상자산 피해 지급정지 및 환급 조치... ,https://n.news.naver.com/mnews/article/029/0003002126?sid=100,"Tue, 30 Dec 2025 10:53:00 +0900"
"당정, 보이스피싱 근절 방안 논의…‘무과실 책임제’ 도입 추진",당정은 현재 △금융회사의 일정 한도 내 보이스피싱 피해액 보상 △보이스피싱 의심 정보 공유 △대포폰에 대한 이통사 관리책임 부과 △<b>불법스팸</b> 발송 관련자 과징금 부과 △가상자산 피해 지급정지 및 환급 조치... ,https://n.news.naver.com/mnews/article/009/0005613756?sid=100,"Tue, 30 Dec 2025 10:50:00 +0900"
"당정, 보이스피싱 '무과실 책임제' 도입 추진…금융사 보상 의무화 속도","당정은 현재 금융회사가 일정 한도 내에서 보이스피싱 피해액을 보상하도록 하는 방안을 비롯해 보이스피싱 의심 정보의 기관 간 공유, 대포폰에 대한 이동통신사의 관리 책임 부과, <b>불법 스팸</b> 발송 관련자 과징금 부과... ",https://www.jeonmae.co.kr/news/articleView.html?idxno=1216827,"Tue, 30 Dec 2025 10:34:00 +0900"
"당정, 보이스피싱 실효 입법 속도... '무과실 책임제' 도입 등 추진",이를 위해 당정은 ▲ 금융회사의 일정 한도 내 보이스피싱 피해액 보상 ▲ 보이스피싱 의심 정보 공유 ▲ 대포폰에 대한 이통사 관리책임 부과 ▲ <b>불법스팸</b> 발송 관련자 과징금 부과 ▲ 가상자산 피해 지급정지 및 환급... ,http://www.lawissue.co.kr/view.php?ud=202512301030475434b3279dfb36_12,"Tue, 30 Dec 2025 10:32:00 +0900"
"보이스피싱 1조 시대…당정, ‘금융사 무과실 배상책임제’ 추진","이날 회의에서는 보이스피싱 피해액을 금융사가 일정 한도 내에서 배상하는 ‘무과실 배상책임제도’ 도입을 비롯해, <b>불법 스팸</b> 과징금 부과 및 추징 근거를 마련하는 ‘정보통신망법’ 개정안 등이 주요 의제로... ",https://www.kukinews.com/article/view/kuk202512300023,"Tue, 30 Dec 2025 10:30:00 +0900"
보이스피싱 감소세 시작... 8.28 대책 통했나,보이스피싱 의심정보(통신수사정보) 공유 대포폰에 대한 이동통신사 관리책임 및 예방의무 부과 <b>불법스팸</b> 발송 관련자에 대한 과징금 부과 및 범죄수익 몰수 관련 법들은 법사위를 통과한 상태다. 가상자산 피해에... ,http://www.boannews.com/media/view.asp?idx=141229&kind=,"Tue, 30 Dec 2025 10:30:00 +0900"
"보이스피싱 피해, 하락세 전환…당정 &quot;8·28 대책 효과 확인&quot;","방송미디어통신위원회는 불법스패머 이동전화 신규가입 제한, 블랙리스트 차단, 이통3사·삼성전자 협업을 통한 AI 기반 <b>불법스팸</b> 걸러내기 강화에 나섰다. <b>불법스팸</b> 관련자에 대한 과징금 부과와 범죄수익 몰수... ",https://www.newsworks.co.kr/news/articleView.html?idxno=825093,"Tue, 30 Dec 2025 10:30:00 +0900"
당정 “보이스피싱 대책 입법 속도”… ‘무과실 책임제’ 도입 추진,당정은 현재 ▲ 금융회사의 일정 한도 내 보이스피싱 피해액 보상 ▲ 보이스피싱 의심 정보 공유 ▲ 대포폰에 대한 이통사 관리 책임 부과 ▲ <b>불법 스팸</b> 발송 관련자 과징금 부과 ▲ 가상 자산 피해 지급 정지 및 환급... ,https://n.news.naver.com/mnews/article/023/0003949888?sid=100,"Tue, 30 Dec 2025 10:29:00 +0900"
당정 &quot;보이스피싱 없는 대한민국&quot;…'무과실 책임제' 추진,당정은 이와 함께 ▵보이스피싱 의심정보(통신·수사정보) 공유 ▵대포폰에 대한 이동통신사 관리책임 및 예방의무 부과 ▵<b>불법스팸</b> 발송 관련자에 대한 과징금 부과 및 범죄수익 몰수 관련 법안도 추진 중이다. 한편... ,https://n.news.naver.com/mnews/article/079/0004100304?sid=101,"Tue, 30 Dec 2025 10:28:00 +0900"
"당정, 보이스피싱 척결 속도전…처벌수위 강화·피해 구제안 마련 집중","여기에 더해 보이스피싱 의심정보(통신·수사정보) 공유 및 대포폰에 대한 이동통신사 관리책임 및 예방의무 부과 법안과 <b>불법스팸</b> 발송 관련자에 대한 과징금 부과, 범죄수익 몰수 관련 법들은 국회 법제사법위원회를... ",https://n.news.naver.com/mnews/article/138/0002213914?sid=105,"Tue, 30 Dec 2025 10:27:00 +0900"
보이스피싱 대책 효과 가시화…10·11월 피해 건수 전년 대비 30% 감소,"형법상 사기죄 법정형 상향과 범죄수익 환수를 강화하는 부패재산몰수법 개정은 완료됐고 보이스피싱 의심 정보 공유와 대포폰 관리 책임 강화, <b>불법 스팸</b> 과징금 부과 관련 법안은 법사위를 통과했다. 가상자산... ",https://n.news.naver.com/mnews/article/031/0000992979?sid=105,"Tue, 30 Dec 2025 10:23:00 +0900"
"당정, 보이스피싱 '무과실 책임제' 속도…금융사 보상 의무화",당정은 현재 △금융회사의 일정 한도 내 보이스피싱 피해액 보상 △보이스피싱 의심 정보 공유 △대포폰에 대한 이통사 관리책임 부과 △<b>불법스팸</b> 발송 관련자 과징금 부과 △가상자산 피해 지급정지 및 환급 조치... ,https://www.jnilbo.com/news/articleView.html?idxno=90000018136,"Tue, 30 Dec 2025 10:23:00 +0900"
보이스피싱 피해 전년比 56.1% 증가한 1.1조…“10~11월 감소”,부과 ▲<b>불법스팸</b> 발송 관련자에 대한 과징금 부과 및 범죄수익 몰수 관련 법들은 법사위를 통과한 상태다. ▲가상자산 피해에 대한 지급정지 및 환급 조치(12.17 정무위 통과) ▲발신번호 변작 중계기의 국내 제조·유통... ,https://n.news.naver.com/mnews/article/123/0002374697?sid=101,"Tue, 30 Dec 2025 10:21:00 +0900"
與 “금융사 보이스피싱 무과실 배상 한도 1000만~5000만원”,"이외에도 보이스피싱 의심정보 공유, 대포폰에 대한 이동통신사 관리책임 및 예방의무 부과, <b>불법스팸</b> 발송 관련자에 대한 과징금 부과 및 범죄수익 몰수 관련 법이 법사위를 통과했다. 한정애 정책위의장은 “당정은... ",https://n.news.naver.com/mnews/article/366/0001133110?sid=100,"Tue, 30 Dec 2025 10:11:00 +0900"
"당정, 보이스피싱 피해 11월부터 감소… “AI 플랫폼·긴급차단 등 실효...","국민의 생활과 밀접한 <b>불법 스팸</b> 문제도 개선됐다. 방송미디어통신위원회에 따르면 올해 상반기 스팸 신고 건수는 3,193만 건으로 전년 동기 대비 85% 감소했고, 국민 1인당 월평균 수신량 역시 절반 수준으로 줄었다.... ",https://www.daily365.news/2025/12/30/%eb%8b%b9%ec%a0%95-%eb%b3%b4%ec%9d%b4%ec%8a%a4%ed%94%bc%ec%8b%b1-%ed%94%bc%ed%95%b4-11%ec%9b%94%eb%b6%80%ed%84%b0-%ea%b0%90%ec%86%8c-ai-%ed%94%8c%eb%9e%ab%ed%8f%bc%c2%b7%ea%b8%b4/,"Tue, 30 Dec 2025 10:08:00 +0900"
당정 &quot;보이스피싱 대책 입법 속도&quot;…'무과실 책임제' 도입 추진,당정은 현재 ▲ 금융회사의 일정 한도 내 보이스피싱 피해액 보상 ▲ 보이스피싱 의심 정보 공유 ▲ 대포폰에 대한 이통사 관리책임 부과 ▲ <b>불법스팸</b> 발송 관련자 과징금 부과 ▲ 가상자산 피해 지급정지 및 환급 조치... ,https://n.news.naver.com/mnews/article/001/0015819926?sid=100,"Tue, 30 Dec 2025 10:07:00 +0900"
與 &quot;금융사 보이스피싱 무과실 배상 한도 1000만~5000만원 결정될 듯&quot;,"한 정책위의장은 이어 &quot;불법 계통 대리점 계약 해지 등을 위한 전기통신사업법, <b>불법 스팸</b> 발송자에 대한 과징금 부과 및 범죄수익 몰수 추징을 위한 정보통신망법, 관련기관 간 정보 공유 근거 마련과 AI 기반... ",https://n.news.naver.com/mnews/article/011/0004572822?sid=100,"Tue, 30 Dec 2025 09:58:00 +0900"
보이스피싱 없는 안전한 대한민국…당정 &quot;금융사 피해액 배상법 발의&quot;,△보이스피싱 의심정보 공유 △대포폰에 대한 이동통신사 관리책임 및 예방 의무 부과 △<b>불법스팸</b> 발송 관련자에 대한 과징금 부과 및 범죄수익 몰수 관련 법안들은 국회 법제사법위원회를 통과한 상태다. △가상자산... ,https://n.news.naver.com/mnews/article/008/0005298181?sid=100,"Tue, 30 Dec 2025 09:53:00 +0900"
"당정 &quot;10~11월 보이스피싱 범죄 피해, 전년 대비 30% 감소&quot;","한 정책위의장은 보이스피싱 예방·처벌과 관련해 &quot;아직 본회의 문턱을 넘지 못한 법안들이 있다&quot;며 &quot;불법 개통 대리점의 계약 해지 등을 위한 정보통신사업법, <b>불법 스팸</b> 발송자에 대한 과징금 부과 및 범죄 수익 몰수... ",https://n.news.naver.com/mnews/article/629/0000457837?sid=100,"Tue, 30 Dec 2025 09:53:00 +0900"
정부 적극 나서자 보이스피싱 30% 줄어…당정 &quot;보이스피싱 뿌리 뽑는다...,"보이스피싱 의심정보 공유와 대포폰에 대한 이동통신사 관리책임 및 예방 의무 부과, <b>불법 스팸</b> 발송 관련자에 대한 과징금 부과 등 관련 법들은 국회 법사위를 통과한 상태다. 금융사의 보이스피싱 무과실 배상... ",https://n.news.naver.com/mnews/article/277/0005700051?sid=101,"Tue, 30 Dec 2025 09:38:00 +0900"
"당정, '보이스피싱' 근절 방안 논의…종합대책 추진상황 점검",이 밖에 ▲보이스피싱 의심정보(통신·수사정보) 공유 ▲대포폰에 대한 이동통신사 관리책임 및 예방의무 부과▲<b>불법스팸</b> 발송 관련자에 대한 과징금 부과 및 범죄수익 몰수 관련 법들은 법제사법위원회를 통과한... ,https://www.digitaltoday.co.kr/news/articleView.html?idxno=617006,"Tue, 30 Dec 2025 09:38:00 +0900"
"보이스피싱 피해, 금융사 일부 책임…민주당 ‘무과실 배상책임제’ 추...",보이스피싱 의심 정보를 관계기관이 공유할 수 있는 법적 근거를 마련하고 대포폰에 대한 이동통신사의 관리 책임을 강화하는 한편 <b>불법 스팸</b> 발송자에게 과징금을 부과하는 법안들은 현재 법제사법위원회를 통과해... ,https://n.news.naver.com/mnews/article/018/0006191818?sid=100,"Tue, 30 Dec 2025 09:21:00 +0900"
"당정, 보이스피싱 근절 방안 논의…&quot;금융사 피해액 배상법 발의&quot;","보이스피싱 피해액을 금융사가 일정 한도 내에서 배상하는 '무과실 배상 책임제도', <b>불법 스팸</b> 과징금 부과·추징을 위한 '정보통신망법' 개정 등이 논의 대상에 오른 가운데 당정은 추가 정책 협의를 이어가기로 했다.... ",https://n.news.naver.com/mnews/article/003/0013682738?sid=100,"Tue, 30 Dec 2025 09:18:00 +0900"
당정 &quot;26년 보이스피싱 피해 근절 원년 되도록 최선…10월부터 감소&quot;,"TF 위원장인 한 정책위의장은 &quot;아직 본회의 문턱을 넘지 못한 법안들이 있다&quot;며 &quot;불법 개통 대리점의 계약 해지 등을 위한 정보통신사업법, <b>불법 스팸</b> 발송자에 대한 과징금 부과 및 범죄 수익 몰수 추징을 위한... ",https://n.news.naver.com/mnews/article/421/0008685825?sid=100,"Tue, 30 Dec 2025 09:16:00 +0900"
"당정, 금융사 무과실 배상책임제 논의 본격화","보이스피싱 범죄 수익을 신속하게 환수할 수 있게 한 법적 근거 마련도 높이 평가했다. 보이스피싱에 활용되는 발신번호 변작 중계기와 대포폰, <b>불법스팸</b>문자 활용을 막기 위한 각종 규제 법안 추가 마련도 예고했다.",https://n.news.naver.com/mnews/article/014/0005455667?sid=100,"Tue, 30 Dec 2025 09:05:00 +0900"
당정 &quot;내년 보이스피싱 근절 노력&quot;… 사기죄 법정형 최대 20년,"그러면서 &quot;아직 본회의 문턱을 못 넘은 법안들도 있다&quot;면서 &quot;불법 계통 대리점 계약 해지 등을 위한 전기통신사업법, <b>불법 스팸</b> 발송자에 대한 과징금 부과 및 범죄수익 몰수 추징을 위한 정보통신망법, 관련기관 간 정보... ",https://n.news.naver.com/mnews/article/417/0001121933?sid=100,"Tue, 30 Dec 2025 09:02:00 +0900"
당정 &quot;보이스피싱 무과실 배상책임제 등 남은 법안 신속 처리&quot;,현재는 △보이스피싱 의심 정보를 관계기관 간 공유하는 법적 근거 마련 △대포폰 등 불법 개통에 대한 이동통신사의 관리 책임 강화 △<b>불법 스팸</b> 발송자에 대한 과징금 부과 및 범죄수익 몰수 추징을 위한... ,https://www.ajunews.com/view/20251230072456325,"Tue, 30 Dec 2025 08:34:00 +0900"
"당정, 보이스피싱 뿌리 뽑는다…&quot;금융회사가 피해액 배상, 법안 발의&quot;","한 정책위의장은 &quot;아직 본회의 문턱을 못 넘은 법안들도 있다&quot;며 &quot;불법 계통 대리점 계약 해지 등을 위한 전기통신사업법, <b>불법 스팸</b> 발송자에 대한 과징금 부과 및 범죄수익 몰수 추징을 위한 정보통신망법, 관련기관 간... ",https://n.news.naver.com/mnews/article/008/0005298118?sid=100,"Tue, 30 Dec 2025 08:26:00 +0900"
“발본색원하겠다”…김종철 방미통위원장이 <b>스팸</b>에 분노한 사연 [지금...,김종철 방송미디어통신위원장이 취임 이후 첫 현장 방문에서 '<b>불법 스팸</b> 문자'에 대한 강력 대응 의지를 밝혔습니다. 김 위원장은 29일 온라인피해365센터와 한국인터넷진흥원(KISA) 서울 분원을 찾아 운영 현황을... ,https://n.news.naver.com/mnews/article/056/0012095116?sid=121,"Tue, 30 Dec 2025 06:03:00 +0900"
김종철 방미통위 위원장 “<b>스팸</b>문자 대응처럼 무관용 원칙으로”,김종철 방송미디어통신위원회 위원장이 “스팸문자 대응처럼 무관용 원칙으로 가야 한다”며 <b>불법스팸</b>과 온라인 피해 대응 강화를 주문했다. 김 위원장은 어제(29일)온라인피해365센터와 한국인터넷진흥원(KISA)... ,https://n.news.naver.com/mnews/article/018/0006191617?sid=105,"Tue, 30 Dec 2025 05:44:00 +0900"
"이통 3사, 연말연시 통화·트래픽 폭증 대비 네트워크 집중 관리","아울러 SK텔레콤은 연말 분위기를 악용한 <b>불법스팸</b>, 해킹 등 보안 위협에 대한 실시간 감시와 대응을 한층 강화했다. 통합보안센터를 중심으로 모바일 악성 앱, 웹 해킹 등 보안을 침해하는 시도에 대해 신속하게... ",http://www.sisafocus.co.kr/news/articleView.html?idxno=352707,"Mon, 29 Dec 2025 22:54:00 +0900"
쿠팡의 오만한 '셀프 조사'와 '5만원 보상',"개인의 이름, 주소, 연락처, 구매 내역 등 민감한 개인정보는 한번 유출되면 <b>불법 스팸</b>, 보이스피싱 등 2차 피해로 이어질 가능성이 무궁무진하다. 평생을 따라다닐 수 있는 유출 사고의 잠재적 위험을 고작 푼돈 수준의... ",https://www.ccdailynews.com/news/articleView.html?idxno=2388771,"Mon, 29 Dec 2025 22:20:00 +0900"
"김종철 방미통위원장, 첫 현장 행보… &quot;<b>스팸</b>문자, 발본색원해야&quot;",김 위원장은 29일 사이버금융범죄와 <b>불법스팸</b> 등으로부터 이용자를 보호하고 안전한 온라인서비스 이용 환경 조성을 지원하는 온라인피해365센터와 한국인터넷진흥원(KISA 서울분원)을 방문해 운영 현황을 점검하고 현장... ,https://www.newscj.com/news/articleView.html?idxno=3357063,"Mon, 29 Dec 2025 19:16:00 +0900"
김종철 방미통위원장 “<b>스팸</b> 문제 반드시 해결해야 할 문제”,"온라인피해365센터는 지난 4년간 사이버 금융 범죄, <b>불법스팸</b> 등 다양한 온라인 피해 상담을 1만여 건 이상 진행한 바 있다. 김 위원장은 피해지원 사례를 듣고, 상담원들과 간담회를 통해 지원 방안을 논의했다. 이어... ",https://n.news.naver.com/mnews/article/366/0001133010?sid=105,"Mon, 29 Dec 2025 18:24:00 +0900"
김종철 방미통위원장 &quot;온라인 피해 근절에 역량 집중&quot;,"지난 2022년 개소한 온라인피해365센터는 사이버 금융 범죄와 <b>불법 스팸</b>, 각종 서비스 이용 관련 피해 등과 관련해 지난 4년간 1만건이 넘는 상담을 처리하며 이용자 보호의 핵심 역할을 수행해 왔다. 김 위원장은 센터의... ",http://www.m-i.kr/news/articleView.html?idxno=1320196,"Mon, 29 Dec 2025 18:20:00 +0900"
김종철 방미통위원장 첫 현장 행보…&quot;<b>불법 스팸</b> 발본색원&quot;,"2022년 개소한 온라인피해365센터는 사이버 금융 범죄, <b>불법스팸</b>, 재화나 서비스 관련 피해 등에 대해 지난 4년간 1만여건 이상 온라인 피해 상담을 진행했습니다. 김 위원장은 센터의 주요 피해지원 사례를 듣고 피해지원... ",https://n.news.naver.com/mnews/article/374/0000483233?sid=101,"Mon, 29 Dec 2025 18:20:00 +0900"
[#통신 풍향계] KT 'AI윤리 교육' 확대·LGU+ '연말 네트워크 특별대책'·...,"◆방미통위, 온라인피해센터 방문…<b>불법스팸</b> 대응 점검 김종철 방송미디어통신위원장이 온라인피해365센터와 한국인터넷진흥원 서울분원을 방문해 운영 현황을 점검했다. 김 위원장의 19일 취임 이후 첫 현장 방문으로... ",https://www.newsworks.co.kr/news/articleView.html?idxno=825054,"Mon, 29 Dec 2025 18:14:00 +0900"
김종철 방미통위원장 첫 행보 '온라인피해365센터 방문',김 위원장은 &quot;급변하는 디지털·미디어 환경에서 복잡·다양한 사건·사고에 통합적으로 대응함으로써 온라인서비스 피해 및 <b>불법스팸</b> 등으로부터 국민을 보호해야 한다&quot;며 &quot;특히 최근 개인정보 유출사고가 계속해서... ,https://www.mediaus.co.kr/news/articleView.html?idxno=315660,"Mon, 29 Dec 2025 18:04:00 +0900"
<b>불법스팸</b> 현황 점검하는 김종철 방송미디어통신위원장,김종철 방송미디어통신위원장이 29일 한국인터넷진흥원 서울분원을 방문해 <b>불법스팸</b> 현황을 점검하고 있다. (사진=방송미디어통신위 제공) 2025.12.29 photo@newsis.com *재판매 및 DB 금지,https://n.news.naver.com/mnews/article/003/0013682166?sid=100,"Mon, 29 Dec 2025 17:52:00 +0900"
김종철 방미통위원장 첫 현장 행보…&quot;<b>불법 스팸</b> 발본색원해야&quot;(종합),첫 현장 방문으로 각종 사이버범죄와 <b>불법스팸</b> 등으로부터 국민 피해를 방지하는 기관을 찾았다. 김 위원장은 29일 사이버금융범죄와 <b>불법스팸</b> 등으로부터 이용자를 보호하고 안전한 온라인서비스 이용 환경 조성을... ,https://n.news.naver.com/mnews/article/003/0013682147?sid=105,"Mon, 29 Dec 2025 17:39:00 +0900"
김종철 방미통위원장 취임 후 첫 행보…&quot;<b>스팸</b> 문자 발본색원해야&quot;,"지난 2022년 개소한 온라인피해365센터는 사이버 금융 범죄, <b>불법스팸</b>, 재화나 서비스 관련 피해 등에 대해 지난 4년간 1만여 건 이상 온라인 피해 상담을 진행했습니다. 김 위원장은 센터의 주요 피해지원 사례를 듣고... ",https://n.news.naver.com/mnews/article/055/0001320057?sid=100,"Mon, 29 Dec 2025 17:35:00 +0900"
김종철 방미통위원장 &quot;<b>스팸</b> 문자 발본색원해야…피해 방지 노력&quot;,"2022년 개소한 온라인피해365센터는 사이버 금융 범죄, <b>불법스팸</b>, 재화나 서비스 관련 피해 등에 대해 지난 4년간 1만여건 이상 온라인 피해 상담을 진행했습니다. 김 위원장은 센터의 주요 피해지원 사례를 듣고 피해지원... ",https://n.news.naver.com/mnews/article/422/0000817058?sid=105,"Mon, 29 Dec 2025 17:34:00 +0900"
"김종철 방미통위원장, 한국인터넷진흥원 서울분원 방문",김종철 방송미디어통신위원장(오른쪽)이 29일 서울 송파구 한국인터넷진흥원 서울분원에서 이동통신사 등의 대형 해킹사고와 개인정보 유출 사고 등과 관련한 <b>불법스팸</b> 현황을 점검하고 있다. 2025.12.29... ,https://n.news.naver.com/mnews/article/001/0015819201?sid=102,"Mon, 29 Dec 2025 17:18:00 +0900"
"김종철 방미통위, 첫 행보 KISA·365센터 “이용자 피해 예방 최우선”",온라인피해365센터는 국민들이 온라인 서비스를 이용하며 겪는 사이버금융범죄 및 <b>불법스팸</b> 등 피해에 대한 상담을 지원하고 있다. 구체적으로 온라인피해365센터는 지난 2022년 개소해 피싱 및 스미싱 문제와 허위 후기... ,https://n.news.naver.com/mnews/article/138/0002213885?sid=105,"Mon, 29 Dec 2025 17:11:00 +0900"
"김종철 방미통위원장, 온라인 피해 대응 현장 점검",김 위원장은 온라인 서비스를 이용하며 겪는 피해에 대해 상담 도우미 역할을 하는 온라인 피해365센터와 <b>불법스팸</b>에 대응하는 KISA를 각각 찾았습니다. 김 위원장은 두 기관의 운영 현황을 살피고 상담원 등 관계자... ,http://www.newstomato.com/ReadNews.aspx?no=1286302&inflow=N,"Mon, 29 Dec 2025 17:10:00 +0900"
"김종철 방미통위원장 첫 현장 방문...&quot;개인정보 유출 사고, 빠른 대처 필...",김종철 방송미디어통신위원장은 29일 사이버금융범죄와 <b>불법스팸</b> 등으로부터 이용자를 보호하고 안전한 온라인서비스 이용 환경 조성을 지원하는 온라인피해365센터와 한국인터넷진흥원(KISA 서울분원)을 방문해 운영... ,https://n.news.naver.com/mnews/article/014/0005455440?sid=105,"Mon, 29 Dec 2025 17:09:00 +0900"
김종철 방미통위원장 &quot;<b>스팸</b> 문자 발본색원해야&quot;(종합),"2022년 개소한 온라인피해365센터는 사이버 금융 범죄, <b>불법스팸</b>, 재화나 서비스 관련 피해 등에 대해 지난 4년간 1만여건 이상 온라인 피해 상담을 진행했다. 김 위원장은 센터의 주요 피해지원 사례를 듣고 피해지원 기능... ",https://n.news.naver.com/mnews/article/001/0015819169?sid=102,"Mon, 29 Dec 2025 17:07:00 +0900"
김종철 방미통위원장 첫 현장 행보…온라인피해센터 방문,김 위원장은 29일 사이버금융범죄와 <b>불법스팸</b> 등으로부터 이용자를 보호하고 지원하는 온라인피해365센터와 한국인터넷진흥원(KISA 서울분원)을 방문해 운영 현황을 점검하고 현장 상담원들의 의견을 청취했다. 이번... ,https://n.news.naver.com/mnews/article/421/0008685082?sid=105,"Mon, 29 Dec 2025 17:06:00 +0900"
"김종철 방미통위원장, 취임 첫 현장행보...온라인 피해부터 살펴",김 위원장은 사이버금융범죄와 <b>불법스팸</b> 등으로부터 이용자를 보호하고 안전한 온라인서비스 이용 환경 조성을 지원하는 온라인피해365센터를 비롯해 한국인터넷진흥원(KISA) 서울분원을 찾아 운영 현황을 점검하고 현장... ,https://n.news.naver.com/mnews/article/092/0002404123?sid=105,"Mon, 29 Dec 2025 17:05:00 +0900"
김종철 방미통위원장 첫 현장 행보...온라인피해 구제 기관 방문,"2022년 개소한 온라인피해365센터는 피싱·스미싱 등 사이버 금융 범죄와 <b>불법스팸</b>, 상품 미지급이나 품질 불만 등의 재화·서비스 관련 피해, 초상권 침해와 허위 후기 작성 등의 권리침해 등에 대해 지난 4년간 1만여건... ",https://www.digitaltoday.co.kr/news/articleView.html?idxno=616881,"Mon, 29 Dec 2025 17:02:00 +0900"
"김종철 방미통위원장, 취임 후 첫 행보로 온라인 피해 대응 기관",김종철 방송미디어통신위원장은 취임 이후 첫 현장 방문으로 29일 사이버금융범죄와 <b>불법스팸</b> 등으로부터 이용자를 보호하고 안전한 온라인서비스 이용 환경 조성을 지원하는 온라인피해365센터와 한국인터넷진흥원(KISA... ,https://n.news.naver.com/mnews/article/030/0003385028?sid=105,"Mon, 29 Dec 2025 16:51:00 +0900"
"김종철 방미통위 위원장, 첫 현장 소통 행보 … 온라인 피해·<b>불법스팸</b>...",뉴데일리 김성현 기자 = 김종철 방송미디어통신위원회 위원장이 온라인 피해와 <b>불법스팸</b> 구제기관을 찾아 현장 소통 행보를 시작했다. 방송미디어통신위원회는 29일 김종철 위원장이 온라인피해365센터와... ,https://biz.newdaily.co.kr/site/data/html/2025/12/29/2025122900275.html,"Mon, 29 Dec 2025 16:48:00 +0900"
"김종철 방미통위원장, 첫 현장 방문…사이버 범죄·<b>스팸</b> 대응 기관","김종철 방송미디어통신위원장은 29일 <b>불법스팸</b>, 스미싱 등 온라인 서비스 피해 대응 기관을 방문해 개인정보 유출 피해 예방과 구제 지원에 노력을 기울이겠다고 밝혔다. 김 위원장은 이날 온라인피해365센터와... ",https://n.news.naver.com/mnews/article/277/0005699810?sid=105,"Mon, 29 Dec 2025 16:19:00 +0900"
김종철 방미통위원장 첫 현장 행보...'<b>스팸</b>-스미싱-해킹'에 방점,김종철 방송미디어통신위원장(오른쪽)이 29일 서울 온라인피해365센터를 방문해 사이버 금융범죄와 <b>불법스팸</b> 등으로부터 이용자를 보호하고 안전한 온라인서비스 환경 조성 등을 위한 주요 피해지원 사례 등 현장의... ,https://www.techm.kr/news/articleView.html?idxno=148128,"Mon, 29 Dec 2025 16:06:00 +0900"
"김종철 방미통위원장, 온라인피해365센터 찾아 &quot;사명감 가져달라&quot; 당부",방송·미디어·통신 이용 과정에서 발생할 수 있는 <b>불법 스팸</b> 피해 등으로부터 이용자를 보호하는 데 집중하겠다는 의중이 반영된 행보로 보입니다. 김 위원장은 후보자 때부터 안전한 디지털 이용 환경 조성을... ,https://n.news.naver.com/mnews/article/437/0000471009?sid=100,"Mon, 29 Dec 2025 16:06:00 +0900"
김종철 방미통위원장 첫 현장방문...이용자보호 강조,또 한국인터넷진흥원 서울분원을 찾아 올해 일어난 대형 해킹사고와 개인정보 유출사고 등 현황을 점검하고 사업자와의 <b>불법스팸</b> 대응 공조체계 등을 살폈습니다. 김 위원장은 급변하는 디지털·미디어 환경 속 복잡한... ,https://n.news.naver.com/mnews/article/052/0002293530?sid=101,"Mon, 29 Dec 2025 15:17:00 +0900"
"김종철 방미통위원장 “개인정보 유출사고, 신속 대처 중요”","이어 한국인터넷진흥원을 찾아, 올해 이동통신사 등의 대형 해킹 사고와 개인정보 유출 사고 등과 관련한 <b>불법 스팸</b> 현황을 점검하고, 이동통신사업자 3사와 삼성전자가 제공 중인 '인공지능 기반 <b>불법 스팸</b> 걸러내기... ",https://n.news.naver.com/mnews/article/056/0012094617?sid=105,"Mon, 29 Dec 2025 15:00:00 +0900"
김종철 방미통위원장 첫 현장 행보…온라인 피해 구제 기관 찾아,첫 현장 방문으로 각종 사이버범죄와 <b>불법스팸</b> 등으로부터 국민 피해를 방지하는 기관을 찾았다. 김 위원장은 29일 사이버금융범죄와 <b>불법스팸</b> 등으로부터 이용자를 보호하고 안전한 온라인서비스 이용 환경 조성을... ,https://n.news.naver.com/mnews/article/003/0013681595?sid=105,"Mon, 29 Dec 2025 15:00:00 +0900"
김종철 방미통위원장 &quot;온라인 서비스 피해 예방 강화&quot;,"2022년 개소한 온라인피해365센터는 사이버 금융 범죄, <b>불법스팸</b>, 재화나 서비스 관련 피해 등에 대해 지난 4년간 1만여건 이상 온라인 피해 상담을 진행했다. 김 위원장은 센터의 주요 피해지원 사례를 듣고 피해지원 기능... ",https://n.news.naver.com/mnews/article/001/0015818819?sid=102,"Mon, 29 Dec 2025 15:00:00 +0900"
"김종철 방미통위 위원장, 취임 후 첫 현장 행보… 온라인피해·<b>불법스팸</b>...",방송미디어통신위원회는 김종철 원장이 29일 사이버금융범죄와 <b>불법스팸</b> 등으로부터 이용자를 보호하고 안전한 온라인서비스 이용 환경 조성을 지원하는 온라인피해365센터와 한국인터넷진흥원(KISA 서울분원)을 방문해... ,https://n.news.naver.com/mnews/article/119/0003042308?sid=105,"Mon, 29 Dec 2025 15:00:00 +0900"
"[기고]불붙은 쿠팡 소송, 개인 고객 권리 어디까지","개인정보 유출을 이유로 한 손해배상 청구에서 피해자가 주장·입증해야 할 요소는 전통적인 <b>불법</b>행위 구조를... 유출 이후 증가한 <b>스팸</b> 문자나 피싱 시도, 금융기관이나 포털로부터 받은 보안 경고 안내, 비밀번호 변경이나... ",https://www.asiatime.co.kr/article/20251229500044,"Mon, 29 Dec 2025 14:00:00 +0900"
"“연말 통신량 폭증 대비” 통신3사, 24시간 모니터링·기지국 증설","SK텔레콤은 연말 분위기를 악용한 <b>불법스팸</b>·해킹 등 보안 위협에 대한 실시간 감시와 대응을 한층 강화한다. 통합보안센터를 중심으로 모바일 악성 애플리케이션(앱), 웹 해킹 등 보안을 침해하는 시도에 대해... ",https://n.news.naver.com/mnews/article/138/0002213810?sid=105,"Mon, 29 Dec 2025 10:40:00 +0900"
"北 공작원으로부터 비트코인 받고 軍 기밀 빼내려 한 코인 업체 대표, 징...",2016년 온라인 코인 커뮤니티에서 北 공작원 알게 돼 2018년에는 공작원 운영 <b>불법</b> 도박 사이트에서 <b>스팸</b> 보내 2021년 코인 업체 차려… 운영 자금 공작원이 줘 장교 출신 사촌동생 통해 현역 장교 포섭 북한... ,https://n.news.naver.com/mnews/article/366/0001132677?sid=102,"Sun, 28 Dec 2025 09:01:00 +0900"
KT알파 '기프티쇼' 상품권 무단 결제 사고...&quot;<b>불법</b>수집 계정 이용&quot;,"또, 이번 사고로 2차 피해 사례는 확인되지 않았지만 혹시 모를 <b>스팸</b> 문자와 보이스피싱 등 사기에 주의해달라고 당부했습니다. KT알파는 지난 15일 경찰과 한국인터넷진흥원, 개인정보보호위원회 등에 이번 사고를... ",https://n.news.naver.com/mnews/article/052/0002292242?sid=101,"Thu, 25 Dec 2025 23:04:00 +0900"
"박윤영 KT CEO 후보자, 해킹 대응 위한 TF 꾸렸다","KT는 지난 9월 <b>불법</b> 펨토셀을 이용한 무단 소액결제 사고에 이어, 계열사 KT(030200)알파에서 개인정보 유출이... 이용자에게는 <b>스팸</b> 문자·보이스피싱 주의와 비밀번호 변경을 권고했다. 한편 KT 내부의 인사·조직개편... ",https://n.news.naver.com/mnews/article/018/0006189840?sid=105,"Thu, 25 Dec 2025 21:08:00 +0900"
KT 이어 KT알파도 고객 개인정보 유출…계정 도용,지난 9월 <b>불법</b> 초소형 기지국(펨토셀)을 이용한 무단 소액결제 사고가 불거진 KT(030200)에 이어 계열사인... KT알파는 현재까지 유출된 정보로 인한 2차 피해 사례는 확인되지 않았으나 이용자들에게 <b>스팸</b> 문자나... ,https://n.news.naver.com/mnews/article/018/0006189823?sid=105,"Thu, 25 Dec 2025 18:20:00 +0900"
KT알파 '기프티쇼' 상품권 무단 결제 사고...&quot;<b>불법</b>수집 계정 이용&quot;,"또, 이번 사고로 2차 피해 사례는 확인되지 않았지만 혹시 모를 <b>스팸</b> 문자와 보이스피싱 등 사기에 주의해달라고 당부했습니다. KT알파는 지난 15일 경찰과 한국인터넷진흥원, 개인정보보호위원회 등에 이번 사고를... ",https://n.news.naver.com/mnews/article/052/0002292090?sid=101,"Thu, 25 Dec 2025 11:28:00 +0900"
"‘먹통 막아라’… 이통 3사, 통신서비스 관리 ‘총력’","전문가들은 연말 분위기를 악용한 <b>불법스팸</b>, 해킹 등 보안 위협에 대한 주의를 당부했다. 이동통신업계 관계자는 &quot;성탄절·크리스마스·선물 등 휴일을 악용하거나 새해 인사·택배를 사칭한 스미싱·피싱 문자에 각별히... ",https://www.asiatime.co.kr/article/20251224500197,"Thu, 25 Dec 2025 05:02:00 +0900"
"KT 개인정보 유출 논란, 종착역이 없다","실제 피해자들은 명의도용, 무단 소액결제, 2차 <b>스팸</b> 및 보이스피싱 위험에 노출됐다는 주장도 제기됐다.... 이로 인해 <b>불법</b> 펨토셀의 대량 제작과 장기간 운용이 가능했을 수 있다는 지적도 나온다.... ",https://www.dongponews.net/news/articleView.html?idxno=55348,"Wed, 24 Dec 2025 17:52:00 +0900"
"소비자단체 &quot;KT 개인정보 유출, 1인당 200만원 배상해야&quot;",2차 <b>스팸</b>과 보이스피싱 위험에 무방비로 노출됐다&quot;고 강조했다. 그러면서 &quot;KT는 모든 펨토셀에 동일한... 및 <b>불법</b> 펨토셀 사태에 대한 전면 재조사와 외부 독립 검증 등을 요구했다. 이와 함께 정부에는 해킹 은폐 시... ,https://www.1conomynews.co.kr/news/articleView.html?idxno=45892,"Wed, 24 Dec 2025 15:42:00 +0900"
"시민단체 &quot;KT 개인정보 유출 사태, '사과'로 끝낼 일 아냐&quot;","명백한 <b>불법</b> 행위&quot;라고 주장했다. 단체는 &quot;(해당 사건으로) 피해자들은 명의도용, 무단 소액결제, 2차 <b>스팸</b>과 보이스피싱 위험에 무방비로 노출됐다. KT 무단 소액결제 사고와 관련해 다수의 보안 전문가들은 기술적으로... ",https://www.newspost.kr/news/articleView.html?idxno=219769,"Wed, 24 Dec 2025 15:10:00 +0900"
"&quot;정확한 유출 경위·규모 확인 후 처분&quot; 개인정보위, 신한카드 가맹점 ...",등에게 <b>불법</b> 제공돼 카드 발급 영업에 활용됐다는 의혹이 제기됐다. 개인정보위는 이 신고를 토대로... 휴대전화번호는 그 자체로 <b>스팸</b>·스미싱·보이스피싱의 타깃팅 재료가 된다. 더구나 '신규 카드단말기 설치 가맹점... ,https://www.dailysecu.com/news/articleView.html?idxno=203753,"Wed, 24 Dec 2025 14:46:00 +0900"
chaeum Endocrinologist Expert Meeting,"원래는 국내에서 <b>불법</b>으로 규정되었으나, 코로나19 팬데믹 시기를 거치면서 편의성 중심으로... 예를 들어 CGM 데이터를 분석해 환자에게 알림을 보내도 결국 환자들은 이를 <b>스팸</b>으로 인식하고 반응하지 않았다. 결국... ",http://www.whosaeng.com/166838,"Wed, 24 Dec 2025 10:02:00 +0900"
국민 한숨 부른 탄핵·해킹 포비아…2025년 한국 경제 이 장면 10,유출 정보는 다크웹(Dark Web)에서 거래되며 보이스피싱·스미싱·대포폰·대포통장·<b>불법 스팸</b> 문자 등 2·3차 범죄로 확산하고 있다. KT에서는 불법 초소형 기지국을 활용한 무단 소액결제 사건까지 발생했다. 정부가... ,https://n.news.naver.com/mnews/article/024/0000102284?sid=102,"Tue, 23 Dec 2025 21:01:00 +0900"
"SK텔레콤, 성탄절 및 연말연시 맞아 통신 품질 특별관리 체계 가동","이와 함께 SK텔레콤은 연말 분위기를 악용한 <b>불법스팸</b>, 해킹 등 보안 위협에 대한 실시간 감시와 대응을 한층 강화했다. 통합보안센터를 중심으로 모바일 악성 앱, 웹 해킹 등 보안을 침해하는 시도에 대해 신속하게... ",http://www.bizwnews.com/news/articleView.html?idxno=119312,"Tue, 23 Dec 2025 15:54:00 +0900"
"“갑자기 카톡·전화 다 안 돼요”…해마다 먹통에 곤혹인 통신사, 이번...","연말 안부 인사와 선물 배송, 건강검진, 겨울 휴가, 할인 광고, 가족·지인 사칭 등 시기적 이슈를 악용한 <b>불법 스팸</b>·스미싱 위협에 대한 감시 수준도 강화했다. 통합보안센터를 중심으로 제공 중인 서비스에 대한 디도스... ",https://n.news.naver.com/mnews/article/009/0005610692?sid=101,"Tue, 23 Dec 2025 13:49:00 +0900"
"SKT, 성탄절·연말 통신 품질 특별 관리 체계 가동","아울러 SK텔레콤은 연말 분위기를 악용한 <b>불법스팸</b>, 해킹 등 보안 위협에 대한 실시간 감시와 대응을 한층 강화했다. 통합보안센터를 중심으로 모바일 악성 앱, 웹 해킹 등 보안을 침해하는 시도에 대해 신속하게... ",https://www.newspost.kr/news/articleView.html?idxno=219708,"Tue, 23 Dec 2025 08:58:00 +0900"
"SKT, 성탄절 및 연말연시 기간 안정적인 서비스 운용에 만전 계획","아울러 SK텔레콤은 연말 분위기를 악용한 <b>불법스팸</b>, 해킹 등 보안 위협에 대한 실시간 감시와 대응을 한층 강화했다. 통합보안센터를 중심으로 모바일 악성 앱, 웹 해킹 등 보안을 침해하는 시도에 대해 신속하게... ",https://www.e-science.co.kr/news/articleView.html?idxno=119762,"Mon, 22 Dec 2025 17:20:00 +0900"
"SK텔레콤, 성탄절·연말연시 통신 품질 특별 관리 체계 가동","아울러 SK텔레콤은 연말 분위기를 악용한 <b>불법스팸</b>, 해킹 등 보안 위협에 대한 실시간 감시와 대응을 한층 강화했다. 통합보안센터를 중심으로 모바일 악성 앱, 웹 해킹 등 보안을 침해하는 시도에 대해 대응하며... ",http://www.newswatch.kr/news/articleView.html?idxno=75673,"Mon, 22 Dec 2025 17:10:00 +0900"
"SKT, 성탄절·연말연시 대응 위한 통신 품질 특별 관리 체계 가동","아울러 SK텔레콤은 연말 분위기를 악용한 <b>불법스팸</b>, 해킹 등 보안 위협에 대한 실시간 감시와 대응을 한층 강화했다. 통합보안센터를 중심으로 모바일 악성 앱, 웹 해킹 등 보안을 침해하는 시도에 대해 신속하게... ",http://www.efnews.co.kr/news/articleView.html?idxno=126037,"Mon, 22 Dec 2025 16:18:00 +0900"
"SK텔레콤, 연말연시 대비 이동통신 품질 집중 관리","SK텔레콤은 연말 분위기를 악용한 <b>불법스팸</b>, 해킹 등 보안 위협에 대한 실시간 감시와 대응을 한층 강화했다. 통합보안센터를 중심으로 모바일 악성 앱, 웹 해킹 등 보안을 침해하는 시도에 대해 신속하게 대응하며... ",http://www.ftoday.co.kr/news/articleView.html?idxno=352402,"Mon, 22 Dec 2025 16:16:00 +0900"
"통신 3사, 크리스마스·연말 맞아 통신 품질 관리·특집관 운영·사회공...","동시에 연말 분위기를 악용한 <b>불법스팸</b>, 해킹 등 보안 위협에 대한 실시간 감시ㆍ대응을 한층 강화한다. 통합보안센터를 중심으로 모바일 악성 앱, 웹 해킹 등 보안을 침해하는 시도에 대해 신속하게 대응하며, 자사가... ",http://www.wsobi.com/news/articleView.html?idxno=299837,"Mon, 22 Dec 2025 16:06:00 +0900"
"SK텔레콤, 성탄절∙연말연시 통신 품질 특별 관리 체계 가동","SK텔레콤은 연말 분위기를 악용한 <b>불법 스팸</b>과 해킹 등 보안 위협에 대비해 통합보안센터를 중심으로 실시간 감시 체계를 가동하고, 모바일 악성 앱과 웹 해킹 시도, 디도스 공격 여부를 집중 모니터링한다. 복재원... ",http://www.kdfnews.com/news/articleView.html?idxno=173930,"Mon, 22 Dec 2025 16:02:00 +0900"
"SKT, 성탄절·연말연시 통신 품질 특별 관리 돌입","SK텔레콤은 연말 분위기를 악용한 <b>불법 스팸</b> 문자와 피싱, 해킹 시도가 증가할 가능성에 대비해 실시간 보안 감시 체계를 한층 고도화했다. 통합보안센터를 중심으로 모바일 악성 앱 유포, 웹 해킹 시도 등 각종 보안... ",https://www.todayeconomic.com/news/article.html?no=29180,"Mon, 22 Dec 2025 16:00:00 +0900"
"SKT, 성탄절 및 연말연시 통신 품질 특별 관리 체계 가동","아울러 SK텔레콤은 연말 분위기를 악용한 <b>불법스팸</b>, 해킹 등 보안 위협에 대한 실시간 감시와 대응을 한층 강화했다. 통합보안센터를 중심으로 모바일 악성 앱, 웹 해킹 등 보안을 침해하는 시도에 대해 신속하게... ",https://www.mediapen.com/news/view/1068516,"Mon, 22 Dec 2025 16:00:00 +0900"
"SKT, 연말연시 통신 품질 특별 관리 체계 가동","아울러 SK텔레콤은 연말 분위기를 악용한 <b>불법스팸</b>, 해킹 등 보안 위협에 대한 실시간 감시와 대응을 한층 강화했다. 통합보안센터를 중심으로 모바일 악성 앱, 웹 해킹 등 보안을 침해하는 시도에 대해 신속하게... ",https://www.lcnews.co.kr/news/articleView.html?idxno=119546,"Mon, 22 Dec 2025 15:40:00 +0900"
"SKT, 성탄절·연말연시 이동통신 품질 관리 돌입...24시간 모니터링 가동","아울러 SK텔레콤은 연말 분위기를 악용한 <b>불법스팸</b>, 해킹 등 보안 위협에 대한 실시간 감시와 대응을 한층 강화했다. 통합보안센터를 중심으로 모바일 악성 앱, 웹 해킹 등 보안을 침해하는 시도에 대해 신속하게... ",http://www.sisacast.kr/news/articleView.html?idxno=88658,"Mon, 22 Dec 2025 15:32:00 +0900"
"SK텔레콤, 연말연시 대비 통신 품질 특별 관리 체계 가동","아울러 SK텔레콤은 연말 분위기를 악용한 <b>불법스팸</b>, 해킹 등 보안 위협에 대한 실시간 감시와 대응을 한층 강화했다. 통합보안센터를 중심으로 모바일 악성 앱, 웹 해킹 등 보안을 침해하는 시도에 대해 신속하게... ",http://www.thefirstmedia.net/news/articleView.html?idxno=189550,"Mon, 22 Dec 2025 15:24:00 +0900"
"SKT, 성탄절 및 연말연시 통신 품질 특별 관리 체계 가동","아울러 SK텔레콤은 연말 분위기를 악용한 <b>불법스팸</b>, 해킹 등 보안 위협에 대한 실시간 감시와 대응을 한층 강화했다. 통합보안센터를 중심으로 모바일 악성 앱, 웹 해킹 등 보안을 침해하는 시도에 대해 신속하게... ",http://www.worktoday.co.kr/news/articleView.html?idxno=78976,"Mon, 22 Dec 2025 15:20:00 +0900"
"SKT, 성탄절 및 연말연시 통신 품질 특별 관리 체계 가동","아울러 SK텔레콤은 연말 분위기를 악용한 <b>불법스팸</b>, 해킹 등 보안 위협에 대한 실시간 감시와 대응을 한층 강화했다. 통합보안센터를 중심으로 모바일 악성 앱, 웹 해킹 등 보안을 침해하는 시도에 대해 신속하게... ",https://www.autodaily.co.kr/news/articleView.html?idxno=540161,"Mon, 22 Dec 2025 15:08:00 +0900"
"SKT, 연말연시 '통신 품질 특별 관리'…전국 1100곳 집중 모니터링","아울러 연말 분위기를 악용한 <b>불법 스팸</b>과 해킹 등 보안 위협에 대한 감시도 강화한다. 통합보안센터를 중심으로 모바일 악성 앱, 웹 해킹 등 보안 침해 시도에 신속히 대응하고, 자사 서비스에 대한 디도스(DDoS) 공격... ",https://www.onews.tv/news/articleView.html?idxno=268686,"Mon, 22 Dec 2025 15:00:00 +0900"
"SKT, 성탄절·연말연시 통신 품질 특별 관리 돌입","SK텔레콤은 연말 분위기를 악용한 <b>불법 스팸</b>과 해킹 시도에 대비해 통합보안센터를 중심으로 실시간 감시 체계를 가동하고 있다. 모바일 악성 앱과 웹 해킹, 디도스 공격 등 각종 보안 위협을 집중 모니터링하며 신속... ",https://www.socialvalue.kr/news/view/1065590252943962,"Mon, 22 Dec 2025 14:20:00 +0900"
"SKT, 성탄절 및 연말연시 '통신 품질 특별 관리 체계' 가동","아울러 SK텔레콤은 연말 분위기를 악용한 <b>불법스팸</b>, 해킹 등 보안 위협에 대한 실시간 감시와 대응을 한층 강화했다. 통합보안센터를 중심으로 모바일 악성 앱, 웹 해킹 등 보안을 침해하는 시도에 대해 신속하게... ",https://www.ziksir.com/news/articleView.html?idxno=117268,"Mon, 22 Dec 2025 14:16:00 +0900"
"SKT, 기지국 용량 증설로 연말 통신 대란 막는다",이와 함께 연말 분위기를 노린 <b>불법 스팸</b>과 해킹 등 보안 위협에 대비해 감시와 대응도 강화했다. 통합보안센터를 중심으로 악성 앱과 웹 해킹 시도를 실시간으로 점검하고 디도스 공격 여부도 집중 모니터링한다.... ,http://www.hansbiz.co.kr/news/articleView.html?idxno=802707,"Mon, 22 Dec 2025 14:14:00 +0900"
"SKT, 성탄절·연말연시 '통신 품질 특별 관리' 돌입","아울러 SKT는 연말 분위기를 악용한 <b>불법스팸</b>, 해킹 등 보안 위협에 대한 실시간 감시와 대응을 한층 강화했다. 통합보안센터를 중심으로 모바일 악성 앱,웹 해킹 등 보안을 침해하는 시도에 대해 신속하게 대응하며... ",https://www.job-post.co.kr/news/articleView.html?idxno=197867,"Mon, 22 Dec 2025 14:10:00 +0900"
"SK텔레콤, 연말연시 맞아 통신 품질 관리 나서","아울러 연말 분위기를 악용한 <b>불법 스팸</b>, 해킹 등 보안 위협에 대한 실시간 감시와 대응을 한층 강화했다. 통합보안센터를 중심으로 모바일 악성 앱, 웹 해킹 등 보안을 침해하는 시도에 대해 신속하게 대응하며 자사가... ",http://www.newscape.co.kr/news/articleView.html?idxno=118766,"Mon, 22 Dec 2025 14:08:00 +0900"
"SKT, 성탄절·연말 통신 품질 관리 강화...&quot;기지국 용량 증설&quot;","아울러 SK텔레콤은 연말 분위기를 악용한 <b>불법스팸</b>, 해킹 등 보안 위협에 대한 실시간 감시와 대응을 강화했다. 통합보안센터를 중심으로 모바일 악성 앱, 웹 해킹 등 보안을 침해하는 시도에 대해 신속하게 대응하며... ",https://www.pinpointnews.co.kr/news/articleView.html?idxno=409143,"Mon, 22 Dec 2025 14:06:00 +0900"
"&quot;연말연시 데이터 걱정 끝&quot; SKT, 24시간 이동통신 품질 특별 관리 돌입","아울러 SK텔레콤은 연말 분위기를 악용한 <b>불법 스팸</b>, 해킹 등 보안 위협에 대한 실시간 감시와 대응을 한층 강화했다. 통합보안센터를 중심으로 모바일 악성 앱, 웹 해킹 등 보안을 침해하는 시도에 대해 신속하게... ",https://www.financialpost.co.kr/news/articleView.html?idxno=242052,"Mon, 22 Dec 2025 13:58:00 +0900"
"SKT, 성탄·연말 '통신 비상체제' 가동…24시간 모니터링","연말 분위기를 노린 <b>불법 스팸</b>, 해킹, 디도스(DDoS) 공격 등 보안 위협에 대비해 통합보안센터를 중심으로 실시간 감시 체계를 가동한다. 복재원 SKT Network운용담당은 &quot;연말연시에도 고객들이 끊김 없는 통신 환경... ",http://www.newsian.co.kr/news/articleView.html?idxno=84457,"Mon, 22 Dec 2025 13:56:00 +0900"
"SKT, 성탄절 및 연말연시 통신 품질 특별 관리 체계 가동","아울러 SKT는 연말 분위기를 악용한 <b>불법스팸</b>, 해킹 등 보안 위협에 대한 실시간 감시와 대응을 한층 강화했다. 통합보안센터를 중심으로 모바일 악성 앱, 웹 해킹 등 보안을 침해하는 시도에 대해 신속하게 대응하며... ",http://www.srtimes.kr/news/articleView.html?idxno=192641,"Mon, 22 Dec 2025 13:52:00 +0900"
"SKT, 성탄절·연말연시 대비 통신 트래픽 급증 대응체계 가동",아울러 SK텔레콤은 연말 분위기를 악용한 <b>불법스팸</b>·해킹 등 보안 위협에 대한 실시간 감시와 대응을 한층 강화했다. 통합보안센터를 중심으로 모바일 악성 앱·웹 해킹 등 보안을 침해하는 시도에 대해 신속하게... ,https://www.ezyeconomy.com/news/articleView.html?idxno=228656,"Mon, 22 Dec 2025 13:38:00 +0900"
"SKT, 연말연시 통신 트래픽 급증 대비 24시간 모니터링","아울러 SK텔레콤은 연말 분위기를 악용한 <b>불법스팸</b>, 해킹 등 보안 위협에 대한 실시간 감시와 대응을 한층 강화했다. 통합보안센터를 중심으로 모바일 악성 앱, 웹 해킹 등 보안을 침해하는 시도에 대해 신속하게... ",https://n.news.naver.com/mnews/article/119/0003039938?sid=105,"Mon, 22 Dec 2025 13:23:00 +0900"
"SKT, 연말연시 통신 품질 특별 관리 체계 가동…&quot;900명 투입해 모니터링...","아울러 SK텔레콤은 연말 분위기를 악용한 <b>불법스팸</b>, 해킹 등 보안 위협에 대한 실시간 감시와 대응을 강화했다. 통합보안센터를 중심으로 모바일 악성 앱, 웹 해킹 등 보안을 침해하는 시도에 대해 신속하게 대응하며... ",https://www.thepublic.kr/news/articleView.html?idxno=288187,"Mon, 22 Dec 2025 13:08:00 +0900"
"SK텔레콤, 성탄절 및 연말연시 통신품질 특별 관리","아울러 연말 분위기를 악용한 <b>불법스팸</b>, 해킹 등 보안 위협에 대한 실시간 감시와 대응을 강화했다. SK텔레콤은 고객이 평안하고 행복한 일상에서 연말과 새해를 맞을 수 있도록 안정적인 서비스 운용에 만전을 기할... ",http://www.cctimes.kr/news/articleView.html?idxno=882996,"Mon, 22 Dec 2025 13:04:00 +0900"
"SKT, 성탄절·연말연시 통신 품질 특별 관리 체계 가동","연말 분위기를 악용한 <b>불법스팸</b>, 해킹 등 보안 위협에 대비해 통합보안센터 중심의 실시간 감시와 대응도 강화한다. 복재원 SK텔레콤 Network 운용담당은 “고객들이 평안하고 행복한 일상 속에서 연말을 보내고... ",https://www.nspna.com/news/?mode=view&newsid=794051,"Mon, 22 Dec 2025 12:08:00 +0900"
"SKT, 연말연시 통신 품질 특별관리 돌입","연말 분위기를 악용한 <b>불법스팸</b>·해킹 등 보안위협에 대한 실시간 감시와 대응도 한층 강화했다. 통합보안센터를 중심으로 모바일 악성 앱, 웹 해킹 등 보안을 침해하는 시도에 대해 신속하게 대응하며 자사가... ",https://www.itbiznews.com/news/articleView.html?idxno=191142,"Mon, 22 Dec 2025 12:00:00 +0900"
"SKT, 성탄절 및 연말연시 맞아 통신 트래픽 증가 대비 '이동통신 품질 집...","아울러 SK텔레콤은 연말 분위기를 악용한 <b>불법스팸</b>, 해킹 등 보안 위협에 대한 실시간 감시와 대응을 한층 강화했다. 통합보안센터를 중심으로 모바일 악성 앱, 웹 해킹 등 보안을 침해하는 시도에 대해 신속하게... ",https://www.nextdaily.co.kr/news/articleView.html?idxno=245689,"Mon, 22 Dec 2025 11:40:00 +0900"
"SKT-KT, 성탄절·연말연시 대비 네트워크 집중 관리","아울러 SK텔레콤은 연말 분위기를 악용한 <b>불법스팸</b>, 해킹 등 보안 위협에 대한 실시간 감시와 대응을 한층 강화했다. 통합보안센터를 중심으로 모바일 악성 앱, 웹 해킹 등 보안을 침해하는 시도에 대해 신속하게... ",https://www.getnews.co.kr/news/articleView.html?idxno=854427,"Mon, 22 Dec 2025 11:30:00 +0900"
"[위클리오늘] SKT, 성탄절 및 연말연시 통신 품질 특별 관리 체계 가동","아울러 연말 분위기를 악용한 <b>불법스팸</b>, 해킹 등 보안 위협에 대한 실시간 감시와 대응을 한층 강화했다. 통합보안센터를 중심으로 모바일 악성 앱, 웹 해킹 등 보안을 침해하는 시도에 대해 신속하게 대응하며 자사가... ",http://www.weeklytoday.com/news/articleView.html?idxno=747015,"Mon, 22 Dec 2025 11:26:00 +0900"
"SKT, 성탄절·연말연시 통신 품질 특별관리 체계 가동","아울러 SK텔레콤은 연말 분위기를 악용한 <b>불법스팸</b>, 해킹 등 보안 위협에 대한 실시간 감시와 대응을 한층 강화했다. 통합보안센터를 중심으로 모바일 악성 앱, 웹 해킹 등 보안을 침해하는 시도에 대해 신속하게... ",http://www.wsobi.com/news/articleView.html?idxno=299797,"Mon, 22 Dec 2025 11:14:00 +0900"
"SKT, 성탄절·연말연시 통신 품질 특별관리체계 가동","아울러 SK텔레콤은 연말 분위기를 악용한 <b>불법스팸</b>, 해킹 등 보안 위협에 대한 실시간 감시와 대응을 한층 강화했다. 통합보안센터를 중심으로 모바일 악성 앱, 웹 해킹 등 보안을 침해하는 시도에 대해 신속하게... ",https://www.thefairnews.co.kr/news/articleView.html?idxno=64176,"Mon, 22 Dec 2025 11:12:00 +0900"
"SKT, 성탄절·연말연시 맞아 기지국 용량 증설·24시 모니터링","SK텔레콤은 연말 분위기를 악용한 <b>불법스팸</b>, 해킹 등 보안 위협에 대한 실시간 감시와 대응을 한층 강화했다. 통합보안센터를 중심으로 모바일 악성 앱, 웹 해킹 등 보안을 침해하는 시도에 대해 신속하게 대응할... ",https://n.news.naver.com/mnews/article/108/0003394010?sid=004,"Mon, 22 Dec 2025 11:10:00 +0900"
"SK텔레콤, 연말연시 통신 품질 특별 관리 체계 가동","SK텔레콤은 연말 분위기를 악용한 <b>불법스팸</b>, 해킹 등 보안 위협에 대한 실시간 감시와 대응을 한층 강화했다. 통합보안센터를 중심으로 모바일 악성 앱, 웹 해킹 등 보안을 침해하는 시도에 대해 신속하게 대응하며... ",https://n.news.naver.com/mnews/article/076/0004358094?sid=101,"Mon, 22 Dec 2025 11:07:00 +0900"
"SKT, 성탄절 및 연말연시 통신 품질 특별 관리 체계 가동","아울러 연말 분위기를 악용한 <b>불법스팸</b>, 해킹 등 보안 위협에 대한 실시간 감시와 대응도 한층 강화해  보안을 침해하는 시도에 대해 신속하게 대응하며, 자사가 제공하는 서비스에 대한 디도스 공격 여부를 집중... ",https://www.redian.org/news/articleView.html?idxno=255116,"Mon, 22 Dec 2025 11:02:00 +0900"
"SKT, 연말연시 통신품질 특별관리 가동","아울러 SK텔레콤은 연말 분위기를 악용한 <b>불법스팸</b>, 해킹 등 보안 위협에 대한 실시간 감시와 대응을 한층 강화했다. 통합보안센터를 중심으로 모바일 악성 앱, 웹 해킹 등 보안을 침해하는 시도에 대해 신속하게... ",https://www.smarttoday.co.kr/ko-kr/articles/99537,"Mon, 22 Dec 2025 11:02:00 +0900"
"SKT, 성탄절 및 연말연시 통신 품질 특별 관리 체계 가동","아울러 SK텔레콤은 연말 분위기를 악용한 <b>불법스팸</b>, 해킹 등 보안 위협에 대한 실시간 감시와 대응을 한층 강화했다. 통합보안센터를 중심으로 모바일 악성 앱, 웹 해킹 등 보안을 침해하는 시도에 대해 신속하게... ",https://www.pressman.kr/news/articleView.html?idxno=97672,"Mon, 22 Dec 2025 11:02:00 +0900"
"SKT, 성탄절·연말연시 통신 품질 특별 관리 돌입",아울러 연말 분위기를 악용한 <b>불법스팸</b>·해킹 등 보안 위협에 대한 실시간 감시와 대응을 한층 강화했습니다. 통합보안센터를 중심으로 모바일 악성 앱·웹 해킹 등 보안을 침해하는 시도에 대해 신속하게 대응하며... ,https://www.inthenews.co.kr/news/article.html?no=81046,"Mon, 22 Dec 2025 10:58:00 +0900"
"SKT, 성탄절 및 연말연시 통신 품질 특별 관리 체계 가동","아울러 SK텔레콤은 연말 분위기를 악용한 <b>불법스팸</b>, 해킹 등 보안 위협에 대한 실시간 감시와 대응을 한층 강화했다. 통합보안센터를 중심으로 모바일 악성 앱, 웹 해킹 등 보안을 침해하는 시도에 대해 신속하게... ",https://www.delighti.co.kr/news/articleView.html?idxno=108283,"Mon, 22 Dec 2025 10:56:00 +0900"
"SKT, 연말연시 통신 품질 특별 관리 체계 가동","이와 함께 연말 분위기를 악용한 <b>불법 스팸</b>과 해킹 등 보안 위협에 대한 대응도 강화했다. 통합보안센터를 중심으로 모바일 악성 앱과 웹 해킹 시도를 실시간 감시하고, 자사 서비스에 대한 디도스 공격 여부도... ",https://www.koreaittimes.com/news/articleView.html?idxno=149201,"Mon, 22 Dec 2025 10:52:00 +0900"
"SKT, 연말·새해 기간 대비 통신 품질 강화","SK텔레콤은 연말 분위기를 악용한 <b>불법스팸</b>, 해킹 등 보안 위협에 대한 실시간 감시와 대응을 한층 강화했다. 통합보안센터를 중심으로 모바일 악성 앱, 웹 해킹 등 보안을 침해하는 시도에 대해 신속하게 대응할... ",https://n.news.naver.com/mnews/article/092/0002403310?sid=105,"Mon, 22 Dec 2025 10:48:00 +0900"
"SK텔레콤, 성탄절·연말연시 '특별 관리 체계' 가동","SK텔레콤은 연말 분위기를 악용한 <b>불법 스팸</b>과 해킹 시도에 대비해 통합보안센터를 중심으로 실시간 감시 체계를 가동한다. 모바일 악성 앱, 웹 해킹, 디도스(DDoS) 공격 여부 등을 집중 모니터링하며 이상 징후 발생 시... ",http://www.finomy.com/news/articleView.html?idxno=246037,"Mon, 22 Dec 2025 10:46:00 +0900"
"SKT, 성탄절·연말연시 맞아 통신품질 특별관리체계 가동","아울러 SK텔레콤은 연말 분위기를 악용한 <b>불법스팸</b>, 해킹 등 보안 위협에 대한 실시간 감시와 대응을 한층 강화했다. 통합보안센터를 중심으로 모바일 악성 앱, 웹 해킹 등 보안을 침해하는 시도에 대해 신속하게... ",https://n.news.naver.com/mnews/article/030/0003382949?sid=105,"Mon, 22 Dec 2025 10:46:00 +0900"
"SKT, 성탄절 및 연말연시 통신 품질 특별 관리 체계 가동","아울러 SK텔레콤은 연말 분위기를 악용한 <b>불법스팸</b>, 해킹 등 보안 위협에 대한 실시간 감시와 대응을 한층 강화했다. 통합보안센터를 중심으로 모바일 악성 앱, 웹 해킹 등 보안을 침해하는 시도에 대해 신속하게... ",https://www.bizwork.co.kr/news/articleView.html?idxno=410612,"Mon, 22 Dec 2025 10:46:00 +0900"
"SKT, 성탄절·연말연시 통신 품질 특별 관리 체계 가동","아울러 SKT는 연말 분위기를 악용한 <b>불법스팸</b>, 해킹 등 보안 위협에 대한 실시간 감시와 대응을 한층 강화했다. 통합보안센터를 중심으로 모바일 악성 앱, 웹 해킹 등 보안을 침해하는 시도에 대해 신속하게 대응하며... ",https://www.youthdaily.co.kr/news/article.html?no=206935,"Mon, 22 Dec 2025 10:42:00 +0900"
"SK텔레콤, 성탄절·연말연시 통신 품질 특별 관리 체계 가동","아울러 SK텔레콤은 연말 분위기를 악용한 <b>불법스팸</b>, 해킹 등 보안 위협에 대한 실시간 감시와 대응을 한층 강화했다. 통합보안센터를 중심으로 모바일 악성 앱, 웹 해킹 등 보안을 침해하는 시도에 대해 신속하게... ",https://www.cnbnews.com/news/article.html?no=769008,"Mon, 22 Dec 2025 10:42:00 +0900"
SKT 성탄절·연말연시 통신 품질 특별 관리,아울러 SKT는 연말 분위기를 악용한 <b>불법 스팸</b>과 해킹 등 보안 위협에 대한 실시간 감시와 대응을 한층 강화했다. 통합 보안 센터를 중심으로 모바일 악성 앱과 웹 해킹 등 보안을 침해하는 시도에 대해 신속하게... ,https://m.skyedaily.com/news_view.html?ID=293735,"Mon, 22 Dec 2025 10:42:00 +0900"
"SK텔레콤, 크리스마스·신년 맞이 통신망 특별 관리","또한 SK텔레콤은 연말을 틈탄 <b>불법 스팸</b>과 해킹 등 보안 위협에 대한 감시를 강화했다. 통합보안센터를 중심으로 모바일 악성 앱, 웹 해킹, 디도스 공격 등 보안 침해 시도를 실시간으로 모니터링하고 신속히 대응하고... ",http://www.whitepaper.co.kr/news/articleView.html?idxno=256043,"Mon, 22 Dec 2025 10:40:00 +0900"
"SKT, 연말연시 이동통신 품질 집중 관리…트래픽 증가 대비해 기지국 용...","아울러 SK텔레콤은 연말 분위기를 악용한 <b>불법 스팸</b>, 해킹 등 보안 위협에 대한 실시간 감시와 대응을 한층 강화했다. 통합보안센터를 중심으로 모바일 악성 앱, 웹 해킹 등 보안을 침해하는 시도에 대해 신속하게... ",https://n.news.naver.com/mnews/article/029/0003000793?sid=105,"Mon, 22 Dec 2025 10:38:00 +0900"
"SKT, 성탄절연·말연시 통신 품질 특별 관리 체계 가동","아울러 SK텔레콤은 연말 분위기를 악용한 <b>불법스팸</b>, 해킹 등 보안 위협에 대한 실시간 감시와 대응을 한층 강화했다. 통합보안센터를 중심으로 모바일 악성 앱, 웹 해킹 등 보안을 침해하는 시도에 대해 신속하게... ",https://www.koit.co.kr/news/articleView.html?idxno=204444,"Mon, 22 Dec 2025 10:26:00 +0900"
"SKT, 성탄절·연말연시 통신품질 집중 관리","아울러 SKT는 연말 분위기를 악용한 <b>불법스팸</b>, 해킹 등 보안 위협에 대한 실시간 감시하고 대응책을 강화했다. 이에 따라 통합보안센터를 중심으로 모바일 악성 앱, 웹 해킹 등 보안을 침해하는 시도에 신속하게... ",https://www.news2day.co.kr/article/20251222500094,"Mon, 22 Dec 2025 10:22:00 +0900"
"SK텔레콤, 성탄절·연말연시 통신 품질 특별 관리 체계 가동","SK텔레콤은 연말 분위기를 악용한 <b>불법 스팸</b>, 해킹 등 보안 위협에 대비해 통합보안센터를 중심으로 모바일 악성 앱, 웹 해킹 시도, 디도스(DDoS) 공격 여부를 실시간으로 감시하고 있다. 복재원 SK텔레콤 네트워크... ",https://www.fetv.co.kr/news/article.html?no=208325,"Mon, 22 Dec 2025 10:18:00 +0900"
"SK텔레콤, 연말연시 맞아 통신 품질 특별 관리 체계 가동","아울러 연말 분위기를 악용한 <b>불법스팸</b>, 해킹 등 보안 위협에 대한 실시간 감시와 대응을 한층 강화했다. 통합보안센터를 중심으로 모바일 악성 앱, 웹 해킹 등 보안을 침해하는 시도에 대해 신속하게 대응하며... ",http://www.m-i.kr/news/articleView.html?idxno=1317757,"Mon, 22 Dec 2025 10:16:00 +0900"
"SK텔레콤, 연말연시 통신 트래픽 증가 대비 품질 집중 관리","이와 함께 연말 분위기를 악용한 <b>불법 스팸</b>과 해킹 등 보안 위협에 대비해 통합보안센터를 중심으로 실시간 감시와 대응을 강화했다. 모바일 악성 앱, 웹 해킹 시도와 디도스 공격 여부를 집중 모니터링한다.... ",http://www.metroseoul.co.kr/article/20251222500186,"Mon, 22 Dec 2025 10:10:00 +0900"
"SKT, 성탄절·연말연시 ‘통신 품질 특별 관리 체계’ 가동","아울러 SK텔레콤은 연말 분위기를 악용한 <b>불법스팸</b>, 해킹 등 보안 위협에 대한 실시간 감시와 대응을 한층 강화했다. 통합보안센터를 중심으로 모바일 악성 앱, 웹 해킹 등 보안을 침해하는 시도에 대해 신속하게... ",https://www.ceoscoredaily.com/page/view/2025122210082420303,"Mon, 22 Dec 2025 10:10:00 +0900"
"SK텔레콤, 연말연시 통신 품질 24시간 관리 착수","아울러 SK텔레콤은 연말 분위기를 악용한 <b>불법 스팸</b>과 해킹 등 보안 위협에 대한 실시간 감시와 대응을 강화했다. 통합보안센터를 중심으로 모바일 악성 앱, 웹 해킹 등 보안을 침해하는 시도에 신속히 대응하며 자사... ",http://www.ttlnews.com/news/articleView.html?idxno=3062744,"Mon, 22 Dec 2025 10:06:00 +0900"
"SK텔레콤 성탄절 연말연시 통신품질 특별관리체계 가동, 24시간 모니터링","SK텔레콤은 연말 분위기를 악용한 <b>불법스팸</b>, 해킹 등 보안 위협에 대한 실시간 감시와 대응을 한층 강화했다. 통합보안센터를 중심으로 모바일 악성 앱, 웹 해킹 등 보안을 침해하는 시도에 대해 신속하게 대응하며... ",https://www.businesspost.co.kr/BP?command=article_view&num=424384,"Mon, 22 Dec 2025 10:06:00 +0900"
"SKT, 성탄절·연말연시 통신 트래픽 대비 집중 관리 돌입","아울러 연말 분위기를 악용한 <b>불법스팸</b>, 해킹 등 보안 위협에 대응하기 위해 통합보안센터를 중심으로 실시간 감시 체계를 한층 강화했다. 모바일 악성 앱, 웹 해킹 등 보안 침해 시도에 대한 신속한 대응과 함께... ",https://www.ngetnews.com/news/articleView.html?idxno=543931,"Mon, 22 Dec 2025 10:02:00 +0900"
"SKT, 성탄절 및 연말연시 통신 품질 특별 관리 체계 가동","아울러 SK텔레콤은 연말 분위기를 악용한 <b>불법스팸</b>, 해킹 등 보안 위협에 대한 실시간 감시와 대응을 한층 강화했다. 통합보안센터를 중심으로 모바일 악성 앱, 웹 해킹 등 보안을 침해하는 시도에 대해 신속하게... ",https://www.eroun.net/news/articleView.html?idxno=69576,"Mon, 22 Dec 2025 10:02:00 +0900"
"&quot;연말에도 통신은 멈추지 않는다&quot;... SKT, 성탄절·연말연시 품질 비상 ...","아울러 SK텔레콤은 연말 분위기를 악용한 <b>불법스팸</b>, 해킹 등 보안 위협에 대한 실시간 감시와 대응을 한층 강화했다. 통합보안센터를 중심으로 모바일 악성 앱, 웹 해킹 등 보안을 침해하는 시도에 대해 신속하게... ",https://www.joongangenews.com/news/articleView.html?idxno=477859,"Mon, 22 Dec 2025 10:00:00 +0900"
"SKT, '성탄·연말연시' 통신 품질 집중 관리 돌입…트래픽 증가 대비","연말 분위기를 악용한 <b>불법 스팸</b>, 해킹 등 보안 위협에 대한 실시간 감시와 대응도 강화했다. 통합보안센터를 중심으로 모바일 악성 애플리케이션(앱), 웹 해킹 등 보안을 침해하는 시도에 대해 신속 대응하고, 자사... ",https://www.widedaily.com/news/articleView.html?idxno=285345,"Mon, 22 Dec 2025 10:00:00 +0900"
"SKT, 성탄절·연말연시 통신 품질 특별관리 체계 가동","아울러 SK텔레콤은 연말 분위기를 악용한 <b>불법스팸</b>, 해킹 등 보안 위협에 대한 실시간 감시와 대응을 한층 강화했다. 통합보안센터를 중심으로 모바일 악성 앱, 웹 해킹 등 보안을 침해하는 시도에 대해 신속하게... ",https://n.news.naver.com/mnews/article/079/0004098090?sid=101,"Mon, 22 Dec 2025 09:58:00 +0900"
"SK텔레콤, 성탄절·연말연시 통신 품질 특별 관리 돌입","SK텔레콤은 연말 분위기를 악용한 <b>불법 스팸</b>과 해킹 등 보안 위협에 대비해 통합보안센터를 중심으로 실시간 감시 체계를 강화했다. 모바일 악성 앱 유포와 웹 해킹 시도, 디도스 공격 여부 등을 집중 모니터링하고... ",https://weekly.cnbnews.com/news/article.html?no=200853,"Mon, 22 Dec 2025 09:54:00 +0900"
"SKT, 성탄절 및 연말연시 통신 품질 특별 관리 체계 가동","아울러 SK텔레콤은 연말 분위기를 악용한 <b>불법스팸</b>, 해킹 등 보안 위협에 대한 실시간 감시와 대응을 한층 강화했다. 통합보안센터를 중심으로 모바일 악성 앱, 웹 해킹 등 보안을 침해하는 시도에 대해 신속하게... ",https://www.cstimes.com/news/articleView.html?idxno=685082,"Mon, 22 Dec 2025 09:54:00 +0900"
"SKT, 성탄절·연말연시 통신 트래픽 대비 품질 집중 관리",연말 분위기를 악용한 <b>불법 스팸</b>과 해킹 등 보안 위협 대응도 강화했다. 통합보안센터를 중심으로 모바일 악성 앱과 웹 해킹 시도에 신속히 대응하고 디도스 공격 여부를 집중 모니터링한다. 복재원 SK텔레콤 네트워크... ,https://n.news.naver.com/mnews/article/031/0000991082?sid=105,"Mon, 22 Dec 2025 09:46:00 +0900"
"SKT, 성탄절 및 연말연시 통신 품질 특별 관리 체계 가동","SK텔레콤은 연말 분위기를 악용한 <b>불법스팸</b>, 해킹 등 보안 위협에 대한 실시간 감시와 대응을 한층 강화했다. 통합보안센터를 중심으로 모바일 악성 앱, 웹 해킹 등 보안을 침해하는 시도에 대해 신속하게 대응하며... ",http://www.4th.kr/news/articleView.html?idxno=2103420,"Mon, 22 Dec 2025 09:40:00 +0900"
"SKT, 성탄절 및 연말연시 대비 '통신품질 특별관리체계' 가동","아울러 SKT는 연말 분위기를 악용한 <b>불법스팸</b>, 해킹 등 보안 위협에 대한 실시간 감시와 대응을 한층 강화했다. 통합보안센터를 중심으로 모바일 악성 앱, 웹 해킹 등 보안을 침해하는 시도에 대해 신속하게 대응하며... ",https://www.etoday.co.kr/news/view/2538455,"Mon, 22 Dec 2025 09:38:00 +0900"
"SK텔레콤, 연말연시 통신 품질 특별 관리 체계 가동","한편, SK텔레콤은 연말을 틈탄 <b>불법 스팸</b>과 해킹 등 보안 위협에 대해서도 실시간 감시와 대응을 강화했다. 통합보안센터를 중심으로 모바일 악성 앱 및 웹 해킹 시도를 신속하게 차단하며, 자사 서비스에 대한... ",https://www.cbci.co.kr/news/articleView.html?idxno=546455,"Mon, 22 Dec 2025 09:38:00 +0900"
"SKT, 성탄절·연말연시 통신 품질 특별 관리 체계 가동",아울러 SK텔레콤은 연말 분위기를 악용한 <b>불법스팸</b>·해킹 등 보안 위협에 대한 실시간 감시와 대응을 한층 강화했다. 통합보안센터를 중심으로 모바일 악성 앱·웹 해킹 등 보안을 침해하는 시도에 대해 신속하게... ,http://www.newsdream.kr/news/articleView.html?idxno=103687,"Mon, 22 Dec 2025 09:36:00 +0900"
"SKT, 성탄절·통신 기간 통신 품질 관리 강화","아울러 SK텔레콤은 연말 분위기를 악용한 <b>불법스팸</b>, 해킹 등 보안 위협에 대한 실시간 감시와 대응을 한층 강화했다고 밝혔다. 통합보안센터를 중심으로 모바일 악성 앱, 웹 해킹 등 보안을 침해하는 시도에 대해... ",https://www.epnc.co.kr/news/articleView.html?idxno=326401,"Mon, 22 Dec 2025 09:32:00 +0900"
"SKT, 성탄절·연말연시 맞아 기지국 용량 증설·24시 모니터링","아울러 SK텔레콤은 연말 분위기를 악용한 <b>불법스팸</b>, 해킹 등 보안 위협에 실시간 감시와 대응을 한층 강화했다. 통합보안센터를 중심으로 모바일 악성 앱, 웹 해킹 등 보안 침해 시도에 신속하게 대응하며, 자사가... ",https://n.news.naver.com/mnews/article/421/0008673138?sid=105,"Mon, 22 Dec 2025 09:26:00 +0900"
"SKT, 성탄절·연말연시 통신 품질 특별 관리 체계 가동","아울러 SK텔레콤은 연말 분위기를 악용한 <b>불법스팸</b>, 해킹 등 보안 위협에 대한 실시간 감시와 대응을 한층 강화했다. 통합보안센터를 중심으로 모바일 악성 앱, 웹 해킹 등 보안을 침해하는 시도에 대해 신속하게... ",https://www.asiaa.co.kr/news/articleView.html?idxno=234797,"Mon, 22 Dec 2025 09:26:00 +0900"
"SKT, 성탄절·연말연시 통신 품질 특별 관리 체계 가동","아울러 SK텔레콤은 연말 분위기를 악용한 <b>불법스팸</b>, 해킹 등 보안 위협에 대한 실시간 감시와 대응을 한층 강화했다. 통합보안센터를 중심으로 모바일 악성 앱, 웹 해킹 등 보안을 침해하는 시도에 대해 신속하게... ",https://www.viva100.com/article/20251222500209,"Mon, 22 Dec 2025 09:24:00 +0900"
"SKT, 연말연시 통신 품질 집중 관리 체계 돌입","아울러 SK텔레콤은 연말 분위기를 악용한 <b>불법스팸</b>, 해킹 등 보안 위협에 대한 실시간 감시와 대응을 한층 강화했다. 통합보안센터를 중심으로 모바일 악성 앱, 웹 해킹 등 보안을 침해하는 시도에 대해 신속하게... ",https://www.it-b.co.kr/news/articleView.html?idxno=85986,"Mon, 22 Dec 2025 09:24:00 +0900"
"SK텔레콤, 성탄절·연말연시 통신 품질 특별 관리","아울러 연말 분위기를 악용한 <b>불법 스팸</b>과 해킹 등 보안 위협에 대비해 통합보안센터를 중심으로 실시간 감시와 대응도 강화했다. 모바일 악성 애플리케이션과 웹 해킹 시도, 디도스(DDoS) 공격 여부 등을 집중... ",https://www.newspim.com/news/view/20251222000184,"Mon, 22 Dec 2025 09:19:00 +0900"
"SKT, 성탄절·연말연시 통신 품질 특별 관리 체계 가동","아울러 SK텔레콤은 연말 분위기를 악용한 <b>불법스팸</b>, 해킹 등 보안 위협에 대한 실시간 감시와 대응을 강화했다. 통합보안센터를 중심으로 모바일 악성 앱, 웹 해킹 등 보안을 침해하는 시도에 대해 신속하게 대응하며... ",https://www.megaeconomy.co.kr/news/newsview.php?ncode=1065572150218452,"Mon, 22 Dec 2025 09:18:00 +0900"
[생활경제25]잇단 '오너 리스크'에 점주들만 '울상',"빽햄의 돼지고기 함량(85.4%)이 캔햄 1위 브랜드인 CJ제일제당의 '<b>스팸</b>(91.4%)'보다 낮은 데다, 고가였기... 이종근 명륜당 대표는 최근 명륜진사갈비 가맹점주를 상대로 한 고금리 대출 의혹에 따른 <b>불법</b> 대부업 의혹이... ",https://n.news.naver.com/mnews/article/648/0000042862?sid=101,"Mon, 22 Dec 2025 09:15:00 +0900"
"SKT, 성탄절・연말연시 통신 품질 특별 관리 나서","아울러 SKT는 연말 분위기를 악용한 <b>불법스팸</b>, 해킹 등 보안 위협에 대한 실시간 감시와 대응을 한층 강화했다. 통합보안센터를 중심으로 모바일 악성 앱, 웹 해킹 등 보안을 침해하는 시도에 대해 신속하게 대응할... ",http://www.fntimes.com/html/view.php?ud=2025122209122830557fd637f543_18,"Mon, 22 Dec 2025 09:14:00 +0900"
"SKT, 성탄절·연말연시 통신 품질 특별 관리 체계 가동","아울러 연말 분위기를 악용한 <b>불법스팸</b>, 해킹 등 보안 위협에 대한 실시간 감시와 대응을 한층 강화했다. 통합보안센터를 중심으로 모바일 악성 앱, 웹 해킹 등 보안을 침해하는 시도에 대해 신속하게 대응하며 자사가... ",https://n.news.naver.com/mnews/article/011/0004569994?sid=105,"Mon, 22 Dec 2025 09:12:00 +0900"
"SK텔레콤, 연말연시 통신 트래픽 급증 대비…통신품질 집중관리","아울러 SK텔레콤은 연말 분위기를 악용한 <b>불법스팸</b>, 해킹 등 보안 위협에 대한 실시간 감시와 대응을 한층 강화했다. 통합보안센터를 중심으로 모바일 악성 앱, 웹 해킹 등 보안을 침해하는 시도에 대해 신속하게... ",https://www.seoultimes.news/news/article.html?no=2000088082,"Mon, 22 Dec 2025 09:11:00 +0900"
"SKT, 성탄절·신년 맞아 통신 품질 집중 점검 돌입","아울러 SK텔레콤은 연말 분위기를 악용한 <b>불법스팸</b>, 해킹 등 보안 위협에 대한 실시간 감시와 대응을 한층 강화했습니다. 통합보안센터를 중심으로 모바일 악성 앱, 웹 해킹 등 보안을 침해하는 시도에 대해 신속하게... ",https://www.newsclaim.co.kr/news/articleView.html?idxno=3052505,"Mon, 22 Dec 2025 09:10:00 +0900"
"&quot;성탄절에 인력 900명 배치&quot; SKT, 연말연시 통신 품질 특별관리","아울러 SK텔레콤은 연말 분위기를 악용한 <b>불법스팸</b>, 해킹 등 보안 위협에 대한 실시간 감시와 대응을 한층 강화했다. 통합보안센터를 중심으로 모바일 악성 앱, 웹 해킹 등 보안을 침해하는 시도에 대해 신속하게... ",https://n.news.naver.com/mnews/article/014/0005452200?sid=105,"Mon, 22 Dec 2025 09:08:00 +0900"
"SK텔레콤, 연말연시 '통신 품질' 특별 관리 실시","아울러 SK텔레콤은 연말 분위기를 악용한 <b>불법스팸</b>, 해킹 등 보안 위협에 대한 실시간 감시와 대응을 한층 강화했다. 통합보안센터를 중심으로 모바일 악성 앱, 웹 해킹 등 보안을 침해하는 시도에 대해 신속하게... ",https://www.wolyo.co.kr/news/articleView.html?idxno=306150,"Mon, 22 Dec 2025 09:06:00 +0900"
"SKT, 성탄절·연말연시 통신 품질 특별 관리 체계 가동","아울러 연말 분위기를 악용한 <b>불법 스팸</b>과 해킹 등 보안 위협에 대비해 통합보안센터를 중심으로 실시간 감시와 대응을 강화했다. 모바일 악성 앱 유포, 웹 해킹 시도, 디도스 공격 여부 등을 집중 모니터링하며 자사... ",http://www.popcornnews.net/news/articleView.html?idxno=106343,"Mon, 22 Dec 2025 09:04:00 +0900"
"SKT, 성탄절·연말연시 ‘통신 품질 특별 관리’ 돌입","또 SKT측은 연말 분위기를 악용한 <b>불법 스팸</b>, 해킹 등 보안 위협에 대한 실시간 감시와 대응을 한층 강화할 계획입니다. 통합보안센터는 모바일 악성 앱, 웹 해킹 등 보안을 침해하는 시도에 대해 신속히 대응하고 SKT가... ",https://n.news.naver.com/mnews/article/056/0012090366?sid=105,"Mon, 22 Dec 2025 09:02:00 +0900"
"SKT, 성탄절· 연말연시 통신 품질 특별 관리체계 가동","연말 분위기를 악용한 <b>불법스팸</b>, 해킹 등 보안 위협에 대비해 통합보안센터를 중심으로 모바일 악성 앱, 웹 해킹 등에 신속 대응한다. 자사 서비스에 대한 디도스 공격 여부도 집중 모니터링한다. 복재원 SKT 네트워크... ",https://www.digitaltoday.co.kr/news/articleView.html?idxno=614889,"Mon, 22 Dec 2025 09:02:00 +0900"
"SK텔레콤, 성탄절·연말연시 통신 품질 특별 관리","더불어 SK텔레콤은 연말 분위기를 악용한 <b>불법스팸</b>, 해킹 등 보안 위협에 대한 실시간 감시와 대응을 한층 강화했다. 통합보안센터를 중심으로 모바일 악성 앱, 웹 해킹 등 보안을 침해하는 시도에 대해 신속하게... ",https://www.newswhoplus.com/news/articleView.html?idxno=49354,"Mon, 22 Dec 2025 09:00:00 +0900"
"SKT, 성탄절·연말연시 통신 품질 특별 관리 체계 가동","아울러 SK텔레콤은 연말 분위기를 악용한 <b>불법스팸</b>, 해킹 등 보안 위협에 대한 실시간 감시와 대응을 한층 강화했다. 통합보안센터를 중심으로 모바일 악성 앱, 웹 해킹 등 보안을 침해하는 시도에 대해 신속하게... ",https://www.asiatoday.co.kr/view.php?key=20251222010011432,"Mon, 22 Dec 2025 08:58:00 +0900"
"SKT, 성탄절·연말연시 ‘통신 품질’ 특별관리체계 가동","아울러 SK텔레콤은 연말 분위기를 악용한 <b>불법스팸</b>, 해킹 등 보안 위협에 대한 실시간 감시와 대응을 한층 강화했다. 통합보안센터를 중심으로 모바일 악성 앱, 웹 해킹 등 보안을 침해하는 시도에 대해 신속하게... ",https://biz.newdaily.co.kr/site/data/html/2025/12/22/2025122200028.html,"Mon, 22 Dec 2025 08:56:00 +0900"
"SKT, 성탄절·연말연시 통신 품질 ‘특별 관리’ 체계 가동","아울러 SKT는 연말 분위기를 악용한 <b>불법스팸</b>, 해킹 등 보안 위협에 대한 실시간 감시와 대응을 한층 강화했다. 통합보안센터를 중심으로 모바일 악성 앱,웹 해킹 등 보안을 침해하는 시도에 대해 신속하게 대응하며... ",https://n.news.naver.com/mnews/article/016/0002575311?sid=105,"Mon, 22 Dec 2025 08:56:00 +0900"
"SKT, '성탄·연말연시' 통신 품질 집중 관리 돌입…트래픽 증가 대비","연말 분위기를 악용한 <b>불법 스팸</b>, 해킹 등 보안 위협에 대한 실시간 감시와 대응도 강화했다. 통합보안센터를 중심으로 모바일 악성 애플리케이션(앱), 웹 해킹 등 보안을 침해하는 시도에 대해 신속 대응하고, 자사... ",https://n.news.naver.com/mnews/article/003/0013670030?sid=105,"Mon, 22 Dec 2025 08:55:00 +0900"
"SKT, 연말연시 통신 서비스 품질 '특별 관리' 나서","SK텔레콤은 또한 연말 분위기를 악용한 <b>불법스팸</b>, 해킹 등 보안 위협에 대한 실시간 감시와 대응을 한층 강화했다. 통합보안센터를 중심으로 모바일 악성 앱, 웹 해킹 등 보안을 침해하는 시도에 신속히 대응할... ",https://n.news.naver.com/mnews/article/417/0001120562?sid=105,"Mon, 22 Dec 2025 08:55:00 +0900"
"SKT, 성탄절·연말연시 통신 품질 특별 관리 돌입","아울러 SK텔레콤은 연말 분위기를 악용한 <b>불법 스팸</b>, 해킹 등 보안 위협에 대한 실시간 감시와 대응을 한층 강화했다. 통합보안센터는 모바일 악성 앱, 웹 해킹 등 보안을 침해하는 시도에 대해 신속하게 대응하고... ",https://n.news.naver.com/mnews/article/001/0015807608?sid=105,"Mon, 22 Dec 2025 08:54:00 +0900"
연말연시 통신대란 막아라…SKT &quot;하루 900명 배치해 모니터링↑&quot;,"연말 분위기를 악용한 <b>불법스팸</b>, 해킹 등 보안 위협에 대한 실시간 감시와 대응을 한층 강화했다. 통합보안센터를 중심으로 모바일 악성 앱, 웹 해킹 등 보안을 침해하는 시도를 신속하게 대응하며 디도스 공격... ",https://n.news.naver.com/mnews/article/008/0005294962?sid=105,"Mon, 22 Dec 2025 08:54:00 +0900"
"SK텔레콤, 성탄절·연말연시 통신 품질 특별 관리 돌입","SK텔레콤은 연말 분위기를 악용한 <b>불법 스팸</b>과 해킹 시도에 대비해 통합보안센터를 중심으로 모바일 악성 앱과 웹 해킹, 디도스 공격 여부에 대한 실시간 감시를 강화했다. 복재원 SK텔레콤 네트워크 운용담당은... ",http://www.seoulwire.com/news/articleView.html?idxno=686881,"Mon, 22 Dec 2025 08:52:00 +0900"
"SK텔레콤, 연말연시 대비 이동통신 품질 집중 관리","아울러 SKT은 연말 분위기를 악용한 <b>불법스팸</b>, 해킹 등 보안 위협에 대한 실시간 감시와 대응을 한층 강화했다. 통합보안센터를 중심으로 모바일 악성 앱, 웹 해킹 등 보안을 침해하는 시도에 대해 신속하게 대응하며... ",https://daily.hankooki.com/news/articleView.html?idxno=1312827,"Mon, 22 Dec 2025 08:52:00 +0900"
"SKT, 성탄절·연말연시 통신 품질 특별 관리 체계 가동",이와 동시에 <b>불법스팸</b>과 해킹 등의 보안 위협 강화도 나섰다. 22일 통신업계에 따르면 SKT는 통신 트래픽이 크게 늘어날 것으로 예상되는 번화가 및 주요 행사 장소 1100여 곳을 선정하고 지역별로 별도의 소통 대책을... ,https://www.g-enews.com/view.php?ud=2025122208401644053d7a510102_1,"Mon, 22 Dec 2025 08:52:00 +0900"
"SKT, 성탄절 및 연말연시 통신품질 특별 관리체계 가동","아울러 SK텔레콤은 연말 분위기를 악용한 <b>불법스팸</b>, 해킹 등 보안 위협에 대한 실시간 감시와 대응을 한층 강화했다. 통합보안센터를 중심으로 모바일 악성 앱, 웹 해킹 등 보안을 침해하는 시도에 대해 신속하게... ",https://www.slist.kr/news/articleView.html?idxno=703309,"Mon, 22 Dec 2025 08:48:00 +0900"
"SKT, 성탄절·연말연시 통신 품질 특별 관리 체계 가동","아울러 SK텔레콤은 연말 분위기를 악용한 <b>불법스팸</b>, 해킹 등 보안 위협에 대한 실시간 감시와 대응을 한층 강화했다. 통합보안센터를 중심으로 모바일 악성 앱, 웹 해킹 등 보안을 침해하는 시도에 대해 신속하게... ",https://www.ngonews.kr/news/articleView.html?idxno=221023,"Mon, 22 Dec 2025 08:46:00 +0900"
"SKT, 성탄절 및 연말연시 통신 품질 특별 관리 체계 가동","아울러 SK텔레콤은 연말 분위기를 악용한 <b>불법스팸</b>, 해킹 등 보안 위협에 대한 실시간 감시와 대응을 한층 강화했다. 통합보안센터를 중심으로 모바일 악성 앱, 웹 해킹 등 보안을 침해하는 시도에 대해 신속하게... ",http://www.issuenbiz.com/news/articleView.html?idxno=70214,"Mon, 22 Dec 2025 08:44:00 +0900"
"SKT, 성탄절·연말연시 통신 품질 특별 관리체계 가동","SKT는 연말 분위기를 악용한 <b>불법스팸</b>, 해킹 등 보안 위협에 대한 실시간 감시와 대응을 한층 강화했다. 통합보안센터를 중심으로 모바일 악성 앱, 웹 해킹 등 보안을 침해하는 시도에 대해 신속하게 대응하며 자사가... ",https://www.newscj.com/news/articleView.html?idxno=3354483,"Mon, 22 Dec 2025 08:40:00 +0900"
"SKT, 성탄절·연말 통신 품질 특별 관리","아울러 연말 분위기를 악용한 <b>불법 스팸</b>과 해킹 등 보안 위협에 대한 대응도 강화한다. SK텔레콤은 통합보안센터를 중심으로 모바일 악성 앱과 웹 해킹 시도를 실시간으로 감시하고, 자사 서비스에 대한 디도스 공격... ",https://www.ebn.co.kr/news/articleView.html?idxno=1692114,"Mon, 22 Dec 2025 08:38:00 +0900"
"SKT, 성탄절 및 연말연시 통신 품질 특별 관리 체계 가동","아울러 SK텔레콤은 연말 분위기를 악용한 <b>불법스팸</b>, 해킹 등 보안 위협에 대한 실시간 감시와 대응을 한층 강화했다. 통합보안센터를 중심으로 모바일 악성 앱, 웹 해킹 등 보안을 침해하는 시도에 대해 신속하게... ",http://www.econonews.co.kr/news/articleView.html?idxno=419430,"Mon, 22 Dec 2025 08:36:00 +0900"
디지털 금융사기 및 스캠 증가와 금융소비자 보호를 위한 정책과제,"대하여 <b>불법</b> 여부를 조회할 수 있다. 2025년 8월 기준으로 영국, 미국 등 주요국을 포함한 67개 국가에서... 통신사는 <b>스팸</b> 문자 차단과 발신 전화번호 인증 등 기술적 필터링을 강화하여 사기범의 접근 경로를... ",http://www.ifs.or.kr/bbs/board.php?bo_table=News&wr_id=55440,"Sat, 20 Dec 2025 12:20:00 +0900"
공공정보 되어버린 개인정보... 명찰 떼고 주민번호도 바꾼다,"권씨 역시 이달 초 쿠팡의 개인 정보 유출 사태 이후 광고 <b>스팸</b> 문자와 보이스피싱으로 의심되는 전화가... 빈부 격차, 정보화, <b>불법</b> 체류자 ‘순박한 시대’가 막을 내린 건 1997년 IMF 사태로 경제가 망가져 빈부 격차가... ",https://n.news.naver.com/mnews/article/023/0003948035?sid=102,"Sat, 20 Dec 2025 00:33:00 +0900"
[경제쏙쏙] 속수무책 환율에 정부 긴급대응…'번아웃' 청년들,"그동안 <b>불법 스팸</b> 문자의 상당수는 이미 해지됐거나 개통되지 않은 번호, 이용이 정지된 번호를 발신 번호로 위조해 보내는 방식이었습니다. 번호 모양은 정상 휴대전화처럼 보이기 때문에 단순 스팸 광고를 넘어... ",https://n.news.naver.com/mnews/article/422/0000813668?sid=101,"Thu, 18 Dec 2025 17:36:00 +0900"
"[IT는 지금] LG CNS, 美 클라인과 'AI 개발자' 시대 연다 外","이와 함께 '크리스마스', '새해인사' 등을 악용한 <b>스팸</b>·스미싱 문자는 AI <b>스팸</b> 수신차단 서비스로 자동... ◆네이버웹툰, '툰레이더'로 <b>불법</b> 유출 80% 감소 네이버웹툰은 AI 기반 웹툰 <b>불법</b> 유통 차단 기술 '툰레이더... ",https://dealsite.co.kr/articles/153590,"Thu, 18 Dec 2025 16:08:00 +0900"
"과기정통부, ‘<b>불법스팸</b> 번호 차단 시스템’ 운영 시작","발신번호 검증·사전 차단 1억8000만개 번호 대상, <b>불법 스팸</b> 근절 위한 정책적 노력 지속 과학기술정보통신부(과기정통부)와 한국통신사업자연합회는 불법 쓰레기 편지(<b>불법스팸</b>)를 발송하는 번호를 검증하고 사전... ",https://www.m-economynews.com/news/article.html?no=62902,"Thu, 18 Dec 2025 15:26:00 +0900"
정부 <b>스팸</b>문자 '사전차단 시스템' 가동,최우혁 과기정통부 네트워크정책실장은 &quot;차단 시스템으로 대량 문자 발신 번호의 실시간 유효성 검증이 가능해졌다&quot;며 &quot;<b>불법 스팸</b>을 상당 부분 차단하고 이와 연계된 피싱 범죄를 예방할 수 있을 것으로 기대한다&quot;고... ,https://www.safetimes.co.kr/news/articleView.html?idxno=237601,"Thu, 18 Dec 2025 14:54:00 +0900"
"과기정통부, '<b>불법 스팸</b> 번호 차단 시스템' 운영 개시…무효번호 대량문...","과학기술정보통신부는 (사)한국통신사업자연합회(KTOA), 이동통신 3사 등과 협력해 불법 쓰레기 편지(<b>불법 스팸</b>)를 발송하는 번호를 검증하고 사전에 차단할 수 있는 '불법 쓰레기 편지(<b>불법 스팸</b>) 번호 차단 시스템'을 12월... ",https://www.dailysecu.com/news/articleView.html?idxno=203536,"Thu, 18 Dec 2025 12:06:00 +0900"
&quot;쿠팡 피해보상 받으세요&quot;…금감원 소비자경보 '경고' 상향,쿠팡에서 유출된 정보로 ○○○씨 계좌가 <b>불법</b>적인 자금세탁 용도로 사용된 기록이 확인되어 연락드렸어요.... 지난달 24일부터 삼성전자 휴대전화 단말기에 보이스피싱 신고 기능이 단순 <b>스팸</b>신고와 구분돼 신설됐다.... ,https://www.asiatime.co.kr/article/20251218500104,"Thu, 18 Dec 2025 12:02:00 +0900"
'<b>불법 스팸</b> 번호 차단 시스템' 운영 개시...&quot;스팸 문자 사전 차단 가능&quot;,과학기술정보통신부와 한국통신사업자연합회는 지난 17일부터 <b>불법 스팸</b>을 발송하는 번호를 검증하고 사전 차단할 수 있는 '<b>불법 스팸</b> 번호 차단 시스템'을 운영 개시했다고 밝혔다. <b>불법 스팸</b>은 단순한 이용자 불편을... ,https://www.redian.org/news/articleView.html?idxno=255087,"Thu, 18 Dec 2025 11:50:00 +0900"
"<b>불법 스팸</b>문자 '원천 차단'…과기정통부, 번호 검증 시스템 가동",과학기술정보통신부와 한국통신사업자연합회(KTOA)는 <b>불법 스팸</b>을 발송하는 번호를 검증하고 사전차단할 수 있는 차단 시스템 운영을 시작한다고 밝혔다. <b>불법 스팸</b>은 이용자 불편을 넘어 전자 금융 사기와 문자 결제사기... ,https://www.itbiznews.com/news/articleView.html?idxno=190804,"Thu, 18 Dec 2025 09:46:00 +0900"
내년 스마트폰 7% 오른다… 메모리 가격 급등  [디지털포스트 모닝픽],■ <b>불법 스팸</b> 번호를 사전 차단하는 시스템을 정부가 도입합니다. 과학기술정보통신부와 한국통신사업자연합회(KTOA)는 스팸 문자를 발송하는 번호를 검증하고 사전 차단할 수 있는 시스템을 전날인 17일부터... ,https://www.ilovepc.co.kr/news/articleView.html?idxno=57332,"Thu, 18 Dec 2025 09:06:00 +0900"
12월 18일 메트로신문 한줄 뉴스,▲과학기술정보통신부와 (사)한국통신사업자연합회(KTOA)는 17일부터 <b>불법스팸</b> 발송에 이용되는 번호를 사전에 검증·차단하는 '<b>불법스팸</b> 번호 차단 시스템'을 운영한다. 지난해 11월 발표한 '<b>불법스팸</b> 방지 종합대책'의... ,http://www.metroseoul.co.kr/article/20251217500524,"Thu, 18 Dec 2025 06:02:00 +0900"
"과기부, <b>스팸</b> 문자 차단 번호 검증 시스템 가동",최우혁 과기정통부 네트워크정책실장은 “이번 차단 시스템으로 대량 문자 발신 번호의 실시간 유효성 검증이 가능해짐에 따라 <b>불법 스팸</b>을 상당 부분 차단하고 이와 연계된 피싱 범죄를 예방할 수 있을 것으로... ,https://n.news.naver.com/mnews/article/020/0003682743?sid=101,"Thu, 18 Dec 2025 03:07:00 +0900"
"정부, <b>스팸</b>문자 차단 시스템 운영… ‘무효번호’ 사전에 거른다",정부가 <b>불법 스팸</b> 문자메시지 번호 차단 시스템을 17일부터 운영한다고 밝혔다. 과학기술정보통신부가 한국통신사업자연합회(KTOA)와 공동 구축한 이 시스템은 이동통신사 및 문자 중계사·재판매사가 대량 문자 발신... ,https://n.news.naver.com/mnews/article/005/0001821067?sid=101,"Thu, 18 Dec 2025 00:56:00 +0900"
"“고객님 또 털렸습니다” 개인정보 유출, ‘충격·분노’ 중 여러분의...","‘무관심·포기’라는 마음에 공감한 이들은 12.08%(71명)였으며 <b>스팸</b>, 보이스피싱 등으로 ‘불안’을... KT도 지난 8~9월 <b>불법</b> 기지국 침해 및 정보유출, 소액결제 사고피해를 입은 가입자가 약 2만 명에 이르렀습니다. IMSI... ",https://n.news.naver.com/mnews/article/016/0002573653?sid=102,"Wed, 17 Dec 2025 22:21:00 +0900"
[오늘의 생활경제] 심장 몸밖에 나온채 태어난 신생아 생존기 화제 外,&lt;3&gt; 과학기술정보통신부와 한국통신사업자연합회는 <b>스팸</b> 문자를 발송하는 번호를 검증해 사전 차단할 수 있는 시스템을 운영한다고 밝혔습니다. 과기정통부는 <b>불법</b> 문자를 대량으로 보내는 번호의 상당수가 이미... ,https://n.news.naver.com/mnews/article/422/0000813333?sid=101,"Wed, 17 Dec 2025 20:12:00 +0900"
과기정통부 '<b>불법스팸</b> 번호 차단 시스템' 운영 개시,과학기술정보통신부와 (사)한국통신사업자연합회는 <b>불법스팸</b>을 발송하는 번호를 검증하고 사전차단할 수 있는 '<b>불법스팸</b> 번호 차단 시스템'을 17일부터 운영 개시한다고 밝혔다. <b>불법스팸</b>은 피싱·스미싱 등의 수단으로... ,https://n.news.naver.com/mnews/article/656/0000159863?sid=102,"Wed, 17 Dec 2025 18:40:00 +0900"
"과기부, 이통3사와 협력해 '<b>불법스팸</b> 번호 차단 시스템' 본격 운영",무효번호 실시간 검증해 문자중계사·이통사가 사전 차단 정부가 <b>불법스팸</b>의 원천 차단을 위해 이동통신사 등과 협력해 유효하지 않은 번호로 발송되는 <b>불법스팸</b>을 본격적으로 차단한다. 과학기술정보통신부와... ,https://www.asiatoday.co.kr/view.php?key=20251217010009668,"Wed, 17 Dec 2025 17:48:00 +0900"
'<b>불법스팸</b> 문자 이제는 사전차단'…과기정통부·KTOA·이통3사 합심,"과학기술정보통신부와 한국통신사업자연합회, 이동통신 3사가 협력해, <b>불법스팸</b> 문자를 사전에 차단할 수 있는 '<b>불법스팸</b> 번호 차단 시스템'이 17일부터 본격 가동된다. 이번 시스템은 발신번호가 해지되었거나... ",https://www.ppss.kr/news/articleView.html?idxno=278935,"Wed, 17 Dec 2025 17:41:00 +0900"
"<b>스팸</b> 문자, 해지·정지 번호 쓰면 아예 못 보낸다","과기정통부는 <b>불법 스팸</b>의 상당수가 이미 해지되거나 정지된 번호로 변작된 무효 번호에서 발송되는 것으로 보고, 통신사와 문자 중계사·재판매사와 함께 대량 문자 발신 번호의 유효성을 자동으로 검증하는 체계를... ",https://n.news.naver.com/mnews/article/366/0001130822?sid=105,"Wed, 17 Dec 2025 17:41:00 +0900"
"황정아 의원, 2년 연속 국정감사 우수의원상 수상",및 <b>불법 스팸</b> 문제에 대한 대책 마련 △SMR 특별법의 국회 과학기술정보방송통신위원회 통과 등 과학기술과 민생경제 분야에서 의미 있는 성과를 거뒀다는 평가를 받았다. 아울러 윤석열 정권 시기 불거진 방송 장악 및... ,https://n.news.naver.com/mnews/article/421/0008666631?sid=102,"Wed, 17 Dec 2025 17:37:00 +0900"
"과기부·통신사업자연합, <b>스팸</b> 번호 차단 시스템 운영 시작",<b>불법 스팸</b> 번호 차단 시스템 개념도/ 과학기술정보통신부 과학기술정보통신부와 한국통신사업자연합회는 <b>불법 스팸</b>을 발송하는 번호를 검증하고 사전 차단할 수 있는 '<b>불법 스팸</b> 번호 차단 시스템(이하 차단 시스템)... ,https://www.datanet.co.kr/news/articleView.html?idxno=207815,"Wed, 17 Dec 2025 17:20:00 +0900"
"정부, '<b>불법스팸</b> 번호 차단 시스템' 운영 개시",<b>불법스팸</b> 번호 차단 시스템 개념도 ⓒ과학기술정보통신부 과학기술정보통신부와 (사)한국통신사업자연합회는 '<b>불법스팸</b>'을 발송하는 번호를 검증하고 사전 차단할 수 있는 '<b>불법스팸</b> 번호 차단 시스템'을 운영한다고 17일... ,http://www.sisafocus.co.kr/news/articleView.html?idxno=352083,"Wed, 17 Dec 2025 17:12:00 +0900"
오늘부터 <b>불법스팸</b> 번호 차단 시스템 운영,오늘부터 <b>불법 스팸</b> 차단 시스템이 운영된다. 과학기술정보통신부와 한국통신사업자연합회(KTOA)는 스팸 문자를 발송하는 번호를 검증하고 사전 차단할 수 있는 시스템을 17일부터 운영한다고 밝혔다. 과기정통부는 불법... ,https://n.news.naver.com/mnews/article/448/0000577763?sid=101,"Wed, 17 Dec 2025 17:12:00 +0900"
"과기정통부, '<b>불법스팸</b> 번호 차단 시스템' 운영",과학기술정보통신부와 한국통신사업자연합회(KTOA)는 <b>불법스팸</b> 발신번호를 검증해 사전에 차단하는 '<b>불법스팸</b> 번호 차단 시스템'을 17일부터 운영한다./과학기술정보통신부 | 한스경제=박정현 기자... ,http://www.hansbiz.co.kr/news/articleView.html?idxno=801577,"Wed, 17 Dec 2025 17:00:00 +0900"
"과기정통부, <b>스팸</b> 문자 발송번호 검증·차단 도입",과학기술정보통신부와 한국통신사업자연합회가 <b>스팸</b> 문자를 발송하는 번호를 검증하고 차단하는 시스템을 오늘(17일)부터 운영합니다. 과기정통부는 <b>불법</b> 문자를 대량으로 보내는 전화번호 대부분이 이미 해지 또는... ,https://science.ytn.co.kr/program/view.php?mcd=0082&hcd=&key=202512171602532745,"Wed, 17 Dec 2025 16:42:00 +0900"
"과기정통부-이통3사, <b>불법스팸</b> 번호 미리 차단 시스템 운영",<b>불법 스팸</b> 발송에 악용되는 해지·정지 등 유효하지 않은 전화번호를 실시간으로 가려내 사전 차단하는 시스템이 운영된다. 과학기술정보통신부와 한국통신사업자연합회(KTOA)는 <b>불법 스팸</b> 발송번호를 검증하고 사전에... ,https://www.getnews.co.kr/news/articleView.html?idxno=853939,"Wed, 17 Dec 2025 16:28:00 +0900"
'<b>불법스팸</b> 번호 차단 시스템' 가동…&quot;스팸 문자 사전 차단&quot;,"정부가 <b>불법스팸</b> 차단을 위해 한국통신사업자연합회(KTOA), 이동통신 3사와 발신번호를 검증해 유효하지 않은 번호 문자를 차단하기로 했다. 과학기술정보통신부와 KTOA는 <b>불법스팸</b>을 발송하는 번호를 검증하고 사전... ",https://www.korea.kr/news/policyNewsView.do?newsId=148956631&call_from=naver_news,"Wed, 17 Dec 2025 15:59:00 +0900"
"과기정통부, <b>불법 스팸</b> 발신번호 차단 시스템 가동","스카이데일리 주경준기자 = ▲ AI를 활용해 제작함 <b>불법 스팸</b> 발신에 활용되는 번호를 검증하고 사전에 차단하는 시스템이 본격 가동됐다. 과학기술정보통신부는 한국통신사업자연합회(KTOA), 이동통신 3사와 협력해... ",https://m.skyedaily.com/news_view.html?ID=293440,"Wed, 17 Dec 2025 15:30:00 +0900"
리딩방 문자 그만!…오늘부터 <b>불법스팸</b> 발송부터 막는다,"피싱 범죄의 통로로 활용된 <b>불법스팸</b> 문자가 줄어들 전망입니다. 정부와 이동통신사 등이 <b>불법스팸</b> 발신번호를 실시간으로 검증하고 발송을 차단하는 시스템을 구축해, 오늘(17일)부터 시범 운영에 들어가는데요.... ",https://n.news.naver.com/mnews/article/374/0000481104?sid=101,"Wed, 17 Dec 2025 15:23:00 +0900"
"과기정통부, <b>불법스팸</b> 번호 ‘사전 차단’…대량문자 근절 나선다",과학기술정보통신부(과기정통부)와 한국통신사업자연합회(KTOA)가 대량 문자 발송에 사용되는 전화번호를 실시간으로 검증해 <b>불법스팸</b>을 사전에 차단하는 ‘<b>불법스팸</b> 번호 차단 시스템’을 17일부터 운영한다. 피싱... ,https://www.kukinews.com/article/view/kuk202512170147,"Wed, 17 Dec 2025 15:20:00 +0900"
"‘스팸 문자, 바로 차단’…<b>불법스팸</b> 이제 이렇게 막는다","정부가 대량문자 <b>불법스팸</b> 대응 방식을 근본적으로 바꾼다. 이용자 신고와 사후 필터링에 의존하던 기존 방식에서 벗어나, 발송 단계에서부터 <b>불법스팸</b>을 차단하는 ‘사전 봉쇄 체계’를 본격 가동한다.... ",https://n.news.naver.com/mnews/article/018/0006185309?sid=105,"Wed, 17 Dec 2025 15:18:00 +0900"
과기정통부 '<b>불법스팸</b>번호 차단 시스템' 시범 운영···&quot;대량문자 사전...,정부가 '<b>불법스팸</b> 번호 차단 시스템'을 시범적으로 운영한다. 과학기술정보통신부와 한국통신사업자연합회(KTOA)는 <b>불법스팸</b>을 발송하는 번호를 검증하고 사전차단할 수 있는 '<b>불법스팸</b> 번호 차단 시스템'을 17일부터 운영... ,http://www.enewstoday.co.kr/news/articleView.html?idxno=2370450,"Wed, 17 Dec 2025 15:16:00 +0900"
"과기부, <b>불법 스팸</b> 문자 ‘원천 차단’","미국 통신 네트워크에서 아예 차단할 수 있다고 경고했다. FCC의 RMD는 통신 사업자들이 <b>불법 스팸</b>을 줄이기 위한 노력을 FCC에 증명하고, 다른 통신사들이 이 정보를 활용해 불법 트래픽을 차단할 수 있도록 하는 제도이다.",https://n.news.naver.com/mnews/article/082/0001358770?sid=101,"Wed, 17 Dec 2025 15:10:00 +0900"
황정아 의원 '국정감사 우수의원상'2년 연속 수상,"및 <b>불법 스팸</b> 문제에 대한 대책 마련, SMR 특별법의 국회 과학기술정보방송통신위원회 통과 등 과학기술과 민생경제 분야에서 의미 있는 성과를 거뒀다는 평가를 받았다. 윤석열 정권 시기 불거진 방송 장악 및 언론 탄압의... ",https://www.newsfreezone.co.kr/news/articleView.html?idxno=664382,"Wed, 17 Dec 2025 15:10:00 +0900"
"<b>불법스팸</b> 번호 사전 차단, 피싱·스미싱 예방",<b>불법스팸</b> 번호 차단 시스템 개념도. [자료=과기정통부] 과학기술정보통신부와 한국통신사업자연합회(KTOA)는 <b>불법스팸</b>을 발송하는 번호를 검증하고 사전차단할 수 있는 '<b>불법스팸</b> 번호 차단 시스템'을 17일부터 운영... ,https://www.koit.co.kr/news/articleView.html?idxno=204359,"Wed, 17 Dec 2025 15:02:00 +0900"
"과기부, <b>불법 스팸</b> 발신 단계서 차단…번호 변조 문자 원천 봉쇄",과학기술정보통신부(이하 과기정통부)와 한국통신사업자연합회(KTOA)는 <b>불법 스팸</b>을 발송하는 번호를 검증하고 사전 차단할 수 있는 '<b>불법 스팸</b> 번호 차단 시스템(이하 차단 시스템)'을 12월 17일부터 운영 개시한다고... ,https://www.ezyeconomy.com/news/articleView.html?idxno=228359,"Wed, 17 Dec 2025 15:00:00 +0900"
<b>불법스팸</b> 번호 이제 못 숨는다…상시 검증 체계 가동,/GEMINI로 생성한 이미지 과학기술정보통신부와 (사)한국통신사업자연합회(KTOA)는 17일부터 <b>불법스팸</b> 발송에 이용되는 번호를 사전에 검증·차단하는 '<b>불법스팸</b> 번호 차단 시스템'을 운영한다. 지난해 11월 발표한... ,http://www.metroseoul.co.kr/article/20251217500344,"Wed, 17 Dec 2025 14:56:00 +0900"
"과기정통부, '불법 쓰레기 편지(<b>불법 스팸</b>) 번호 차단 시스템' 운영 개시",<b>불법 스팸</b> 문자로 인한 국민 불안을 줄이기 위한 사전 차단 시스템이 본격 가동된다. 과학기술정보통신부와 한국통신사업자연합회는 불법 쓰레기 편지를 발송하는 번호를 사전에 검증·차단하는 '<b>불법 스팸</b> 번호 차단... ,https://www.factin.co.kr/news/articleView.html?idxno=5431,"Wed, 17 Dec 2025 14:48:00 +0900"
“<b>스팸</b>문자 덜 오겠네”…발신번호 실시간 검증시스템 가동,해지된 번호나 존재하지 않는 번호로 날아오던 <b>불법 스팸</b> 문자가 앞으로는 휴대전화에 도착조차 하지 않는다. 과학기술정보통신부와 한국통신사업자연합회(KTOA)는 <b>불법 스팸</b> 발신 번호를 사전에 차단하는 시스템을... ,https://n.news.naver.com/mnews/article/662/0000084581?sid=103,"Wed, 17 Dec 2025 14:46:00 +0900"
"<b>불법스팸</b> 발신번호, 사전에 검증해 발송단계서 차단한다",정부가 대량으로 발송되는 <b>불법스팸</b> 문자를 발송단계부터 차단하는 시스템을 개발해 운영에 나선다. 과학기술정보통신부와 (사)한국통신사업자연합회(KTOA)는 <b>불법스팸</b>을 발송하는 번호를 검증하고 사전 차단하는... ,https://www.viva100.com/article/20251217500991,"Wed, 17 Dec 2025 14:40:00 +0900"
[#시큐리티 포커스] 한싹 '육군 군수지원 AI' 완성·시큐아이 '내년 보안...,"과학기술정보통신부의 <b>불법스팸</b> 번호 차단 시스템 운영 개시, 과학기술정보통신부의 새만금 안티드론 임시 실증 관계기관 업무협약 체결 등의 소식이 전해졌다. ◆한싹, 육군 군수지원 AI 소요산정 완성…AX 확산 선도... ",https://www.newsworks.co.kr/news/articleView.html?idxno=823486,"Wed, 17 Dec 2025 14:22:00 +0900"
<b>불법 스팸</b> 문자 ‘원천 차단’ 시스템 가동,대량 <b>불법스팸</b> 문자 상당수는 추적을 회피하기 위해 해지·정지·미할당된 전화번호(무효 번호)로 변조돼 발송되고 있다. 과기정통부는 지난해 11월 ‘<b>불법스팸</b> 방지 종합대책’의 후속조치로 발신 번호의 유효성을... ,https://n.news.naver.com/mnews/article/032/0003415775?sid=101,"Wed, 17 Dec 2025 14:19:00 +0900"
"<b>불법스팸</b> 보내는 번호, 사전에 차단된다",과학기술정보통신부와 한국통신사업자연합회(KTOA)는 <b>불법스팸</b>을 발송하는 번호를 검증하고 사전에 차단할 수 있는 ‘<b>불법스팸</b> 번호 차단 시스템’을 17일부터 운영한다고 밝혔다. <b>불법스팸</b>은 단순한 이용자 불편을 넘어... ,https://n.news.naver.com/mnews/article/092/0002402755?sid=105,"Wed, 17 Dec 2025 14:18:00 +0900"
"과기정통부, <b>스팸</b> 문자 발송번호 검증·차단 도입",과학기술정보통신부와 한국통신사업자연합회가 <b>스팸</b> 문자를 발송하는 번호를 검증하고 차단하는 시스템을 오늘(17일)부터 운영합니다. 과기정통부는 <b>불법</b> 문자를 대량으로 보내는 전화번호 대부분이 이미 해지 또는... ,https://n.news.naver.com/mnews/article/052/0002288502?sid=101,"Wed, 17 Dec 2025 14:02:00 +0900"
"황정아 의원, 더불어민주당 '국정감사 우수의원상' 2년 연속 수상",및 <b>불법 스팸</b> 문제에 대한 대책 마련 ▲SMR 특별법의 국회 과학기술정보방송통신위원회 통과 등 과학기술과 민생경제 분야에서 의미 있는 성과를 거뒀다는 평가를 받는 것으로 알려졌다. 아울러 윤석열 정권 시기 불거진... ,http://www.chungnamilbo.co.kr/news/articleView.html?idxno=864734,"Wed, 17 Dec 2025 13:48:00 +0900"
<b>불법 스팸</b> 문자 사전 차단…번호 검증 시스템 가동,과학기술정보통신부와 한국통신사업자연합회는 <b>스팸</b> 문자를 발송하는 번호를 검증해 사전 차단할 수 있는 시스템을 운영한다고 밝혔습니다. 과기정통부는 <b>불법</b> 문자를 대량으로 보내는 번호의 상당 수가 이미 해지되거나... ,https://n.news.naver.com/mnews/article/422/0000813154?sid=105,"Wed, 17 Dec 2025 13:43:00 +0900"
"과기정통부, <b>불법스팸</b> 번호 차단 개시...무효번호로 발송하면 사전 차단",통신사가 관리하는 전화번호 DB 만든 다음 대규모 문자 발송시 DB와 대조해 유효성 검증 지난해 나온 <b>불법스팸</b> 방지 종합대책 후속 조치 <b>불법 스팸</b> 발송에 악용되는 해지·정지 등 유효하지 않은 전화번호를 실시간으로... ,https://n.news.naver.com/mnews/article/009/0005607515?sid=105,"Wed, 17 Dec 2025 13:40:00 +0900"
"과기정통부, '<b>불법 스팸</b> 번호 차단 시스템' 운영 개시",과학기술정보통신부와 (사)한국통신사업자연합회는 불법 쓰레기 편지(<b>불법 스팸</b>)를 발송하는 번호를 검증하고 사전 차단할 수 있는 '불법 쓰레기 편지 번호 차단 시스템'을 17일부터 운영 개시한다고 밝혔다. 불법... ,https://www.asiaa.co.kr/news/articleView.html?idxno=234340,"Wed, 17 Dec 2025 13:34:00 +0900"
스미싱·피싱 막는다…대량문자 번호 실시간 검증,과학기술정보통신부와 한국통신사업자연합회(KTOA)가 불법 쓰레기 편지(<b>불법 스팸</b>) 근절을 위해 발신 번호를 사전에 검증·차단하는 시스템을 본격 가동한다. 과기정통부는 17일 한국통신사업자연합회와 함께 불법... ,https://www.kizmom.com/news/articleView.html?idxno=106561,"Wed, 17 Dec 2025 13:32:00 +0900"
"정부, <b>불법스팸</b> 번호 차단 시스템 가동",과학기술정보통신부(이하 과기정통부)와 한국통신사업자연합회(KTOA)는 스팸 문자를 발송하는 번호를 검증하고 사전 차단할 수 있는 '<b>불법스팸</b> 번호 차단 시스템'을 17일부터 운영한다고 밝혔다. 대량문자 <b>불법스팸</b>의... ,http://www.newsprime.co.kr/news/article.html?no=716632,"Wed, 17 Dec 2025 13:22:00 +0900"
"'골칫거리' <b>스팸</b>, 제대로 막는다…무효번호 사전 탐지 시작",과학기술정보통신부와 한국통신사업자연합회(KTOA)가 <b>스팸</b> 문자를 발송하는 번호를 검증하고 사전 차단할 수 있는 시스템을 운영한다. 17일 업계에 따르면 과기정통부 <b>불법</b> 문자를 대량으로 보내는 전화번호의 상당수가... ,https://n.news.naver.com/mnews/article/015/0005225594?sid=105,"Wed, 17 Dec 2025 13:09:00 +0900"
"황정아 의원, 2025년 더불어민주당 국정감사 우수의원 선정...2년 연속 수...",및 <b>불법 스팸</b> 문제에 대한 대책 마련 ▲ SMR 특별법의 국회 과학기술정보방송통신위원회 통과 등 과학기술과 민생경제 분야에서 의미 있는 성과를 거뒀다는 평가를 받는 것으로 알려졌다. 아울러 황정아 의원은 윤석열... ,http://www.newstnt.com/news/articleView.html?idxno=567507,"Wed, 17 Dec 2025 12:36:00 +0900"
‘<b>불법스팸</b> 번호 사전 차단 시스템’ 운영 개시,<b>불법스팸</b>은 단순한 이용자 불편을 넘어 피싱·스미싱 등의 수단으로 활용되는 등 경제적 피해까지 초래하는 심각한 사회 문제로 대두되고 있다. 대량문자 <b>불법스팸</b>의 상당수는 추적 회피 등을 목적으로 발신번호를 해지... ,https://n.news.naver.com/mnews/article/082/0001358729?sid=101,"Wed, 17 Dec 2025 12:31:00 +0900"
"해지·정지된 번호로 위장한 <b>스팸</b> 문자, 발송 단계에서 걸러낸다","<b>불법 스팸</b> 문자의 주요 수법 중 하나로 여겨진 ‘무효 번호 활용 발신’이 차단된다. 17일 과학기술정보통신부는 이날부터 이동통신 3사, 한국통신사업자연합회(KTOA)와 함께 <b>불법 스팸</b> 발송 번호를 검증하고 사전 차단할 수... ",https://n.news.naver.com/mnews/article/023/0003947470?sid=105,"Wed, 17 Dec 2025 12:21:00 +0900"
"과기정통부, '<b>불법스팸</b> 번호 차단 시스템' 운영 시작",과기정통부 현판 [사진 : 과기정통부] 과학기술정보통신부가 17일 <b>불법스팸</b> 발송 번호를 검증하고 사전차단하는 '<b>불법스팸</b> 번호 차단 시스템' 운영을 시작했다. <b>불법스팸</b>은 피싱·스미싱 수단으로 활용되며 경제적... ,https://www.digitaltoday.co.kr/news/articleView.html?idxno=613625,"Wed, 17 Dec 2025 12:12:00 +0900"
"과기정통부, KTOA·이통사와 '<b>불법스팸</b> 번호 차단 시스템' 운영 개시",과학기술정보통신부(과기정통부)와 한국통신사업자연합회(KTOA)가 <b>불법스팸</b>을 발송하는 번호를 검증하고 사전 차단할 수 있는 '<b>불법스팸</b> 번호 차단 시스템'을 운영 개시한다고 17일 밝혔다. <b>불법스팸</b>은 단순한 이용자... ,https://www.newscj.com/news/articleView.html?idxno=3352793,"Wed, 17 Dec 2025 12:02:00 +0900"
"과기정통부, <b>불법스팸</b> 번호 사전차단 시스템 본격 가동",17일부터 시행 아주경제=최연재 기자 ch0221@ajunews.com 과학기술정보통신부와 한국통신사업자연합회(KTOA)가 <b>불법스팸</b>을 사전에 차단하기 위한 ‘<b>불법스팸</b> 번호 차단 시스템’을 17일부터 운영한다. 과기정통부에 따르면... ,https://www.ajunews.com/view/20251217103622740,"Wed, 17 Dec 2025 12:02:00 +0900"
"정부, '<b>불법스팸</b> 차단시스템' 운영···&quot;무효번호 발송 스팸 사전 차단...",과학기술정보통신부(과기정통부)는 한국통신사업자연합회(KTOA)와 함께 <b>불법스팸</b>을 발송하는 번호를 검증하고 사전 차단할 수 있는 '<b>불법스팸</b> 번호 차단 시스템'을 17일부터 운영 개시한다고 밝혔다. 차단 시스템은 지난해... ,https://www.sisajournal-e.com/news/articleView.html?idxno=417887,"Wed, 17 Dec 2025 12:02:00 +0900"
<b>불법스팸</b> 번호 미리 차단한다…이통3사 운영 개시,과학기술정보통신부가 한국통신사업자연합회(KTOA)와 <b>불법스팸</b> 발신번호를 사전에 차단해 이용자 불편과 사기 피해를 줄일 수 있는 ‘<b>불법스팸</b> 번호 차단 시스템’을 17일부터 운영한다고 밝혔다. <b>불법스팸</b> 번호 차단... ,https://n.news.naver.com/mnews/article/011/0004568356?sid=105,"Wed, 17 Dec 2025 12:01:00 +0900"
"과기정통부, ‘<b>불법스팸</b> 번호 차단 시스템’ 운영 개시",과학기술정보통신부와 한국통신사업자연합회(KTOA)는 17일부터 <b>불법스팸</b>을 발송하는 번호를 검증하고 사전차단할 수 있는 ‘<b>불법스팸</b> 번호 차단 시스템’을 개시한다. <b>불법스팸</b>은 단순한 이용자 불편을 넘어 피싱·스미싱... ,https://n.news.naver.com/mnews/article/119/0003038047?sid=101,"Wed, 17 Dec 2025 12:01:00 +0900"
"과기정통부·이통사, '<b>불법스팸</b> 번호 차단 시스템' 운영 개시",과학기술정보통신부와 한국통신사업자연합회(KTOA)는 <b>불법스팸</b>을 발송하는 번호를 검증하고 사전차단할 수 있는 '<b>불법스팸</b> 번호 차단 시스템'을 17일부터 운영 개시한다. <b>불법스팸</b>은 단순한 이용자 불편을 넘어 피싱... ,https://n.news.naver.com/mnews/article/030/0003381514?sid=105,"Wed, 17 Dec 2025 12:01:00 +0900"
"과기정통부, '<b>불법스팸</b> 번호 차단 시스템' 운영 개시",과학기술정보통신부(부총리 겸 과기정통부 장관 배경훈)와 한국통신사업자연합회(KTOA)는 <b>불법스팸</b>을 발송하는 번호를 검증하고 사전차단할 수 있는 '<b>불법스팸</b> 번호 차단 시스템'을 17일부터 운영한다. <b>불법스팸</b>은 이용자... ,https://n.news.naver.com/mnews/article/031/0000989946?sid=105,"Wed, 17 Dec 2025 12:01:00 +0900"
